Date,Open,High,Low,Close,Volume,Dividends,Stock Splits
1980-03-17 00:00:00-05:00,0.0,0.9359611006420213,0.9086185097694397,0.9086185097694397,885992,0.0,0.0
1980-03-18 00:00:00-05:00,0.0,0.9254451927273345,0.908618746989928,0.921238362789154,1423396,0.0,0.0
1980-03-19 00:00:00-05:00,0.0,0.9254450502777555,0.9128250479698181,0.9128250479698181,1762300,0.0,0.0
1980-03-20 00:00:00-05:00,0.0,0.9086190466736677,0.8917925953865051,0.8917925953865051,624551,0.0,0.0
1980-03-21 00:00:00-05:00,0.0,0.889689624926964,0.8728631734848022,0.8728631734848022,631814,0.0,0.0
1980-03-24 00:00:00-05:00,0.0,0.8707596056687492,0.8413135409355164,0.8413135409355164,597923,0.0,0.0
1980-03-25 00:00:00-05:00,0.0,0.8371070782793334,0.8244874628863996,0.8286938071250916,682649,0.0,0.0
1980-03-26 00:00:00-05:00,0.0,0.8413125813483697,0.8328998041695242,0.8350027799606323,220288,0.0,0.0
1980-03-27 00:00:00-05:00,0.0,0.8371071017575146,0.8076610403430385,0.8160743117332458,583399,0.0,0.0
1980-03-28 00:00:00-05:00,0.0,0.8749664425849915,0.8244875850807283,0.8749664425849915,1314463,0.0,0.0
1980-03-31 00:00:00-05:00,0.0,0.8749666377234468,0.8623466291943455,0.8728631734848022,830315,0.0,0.0
1980-04-01 00:00:00-05:00,0.0,0.87286297230977,0.8413135409355164,0.8413135409355164,1803453,0.0,0.0
1980-04-02 00:00:00-05:00,0.0,0.8581396115399705,0.8497264400100568,0.8560362458229065,314696,0.0,0.0
1980-04-03 00:00:00-05:00,0.0,0.85813954786747,0.8434165716171265,0.8434165716171265,152507,0.0,0.0
1980-04-07 00:00:00-05:00,0.0,0.8455201760173287,0.8350035394671886,0.8371070027351379,1730831,0.0,0.0
1980-04-08 00:00:00-05:00,0.0,0.8518301799149731,0.8371071961047684,0.8413135409355164,300172,0.0,0.0
1980-04-09 00:00:00-05:00,0.0,0.8434168098621803,0.8371070027351379,0.8371070027351379,660863,0.0,0.0
1980-04-10 00:00:00-05:00,0.0,0.8413125813483697,0.8328998041695242,0.8350027799606323,346166,0.0,0.0
1980-04-11 00:00:00-05:00,0.0,0.8392104292060512,0.8244874477386475,0.8244874477386475,818211,0.0,0.0
1980-04-14 00:00:00-05:00,0.0,0.828693791900059,0.8223840814323259,0.8244874477386475,125879,0.0,0.0
1980-04-15 00:00:00-05:00,0.0,0.8307972705828665,0.8286938071250914,0.8286938071250916,394581,0.0,0.0
1980-04-16 00:00:00-05:00,0.0,0.8413134225180253,0.8244874628863996,0.8286938071250916,1089334,0.0,0.0
1980-04-17 00:00:00-05:00,0.0,0.8329006369278318,0.8202806330836593,0.8286938071250916,329221,0.0,0.0
1980-04-18 00:00:00-05:00,0.0,0.8329008550343091,0.8265906572341919,0.8265906572341919,893254,0.0,0.0
1980-04-21 00:00:00-05:00,0.0,0.8307971950794903,0.816074214679625,0.8181775808334351,167031,0.0,0.0
1980-04-22 00:00:00-05:00,0.0,0.8286938196470615,0.8097644448280334,0.8097644448280334,1050602,0.0,0.0
1980-04-23 00:00:00-05:00,0.0,0.8139705966451887,0.8034543991088867,0.8034543991088867,1086913,0.0,0.0
1980-04-24 00:00:00-05:00,0.0,0.8160743273762131,0.7992478813860723,0.8139708638191223,397002,0.0,0.0
1980-04-25 00:00:00-05:00,0.0,0.8097641710755172,0.8013509511947632,0.8013509511947632,259019,0.0,0.0
1980-04-28 00:00:00-04:00,0.0,0.8097641430848389,0.7971445322036743,0.7971445322036743,728643,0.0,0.0
1980-04-29 00:00:00-04:00,0.0,0.8013506254661191,0.7929374575614929,0.7929374575614929,162190,0.0,0.0
1980-04-30 00:00:00-04:00,0.0,0.7971451622004204,0.7887319845177982,0.7908349633216858,367953,0.0,0.0
1980-05-01 00:00:00-04:00,0.0,0.807660698890686,0.7929377229642438,0.807660698890686,576137,0.0,0.0
1980-05-02 00:00:00-04:00,0.0,0.8055573911877781,0.7992475855290883,0.8013509511947632,493831,0.0,0.0
1980-05-05 00:00:00-04:00,0.0,0.7971445334839475,0.7866279482841492,0.7866279482841492,174293,0.0,0.0
1980-05-06 00:00:00-04:00,0.0,0.7971451622004204,0.7887319845177982,0.7908349633216858,409105,0.0,0.0
1980-05-07 00:00:00-04:00,0.0,0.811867892742157,0.7887316871169462,0.811867892742157,1016712,0.0,0.0
1980-05-08 00:00:00-04:00,0.0,0.8265904532703132,0.8097644448280334,0.8097644448280334,2302126,0.0,0.0
1980-05-09 00:00:00-04:00,0.0,0.8076610691628362,0.7929380864866437,0.7950415015220642,648759,0.0,0.0
1980-05-12 00:00:00-04:00,0.0,0.7824213160700731,0.771904685552073,0.7803179025650024,624551,0.0,0.0
1980-05-13 00:00:00-04:00,0.0,0.7908349633216858,0.7803187582787503,0.7908349633216858,280806,0.0,0.0
1980-05-14 00:00:00-04:00,0.0,0.8076607568534532,0.7950411940924624,0.8013509511947632,406685,0.0,0.0
1980-05-15 00:00:00-04:00,0.0,0.8202806560899123,0.8013512324696017,0.8160743117332458,283227,0.0,0.0
1980-05-16 00:00:00-04:00,0.0,0.8202805585360418,0.8118677737104075,0.8181775808334351,409105,0.0,0.0
1980-05-19 00:00:00-04:00,0.0,0.8286936496041651,0.8160741337228019,0.8223839402198792,522880,0.0,0.0
1980-05-20 00:00:00-04:00,0.0,0.8202806788012291,0.811867892742157,0.811867892742157,159769,0.0,0.0
1980-05-21 00:00:00-04:00,0.0,0.8244870817451981,0.8139704491075855,0.8202802538871765,426051,0.0,0.0
1980-05-22 00:00:00-04:00,0.0,0.8623461723327637,0.8202805030210973,0.8623461723327637,1077230,0.0,0.0
1980-05-23 00:00:00-04:00,0.0,0.9233420547695893,0.8665533751982955,0.9107224345207214,1251524,0.0,0.0
1980-05-27 00:00:00-04:00,0.0,0.8938953984249121,0.8791723251342775,0.8791723251342773,593082,0.0,0.0
1980-05-28 00:00:00-04:00,0.0,0.8833796178733101,0.8707596121587721,0.8749664425849915,503514,0.0,0.0
1980-05-29 00:00:00-04:00,0.0,0.8981016221821587,0.8833790364044021,0.8854820132255554,392160,0.0,0.0
1980-05-30 00:00:00-04:00,0.0,0.9044121655430487,0.8791725493992363,0.9002054333686829,285648,0.0,0.0
1980-06-02 00:00:00-04:00,0.0,0.8981018487832487,0.8749660874175862,0.8875856995582581,927144,0.0,0.0
1980-06-03 00:00:00-04:00,0.0,0.8875860598482332,0.8707596121587721,0.8749664425849915,1135328,0.0,0.0
1980-06-04 00:00:00-04:00,0.0,0.8812761841634488,0.8749663760119187,0.877069354057312,118616,0.0,0.0
1980-06-05 00:00:00-04:00,0.0,0.8896889667286997,0.879172333105678,0.8833791613578796,256599,0.0,0.0
1980-06-06 00:00:00-04:00,0.0,0.8938952800888114,0.8854820132255554,0.8854820132255554,106513,0.0,0.0
1980-06-09 00:00:00-04:00,0.0,0.8896889586619454,0.8791723251342775,0.8791723251342773,232391,0.0,0.0
1980-06-10 00:00:00-04:00,0.0,0.8981020895597586,0.8854824740358332,0.8938957452774048,278385,0.0,0.0
1980-06-11 00:00:00-04:00,0.0,0.9128251676340795,0.9002055521230005,0.90651535987854,641497,0.0,0.0
1980-06-12 00:00:00-04:00,0.0,0.9149283160216999,0.9044120693807204,0.9086185097694397,416368,0.0,0.0
1980-06-13 00:00:00-04:00,0.0,0.9170321870720928,0.904412567615509,0.904412567615509,154927,0.0,0.0
1980-06-16 00:00:00-04:00,0.0,0.9065152402918383,0.900205433368683,0.9002054333686829,145245,0.0,0.0
1980-06-17 00:00:00-04:00,0.0,0.9065153598785399,0.9002055521230005,0.90651535987854,150086,0.0,0.0
1980-06-18 00:00:00-04:00,0.0,0.9044126037993555,0.8812764396443024,0.8917925953865051,462362,0.0,0.0
1980-06-19 00:00:00-04:00,0.0,0.9149284133021764,0.900205433368683,0.9002054333686829,1181322,0.0,0.0
1980-06-20 00:00:00-04:00,0.0,0.9023091741163691,0.898102343082428,0.898102343082428,125879,0.0,0.0
1980-06-23 00:00:00-04:00,0.0,0.9002055530393674,0.8938957452774048,0.8938957452774048,196080,0.0,0.0
1980-06-24 00:00:00-04:00,0.0,0.9170314669609071,0.8981016641895477,0.917031466960907,251757,0.0,0.0
1980-06-25 00:00:00-04:00,0.0,0.9485811083018693,0.9170320638980201,0.9401683211326599,450258,0.0,0.0
1980-06-26 00:00:00-04:00,0.0,0.9801306534290211,0.9401684288270585,0.9717174768447876,617289,0.0,0.0
1980-06-27 00:00:00-04:00,0.0,0.9780265150787212,0.9675102711464799,0.9759235382080078,755272,0.0,0.0
1980-06-30 00:00:00-04:00,0.0,0.9801302546943907,0.9654072744961849,0.9675106406211853,597923,0.0,0.0
1980-07-01 00:00:00-04:00,0.0,0.9675112754679551,0.9590980967859208,0.9654079079627991,338904,0.0,0.0
1980-07-02 00:00:00-04:00,0.0,0.9654078649683723,0.9612014214839839,0.9633044004440308,154927,0.0,0.0
1980-07-03 00:00:00-04:00,0.0,0.9633038263288206,0.9506843091709882,0.9569941163063049,975559,0.0,0.0
1980-07-07 00:00:00-04:00,0.0,0.9612004130636277,0.9506838783779618,0.9548906087875366,1328987,0.0,0.0
1980-07-08 00:00:00-04:00,0.0,0.9506842494010926,0.9464778086881431,0.9506842494010925,370374,0.0,0.0
1980-07-09 00:00:00-04:00,0.0,0.9569941163063049,0.9464778681935782,0.9569941163063049,217867,0.0,0.0
1980-07-10 00:00:00-04:00,0.0,0.9548913424946249,0.9443747997283937,0.9443747997283936,680229,0.0,0.0
1980-07-11 00:00:00-04:00,0.0,0.9548906087875366,0.940167635030567,0.9548906087875366,694753,0.0,0.0
1980-07-14 00:00:00-04:00,0.0,0.9759238514267315,0.9633037525585463,0.9738203883171082,370374,0.0,0.0
1980-07-15 00:00:00-04:00,0.0,0.9843368158570905,0.9738205666241723,0.9801303744316101,1711465,0.0,0.0
1980-07-16 00:00:00-04:00,0.0,0.9906466276627782,0.9759236513796804,0.9780266284942627,404264,0.0,0.0
1980-07-17 00:00:00-04:00,0.0,0.9864398672921934,0.9738202557064605,0.9822335243225098,341325,0.0,0.0
1980-07-18 00:00:00-04:00,0.0,0.9948533773422241,0.9885435700180748,0.9948533773422241,179135,0.0,0.0
1980-07-21 00:00:00-04:00,0.0,1.0011631414179936,0.984336793422699,0.984336793422699,205763,0.0,0.0
1980-07-22 00:00:00-04:00,0.0,1.0074722505782896,0.9885429378243344,0.9906463027000427,578557,0.0,0.0
1980-07-23 00:00:00-04:00,0.0,1.005368764395851,0.9927491593407213,0.9990589618682861,220288,0.0,0.0
1980-07-24 00:00:00-04:00,0.0,1.0011628025549222,0.9927496314048767,0.9927496314048767,617289,0.0,0.0
1980-07-25 00:00:00-04:00,0.0,0.9969567435630778,0.9927499140085664,0.9948533773422241,597923,0.0,0.0
1980-07-28 00:00:00-04:00,0.0,0.9990589618682861,0.9927491593407213,0.9990589618682861,104092,0.0,0.0
1980-07-29 00:00:00-04:00,0.0,1.0264029660417302,0.9948535359402076,1.0242995023727417,418788,0.0,0.0
1980-07-30 00:00:00-04:00,0.0,1.0369192162481067,1.0221962316515016,1.0285060405731201,351008,0.0,0.0
1980-07-31 00:00:00-04:00,0.0,1.034815788269043,1.0264030015431198,1.034815788269043,576137,0.0,0.0
1980-08-01 00:00:00-04:00,0.0,1.0348151759824313,1.0306087365519536,1.0327121019363403,455099,0.0,0.0
1980-08-04 00:00:00-04:00,0.0,1.0390225648880005,1.032712756076382,1.0390225648880005,706857,0.0,0.0
1980-08-05 00:00:00-04:00,0.0,1.0411250799678737,1.0348152745519794,1.0369186401367188,1401610,0.0,0.0
1980-08-06 00:00:00-04:00,0.0,1.0390225215268845,1.0327127129785907,1.034815788269043,1285414,0.0,0.0
1980-08-07 00:00:00-04:00,0.0,1.0537445682830613,1.0390215018930709,1.0516411066055298,1476653,0.0,0.0
1980-08-08 00:00:00-04:00,0.0,1.0895015427709456,1.0726751898774105,1.0747785568237305,1031236,0.0,0.0
1980-08-11 00:00:00-04:00,0.0,1.0600543706392906,1.0495377420407257,1.0516411066055298,982821,0.0,0.0
1980-08-12 00:00:00-04:00,0.0,1.0537458638260695,1.0432292222976685,1.0432292222976685,324379,0.0,0.0
1980-08-13 00:00:00-04:00,0.0,1.0495388580574114,1.0411256821903114,1.0474358797073364,355849,0.0,0.0
1980-08-14 00:00:00-04:00,0.0,1.0474358797073364,1.0432290489917095,1.0474358797073364,583399,0.0,0.0
1980-08-15 00:00:00-04:00,0.0,1.0474360537121532,1.0432292222976685,1.0432292222976685,610027,0.0,0.0
1980-08-18 00:00:00-04:00,0.0,1.0474357938169214,1.034815788269043,1.034815788269043,728643,0.0,0.0
1980-08-19 00:00:00-04:00,0.0,1.0264029660417302,1.0158863274865237,1.0242995023727417,636655,0.0,0.0
1980-08-20 00:00:00-04:00,0.0,1.0158865614205161,1.0095767516374712,1.0137830972671509,278385,0.0,0.0
1980-08-21 00:00:00-04:00,0.0,1.041125774383545,1.0221963455102099,1.041125774383545,898095,0.0,0.0
1980-08-22 00:00:00-04:00,0.0,1.0474360537121532,1.0411258551468494,1.0432292222976685,447837,0.0,0.0
1980-08-25 00:00:00-04:00,0.0,1.041125658416357,1.0242995984048697,1.0285060405731201,534984,0.0,0.0
1980-08-26 00:00:00-04:00,0.0,1.0348157524766706,1.0242995023727417,1.0242995023727417,624551,0.0,0.0
1980-08-27 00:00:00-04:00,0.0,1.024299181938206,1.020092353029083,1.022195816040039,450258,0.0,0.0
1980-08-28 00:00:00-04:00,0.0,1.024299803279066,1.017989993095398,1.017989993095398,641497,0.0,0.0
1980-08-29 00:00:00-04:00,0.0,1.0242995023727417,1.0179896940426927,1.0242995023727417,242074,0.0,0.0
1980-09-02 00:00:00-04:00,0.0,1.0348151759824313,1.024298931737089,1.0327121019363403,150086,0.0,0.0
1980-09-03 00:00:00-04:00,0.0,1.0306093107027907,1.0242995023727417,1.0242995023727417,348587,0.0,0.0
1980-09-04 00:00:00-04:00,0.0,1.030609003546813,1.0200923681259155,1.0200923681259155,605185,0.0,0.0
1980-09-05 00:00:00-04:00,0.0,1.0158865424375225,1.0011634589931853,1.0053699016571045,1060285,0.0,0.0
1980-09-08 00:00:00-04:00,0.0,1.0011628445883287,0.9822335243225098,0.9822335243225098,128299,0.0,0.0
1980-09-09 00:00:00-04:00,0.0,0.9801303744316101,0.954891143201859,0.9801303744316101,922303,0.0,0.0
1980-09-10 00:00:00-04:00,0.0,0.9885436232035456,0.9759240078762884,0.984336793422699,363111,0.0,0.0
1980-09-11 00:00:00-04:00,0.0,0.9885434647309488,0.9738203883171082,0.9738203883171082,137982,0.0,0.0
1980-09-12 00:00:00-04:00,0.0,0.9885434062988879,0.9717169648828158,0.9864399433135986,1384664,0.0,0.0
1980-09-15 00:00:00-04:00,0.0,0.9927496314048767,0.9843364602548312,0.9927496314048767,1019132,0.0,0.0
1980-09-16 00:00:00-04:00,0.0,1.0411255968173367,0.9969569369792812,1.034815788269043,2406218,0.0,0.0
1980-09-17 00:00:00-04:00,0.0,1.0474359724593474,1.0306095221223093,1.041125774383545,859363,0.0,0.0
1980-09-18 00:00:00-04:00,0.0,1.0768808126449585,1.041125055245073,1.0768808126449585,1074809,0.0,0.0
1980-09-19 00:00:00-04:00,0.0,1.1189470663299368,1.0768810103761821,1.1168437004089355,639076,0.0,0.0
1980-09-22 00:00:00-04:00,0.0,1.144187092781067,1.1231542928664837,1.144187092781067,1730831,0.0,0.0
1980-09-23 00:00:00-04:00,0.0,1.1778392837840865,1.1462902357580436,1.1652196645736694,2563566,0.0,0.0
1980-09-24 00:00:00-04:00,0.0,1.1547036953896794,1.1315674317732904,1.135773777961731,1549275,0.0,0.0
1980-09-25 00:00:00-04:00,0.0,1.142082516248612,1.0979139804840088,1.0979139804840088,292910,0.0,0.0
1980-09-26 00:00:00-04:00,0.0,1.0852947851774724,1.0705717024389447,1.0789849758148193,450258,0.0,0.0
1980-09-29 00:00:00-04:00,0.0,1.0705710328009295,1.0348152745519794,1.0369186401367188,363111,0.0,0.0
1980-09-30 00:00:00-04:00,0.0,1.0558487797322516,1.0327129078033381,1.0495389699935913,1166798,0.0,0.0
1980-10-01 00:00:00-04:00,0.0,1.0663652579078513,1.0432290010581666,1.064261794090271,946510,0.0,0.0
1980-10-02 00:00:00-04:00,0.0,1.0979142339318204,1.066364814713913,1.0958107709884644,593082,0.0,0.0
1980-10-03 00:00:00-04:00,0.0,1.0937076590289492,1.0831914101117857,1.085294485092163,1285414,0.0,0.0
1980-10-06 00:00:00-04:00,0.0,1.1147396564483643,1.0852937142530572,1.1147396564483643,1469390,0.0,0.0
1980-10-07 00:00:00-04:00,0.0,1.13997986858524,1.123153523642155,1.1273598670959473,1733251,0.0,0.0
1980-10-08 00:00:00-04:00,0.0,1.1547033291188766,1.131567072841286,1.1483930349349976,735906,0.0,0.0
1980-10-09 00:00:00-04:00,0.0,1.1568061123588473,1.1273600524241674,1.1315668821334839,353428,0.0,0.0
1980-10-10 00:00:00-04:00,0.0,1.1357732262787628,1.1273600524241674,1.1315668821334839,229970,0.0,0.0
1980-10-13 00:00:00-04:00,0.0,1.135773777961731,1.1252576211520655,1.135773777961731,104092,0.0,0.0
1980-10-14 00:00:00-04:00,0.0,1.1462895258129433,1.13366991441838,1.1399797201156616,288068,0.0,0.0
1980-10-15 00:00:00-04:00,0.0,1.1547033362956503,1.1399802551990554,1.1462900638580322,365532,0.0,0.0
1980-10-16 00:00:00-04:00,0.0,1.1504959596359192,1.142082691192627,1.142082691192627,317117,0.0,0.0
1980-10-17 00:00:00-04:00,0.0,1.14629042033567,1.135773777961731,1.135773777961731,367953,0.0,0.0
1980-10-20 00:00:00-04:00,0.0,1.1652194640695632,1.1357733996403114,1.1631160974502563,377636,0.0,0.0
1980-10-21 00:00:00-04:00,0.0,1.2535570125236792,1.1778385664715652,1.2241109609603882,2546621,0.0,0.0
1980-10-22 00:00:00-04:00,0.0,1.283002862907703,1.2220074036451425,1.268279790878296,1268469,0.0,0.0
1980-10-23 00:00:00-04:00,0.0,1.2619704912326581,1.243040680885315,1.243040680885315,854522,0.0,0.0
1980-10-24 00:00:00-04:00,0.0,1.2409372222076342,1.2241107845936325,1.2304205894470215,382477,0.0,0.0
1980-10-27 00:00:00-05:00,0.0,1.2304206799495738,1.2072845328931892,1.2093878984451294,288068,0.0,0.0
1980-10-28 00:00:00-05:00,0.0,1.194665366657806,1.1610129620001122,1.177838921546936,2016478,0.0,0.0
1980-10-29 00:00:00-05:00,0.0,1.1883550987935723,1.173632025718689,1.173632025718689,1062706,0.0,0.0
1980-10-30 00:00:00-05:00,0.0,1.1736326578653318,1.1483930349349976,1.1483930349349976,435734,0.0,0.0
1980-10-31 00:00:00-05:00,0.0,1.1778391088690907,1.1483930437458214,1.1694263219833374,907778,0.0,0.0
1980-11-03 00:00:00-05:00,0.0,1.1967688211145089,1.1820458383667072,1.1904590129852295,653600,0.0,0.0
1980-11-05 00:00:00-05:00,0.0,1.2367305230128909,1.2072845697402954,1.2072845697402954,1358036,0.0,0.0
1980-11-06 00:00:00-05:00,0.0,1.207284927689421,1.1820456981658936,1.1820456981658936,668125,0.0,0.0
1980-11-07 00:00:00-05:00,0.0,1.1694263219833374,1.1568063161956978,1.1694263219833374,1994691,0.0,0.0
1980-11-10 00:00:00-05:00,0.0,1.1904590129852295,1.167322758506089,1.1904590129852295,2875841,0.0,0.0
1980-11-11 00:00:00-05:00,0.0,1.2199037075042725,1.198870836404726,1.2199037075042725,1055444,0.0,0.0
1980-11-12 00:00:00-05:00,0.0,1.2619705200195312,1.2135947469491004,1.2619705200195312,418788,0.0,0.0
1980-11-13 00:00:00-05:00,0.0,1.2830029047655322,1.2598666618377559,1.2787960767745972,2212558,0.0,0.0
1980-11-14 00:00:00-05:00,0.0,1.2956228847074402,1.2703831720202443,1.2893130779266357,2759646,0.0,0.0
1980-11-17 00:00:00-05:00,0.0,1.3040356636047363,1.2703827882628698,1.3040356636047363,946510,0.0,0.0
1980-11-18 00:00:00-05:00,0.0,1.346101498834553,1.3187589083418298,1.3376883268356323,1575903,0.0,0.0
1980-11-19 00:00:00-05:00,0.0,1.3461017163611002,1.329275369644165,1.329275369644165,3531863,0.0,0.0
1980-11-20 00:00:00-05:00,0.0,1.329275369644165,1.3229655624599157,1.329275369644165,271123,0.0,0.0
1980-11-21 00:00:00-05:00,0.0,1.3250683858120222,1.3103454113006592,1.3103454113006592,406685,0.0,0.0
1980-11-24 00:00:00-05:00,0.0,1.3019325943754492,1.2703831720202443,1.2893130779266357,680229,0.0,0.0
1980-11-25 00:00:00-05:00,0.0,1.318758581212622,1.2998287789633722,1.3103454113006592,459941,0.0,0.0
1980-11-26 00:00:00-05:00,0.0,1.3250683858120222,1.3040356067012586,1.3103454113006592,377636,0.0,0.0
1980-11-28 00:00:00-05:00,0.0,1.3166552159000595,1.3019321442759344,1.3103454113006592,307434,0.0,0.0
1980-12-01 00:00:00-05:00,0.0,1.3145521648543748,1.3040360147899446,1.3061389923095703,488990,0.0,0.0
1980-12-02 00:00:00-05:00,0.0,1.3040358346683782,1.293519200492609,1.2998290061950684,530142,0.0,0.0
1980-12-03 00:00:00-05:00,0.0,1.3166558742523193,1.3061392366565194,1.3166558742523193,225129,0.0,0.0
1980-12-04 00:00:00-05:00,0.0,1.3292751462449726,1.3124490936942446,1.3271716833114624,246916,0.0,0.0
1980-12-05 00:00:00-05:00,0.0,1.312449747912069,1.301933107791779,1.308242917060852,612448,0.0,0.0
1980-12-08 00:00:00-05:00,0.0,1.3040356477436952,1.2745896006814397,1.2808994054794312,467203,0.0,0.0
1980-12-09 00:00:00-05:00,0.0,1.2830030918121338,1.2808996289536225,1.2830030918121338,406685,0.0,0.0
1980-12-10 00:00:00-05:00,0.0,1.2851058448986603,1.2787960401006688,1.2808994054794312,1115962,0.0,0.0
1980-12-11 00:00:00-05:00,0.0,1.2703830811036536,1.2598669314471722,1.264073371887207,1512964,0.0,0.0
1980-12-12 00:00:00-05:00,0.0,1.2703830003738403,1.2640732915583608,1.2703830003738403,527722,0.0,0.0
1980-12-15 00:00:00-05:00,0.0,1.2872102644554688,1.2787970873886312,1.285106897354126,217867,0.0,0.0
1980-12-16 00:00:00-05:00,0.0,1.3082420059623625,1.287209225933803,1.3040356636047363,278385,0.0,0.0
1980-12-17 00:00:00-05:00,0.0,1.3040357061649572,1.2535568770684953,1.2745896577835083,5410358,0.0,0.0
1980-12-18 00:00:00-05:00,0.0,1.295623004629296,1.27669358253479,1.27669358253479,275965,0.0,0.0
1980-12-19 00:00:00-05:00,0.0,1.2787963504348776,1.257763565557972,1.264073371887207,614868,0.0,0.0
1980-12-22 00:00:00-05:00,0.0,1.2472468916575081,1.2135941171956803,1.2325239181518555,1186164,0.0,0.0
1980-12-23 00:00:00-05:00,0.0,1.2556604215911398,1.2304211898614763,1.2535574436187744,479307,0.0,0.0
1980-12-24 00:00:00-05:00,0.0,1.2619705200195312,1.2514539800561815,1.2619705200195312,273544,0.0,0.0
1980-12-26 00:00:00-05:00,0.0,1.2745899099948428,1.264073371887207,1.264073371887207,60519,0.0,0.0
1980-12-29 00:00:00-05:00,0.0,1.2682803274621741,1.2619705200195312,1.2619705200195312,60519,0.0,0.0
1980-12-30 00:00:00-05:00,0.0,1.2640727953712405,1.2556595298771227,1.2598663568496704,174293,0.0,0.0
1980-12-31 00:00:00-05:00,0.0,1.266176160301142,1.2577629919197688,1.2598663568496704,208184,0.0,0.0
1981-01-02 00:00:00-05:00,0.0,1.2598663568496704,1.2514531884682971,1.2598663568496704,183976,0.0,0.0
1981-01-05 00:00:00-05:00,0.0,1.306139576436432,1.2577641768425123,1.2956234216690063,1130487,0.0,0.0
1981-01-06 00:00:00-05:00,0.0,1.3187590371293145,1.2893130779266357,1.2893130779266357,242074,0.0,0.0
1981-01-07 00:00:00-05:00,0.0,1.2956234216690063,1.2661773531498262,1.2956234216690063,1655788,0.0,0.0
1981-01-08 00:00:00-05:00,0.0,1.2956227096508008,1.2661766573138973,1.2703830003738403,924723,0.0,0.0
1981-01-09 00:00:00-05:00,0.0,1.2703830003738403,1.2409374336008494,1.2703830003738403,6322978,0.0,0.0
1981-01-12 00:00:00-05:00,0.0,1.266176304162662,1.2304204558702165,1.2325239181518555,1019132,0.0,0.0
1981-01-13 00:00:00-05:00,0.0,1.2325238625696735,1.190458212005846,1.2114909887313843,455099,0.0,0.0
1981-01-14 00:00:00-05:00,0.0,1.2178014073356158,1.2009750609263004,1.213594675064087,1251524,0.0,0.0
1981-01-15 00:00:00-05:00,0.0,1.2135945165872577,1.203078269958496,1.203078269958496,159769,0.0,0.0
1981-01-16 00:00:00-05:00,0.0,1.219904180760457,1.2030781298463509,1.2072845697402954,367953,0.0,0.0
1981-01-19 00:00:00-05:00,0.0,1.2304209844425174,1.2135946385396095,1.2283176183700562,610027,0.0,0.0
1981-01-20 00:00:00-05:00,0.0,1.230420323852978,1.222007155418396,1.222007155418396,188818,0.0,0.0
1981-01-21 00:00:00-05:00,0.0,1.2178011064826488,1.2072845697402954,1.2072845697402954,588240,0.0,0.0
1981-01-22 00:00:00-05:00,0.0,1.2051819957330312,1.1862521828939274,1.1904590129852295,99250,0.0,0.0
1981-01-23 00:00:00-05:00,0.0,1.1904586253501097,1.179941990553937,1.1841484308242798,133141,0.0,0.0
1981-01-26 00:00:00-05:00,0.0,1.1778391088690907,1.1694263219833374,1.1694263219833374,479307,0.0,0.0
1981-01-27 00:00:00-05:00,0.0,1.1799422878813004,1.17152911388227,1.177838921546936,743168,0.0,0.0
1981-01-28 00:00:00-05:00,0.0,1.1820454332039303,1.1610126495361328,1.1610126495361328,1256365,0.0,0.0
1981-01-29 00:00:00-05:00,0.0,1.1778388089427592,1.1610128510045368,1.1757358312606812,614868,0.0,0.0
1981-01-30 00:00:00-05:00,0.0,1.1820459393196783,1.1694263219833374,1.1694263219833374,927144,0.0,0.0
1981-02-02 00:00:00-05:00,0.0,1.1652194825928284,1.1462900567335492,1.1483930349349976,1169218,0.0,0.0
1981-02-03 00:00:00-05:00,0.0,1.1652194640695632,1.1441866718918947,1.1631160974502563,1314463,0.0,0.0
1981-02-04 00:00:00-05:00,0.0,1.1694263219833374,1.1568063161956978,1.1694263219833374,629393,0.0,0.0
1981-02-05 00:00:00-05:00,0.0,1.1673223583898542,1.1568058208867809,1.1610126495361328,854522,0.0,0.0
1981-02-06 00:00:00-05:00,0.0,1.173632025718689,1.146289439314286,1.173632025718689,423630,0.0,0.0
1981-02-09 00:00:00-05:00,0.0,1.1967686791674228,1.177838868573558,1.1820456981658936,760113,0.0,0.0
1981-02-10 00:00:00-05:00,0.0,1.186252042194205,1.177838868573558,1.1820456981658936,808528,0.0,0.0
1981-02-11 00:00:00-05:00,0.0,1.1946648359298706,1.1841482031556636,1.1946648359298706,121037,0.0,0.0
1981-02-12 00:00:00-05:00,0.0,1.205182047820677,1.1988718509674072,1.1988718509674072,113775,0.0,0.0
1981-02-13 00:00:00-05:00,0.0,1.2009746407914157,1.1925613734171567,1.1946648359298706,329221,0.0,0.0
1981-02-17 00:00:00-05:00,0.0,1.2093879353564316,1.1988713015013024,1.2072845697402954,815790,0.0,0.0
1981-02-18 00:00:00-05:00,0.0,1.226214158936207,1.2093877225320622,1.2156975269317627,2306967,0.0,0.0
1981-02-19 00:00:00-05:00,0.0,1.2262149367196105,1.1988718509674072,1.1988718509674072,360691,0.0,0.0
1981-02-20 00:00:00-05:00,0.0,1.2072845697402954,1.1988713015013024,1.2072845697402954,232391,0.0,0.0
1981-02-23 00:00:00-05:00,0.0,1.2051816358195933,1.203078269958496,1.203078269958496,290489,0.0,0.0
1981-02-24 00:00:00-05:00,0.0,1.2072845697402954,1.2030781298463509,1.2072845697402954,94409,0.0,0.0
1981-02-25 00:00:00-05:00,0.0,1.2156975269317627,1.2093877225320622,1.2156975269317627,1074809,0.0,0.0
1981-02-26 00:00:00-05:00,0.0,1.2135943382106906,1.1946649222581864,1.2093878984451294,1355616,0.0,0.0
1981-02-27 00:00:00-05:00,0.0,1.2199044821329803,1.209388234130958,1.213594675064087,820632,0.0,0.0
1981-03-02 00:00:00-05:00,0.0,1.2178015721367572,1.2009752234503863,1.2051819562911987,878729,0.0,0.0
1981-03-03 00:00:00-05:00,0.0,1.2072849434856217,1.17994225025177,1.17994225025177,363111,0.0,0.0
1981-03-04 00:00:00-05:00,0.0,1.1967683356097132,1.1694257476956893,1.1925615072250366,3773937,0.0,0.0
1981-03-05 00:00:00-05:00,0.0,1.211491764213978,1.194665415527607,1.2051819562911987,2009216,0.0,0.0
1981-03-06 00:00:00-05:00,0.0,1.2262139824175495,1.2093875484356404,1.222007155418396,2285180,0.0,0.0
1981-03-09 00:00:00-05:00,0.0,1.222007231425027,1.2114909887313843,1.2114909887313843,1970484,0.0,0.0
1981-03-10 00:00:00-05:00,0.0,1.2262146472930908,1.213594645016564,1.2262146472930908,401843,0.0,0.0
1981-03-11 00:00:00-05:00,0.0,1.2304209844425174,1.2114915638055395,1.2283176183700562,1411293,0.0,0.0
1981-03-12 00:00:00-05:00,0.0,1.2430400642069857,1.2304204558702165,1.2325239181518555,220288,0.0,0.0
1981-03-13 00:00:00-05:00,0.0,1.2451436616637943,1.2283172240497926,1.2304205894470215,191239,0.0,0.0
1981-03-16 00:00:00-05:00,0.0,1.2283176183700562,1.2241111775635247,1.2283176183700562,413947,0.0,0.0
1981-03-17 00:00:00-05:00,0.0,1.2283169589097738,1.2114909133788445,1.222007155418396,1082072,0.0,0.0
1981-03-18 00:00:00-05:00,0.0,1.232524447627776,1.219904445418602,1.2283176183700562,1019132,0.0,0.0
1981-03-19 00:00:00-05:00,0.0,1.232524454205759,1.2241111840966061,1.2262146472930908,307434,0.0,0.0
1981-03-20 00:00:00-05:00,0.0,1.2283176183700562,1.219904445418602,1.2283176183700562,283227,0.0,0.0
1981-03-23 00:00:00-05:00,0.0,1.2388336801436806,1.2304204139800898,1.2367302179336548,656021,0.0,0.0
1981-03-24 00:00:00-05:00,0.0,1.2451434840972455,1.2325238761901156,1.2367302179336548,750430,0.0,0.0
1981-03-25 00:00:00-05:00,0.0,1.2409372329711914,1.2304206001193603,1.2409372329711914,171873,0.0,0.0
1981-03-26 00:00:00-05:00,0.0,1.2430400218872195,1.234626852836381,1.2367302179336548,854522,0.0,0.0
1981-03-27 00:00:00-05:00,0.0,1.2451436724638372,1.2367304050274788,1.2409372329711914,823052,0.0,0.0
1981-03-30 00:00:00-05:00,0.0,1.2535573843476353,1.236730939318347,1.247247576713562,864205,0.0,0.0
1981-03-31 00:00:00-05:00,0.0,1.2493511338570256,1.2388349771499634,1.2388349771499634,319538,0.0,0.0
1981-04-01 00:00:00-05:00,0.0,1.2451438903808594,1.2388340843684393,1.2451438903808594,200922,0.0,0.0
1981-04-02 00:00:00-05:00,0.0,1.2577638851275716,1.24514426926274,1.2535574436187744,917461,0.0,0.0
1981-04-03 00:00:00-05:00,0.0,1.2830033898996254,1.2619705044578984,1.27669358253479,1069968,0.0,0.0
1981-04-06 00:00:00-05:00,0.0,1.2808994628641812,1.2703828297247513,1.2745896577835083,614868,0.0,0.0
1981-04-07 00:00:00-05:00,0.0,1.2977267885804618,1.2703836985213934,1.2956234216690063,888412,0.0,0.0
1981-04-08 00:00:00-05:00,0.0,1.304035320025649,1.2914153251501455,1.3019318580627441,290489,0.0,0.0
1981-04-09 00:00:00-05:00,0.0,1.3082416612750145,1.2977255168133786,1.3019318580627441,326800,0.0,0.0
1981-04-10 00:00:00-05:00,0.0,1.3250690698623657,1.304036279893687,1.3250690698623657,508356,0.0,0.0
1981-04-13 00:00:00-05:00,0.0,1.3397924687818452,1.3166563052171396,1.3208626508712769,326800,0.0,0.0
1981-04-14 00:00:00-05:00,0.0,1.3166558742523193,1.3124494328621825,1.3166558742523193,363111,0.0,0.0
1981-04-15 00:00:00-05:00,0.0,1.3292751462449726,1.3145520710638272,1.3271716833114624,796424,0.0,0.0
1981-04-16 00:00:00-05:00,0.0,1.3397919690859188,1.3250689878848607,1.3355852365493774,348587,0.0,0.0
1981-04-20 00:00:00-05:00,0.0,1.3397919690859188,1.3250689878848607,1.3355852365493774,970718,0.0,0.0
1981-04-21 00:00:00-05:00,0.0,1.3376878799373366,1.3229649066925049,1.3229649066925049,266282,0.0,0.0
1981-04-22 00:00:00-05:00,0.0,1.3271716833114624,1.3166555339973374,1.3271716833114624,237233,0.0,0.0
1981-04-23 00:00:00-05:00,0.0,1.3355851768284144,1.3166557552756664,1.329275369644165,488990,0.0,0.0
1981-04-24 00:00:00-05:00,0.0,1.3461021949264702,1.327172378192599,1.3418954610824585,278385,0.0,0.0
1981-04-27 00:00:00-04:00,0.0,1.3418954610824585,1.3355856516549498,1.3418954610824585,321959,0.0,0.0
1981-04-28 00:00:00-04:00,0.0,1.3461015813009152,1.3397917747497559,1.3397917747497559,433313,0.0,0.0
1981-04-29 00:00:00-04:00,0.0,1.3418951052700032,1.3166558742523193,1.3166558742523193,1067547,0.0,0.0
1981-04-30 00:00:00-04:00,0.0,1.3166554460732969,1.2998290061950684,1.2998290061950684,963455,0.0,0.0
1981-05-01 00:00:00-04:00,0.0,1.2998297670405736,1.29141659073326,1.2956234216690063,162190,0.0,0.0
1981-05-04 00:00:00-04:00,0.0,1.2914157075525337,1.2745896577835083,1.2745896577835083,421209,0.0,0.0
1981-05-05 00:00:00-04:00,0.0,1.2682803274621741,1.2619705200195312,1.2619705200195312,607606,0.0,0.0
1981-05-06 00:00:00-04:00,0.0,1.2661768480952007,1.2283176183700562,1.2283176183700562,859363,0.0,0.0
1981-05-07 00:00:00-04:00,0.0,1.228317035308863,1.2009744546994887,1.2114909887313843,714119,0.0,0.0
1981-05-08 00:00:00-04:00,0.0,1.2199038663509971,1.2114909887313843,1.2114909887313843,137982,0.0,0.0
1981-05-11 00:00:00-04:00,0.0,1.2030785468101044,1.188355565071106,1.188355565071106,256599,0.0,0.0
1981-05-12 00:00:00-04:00,0.0,1.1988718509674072,1.1904590644365518,1.1988718509674072,309855,0.0,0.0
1981-05-13 00:00:00-04:00,0.0,1.2283176183700562,1.1967685839750926,1.2283176183700562,341325,0.0,0.0
1981-05-14 00:00:00-04:00,0.0,1.2325239181518555,1.2178008475334474,1.2325239181518555,237233,0.0,0.0
1981-05-15 00:00:00-04:00,0.0,1.232524447627776,1.2220078114910633,1.2283176183700562,242074,0.0,0.0
1981-05-18 00:00:00-04:00,0.0,1.2619705583058751,1.2304211316842735,1.247247576713562,234812,0.0,0.0
1981-05-19 00:00:00-04:00,0.0,1.24093762057923,1.2283176183700562,1.2283176183700562,365532,0.0,0.0
1981-05-20 00:00:00-04:00,0.0,1.2451438903808594,1.2367306214720653,1.2451438903808594,203342,0.0,0.0
1981-05-21 00:00:00-04:00,0.0,1.26197023397288,1.2388340843684393,1.2451438903808594,1968063,0.0,0.0
1981-05-22 00:00:00-04:00,0.0,1.2451447877096251,1.2388349771499634,1.2388349771499634,188818,0.0,0.0
1981-05-26 00:00:00-04:00,0.0,1.2388338568104054,1.2262142471036275,1.2304205894470215,447837,0.0,0.0
1981-05-27 00:00:00-04:00,0.0,1.2409383444493711,1.2304217021780401,1.2388349771499634,1500860,0.0,0.0
1981-05-28 00:00:00-04:00,0.0,1.2535568427874286,1.2409372329711914,1.2409372329711914,597923,0.0,0.0
1981-05-29 00:00:00-04:00,0.0,1.2472472561644496,1.2409374501520298,1.2451438903808594,101671,0.0,0.0
1981-06-01 00:00:00-04:00,0.0,1.266176160301142,1.2451433850168252,1.2598663568496704,254178,0.0,0.0
1981-06-02 00:00:00-04:00,0.0,1.2703827949835444,1.2409372329711914,1.2409372329711914,939248,0.0,0.0
1981-06-03 00:00:00-04:00,0.0,1.2472470378793101,1.2367304050274788,1.2409372329711914,336483,0.0,0.0
1981-06-04 00:00:00-04:00,0.0,1.2430400218872195,1.2367302179336548,1.2367302179336548,162190,0.0,0.0
1981-06-05 00:00:00-04:00,0.0,1.2409370452409543,1.2367302179336548,1.2367302179336548,307434,0.0,0.0
1981-06-08 00:00:00-04:00,0.0,1.2430413232973638,1.2367315127377019,1.2388349771499634,421209,0.0,0.0
1981-06-09 00:00:00-04:00,0.0,1.2409379205493836,1.228317915289594,1.2346277236938477,280806,0.0,0.0
1981-06-10 00:00:00-04:00,0.0,1.2409372222076342,1.2283172240497926,1.2304205894470215,2958147,0.0,0.0
1981-06-11 00:00:00-04:00,0.0,1.2304209844425174,1.2220078114910633,1.2283176183700562,343745,0.0,0.0
1981-06-12 00:00:00-04:00,0.0,1.2325247451215982,1.1988718509674072,1.1988718509674072,934406,0.0,0.0
1981-06-15 00:00:00-04:00,0.0,1.2156977408665124,1.1988713015013024,1.2072845697402954,648759,0.0,0.0
1981-06-16 00:00:00-04:00,0.0,1.207285070883825,1.1883556464959866,1.1904590129852295,1839764,0.0,0.0
1981-06-17 00:00:00-04:00,0.0,1.1988712508063584,1.1862516403198242,1.1862516403198242,651180,0.0,0.0
1981-06-18 00:00:00-04:00,0.0,1.190458871786541,1.1820456981658936,1.1820456981658936,641497,0.0,0.0
1981-06-19 00:00:00-04:00,0.0,1.1820456305672835,1.152599573135376,1.152599573135376,1863971,0.0,0.0
1981-06-22 00:00:00-04:00,0.0,1.1568061738975828,1.125257134437561,1.125257134437561,772217,0.0,0.0
1981-06-23 00:00:00-04:00,0.0,1.1441861601344039,1.118946937345277,1.1399797201156616,1021553,0.0,0.0
1981-06-24 00:00:00-04:00,0.0,1.1483934391156958,1.13998064933358,1.144187092781067,537405,0.0,0.0
1981-06-25 00:00:00-04:00,0.0,1.1441861539726177,1.1378763483093162,1.142082691192627,130720,0.0,0.0
1981-06-26 00:00:00-04:00,0.0,1.1504969036215844,1.13998064933358,1.144187092781067,116196,0.0,0.0
1981-06-29 00:00:00-04:00,0.0,1.152599865353309,1.1420832263152378,1.1483930349349976,312276,0.0,0.0
1981-06-30 00:00:00-04:00,0.0,1.1483929012888128,1.1315669411532512,1.1378767490386963,290489,0.0,0.0
1981-07-01 00:00:00-04:00,0.0,1.1357732866986094,1.125257134437561,1.125257134437561,283227,0.0,0.0
1981-07-02 00:00:00-04:00,0.0,1.1252570855700987,1.085294485092163,1.085294485092163,377636,0.0,0.0
1981-07-06 00:00:00-04:00,0.0,1.0810879842699752,1.0516419256688823,1.0537453889846802,1963222,0.0,0.0
1981-07-07 00:00:00-04:00,0.0,1.0579514503479004,1.0432284735364397,1.0579514503479004,648759,0.0,0.0
1981-07-08 00:00:00-04:00,0.0,1.0600551962552551,1.0432287521953123,1.0537453889846802,200922,0.0,0.0
1981-07-09 00:00:00-04:00,0.0,1.0600547790527344,1.0432283416151211,1.0600547790527344,423630,0.0,0.0
1981-07-10 00:00:00-04:00,0.0,1.0579521467579796,1.0432291602549308,1.0495389699935913,462362,0.0,0.0
1981-07-13 00:00:00-04:00,0.0,1.0726743886272234,1.0516415117775453,1.0600547790527344,297751,0.0,0.0
1981-07-14 00:00:00-04:00,0.0,1.0600547790527344,1.0600547790527344,1.0600547790527344,433313,0.0,0.0
1981-07-15 00:00:00-04:00,0.0,1.0621582787429986,1.053745107516688,1.0579514503479004,227550,0.0,0.0
1981-07-16 00:00:00-04:00,0.0,1.0579511570991982,1.026402235031128,1.026402235031128,515618,0.0,0.0
1981-07-17 00:00:00-04:00,0.0,1.0306092896786172,1.0158863067626953,1.0158863067626953,614868,0.0,0.0
1981-07-20 00:00:00-04:00,0.0,1.0221963712035609,1.0137830972671509,1.0137830972671509,733485,0.0,0.0
1981-07-21 00:00:00-04:00,0.0,1.0179893631604535,0.9843365774410971,0.9864399433135986,4253244,0.0,0.0
1981-07-22 00:00:00-04:00,0.0,0.9885439271260936,0.9675110342219295,0.9717174768447876,699594,0.0,0.0
1981-07-23 00:00:00-04:00,0.0,1.001163468872157,0.9675110532131778,0.9969571232795715,866626,0.0,0.0
1981-07-24 00:00:00-04:00,0.0,1.001163468872157,0.9927502921227814,0.9969571232795715,196080,0.0,0.0
1981-07-27 00:00:00-04:00,0.0,1.0053699016571045,0.9969571134421059,1.0053699016571045,123458,0.0,0.0
1981-07-28 00:00:00-04:00,0.0,1.0095767327723837,1.0011634589931853,1.0053699016571045,525301,0.0,0.0
1981-07-29 00:00:00-04:00,0.0,1.0095757949556334,0.9969561873479815,1.0011625289916992,104092,0.0,0.0
1981-07-30 00:00:00-04:00,0.0,1.0032657384872437,0.9969559362724917,1.0032657384872437,452679,0.0,0.0
1981-07-31 00:00:00-04:00,0.0,1.0095757246017456,1.0011624592241033,1.0095757246017456,624551,0.0,0.0
1981-08-03 00:00:00-04:00,0.0,1.0095757246017456,1.0053688976874384,1.0095757246017456,164610,0.0,0.0
1981-08-04 00:00:00-04:00,0.0,1.0095755907524182,0.9990589618682861,0.9990589618682861,321959,0.0,0.0
1981-08-05 00:00:00-04:00,0.0,1.007473268658324,0.9969571134421059,1.0053699016571045,481728,0.0,0.0
1981-08-06 00:00:00-04:00,0.0,1.0116797021961177,0.9990596993739834,1.0074728727340698,820632,0.0,0.0
1981-08-07 00:00:00-04:00,0.0,1.0116796493530273,1.0053694540459572,1.0116796493530273,123458,0.0,0.0
1981-08-10 00:00:00-04:00,0.0,1.0137830972671509,1.0011634777010612,1.0137830972671509,464782,0.0,0.0
1981-08-11 00:00:00-04:00,0.0,1.0158863067626953,1.0095764985613649,1.0158863067626953,227550,0.0,0.0
1981-08-12 00:00:00-04:00,0.0,1.0306084995948794,1.0095757246017456,1.0095757246017456,568874,0.0,0.0
1981-08-13 00:00:00-04:00,0.0,1.022195816040039,1.0074727403168158,1.022195816040039,1157115,0.0,0.0
1981-08-14 00:00:00-04:00,0.0,1.0348157313666866,1.0158863067626953,1.0158863067626953,2844372,0.0,0.0
1981-08-17 00:00:00-04:00,0.0,1.0158865614205161,1.0116801186779947,1.0137830972671509,121037,0.0,0.0
1981-08-18 00:00:00-04:00,0.0,1.0221963712035609,1.0053699204435826,1.0137830972671509,295331,0.0,0.0
1981-08-19 00:00:00-04:00,0.0,1.0306085766964035,1.009575800129773,1.026402235031128,564033,0.0,0.0
1981-08-20 00:00:00-04:00,0.0,1.039022005721458,1.028505469136085,1.0369186401367188,288068,0.0,0.0
1981-08-21 00:00:00-04:00,0.0,1.0432283833103697,1.0285054077722602,1.0306087732315063,363111,0.0,0.0
1981-08-24 00:00:00-04:00,0.0,1.0348155107118024,1.0053694540459572,1.0116796493530273,1372561,0.0,0.0
1981-08-25 00:00:00-04:00,0.0,1.0011624472893907,0.9843361109601763,0.9906463027000427,709277,0.0,0.0
1981-08-26 00:00:00-04:00,0.0,1.001163468872157,0.9927502921227814,0.9969571232795715,544667,0.0,0.0
1981-08-27 00:00:00-04:00,0.0,0.9969562626914956,0.9885430932044983,0.9885430932044983,397002,0.0,0.0
1981-08-28 00:00:00-04:00,0.0,1.0032659911518074,0.9885430184967972,1.0011625289916992,551929,0.0,0.0
1981-08-31 00:00:00-04:00,0.0,1.0137830972671509,1.0053699204435826,1.0137830972671509,125879,0.0,0.0
1981-09-01 00:00:00-04:00,0.0,1.026402644949162,1.0137825466729495,1.022195816040039,242074,0.0,0.0
1981-09-02 00:00:00-04:00,0.0,1.0516423995624036,1.0264032562195855,1.0432292222976685,963455,0.0,0.0
1981-09-03 00:00:00-04:00,0.0,1.043228906081278,1.013782843136617,1.0158863067626953,922303,0.0,0.0
1981-09-04 00:00:00-04:00,0.0,1.0158855987594593,0.9969561873479815,1.0011625289916992,380056,0.0,0.0
1981-09-08 00:00:00-04:00,0.0,1.009576070817744,0.9885432886117947,0.9927496314048767,946510,0.0,0.0
1981-09-09 00:00:00-04:00,0.0,0.9990589618682861,0.9843359921912379,0.9990589618682861,300172,0.0,0.0
1981-09-10 00:00:00-04:00,0.0,1.0137820659523378,0.9906463145093938,1.0095757246017456,1914807,0.0,0.0
1981-09-11 00:00:00-04:00,0.0,1.0221958311680017,1.0158860247184862,1.0200923681259155,300172,0.0,0.0
1981-09-14 00:00:00-04:00,0.0,1.0327123694761084,1.0158860247184862,1.0200923681259155,522880,0.0,0.0
1981-09-15 00:00:00-04:00,0.0,1.0242997191038812,1.0053699016571045,1.0053699016571045,917461,0.0,0.0
1981-09-16 00:00:00-04:00,0.0,0.9990590824136825,0.9906463027000427,0.9906463027000427,278385,0.0,0.0
1981-09-17 00:00:00-04:00,0.0,0.9990597750839748,0.984336793422699,0.984336793422699,389739,0.0,0.0
1981-09-18 00:00:00-04:00,0.0,0.9801298804004844,0.9675102711464799,0.9759235382080078,849680,0.0,0.0
1981-09-21 00:00:00-04:00,0.0,0.9885430932044983,0.9759234846431379,0.9885430932044983,2302126,0.0,0.0
1981-09-22 00:00:00-04:00,0.0,0.9948532125780285,0.9864399433135985,0.9864399433135986,585820,0.0,0.0
1981-09-23 00:00:00-04:00,0.0,0.9885433301153762,0.9822335243225098,0.9822335243225098,2159302,0.0,0.0
1981-09-24 00:00:00-04:00,0.0,0.9864401597567177,0.982233815539917,0.984336793422699,767375,0.0,0.0
1981-09-25 00:00:00-04:00,0.0,0.9864399433135985,0.9633036956183858,0.9864399433135986,699594,0.0,0.0
1981-09-28 00:00:00-04:00,0.0,1.001163468872157,0.9801306726679796,0.9969571232795715,709277,0.0,0.0
1981-09-29 00:00:00-04:00,0.0,1.0095757949556334,0.9948528223006231,1.0011625289916992,624551,0.0,0.0
1981-09-30 00:00:00-04:00,0.0,1.0011631414179936,0.9759240078762884,0.984336793422699,416368,0.0,0.0
1981-10-01 00:00:00-04:00,0.0,0.9822341175225477,0.9675110342219295,0.9717174768447876,1452445,0.0,0.0
1981-10-02 00:00:00-04:00,0.0,0.9717166964555071,0.9590970873832703,0.9590970873832703,1198267,0.0,0.0
1981-10-05 00:00:00-04:00,0.0,0.963303658884998,0.9422708749771118,0.9422708749771118,537405,0.0,0.0
1981-10-06 00:00:00-04:00,0.0,0.9401686051949607,0.9254456162452698,0.9254456162452698,866626,0.0,0.0
1981-10-07 00:00:00-04:00,0.0,0.9380649270693745,0.9170320371871225,0.9338580965995789,948931,0.0,0.0
1981-10-08 00:00:00-04:00,0.0,0.9738208600750754,0.9380650774993344,0.9696140289306641,740747,0.0,0.0
1981-10-09 00:00:00-04:00,0.0,1.001162775701748,0.9738201887012295,0.9780266284942627,355849,0.0,0.0
1981-10-12 00:00:00-04:00,0.0,1.001163468872157,0.978027305646005,0.9969571232795715,273544,0.0,0.0
1981-10-13 00:00:00-04:00,0.0,0.9990595558718799,0.9864399433135985,0.9864399433135986,682649,0.0,0.0
1981-10-14 00:00:00-04:00,0.0,0.9948527411132335,0.9864394758358844,0.9906463027000427,222708,0.0,0.0
1981-10-15 00:00:00-04:00,0.0,0.9927496314048767,0.9843364602548312,0.9927496314048767,1169218,0.0,0.0
1981-10-16 00:00:00-04:00,0.0,1.0032662652897921,0.9927496314048767,0.9927496314048767,462362,0.0,0.0
1981-10-19 00:00:00-04:00,0.0,0.9990589618682861,0.9906461831697233,0.9990589618682861,307434,0.0,0.0
1981-10-20 00:00:00-04:00,0.0,1.0032666048648213,0.984336793422699,0.984336793422699,1621897,0.0,0.0
1981-10-21 00:00:00-04:00,0.0,0.9843366356244956,0.969613559210655,0.9738203883171082,249336,0.0,0.0
1981-10-22 00:00:00-04:00,0.0,0.9759238514267315,0.969613559210655,0.9738203883171082,275965,0.0,0.0
1981-10-23 00:00:00-04:00,0.0,0.9822333428350101,0.9759235382080078,0.9759235382080078,358270,0.0,0.0
1981-10-26 00:00:00-05:00,0.0,0.9885430932044983,0.9759234846431379,0.9885430932044983,104092,0.0,0.0
1981-10-27 00:00:00-05:00,0.0,0.9885434647309488,0.9738203883171082,0.9738203883171082,457520,0.0,0.0
1981-10-28 00:00:00-05:00,0.0,0.9969564597618402,0.975923677555891,0.9927496314048767,409105,0.0,0.0
1981-10-29 00:00:00-05:00,0.0,0.9969561059889417,0.9885429378243344,0.9906463027000427,735906,0.0,0.0
1981-10-30 00:00:00-05:00,0.0,1.0053687145539851,0.9927491101244811,1.0032657384872437,271123,0.0,0.0
1981-11-02 00:00:00-05:00,0.0,1.0095767327723837,0.9969571134421059,1.0053699016571045,411526,0.0,0.0
1981-11-03 00:00:00-05:00,0.0,1.0053689677481668,0.9948528223006231,1.0011625289916992,210605,0.0,0.0
1981-11-04 00:00:00-05:00,0.0,0.9969564597618402,0.9927496314048767,0.9927496314048767,864205,0.0,0.0
1981-11-05 00:00:00-05:00,0.0,0.9885436232035456,0.9780269857590704,0.984336793422699,735906,0.0,0.0
1981-11-06 00:00:00-05:00,0.0,0.9780266284942627,0.9696133604571016,0.9780266284942627,140403,0.0,0.0
1981-11-09 00:00:00-05:00,0.0,0.9759245078000672,0.9590980540725014,0.9633044004440308,934406,0.0,0.0
1981-11-10 00:00:00-05:00,0.0,0.961200619035796,0.9338576424163895,0.9359610080718994,334062,0.0,0.0
1981-11-11 00:00:00-05:00,0.0,0.9464777036744847,0.9338577031462868,0.9422708749771118,556771,0.0,0.0
1981-11-12 00:00:00-05:00,0.0,0.9759242737333701,0.9464782052764382,0.9612011909484863,876309,0.0,0.0
1981-11-13 00:00:00-05:00,0.0,0.9633037878735506,0.9464778304100037,0.9464778304100037,1094175,0.0,0.0
1981-11-16 00:00:00-05:00,0.0,0.9422712994210994,0.9380649543929087,0.9401683211326599,215446,0.0,0.0
1981-11-17 00:00:00-05:00,0.0,0.9422717567299792,0.9359619447868942,0.9380654096603394,338904,0.0,0.0
1981-11-18 00:00:00-05:00,0.0,0.9380643437645482,0.9170314669609071,0.917031466960907,1161956,0.0,0.0
1981-11-19 00:00:00-05:00,0.0,0.9233417292018379,0.9170319213022248,0.921238362789154,225129,0.0,0.0
1981-11-20 00:00:00-05:00,0.0,0.9254449511138293,0.9086185097694397,0.9086185097694397,491411,0.0,0.0
1981-11-23 00:00:00-05:00,0.0,0.9128254895479798,0.8875862496250378,0.8917925953865051,796424,0.0,0.0
1981-11-24 00:00:00-05:00,0.0,0.9128249501581591,0.8938955314013786,0.9086185097694397,6995944,0.0,0.0
1981-11-25 00:00:00-05:00,0.0,0.931755006313324,0.9065153861095864,0.931755006313324,1178901,0.0,0.0
1981-11-27 00:00:00-05:00,0.0,0.9569941163063049,0.9359612316296472,0.9569941163063049,89567,0.0,0.0
1981-11-30 00:00:00-05:00,0.0,0.9948533773422241,0.9590975111669664,0.9948533773422241,508356,0.0,0.0
1981-12-01 00:00:00-05:00,0.0,1.0032657882248532,0.9927491593407213,0.9990589618682861,452679,0.0,0.0
1981-12-02 00:00:00-05:00,0.0,1.0032663847296706,0.9843365774410971,0.9864399433135986,365532,0.0,0.0
1981-12-03 00:00:00-05:00,0.0,0.9969567435630778,0.9675106847119693,0.9948533773422241,297751,0.0,0.0
1981-12-04 00:00:00-05:00,0.0,0.9948527411132335,0.9885429378243344,0.9906463027000427,496252,0.0,0.0
1981-12-07 00:00:00-05:00,0.0,0.9969561059889417,0.9864394758358844,0.9906463027000427,188818,0.0,0.0
1981-12-08 00:00:00-05:00,0.0,0.9906467721713893,0.9780267711619565,0.9864399433135986,1934173,0.0,0.0
1981-12-09 00:00:00-05:00,0.0,0.9906467721713893,0.9843365774410971,0.9864399433135986,375215,0.0,0.0
1981-12-10 00:00:00-05:00,0.0,0.9990589618682861,0.9864393568131563,0.9990589618682861,469624,0.0,0.0
1981-12-11 00:00:00-05:00,0.0,0.9969567435630778,0.9948533773422241,0.9948533773422241,544667,0.0,0.0
1981-12-14 00:00:00-05:00,0.0,0.9927499900464857,0.9801303744316101,0.9801303744316101,186397,0.0,0.0
1981-12-15 00:00:00-05:00,0.0,0.9948530941397467,0.9843364602548312,0.9927496314048767,363111,0.0,0.0
1981-12-16 00:00:00-05:00,0.0,0.9990597750839748,0.984336793422699,0.984336793422699,474465,0.0,0.0
1981-12-17 00:00:00-05:00,0.0,0.9906470121157739,0.9801303744316101,0.9801303744316101,188818,0.0,0.0
1981-12-18 00:00:00-05:00,0.0,1.0095757246017456,0.9885429496086117,1.0095757246017456,900516,0.0,0.0
1981-12-21 00:00:00-05:00,0.0,1.0137826799195333,1.0032665288360312,1.0074728727340698,421209,0.0,0.0
1981-12-22 00:00:00-05:00,0.0,1.0095755907524182,0.9969559856972883,0.9990589618682861,244495,0.0,0.0
1981-12-23 00:00:00-05:00,0.0,1.0032666277306495,0.9801303744316101,0.9801303744316101,343745,0.0,0.0
1981-12-24 00:00:00-05:00,0.0,0.975924307919002,0.9590978576376961,0.9717174768447876,183976,0.0,0.0
1981-12-28 00:00:00-05:00,0.0,0.9759243242037015,0.965407683350456,0.9696140289306641,123458,0.0,0.0
1981-12-29 00:00:00-05:00,0.0,0.9675102572108559,0.9590970873832703,0.9590970873832703,302593,0.0,0.0
1981-12-30 00:00:00-05:00,0.0,0.9675102572108559,0.9548906481386191,0.9590970873832703,164610,0.0,0.0
1981-12-31 00:00:00-05:00,0.0,0.9569940561397092,0.9485807862626305,0.9506842494010925,491411,0.0,0.0
1982-01-04 00:00:00-05:00,0.0,0.9696140289306641,0.9506846969170025,0.9696140289306641,222708,0.0,0.0
1982-01-05 00:00:00-05:00,0.0,0.9801306534290211,0.9696140127512609,0.9717174768447876,338904,0.0,0.0
1982-01-06 00:00:00-05:00,0.0,0.9738210866448334,0.9654079079627991,0.9654079079627991,341325,0.0,0.0
1982-01-07 00:00:00-05:00,0.0,0.9633037657655309,0.9464778086881431,0.9506842494010925,881150,0.0,0.0
1982-01-08 00:00:00-05:00,0.0,0.9590974221653764,0.9506842494010926,0.9506842494010925,406685,0.0,0.0
1982-01-11 00:00:00-05:00,0.0,0.9548908755053097,0.9422708749771118,0.9422708749771118,1786508,0.0,0.0
1982-01-12 00:00:00-05:00,0.0,0.9485815686730641,0.9338585770263242,0.9380654096603394,629393,0.0,0.0
1982-01-13 00:00:00-05:00,0.0,0.9380643437645482,0.9170314669609071,0.917031466960907,292910,0.0,0.0
1982-01-14 00:00:00-05:00,0.0,0.9149282574653625,0.9086184516169364,0.9149282574653625,191239,0.0,0.0
1982-01-15 00:00:00-05:00,0.0,0.9275481706887672,0.908618746989928,0.921238362789154,472045,0.0,0.0
1982-01-18 00:00:00-05:00,0.0,0.9170322446451553,0.8959994471175284,0.9107224345207214,220288,0.0,0.0
1982-01-19 00:00:00-05:00,0.0,0.912825190918037,0.8959991335868835,0.8959991335868835,118616,0.0,0.0
1982-01-20 00:00:00-05:00,0.0,0.9002052119006257,0.8812757957881657,0.8833791613578796,1665470,0.0,0.0
1982-01-21 00:00:00-05:00,0.0,0.8833795506601089,0.8749663760119187,0.877069354057312,520460,0.0,0.0
1982-01-22 00:00:00-05:00,0.0,0.8770694381854144,0.8665531873703003,0.8665531873703003,309855,0.0,0.0
1982-01-25 00:00:00-05:00,0.0,0.8623461723327637,0.8539333880764899,0.8623461723327637,755272,0.0,0.0
1982-01-26 00:00:00-05:00,0.0,0.8581396100375226,0.8476234612600796,0.8497264385223389,856943,0.0,0.0
1982-01-27 00:00:00-05:00,0.0,0.8497268132739524,0.8413135409355164,0.8413135409355164,578557,0.0,0.0
1982-01-28 00:00:00-05:00,0.0,0.8581393957138062,0.8371066178480372,0.8581393957138062,3134861,0.0,0.0
1982-01-29 00:00:00-05:00,0.0,0.9086190103215294,0.8665533207943942,0.904412567615509,2069734,0.0,0.0
1982-02-01 00:00:00-05:00,0.0,0.9485815686730641,0.8875865256641596,0.9380654096603394,1266048,0.0,0.0
1982-02-02 00:00:00-05:00,0.0,0.9380645636183497,0.9086185097694397,0.9086185097694397,302593,0.0,0.0
1982-02-03 00:00:00-05:00,0.0,0.9296518065286764,0.904412567615509,0.904412567615509,428471,0.0,0.0
1982-02-04 00:00:00-05:00,0.0,0.904412285772964,0.8917922817977959,0.8938957452774048,375215,0.0,0.0
1982-02-05 00:00:00-05:00,0.0,0.9023095965385436,0.8749669786048047,0.9023095965385437,401843,0.0,0.0
1982-02-08 00:00:00-05:00,0.0,0.9170322446451553,0.8938960799632034,0.9107224345207214,191239,0.0,0.0
1982-02-09 00:00:00-05:00,0.0,0.9002056360174421,0.8896893858909607,0.8896893858909607,929565,0.0,0.0
1982-02-10 00:00:00-05:00,0.0,0.9002058071558177,0.8854827239961476,0.898102343082428,1159535,0.0,0.0
1982-02-11 00:00:00-05:00,0.0,0.9002058071558177,0.8917925335392878,0.898102343082428,87147,0.0,0.0
1982-02-12 00:00:00-05:00,0.0,0.8981020895597586,0.8938957452774048,0.8938957452774048,58098,0.0,0.0
1982-02-16 00:00:00-05:00,0.0,0.8981024053672406,0.8854827854057697,0.8917925953865051,636655,0.0,0.0
1982-02-17 00:00:00-05:00,0.0,0.8959991942345413,0.8896893858909607,0.8896893858909607,50836,0.0,0.0
1982-02-18 00:00:00-05:00,0.0,0.8959991942345413,0.8875860193302809,0.8896893858909607,2953305,0.0,0.0
1982-02-19 00:00:00-05:00,0.0,0.8896889667286997,0.879172333105678,0.8833791613578796,331642,0.0,0.0
1982-02-22 00:00:00-05:00,0.0,0.8917919357614962,0.8791723251342775,0.8791723251342773,171873,0.0,0.0
1982-02-23 00:00:00-05:00,0.0,0.8749661437376876,0.8665528742101223,0.8686563372612,79884,0.0,0.0
1982-02-24 00:00:00-05:00,0.0,0.8707593450402147,0.8581397316482297,0.8623461723327637,309855,0.0,0.0
1982-02-25 00:00:00-05:00,0.0,0.8665525283769427,0.8581393593197871,0.8602427244186401,147665,0.0,0.0
1982-02-26 00:00:00-05:00,0.0,0.8623460516357563,0.8539332685569654,0.8560362458229065,268702,0.0,0.0
1982-03-01 00:00:00-05:00,0.0,0.8560364241162649,0.832900561763244,0.8371070027351379,302593,0.0,0.0
1982-03-02 00:00:00-05:00,0.0,0.8539335893578178,0.8329007011879096,0.8455203175544739,513197,0.0,0.0
1982-03-03 00:00:00-05:00,0.0,0.841313346594231,0.832900561763244,0.8371070027351379,856943,0.0,0.0
1982-03-04 00:00:00-05:00,0.0,0.83710669130438,0.8202802538871765,0.8202802538871765,157348,0.0,0.0
1982-03-05 00:00:00-05:00,0.0,0.8223837719298998,0.8034543077559372,0.807660698890686,447837,0.0,0.0
1982-03-08 00:00:00-05:00,0.0,0.8076609129605068,0.7740085124969482,0.7740085124969482,167031,0.0,0.0
1982-03-09 00:00:00-05:00,0.0,0.7824217081069946,0.7508722863087,0.7824217081069946,1338670,0.0,0.0
1982-03-10 00:00:00-05:00,0.0,0.7908344923278448,0.7782148789889971,0.7824217081069946,2476419,0.0,0.0
1982-03-11 00:00:00-05:00,0.0,0.7908341853811337,0.7824214044255388,0.7845243811607361,580978,0.0,0.0
1982-03-12 00:00:00-05:00,0.0,0.7866281262534838,0.7655952909900622,0.7740085124969482,375215,0.0,0.0
1982-03-15 00:00:00-05:00,0.0,0.7824216473814877,0.7698015980145381,0.7761118412017822,82305,0.0,0.0
1982-03-16 00:00:00-05:00,0.0,0.805557520225691,0.7824217081069946,0.7824217081069946,292910,0.0,0.0
1982-03-17 00:00:00-05:00,0.0,0.7803181600300065,0.7529755234718323,0.7529755234718323,568874,0.0,0.0
1982-03-18 00:00:00-05:00,0.0,0.7824216473814877,0.7529755938711695,0.7761118412017822,878729,0.0,0.0
1982-03-19 00:00:00-05:00,0.0,0.7824214013287182,0.7676983792035965,0.7782145738601685,663283,0.0,0.0
1982-03-22 00:00:00-05:00,0.0,0.8244875088384331,0.780318464050206,0.811867892742157,1762300,0.0,0.0
1982-03-23 00:00:00-05:00,0.0,0.8160743343281006,0.8034546696754168,0.811867892742157,646338,0.0,0.0
1982-03-24 00:00:00-05:00,0.0,0.8118676193424408,0.7992476190447405,0.8034543991088867,367953,0.0,0.0
1982-03-25 00:00:00-05:00,0.0,0.8097647909880489,0.7845251605800673,0.7887319922447205,1014291,0.0,0.0
1982-03-26 00:00:00-05:00,0.0,0.7887311195779318,0.7803179025650024,0.7803179025650024,401843,0.0,0.0
1982-03-29 00:00:00-05:00,0.0,0.7761117999156198,0.7698015570640564,0.7698015570640564,384898,0.0,0.0
1982-03-30 00:00:00-05:00,0.0,0.7719049713479109,0.7698015570640564,0.7698015570640564,278385,0.0,0.0
1982-03-31 00:00:00-05:00,0.0,0.7740083856317653,0.7698015570640564,0.7698015570640564,401843,0.0,0.0
1982-04-01 00:00:00-05:00,0.0,0.7740085124969482,0.7676987056186805,0.7740085124969482,2382010,0.0,0.0
1982-04-02 00:00:00-05:00,0.0,0.7866281002174197,0.774008486878572,0.7824217081069946,912620,0.0,0.0
1982-04-05 00:00:00-05:00,0.0,0.7929383791334059,0.7803187582787503,0.7908349633216858,1522647,0.0,0.0
1982-04-06 00:00:00-05:00,0.0,0.7908341822510153,0.7782145738601685,0.7782145738601685,307434,0.0,0.0
1982-04-07 00:00:00-05:00,0.0,0.7908349633216858,0.7782153424670302,0.7908349633216858,757692,0.0,0.0
1982-04-08 00:00:00-05:00,0.0,0.7950417949451261,0.7866285687060781,0.7908349633216858,871467,0.0,0.0
1982-04-12 00:00:00-05:00,0.0,0.7929379068868434,0.7824217081069946,0.7824217081069946,544667,0.0,0.0
1982-04-13 00:00:00-05:00,0.0,0.7929383791334059,0.784525152894358,0.7908349633216858,210605,0.0,0.0
1982-04-14 00:00:00-05:00,0.0,0.79083497106921,0.7824221817555778,0.7887319922447205,1433079,0.0,0.0
1982-04-15 00:00:00-05:00,0.0,0.7866277917898667,0.7782145738601685,0.7782145738601685,467203,0.0,0.0
1982-04-16 00:00:00-05:00,0.0,0.7908349633216858,0.7740089478514226,0.7908349633216858,4018432,0.0,0.0
1982-04-19 00:00:00-05:00,0.0,0.79083497106921,0.7845251605800673,0.7887319922447205,539825,0.0,0.0
1982-04-20 00:00:00-05:00,0.0,0.7887312055241416,0.7761115971332947,0.7782145738601685,602765,0.0,0.0
1982-04-21 00:00:00-05:00,0.0,0.7824213160700731,0.7740080990571437,0.7803179025650024,527722,0.0,0.0
1982-04-22 00:00:00-05:00,0.0,0.7824216473814877,0.7613888144466231,0.7761118412017822,6073642,0.0,0.0
1982-04-23 00:00:00-05:00,0.0,0.799247557901931,0.7824215557295406,0.7971445322036743,2442529,0.0,0.0
1982-04-26 00:00:00-04:00,0.0,0.8286938071250914,0.7992478436492932,0.8286938071250916,1074809,0.0,0.0
1982-04-27 00:00:00-04:00,0.0,0.8244870817451981,0.8160739115929788,0.8202802538871765,699594,0.0,0.0
1982-04-28 00:00:00-04:00,0.0,0.8244874860106408,0.811867870263767,0.8160743117332458,380056,0.0,0.0
1982-04-29 00:00:00-04:00,0.0,0.8371070628997296,0.8118678325775653,0.8244874477386475,488990,0.0,0.0
1982-04-30 00:00:00-04:00,0.0,0.828693791900059,0.8202806180131964,0.8244874477386475,459941,0.0,0.0
1982-05-03 00:00:00-04:00,0.0,0.8413135409355164,0.8265905571253116,0.8413135409355164,498673,0.0,0.0
1982-05-04 00:00:00-04:00,0.0,0.8497268132739524,0.8307973875201763,0.8413135409355164,191239,0.0,0.0
1982-05-05 00:00:00-04:00,0.0,0.8497264385223389,0.8455199984339178,0.8497264385223389,510777,0.0,0.0
1982-05-06 00:00:00-04:00,0.0,0.8665531873703003,0.8539336669695982,0.8665531873703003,578557,0.0,0.0
1982-05-07 00:00:00-04:00,0.0,0.8665525651277676,0.8539330537887162,0.8581393957138062,367953,0.0,0.0
1982-05-10 00:00:00-04:00,0.0,0.8497258440907782,0.8350027799606323,0.8350027799606323,794003,0.0,0.0
1982-05-11 00:00:00-04:00,0.0,0.841313346594231,0.832900561763244,0.8371070027351379,392160,0.0,0.0
1982-05-12 00:00:00-04:00,0.0,0.8413135409355164,0.8350037323509243,0.8413135409355164,203342,0.0,0.0
1982-05-13 00:00:00-04:00,0.0,0.8413125813483697,0.8350027799606323,0.8350027799606323,636655,0.0,0.0
1982-05-14 00:00:00-04:00,0.0,0.8413135409355164,0.8350037323509243,0.8413135409355164,285648,0.0,0.0
1982-05-17 00:00:00-04:00,0.0,0.8392106643830859,0.8244876787897717,0.8265906572341919,614868,0.0,0.0
1982-05-18 00:00:00-04:00,0.0,0.8244875088384331,0.811867892742157,0.811867892742157,198501,0.0,0.0
1982-05-19 00:00:00-04:00,0.0,0.8097641443853801,0.7866279482841492,0.7866279482841492,288068,0.0,0.0
1982-05-20 00:00:00-04:00,0.0,0.7950411678876004,0.7824215569861677,0.7866279482841492,2413480,0.0,0.0
1982-05-21 00:00:00-04:00,0.0,0.7866277949033362,0.7845243811607361,0.7845243811607361,256599,0.0,0.0
1982-05-24 00:00:00-04:00,0.0,0.7887312086459364,0.7824214044255388,0.7845243811607361,259019,0.0,0.0
1982-05-25 00:00:00-04:00,0.0,0.7866281262534838,0.7740085124969482,0.7740085124969482,1084492,0.0,0.0
1982-05-26 00:00:00-04:00,0.0,0.7740083317875502,0.7571819412586704,0.7676985263824463,624551,0.0,0.0
1982-05-27 00:00:00-04:00,0.0,0.7719050413067884,0.7571820625568633,0.7634918689727783,244495,0.0,0.0
1982-05-28 00:00:00-04:00,0.0,0.7740083939477644,0.7529755619057874,0.7571820020675659,1108700,0.0,0.0
1982-06-01 00:00:00-04:00,0.0,0.7571820872266812,0.7487688660621643,0.7487688660621643,397002,0.0,0.0
1982-06-02 00:00:00-04:00,0.0,0.7529761016002697,0.7403565292879193,0.7445629239082336,1118383,0.0,0.0
1982-06-03 00:00:00-04:00,0.0,0.7655952000885253,0.7508722220078758,0.7550786137580872,791583,0.0,0.0
1982-06-04 00:00:00-04:00,0.0,0.7613888677563277,0.7403560819052164,0.7487688660621643,1471811,0.0,0.0
1982-06-07 00:00:00-04:00,0.0,0.7445622939821734,0.7403559029206148,0.7424588799476624,716540,0.0,0.0
1982-06-08 00:00:00-04:00,0.0,0.7466660746932884,0.731943043236376,0.7403562664985657,1009449,0.0,0.0
1982-06-09 00:00:00-04:00,0.0,0.7424589991517254,0.7130129945271632,0.7193228006362915,1643684,0.0,0.0
1982-06-10 00:00:00-04:00,0.0,0.7361494302749634,0.7151166393536987,0.7361494302749634,670546,0.0,0.0
1982-06-11 00:00:00-04:00,0.0,0.7529756184498625,0.7361492253060999,0.7382526397705078,694753,0.0,0.0
1982-06-14 00:00:00-04:00,0.0,0.7403562603751027,0.7340460152248938,0.7361494302749634,646338,0.0,0.0
1982-06-15 00:00:00-04:00,0.0,0.7361495532767743,0.7235299348831177,0.7235299348831177,135562,0.0,0.0
1982-06-16 00:00:00-04:00,0.0,0.723529131108367,0.706702749160649,0.7151159644126892,665704,0.0,0.0
1982-06-17 00:00:00-04:00,0.0,0.7151165890419571,0.6814641356468201,0.6814641356468201,1045761,0.0,0.0
1982-06-18 00:00:00-04:00,0.0,0.6772572344964312,0.6646376213334053,0.6688444018363953,2282760,0.0,0.0
1982-06-21 00:00:00-04:00,0.0,0.683566986289707,0.6667409338670816,0.6772571802139282,2178668,0.0,0.0
1982-06-22 00:00:00-04:00,0.0,0.6856708315128207,0.6751546263694763,0.6751546263694763,1660629,0.0,0.0
1982-06-23 00:00:00-04:00,0.0,0.679360348220862,0.6225717701782686,0.6393981575965881,5044826,0.0,0.0
1982-06-24 00:00:00-04:00,0.0,0.6604307789611585,0.6415009351165307,0.6562239527702332,1861551,0.0,0.0
1982-06-25 00:00:00-04:00,0.0,0.6688444018363953,0.6562244002221992,0.6688444018363953,1036078,0.0,0.0
1982-06-28 00:00:00-04:00,0.0,0.6730506420135498,0.654121275096841,0.6730506420135498,1481494,0.0,0.0
1982-06-29 00:00:00-04:00,0.0,0.6856704725490488,0.6646376848220825,0.6646376848220825,3439874,0.0,0.0
1982-06-30 00:00:00-04:00,0.0,0.6688444657269199,0.6604312923684523,0.6646376848220825,1711465,0.0,0.0
1982-07-01 00:00:00-04:00,0.0,0.664637958036984,0.6583281482589405,0.6604315638542175,808528,0.0,0.0
1982-07-02 00:00:00-04:00,0.0,0.6625342965126038,0.6541215112698507,0.6625342965126038,1125645,0.0,0.0
1982-07-06 00:00:00-04:00,0.0,0.6709474920063319,0.6604312923684523,0.6646376848220825,1677574,0.0,0.0
1982-07-07 00:00:00-04:00,0.0,0.6646376848220825,0.6604312923684523,0.6646376848220825,220288,0.0,0.0
1982-07-08 00:00:00-04:00,0.0,0.6688446075173795,0.6625344105442046,0.6667411923408508,537405,0.0,0.0
1982-07-09 00:00:00-04:00,0.0,0.6751540560686051,0.6604310802545391,0.6730506420135498,585820,0.0,0.0
1982-07-12 00:00:00-04:00,0.0,0.683566829012711,0.6730505850854717,0.6793603897094727,639076,0.0,0.0
1982-07-13 00:00:00-04:00,0.0,0.6814639603797427,0.6730507399428605,0.6772571802139282,365532,0.0,0.0
1982-07-14 00:00:00-04:00,0.0,0.6982902884483337,0.6751544677648182,0.6982902884483337,752851,0.0,0.0
1982-07-15 00:00:00-04:00,0.0,0.7109099626541138,0.6898771786869939,0.7109099626541138,728643,0.0,0.0
1982-07-16 00:00:00-04:00,0.0,0.7067030386804273,0.6919800152094926,0.7024966478347778,493831,0.0,0.0
1982-07-19 00:00:00-04:00,0.0,0.7067030616882104,0.7024966707056155,0.7046000361442566,612448,0.0,0.0
1982-07-20 00:00:00-04:00,0.0,0.731942892074585,0.70880669069001,0.731942892074585,3786040,0.0,0.0
1982-07-21 00:00:00-04:00,0.0,0.7466657080166845,0.7361490748515926,0.7424588799476624,440575,0.0,0.0
1982-07-22 00:00:00-04:00,0.0,0.7319430660213835,0.7214264273643494,0.7214264273643494,1224895,0.0,0.0
1982-07-23 00:00:00-04:00,0.0,0.7235293692596931,0.7088063955307007,0.7088063955307007,375215,0.0,0.0
1982-07-26 00:00:00-04:00,0.0,0.7024969736447362,0.6814641356468201,0.6814641356468201,665704,0.0,0.0
1982-07-27 00:00:00-04:00,0.0,0.6793605460186393,0.6709473741381494,0.6772571802139282,815790,0.0,0.0
1982-07-28 00:00:00-04:00,0.0,0.6751545530062979,0.6541217565536499,0.6541217565536499,186397,0.0,0.0
1982-07-29 00:00:00-04:00,0.0,0.6646377448805806,0.6541215442924282,0.6583279371261597,559191,0.0,0.0
1982-07-30 00:00:00-04:00,0.0,0.6562244894906153,0.6436048746109009,0.6436048746109009,222708,0.0,0.0
1982-08-02 00:00:00-04:00,0.0,0.6520180968665857,0.6393984819868713,0.6436048746109009,595503,0.0,0.0
1982-08-03 00:00:00-04:00,0.0,0.6625341396291952,0.6415013074874878,0.6415013074874878,852101,0.0,0.0
1982-08-04 00:00:00-04:00,0.0,0.6436045480865605,0.626778160668241,0.6393981575965881,573716,0.0,0.0
1982-08-05 00:00:00-04:00,0.0,0.6393981575965881,0.6309849396092393,0.6393981575965881,1031236,0.0,0.0
1982-08-06 00:00:00-04:00,0.0,0.6520182258018323,0.6267786026000977,0.6267786026000977,472045,0.0,0.0
1982-08-09 00:00:00-04:00,0.0,0.6225718516957637,0.6141586326068158,0.6204684376716614,532563,0.0,0.0
1982-08-10 00:00:00-04:00,0.0,0.63098511698644,0.6225719451904297,0.6225719451904297,452679,0.0,0.0
1982-08-11 00:00:00-04:00,0.0,0.6267783368628673,0.6141587248380275,0.6225719451904297,1026395,0.0,0.0
1982-08-12 00:00:00-04:00,0.0,0.6204682250682871,0.6057452059593347,0.6099520325660706,961035,0.0,0.0
1982-08-13 00:00:00-04:00,0.0,0.6225719451904297,0.5973327211407499,0.6225719451904297,1033657,0.0,0.0
1982-08-16 00:00:00-04:00,0.0,0.639398482269165,0.6246754525671226,0.6309852600097656,278385,0.0,0.0
1982-08-17 00:00:00-04:00,0.0,0.6688444018363953,0.6267783933931574,0.6688444018363953,273544,0.0,0.0
1982-08-18 00:00:00-04:00,0.0,0.6982901438405668,0.6793607207447353,0.6814641356468201,685070,0.0,0.0
1982-08-19 00:00:00-04:00,0.0,0.6856704725490488,0.6646376848220825,0.6646376848220825,314696,0.0,0.0
1982-08-20 00:00:00-04:00,0.0,0.6898773582475153,0.6604313462053089,0.6814641356468201,3398722,0.0,0.0
1982-08-23 00:00:00-04:00,0.0,0.6982902884483337,0.679360861432439,0.6982902884483337,796424,0.0,0.0
1982-08-24 00:00:00-04:00,0.0,0.7151164029121965,0.700393376444985,0.7109099626541138,2045527,0.0,0.0
1982-08-25 00:00:00-04:00,0.0,0.7319428013056892,0.7109099686060835,0.7193228006362915,518039,0.0,0.0
1982-08-26 00:00:00-04:00,0.0,0.7529759539170652,0.7214265194815924,0.7235299348831177,629393,0.0,0.0
1982-08-27 00:00:00-04:00,0.0,0.7235298424972946,0.7109102257150071,0.7214264273643494,568874,0.0,0.0
1982-08-30 00:00:00-04:00,0.0,0.7214264273643494,0.706703444005527,0.7214264273643494,774637,0.0,0.0
1982-08-31 00:00:00-04:00,0.0,0.7298393869334686,0.7151164088993838,0.7193228006362915,1120804,0.0,0.0
1982-09-01 00:00:00-04:00,0.0,0.7319431594814713,0.7193231526364835,0.7235299348831177,1212792,0.0,0.0
1982-09-02 00:00:00-04:00,0.0,0.7235295808243403,0.7130129945271632,0.7193228006362915,452679,0.0,0.0
1982-09-03 00:00:00-04:00,0.0,0.7403559246063037,0.7277358770370483,0.7277358770370483,735906,0.0,0.0
1982-09-07 00:00:00-04:00,0.0,0.7361495532767743,0.7193231526364835,0.7235299348831177,803686,0.0,0.0
1982-09-08 00:00:00-04:00,0.0,0.7277359675644249,0.694083571434021,0.694083571434021,902937,0.0,0.0
1982-09-09 00:00:00-04:00,0.0,0.7067035127913095,0.6982902884483337,0.6982902884483337,907778,0.0,0.0
1982-09-10 00:00:00-04:00,0.0,0.7003933774998246,0.694083571434021,0.694083571434021,648759,0.0,0.0
1982-09-13 00:00:00-04:00,0.0,0.7003933774998246,0.6898771797259954,0.694083571434021,2142357,0.0,0.0
1982-09-14 00:00:00-04:00,0.0,0.7046000361442566,0.6940834517329705,0.7046000361442566,2854055,0.0,0.0
1982-09-15 00:00:00-04:00,0.0,0.7067030668258667,0.7024966758126918,0.7067030668258667,631814,0.0,0.0
1982-09-16 00:00:00-04:00,0.0,0.7088065991730025,0.6982899643731023,0.7003933787345886,1989850,0.0,0.0
1982-09-17 00:00:00-04:00,0.0,0.7046003056579576,0.6856704950332642,0.6856704950332642,1145011,0.0,0.0
1982-09-20 00:00:00-04:00,0.0,0.6940839797832913,0.6583281482589405,0.6604315638542175,2382010,0.0,0.0
1982-09-21 00:00:00-04:00,0.0,0.6393983288107756,0.6183654967140619,0.6351915001869202,1193426,0.0,0.0
1982-09-22 00:00:00-04:00,0.0,0.6499145350236999,0.6225719451904297,0.6225719451904297,1641263,0.0,0.0
1982-09-23 00:00:00-04:00,0.0,0.6183653120915162,0.5994355115073856,0.6057453155517578,1239420,0.0,0.0
1982-09-24 00:00:00-04:00,0.0,0.6225718516957637,0.6015390224771245,0.6204684376716614,1508122,0.0,0.0
1982-09-27 00:00:00-04:00,0.0,0.626778242736507,0.6162620466309181,0.6204684376716614,721381,0.0,0.0
1982-09-28 00:00:00-04:00,0.0,0.6225716383716551,0.6078486192627026,0.6099520325660706,1505702,0.0,0.0
1982-09-29 00:00:00-04:00,0.0,0.6204684376716614,0.6057454135178678,0.6204684376716614,4669611,0.0,0.0
1982-09-30 00:00:00-04:00,0.0,0.6183653473854065,0.6078487639293233,0.6183653473854065,530142,0.0,0.0
1982-10-01 00:00:00-04:00,0.0,0.6141584221654949,0.6078486192627026,0.6099520325660706,629393,0.0,0.0
1982-10-04 00:00:00-04:00,0.0,0.61205511959613,0.6057453155517578,0.6057453155517578,515618,0.0,0.0
1982-10-05 00:00:00-04:00,0.0,0.61205511959613,0.6057453155517578,0.6057453155517578,1420976,0.0,0.0
1982-10-06 00:00:00-04:00,0.0,0.6204683727383461,0.6036423733287877,0.6183653473854065,665704,0.0,0.0
1982-10-07 00:00:00-04:00,0.0,0.6415011271930883,0.6162619590759277,0.6162619590759277,1004608,0.0,0.0
1982-10-08 00:00:00-04:00,0.0,0.6499145030975342,0.6225719146074314,0.6499145030975342,1844605,0.0,0.0
1982-10-11 00:00:00-04:00,0.0,0.6814638612263031,0.6667408368558518,0.6730506420135498,1636422,0.0,0.0
1982-10-12 00:00:00-04:00,0.0,0.6898770220877617,0.6730505850854717,0.6793603897094727,1198267,0.0,0.0
1982-10-13 00:00:00-04:00,0.0,0.7088065991730025,0.6772571803372257,0.7003933787345886,1793770,0.0,0.0
1982-10-14 00:00:00-04:00,0.0,0.710909806780101,0.6898770274246262,0.6919800043106079,951352,0.0,0.0
1982-10-15 00:00:00-04:00,0.0,0.7067035127913095,0.6919804794430355,0.6982902884483337,508356,0.0,0.0
1982-10-18 00:00:00-04:00,0.0,0.7172197135604307,0.6982899083959818,0.7130129337310791,551929,0.0,0.0
1982-10-19 00:00:00-04:00,0.0,0.7319431321538434,0.7193231257800328,0.7256333231925964,798845,0.0,0.0
1982-10-20 00:00:00-04:00,0.0,0.7256325441731926,0.7003929469734343,0.7151159644126892,1091755,0.0,0.0
1982-10-21 00:00:00-04:00,0.0,0.7298393869334686,0.7151164088993838,0.7193228006362915,2684603,0.0,0.0
1982-10-22 00:00:00-04:00,0.0,0.7529760389591942,0.7172202066901066,0.734046220779419,934406,0.0,0.0
1982-10-25 00:00:00-04:00,0.0,0.7298391735237941,0.7088063955307007,0.7088063955307007,1026395,0.0,0.0
1982-10-26 00:00:00-04:00,0.0,0.7067030386804273,0.696186843062583,0.7024966478347778,597923,0.0,0.0
1982-10-27 00:00:00-04:00,0.0,0.7109101476890265,0.6772573543990554,0.6814641356468201,3546387,0.0,0.0
1982-10-28 00:00:00-04:00,0.0,0.6877737664555215,0.6772571802139282,0.6772571802139282,566454,0.0,0.0
1982-10-29 00:00:00-04:00,0.0,0.673050334963035,0.6562239527702332,0.6562239527702332,735906,0.0,0.0
1982-11-01 00:00:00-05:00,0.0,0.6751542084179082,0.6520180081703794,0.6688444018363953,459941,0.0,0.0
1982-11-02 00:00:00-05:00,0.0,0.6625345067746853,0.6436050784596056,0.6478114724159241,1174060,0.0,0.0
1982-11-03 00:00:00-05:00,0.0,0.6898774226722065,0.6393985679180805,0.683567225933075,4519525,0.0,0.0
1982-11-04 00:00:00-05:00,0.0,0.7024967929681825,0.6772571802139282,0.6772571802139282,2653133,0.0,0.0
1982-11-05 00:00:00-05:00,0.0,0.6646371681448157,0.6562239527702332,0.6562239527702332,2718493,0.0,0.0
1982-11-08 00:00:00-05:00,0.0,0.6688446075173795,0.6499147935004339,0.6667411923408508,6678827,0.0,0.0
1982-11-09 00:00:00-05:00,0.0,0.7235299348831177,0.6604315030199198,0.7235299348831177,4797911,0.0,0.0
1982-11-10 00:00:00-05:00,0.0,0.7613886836869502,0.731942683790034,0.7424588799476624,2791116,0.0,0.0
1982-11-11 00:00:00-05:00,0.0,0.7403562664985657,0.7298396281689091,0.7403562664985657,1062706,0.0,0.0
1982-11-12 00:00:00-05:00,0.0,0.7487692562374403,0.7319432421481279,0.734046220779419,769796,0.0,0.0
1982-11-15 00:00:00-05:00,0.0,0.7361490964140598,0.7256328999484026,0.7277358770370483,1488756,0.0,0.0
1982-11-16 00:00:00-05:00,0.0,0.7193226768728498,0.6982898477920585,0.7067030668258667,3926444,0.0,0.0
1982-11-17 00:00:00-05:00,0.0,0.7151161323314413,0.6940833077661857,0.6961867213249207,760113,0.0,0.0
1982-11-18 00:00:00-05:00,0.0,0.7109098179771355,0.696186843062583,0.7024966478347778,1360457,0.0,0.0
1982-11-19 00:00:00-05:00,0.0,0.7024967918576027,0.6898771797259954,0.694083571434021,757692,0.0,0.0
1982-11-22 00:00:00-05:00,0.0,0.6940836281624471,0.6688444018363953,0.6688444018363953,430892,0.0,0.0
1982-11-23 00:00:00-05:00,0.0,0.6772575399687378,0.6688447035141505,0.6709477305412292,484148,0.0,0.0
1982-11-24 00:00:00-05:00,0.0,0.6730507938882151,0.6625342068037122,0.6688444018363953,324379,0.0,0.0
1982-11-26 00:00:00-05:00,0.0,0.6709477703562315,0.6499149253471624,0.6541217565536499,525301,0.0,0.0
1982-11-29 00:00:00-05:00,0.0,0.6562244894906153,0.6393984819868713,0.6436048746109009,530142,0.0,0.0
1982-11-30 00:00:00-05:00,0.0,0.6562239527702332,0.6393979590283364,0.6562239527702332,2050368,0.0,0.0
1982-12-01 00:00:00-05:00,0.0,0.6604315283004081,0.6436050784596056,0.6478114724159241,1191005,0.0,0.0
1982-12-02 00:00:00-05:00,0.0,0.6478115396360963,0.6393987508505061,0.6457085609436035,1602531,0.0,0.0
1982-12-03 00:00:00-05:00,0.0,0.6646379222567266,0.6436050784596056,0.6478114724159241,1280573,0.0,0.0
1982-12-06 00:00:00-05:00,0.0,0.6562239527702332,0.6436043482119935,0.6562239527702332,823052,0.0,0.0
1982-12-07 00:00:00-05:00,0.0,0.6709477678150275,0.6583281482589405,0.6604315638542175,927144,0.0,0.0
1982-12-08 00:00:00-05:00,0.0,0.6898770804390564,0.668844250910907,0.6730506420135498,1830081,0.0,0.0
1982-12-09 00:00:00-05:00,0.0,0.6646371681448157,0.652017563586576,0.6562239527702332,522880,0.0,0.0
1982-12-10 00:00:00-05:00,0.0,0.6562241565638818,0.6372947438478999,0.6393981575965881,1413713,0.0,0.0
1982-12-13 00:00:00-05:00,0.0,0.6541217565536499,0.6436051155452206,0.6541217565536499,680229,0.0,0.0
1982-12-14 00:00:00-05:00,0.0,0.6667412891823498,0.6393986845032871,0.6478114724159241,791583,0.0,0.0
1982-12-15 00:00:00-05:00,0.0,0.6436050353299381,0.6246756082833692,0.6288820505142212,1246682,0.0,0.0
1982-12-16 00:00:00-05:00,0.0,0.64360472901128,0.6183655049616001,0.6225719451904297,2093942,0.0,0.0
1982-12-17 00:00:00-05:00,0.0,0.6520180968665857,0.6267784786559341,0.6436048746109009,970718,0.0,0.0
1982-12-20 00:00:00-05:00,0.0,0.6520179173341891,0.6393983059292704,0.6499145030975342,1026395,0.0,0.0
1982-12-21 00:00:00-05:00,0.0,0.6520183033800068,0.6372952690212457,0.6478114724159241,752851,0.0,0.0
1982-12-22 00:00:00-05:00,0.0,0.6520183033800068,0.6436050784596056,0.6478114724159241,1036078,0.0,0.0
1982-12-23 00:00:00-05:00,0.0,0.6646377448805806,0.6478112995303597,0.6583279371261597,798845,0.0,0.0
1982-12-27 00:00:00-05:00,0.0,0.6730506420135498,0.6562242521444286,0.6730506420135498,1045761,0.0,0.0
1982-12-28 00:00:00-05:00,0.0,0.6793601372421548,0.6562239527702332,0.6562239527702332,1212792,0.0,0.0
1982-12-29 00:00:00-05:00,0.0,0.6646371681448157,0.6499141504911133,0.6562239527702332,748009,0.0,0.0
1982-12-30 00:00:00-05:00,0.0,0.666741077585203,0.6562244890767263,0.6625342965126038,796424,0.0,0.0
1982-12-31 00:00:00-05:00,0.0,0.6646376848220825,0.6520180704535838,0.6646376848220825,300172,0.0,0.0
1983-01-03 00:00:00-05:00,0.0,0.6772567727030553,0.6562239527702332,0.6562239527702332,397002,0.0,0.0
1983-01-04 00:00:00-05:00,0.0,0.6688444657269199,0.6520180704535838,0.6646376848220825,798845,0.0,0.0
1983-01-05 00:00:00-05:00,0.0,0.689877324632451,0.6604313140250352,0.6856704950332642,3807827,0.0,0.0
1983-01-06 00:00:00-05:00,0.0,0.7151163479239491,0.6898771256394945,0.7130129337310791,2382010,0.0,0.0
1983-01-07 00:00:00-05:00,0.0,0.7235294275215249,0.6982898199816873,0.7024966478347778,2043106,0.0,0.0
1983-01-10 00:00:00-05:00,0.0,0.7151164029121965,0.6982899620903747,0.7109099626541138,2275497,0.0,0.0
1983-01-11 00:00:00-05:00,0.0,0.7235299348831177,0.706703534242827,0.7235299348831177,3565753,0.0,0.0
1983-01-12 00:00:00-05:00,0.0,0.7529761016002697,0.7235300767909952,0.7445629239082336,3359990,0.0,0.0
1983-01-13 00:00:00-05:00,0.0,0.752975678826093,0.7235296705499048,0.731942892074585,2682182,0.0,0.0
1983-01-14 00:00:00-05:00,0.0,0.7403559246063037,0.7277358770370483,0.7277358770370483,2401376,0.0,0.0
1983-01-17 00:00:00-05:00,0.0,0.759285912034658,0.7361496976597717,0.7445629239082336,1396768,0.0,0.0
1983-01-18 00:00:00-05:00,0.0,0.7592854532133062,0.7403560819052164,0.7487688660621643,544667,0.0,0.0
1983-01-19 00:00:00-05:00,0.0,0.7676986743778232,0.7466658885267119,0.7487688660621643,1040919,0.0,0.0
1983-01-20 00:00:00-05:00,0.0,0.7655956587781276,0.7277364108699521,0.734046220779419,2103625,0.0,0.0
1983-01-21 00:00:00-05:00,0.0,0.7319428013056892,0.7109099686060835,0.7193228006362915,1370140,0.0,0.0
1983-01-24 00:00:00-05:00,0.0,0.7151161997948017,0.7003931775094308,0.7088063955307007,1033657,0.0,0.0
1983-01-25 00:00:00-05:00,0.0,0.7193228006362915,0.7067031884180347,0.7193228006362915,781900,0.0,0.0
1983-01-26 00:00:00-05:00,0.0,0.7319427052292922,0.719322706216423,0.7277358770370483,152507,0.0,0.0
1983-01-27 00:00:00-05:00,0.0,0.731942892074585,0.7067032760569429,0.731942892074585,329221,0.0,0.0
1983-01-28 00:00:00-05:00,0.0,0.7319426753709071,0.7046000412666242,0.7067030668258667,590661,0.0,0.0
1983-01-31 00:00:00-05:00,0.0,0.7193227946138869,0.6982899620903747,0.7109099626541138,939248,0.0,0.0
1983-02-01 00:00:00-05:00,0.0,0.7151164029121965,0.7067031825012856,0.7109099626541138,358270,0.0,0.0
1983-02-02 00:00:00-05:00,0.0,0.7193223535350783,0.7109095267339377,0.7151159644126892,445417,0.0,0.0
1983-02-03 00:00:00-05:00,0.0,0.7172197135604307,0.710909907989317,0.7130129337310791,2222241,0.0,0.0
1983-02-04 00:00:00-05:00,0.0,0.7193228006362915,0.7109099686060835,0.7193228006362915,610027,0.0,0.0
1983-02-07 00:00:00-05:00,0.0,0.7382528453250331,0.7151166393536987,0.7361494302749634,1670312,0.0,0.0
1983-02-08 00:00:00-05:00,0.0,0.7592854532133062,0.7361492528191733,0.7487688660621643,1534750,0.0,0.0
1983-02-09 00:00:00-05:00,0.0,0.765595018863678,0.755078435022632,0.765595018863678,2539358,0.0,0.0
1983-02-10 00:00:00-05:00,0.0,0.7655952348908733,0.7571820625568633,0.7634918689727783,869046,0.0,0.0
1983-02-11 00:00:00-05:00,0.0,0.7745877504348755,0.7703201774390709,0.7745877504348755,861784,0.026851,0.0
1983-02-14 00:00:00-05:00,0.0,0.7809892084527194,0.7703201774390709,0.7745877504348755,764954,0.0,0.0
1983-02-15 00:00:00-05:00,0.0,0.7916588065406094,0.7788557899800069,0.7831233143806458,2074576,0.0,0.0
1983-02-16 00:00:00-05:00,0.0,0.7852574481347534,0.7767219543457031,0.7767219543457031,336483,0.0,0.0
1983-02-17 00:00:00-05:00,0.0,0.7745877500720527,0.7681862427951387,0.7703201770782471,479307,0.0,0.0
1983-02-18 00:00:00-05:00,0.0,0.7831234638477982,0.7724544291305633,0.7767219543457031,767375,0.0,0.0
1983-02-22 00:00:00-05:00,0.0,0.7809891678188139,0.7340446850177825,0.7425801753997803,1043340,0.0,0.0
1983-02-23 00:00:00-05:00,0.0,0.7831233143806458,0.746847854481891,0.7831233143806458,1999533,0.0,0.0
1983-02-24 00:00:00-05:00,0.0,0.8023274028129025,0.7852568711368079,0.79805988073349,1154694,0.0,0.0
1983-02-25 00:00:00-05:00,0.0,0.8193989511794992,0.8044619967765704,0.815131425857544,1389506,0.0,0.0
1983-02-28 00:00:00-05:00,0.0,0.8193983285853925,0.79805988073349,0.79805988073349,1629159,0.0,0.0
1983-03-01 00:00:00-05:00,0.0,0.8065962521084447,0.7980607552380885,0.8001947402954102,295331,0.0,0.0
1983-03-02 00:00:00-05:00,0.0,0.8065956830978394,0.8001941758007298,0.8065956830978394,493831,0.0,0.0
1983-03-03 00:00:00-05:00,0.0,0.8236665725708008,0.8023276741440651,0.8236665725708008,1186164,0.0,0.0
1983-03-04 00:00:00-05:00,0.0,0.8193984690449576,0.7937924947243203,0.795926034450531,617289,0.0,0.0
1983-03-07 00:00:00-05:00,0.0,0.7937928924524401,0.7724543809890747,0.7724543809890747,3648058,0.0,0.0
1983-03-08 00:00:00-05:00,0.0,0.776721684355161,0.7681862427951387,0.7703201770782471,1796191,0.0,0.0
1983-03-09 00:00:00-05:00,0.0,0.7852573990821838,0.7703203967241063,0.7852573990821838,1065126,0.0,0.0
1983-03-10 00:00:00-05:00,0.0,0.7980600175352626,0.780989039574452,0.795926034450531,452679,0.0,0.0
1983-03-11 00:00:00-05:00,0.0,0.7895249733498932,0.7703204448436081,0.7767219543457031,309855,0.0,0.0
1983-03-14 00:00:00-05:00,0.0,0.7767219059382506,0.766052477789279,0.7724543809890747,1755038,0.0,0.0
1983-03-15 00:00:00-05:00,0.0,0.7788559386326583,0.7724544291305633,0.7767219543457031,106513,0.0,0.0
1983-03-16 00:00:00-05:00,0.0,0.7724539333136609,0.7575169888722143,0.7596505284309387,580978,0.0,0.0
1983-03-17 00:00:00-05:00,0.0,0.776721684355161,0.7639186698013332,0.7703201770782471,418788,0.0,0.0
1983-03-18 00:00:00-05:00,0.0,0.7788558363267792,0.7639188349976698,0.7660524249076843,486569,0.0,0.0
1983-03-21 00:00:00-05:00,0.0,0.7681863309220445,0.7596508391207558,0.7639187574386597,738326,0.0,0.0
1983-03-22 00:00:00-05:00,0.0,0.7639189963291518,0.7553835511207581,0.7553835511207581,488990,0.0,0.0
1983-03-23 00:00:00-05:00,0.0,0.7809892296791077,0.7596507729753077,0.7809892296791077,994925,0.0,0.0
1983-03-24 00:00:00-05:00,0.0,0.7895246148109436,0.778855584938729,0.7895246148109436,290489,0.0,0.0
1983-03-25 00:00:00-05:00,0.0,0.7937929419238037,0.7724544291305633,0.7767219543457031,222708,0.0,0.0
1983-03-28 00:00:00-05:00,0.0,0.7895246148109436,0.783123108215901,0.7895246148109436,801266,0.0,0.0
1983-03-29 00:00:00-05:00,0.0,0.8023279923540834,0.7724544291305633,0.7767219543457031,394581,0.0,0.0
1983-03-30 00:00:00-05:00,0.0,0.7895246148109436,0.7767216016208583,0.7895246148109436,498673,0.0,0.0
1983-03-31 00:00:00-05:00,0.0,0.798060417401616,0.7703203968351153,0.7724543809890747,360691,0.0,0.0
1983-04-04 00:00:00-05:00,0.0,0.7681860592754257,0.7553830477802383,0.761784553527832,319538,0.0,0.0
1983-04-05 00:00:00-05:00,0.0,0.7596510666367448,0.7468480467796326,0.7468480467796326,450258,0.0,0.0
1983-04-06 00:00:00-05:00,0.0,0.7511158645507658,0.7276433706283569,0.7276433706283569,832735,0.0,0.0
1983-04-07 00:00:00-05:00,0.0,0.7297766746426247,0.7169736623764038,0.7169736623764038,675387,0.0,0.0
1983-04-08 00:00:00-05:00,0.0,0.7233753306081088,0.7169738230405073,0.7191078066825867,452679,0.0,0.0
1983-04-11 00:00:00-05:00,0.0,0.7319108952693809,0.7212418619874656,0.7276433706283569,416368,0.0,0.0
1983-04-12 00:00:00-05:00,0.0,0.7361789533428456,0.72977704982203,0.7340449690818787,341325,0.0,0.0
1983-04-13 00:00:00-05:00,0.0,0.7489818334579468,0.7319108492497838,0.7489818334579468,893254,0.0,0.0
1983-04-14 00:00:00-05:00,0.0,0.755383263275211,0.746847772057253,0.7511157393455505,351008,0.0,0.0
1983-04-15 00:00:00-05:00,0.0,0.751115665781778,0.7361786684529303,0.7425801753997803,375215,0.0,0.0
1983-04-18 00:00:00-05:00,0.0,0.7425805039579998,0.7340450097994328,0.736178994178772,183976,0.0,0.0
1983-04-19 00:00:00-05:00,0.0,0.742580462766981,0.7340449690818787,0.7340449690818787,762534,0.0,0.0
1983-04-20 00:00:00-05:00,0.0,0.7425801753997803,0.7255092438978507,0.7425801753997803,573716,0.0,0.0
1983-04-21 00:00:00-05:00,0.0,0.7383121480688712,0.7233752012252808,0.7233752012252808,1370140,0.0,0.0
1983-04-22 00:00:00-05:00,0.0,0.7425805039579998,0.7233755805236142,0.736178994178772,542246,0.0,0.0
1983-04-25 00:00:00-04:00,0.0,0.7511160156378701,0.7361790113516392,0.7468480467796326,723802,0.0,0.0
1983-04-26 00:00:00-04:00,0.0,0.7681860327720642,0.7468475332301194,0.7681860327720642,813369,0.0,0.0
1983-04-27 00:00:00-04:00,0.0,0.7852573991953454,0.7703203968351153,0.7724543809890747,447837,0.0,0.0
1983-04-28 00:00:00-04:00,0.0,0.7745875382987981,0.7639184609450184,0.7681860327720642,585820,0.0,0.0
1983-04-29 00:00:00-04:00,0.0,0.8001947402954102,0.7724547079859505,0.8001947402954102,1791349,0.0,0.0
1983-05-02 00:00:00-04:00,0.0,0.7852573990821838,0.7724543808777582,0.7852573990821838,1600110,0.0,0.0
1983-05-03 00:00:00-04:00,0.0,0.7852573990821838,0.7767219058263192,0.7852573990821838,486569,0.0,0.0
1983-05-04 00:00:00-04:00,0.0,0.7895249240307448,0.783123414928532,0.7852573990821838,2120570,0.0,0.0
1983-05-05 00:00:00-04:00,0.0,0.8023277124575102,0.7916586814622273,0.7937926650047302,3081605,0.0,0.0
1983-05-06 00:00:00-04:00,0.0,0.8151313543124515,0.7980604170674916,0.8108634352684021,3681949,0.0,0.0
1983-05-09 00:00:00-04:00,0.0,0.8129971411328804,0.8044616995459303,0.8065956830978394,1123224,0.0,0.0
1983-05-10 00:00:00-04:00,0.0,0.8065957793310072,0.7937927632092884,0.8023278117179871,6623150,0.0,0.0
1983-05-11 00:00:00-04:00,0.0,0.8087297138754428,0.8001942712701478,0.8023278117179871,428471,0.0,0.0
1983-05-12 00:00:00-04:00,0.0,0.8023277124575102,0.7895246979197243,0.7937926650047302,411526,0.0,0.0
1983-05-13 00:00:00-04:00,0.0,0.8023278117179871,0.7873912551484289,0.8023278117179871,430892,0.0,0.0
1983-05-16 00:00:00-04:00,0.0,0.8135787844657898,0.80276014124333,0.8135787844657898,430892,0.026851,0.0
1983-05-17 00:00:00-04:00,0.0,0.8243978273112279,0.809251417091976,0.8135787844657898,706857,0.0,0.0
1983-05-18 00:00:00-04:00,0.0,0.8243978273112279,0.8135787844657898,0.8135787844657898,1604952,0.0,0.0
1983-05-19 00:00:00-04:00,0.0,0.8222345245648904,0.8092519640922546,0.8092519640922546,1609793,0.0,0.0
1983-05-20 00:00:00-04:00,0.0,0.8179066014154542,0.8049240497181622,0.8135787844657898,610027,0.0,0.0
1983-05-23 00:00:00-04:00,0.0,0.815742692940622,0.80276014124333,0.8135787844657898,789162,0.0,0.0
1983-05-24 00:00:00-04:00,0.0,0.8243984580039978,0.8092520361972197,0.8243984580039978,917461,0.0,0.0
1983-05-25 00:00:00-04:00,0.0,0.8352175590792874,0.8222345978266116,0.8243984580039978,4245981,0.0,0.0
1983-05-26 00:00:00-04:00,0.0,0.8287256713572095,0.8222343921661377,0.8222343921661377,474465,0.0,0.0
1983-05-27 00:00:00-04:00,0.0,0.8265621613913423,0.8179070225641172,0.8222343921661377,312276,0.0,0.0
1983-05-31 00:00:00-04:00,0.0,0.8308895309933628,0.8135792033860145,0.8222343921661377,404264,0.0,0.0
1983-06-01 00:00:00-04:00,0.0,0.8222345242629181,0.8005967736244202,0.8005967736244202,493831,0.0,0.0
1983-06-02 00:00:00-04:00,0.0,0.8114155007046159,0.7984329462051392,0.7984329462051392,498673,0.0,0.0
1983-06-03 00:00:00-04:00,0.0,0.8092519640922546,0.800596773918446,0.8092519640922546,445417,0.0,0.0
1983-06-06 00:00:00-04:00,0.0,0.8092519637950503,0.7984333132638785,0.8005967736244202,130720,0.0,0.0
1983-06-07 00:00:00-04:00,0.0,0.8049244866212,0.7941053879504169,0.7962692975997925,1174060,0.0,0.0
1983-06-08 00:00:00-04:00,0.0,0.8092520375733189,0.7941055657878743,0.8049246668815613,1425817,0.0,0.0
1983-06-09 00:00:00-04:00,0.0,0.8114159477072953,0.8049246668815613,0.8049246668815613,421209,0.0,0.0
1983-06-10 00:00:00-04:00,0.0,0.8308896748300787,0.8049246035238321,0.8287258148193359,413947,0.0,0.0
1983-06-13 00:00:00-04:00,0.0,0.8698375225067139,0.8568549653671922,0.8698375225067139,1914807,0.0,0.0
1983-06-14 00:00:00-04:00,0.0,0.9001304555496238,0.8698375225067139,0.8698375225067139,1374981,0.0,0.0
1983-06-15 00:00:00-04:00,0.0,0.8979666233062744,0.8698376456170259,0.8979666233062744,1193426,0.0,0.0
1983-06-16 00:00:00-04:00,0.0,0.9217685461044312,0.8958030210636576,0.9217685461044312,1149852,0.0,0.0
1983-06-17 00:00:00-04:00,0.0,0.9304238559439401,0.9131135693926701,0.9174408912658691,895675,0.0,0.0
1983-06-20 00:00:00-04:00,0.0,0.9217688171598103,0.900131106376648,0.900131106376648,413947,0.0,0.0
1983-06-21 00:00:00-04:00,0.0,0.9001299589730477,0.8828195926193054,0.8871470093727112,624551,0.0,0.0
1983-06-22 00:00:00-04:00,0.0,0.900130263179885,0.8828198909759521,0.8828198909759521,309855,0.0,0.0
1983-06-23 00:00:00-04:00,0.0,0.891475027125036,0.8676734776443792,0.8828198909759521,309855,0.0,0.0
1983-06-24 00:00:00-04:00,0.0,0.8871479926095882,0.8741654282434436,0.8784932494163513,469624,0.0,0.0
1983-06-27 00:00:00-04:00,0.0,0.8806562202171955,0.8676736630776738,0.8698375225067139,234812,0.0,0.0
1983-06-28 00:00:00-04:00,0.0,0.869837601057309,0.8438720848103065,0.8481999039649963,689911,0.0,0.0
1983-06-29 00:00:00-04:00,0.0,0.869837469510351,0.8568549131618142,0.8611823320388794,358270,0.0,0.0
1983-06-30 00:00:00-04:00,0.0,0.9174403171740906,0.8611823706624011,0.913112998008728,4877795,0.0,0.0
1983-07-01 00:00:00-04:00,0.0,0.9434066560522167,0.9217689423307762,0.9347515106201172,610027,0.0,0.0
1983-07-05 00:00:00-04:00,0.0,0.9304233239185006,0.9260956048965454,0.9260956048965454,559191,0.0,0.0
1983-07-06 00:00:00-04:00,0.0,0.9390785098075867,0.926095947375391,0.9390785098075867,309855,0.0,0.0
1983-07-07 00:00:00-04:00,0.0,0.9477336513348776,0.9390785098075867,0.9390785098075867,595503,0.0,0.0
1983-07-08 00:00:00-04:00,0.0,0.9434066560522167,0.9347515106201172,0.9347515106201172,229970,0.0,0.0
1983-07-11 00:00:00-04:00,0.0,0.9866815805435181,0.9542247800276176,0.9866815805435181,1503281,0.0,0.0
1983-07-12 00:00:00-04:00,0.0,0.999664596257519,0.96071649782185,0.9650443196296692,1929331,0.0,0.0
1983-07-13 00:00:00-04:00,0.0,0.9607156749312769,0.9390779831077043,0.9520609378814697,1861551,0.0,0.0
1983-07-14 00:00:00-04:00,0.0,0.9542244672775269,0.9455697295935367,0.9542244672775269,823052,0.0,0.0
1983-07-15 00:00:00-04:00,0.0,0.9520609118353153,0.9434056754934395,0.945569634437561,614868,0.0,0.0
1983-07-18 00:00:00-04:00,0.0,0.9477338790893555,0.9412425963133063,0.9477338790893555,677808,0.0,0.0
1983-07-19 00:00:00-04:00,0.0,0.9520617006576084,0.9434064571445072,0.9477338790893555,1026395,0.0,0.0
1983-07-20 00:00:00-04:00,0.0,0.9628797769546509,0.9498972185285885,0.9628797769546509,1241841,0.0,0.0
1983-07-21 00:00:00-04:00,0.0,0.9715356027650429,0.96071649782185,0.9650443196296692,1113541,0.0,0.0
1983-07-22 00:00:00-04:00,0.0,0.9650444939265618,0.9563892483711243,0.9563892483711243,346166,0.0,0.0
1983-07-25 00:00:00-04:00,0.0,0.9650437365039207,0.9520611780778583,0.9628797769546509,501094,0.0,0.0
1983-07-26 00:00:00-04:00,0.0,0.9650435293806725,0.9542244332969553,0.9607157111167908,794003,0.0,0.0
1983-07-27 00:00:00-04:00,0.0,0.9585518670578287,0.9498966336250305,0.9498966336250305,392160,0.0,0.0
1983-07-28 00:00:00-04:00,0.0,0.9498975116460708,0.9369149492138752,0.9390785098075867,643917,0.0,0.0
1983-07-29 00:00:00-04:00,0.0,0.9390786995020328,0.9174408912658691,0.9174408912658691,1094175,0.0,0.0
1983-08-01 00:00:00-04:00,0.0,0.913113235621271,0.8936393951575458,0.8958028554916382,2333595,0.0,0.0
1983-08-02 00:00:00-04:00,0.0,0.9087862506334281,0.8936398231134568,0.900131106376648,469624,0.0,0.0
1983-08-03 00:00:00-04:00,0.0,0.9260956048965454,0.8958026707065521,0.9260956048965454,358270,0.0,0.0
1983-08-04 00:00:00-04:00,0.0,0.9390782782245088,0.9087857399255584,0.9304234385490417,3362411,0.0,0.0
1983-08-05 00:00:00-04:00,0.0,0.9325868334049233,0.9087855789375806,0.913112998008728,1483915,0.0,0.0
1983-08-08 00:00:00-04:00,0.0,0.9131128175448632,0.8828198909759521,0.8828198909759521,561612,0.0,0.0
1983-08-09 00:00:00-04:00,0.0,0.8979666233062744,0.8828202045940019,0.8979666233062744,196080,0.0,0.0
1983-08-10 00:00:00-04:00,0.0,0.9174408912658691,0.8914757611565064,0.9174408912658691,1701782,0.0,0.0
1983-08-11 00:00:00-04:00,0.0,0.9217684134746947,0.9044580326362939,0.9066219925880432,450258,0.0,0.0
1983-08-12 00:00:00-04:00,0.0,0.9044584287403913,0.900131106376648,0.900131106376648,159769,0.0,0.0
1983-08-15 00:00:00-04:00,0.0,0.934750743223085,0.9044578090330916,0.9260956048965454,442996,0.0,0.0
1983-08-16 00:00:00-04:00,0.0,0.95062738409905,0.9352945881146424,0.9440562725067139,312276,0.026851,0.0
1983-08-17 00:00:00-04:00,0.0,0.9506278609202926,0.9418665766716003,0.9418665766716003,784320,0.0,0.0
1983-08-18 00:00:00-04:00,0.0,0.9506285411669603,0.9243440628051758,0.9243440628051758,261440,0.0,0.0
1983-08-19 00:00:00-04:00,0.0,0.9221528940013357,0.9112012373330503,0.9177723526954651,278385,0.0,0.0
1983-08-22 00:00:00-04:00,0.0,0.9243435155377042,0.9024395942687988,0.9024395942687988,1706623,0.0,0.0
1983-08-23 00:00:00-04:00,0.0,0.9024398578743528,0.8849166752868344,0.8892977237701416,334062,0.0,0.0
1983-08-24 00:00:00-04:00,0.0,0.8936782665805936,0.8805360313418115,0.8892977237701416,1253944,0.0,0.0
1983-08-25 00:00:00-04:00,0.0,0.8871068530328098,0.8717741492344688,0.8827263116836548,1815556,0.0,0.0
1983-08-26 00:00:00-04:00,0.0,0.8936778326112865,0.8805356037543612,0.8914873600006104,1500860,0.0,0.0
1983-08-29 00:00:00-04:00,0.0,0.8871064767913915,0.880535364151001,0.880535364151001,145245,0.0,0.0
1983-08-30 00:00:00-04:00,0.0,0.8849160047767669,0.8761543189872573,0.880535364151001,186397,0.0,0.0
1983-08-31 00:00:00-04:00,0.0,0.8871065383228866,0.8761543797590885,0.8783449530601501,687491,0.0,0.0
1983-09-01 00:00:00-04:00,0.0,0.8827259201859005,0.8695831894874573,0.8695831894874573,292910,0.0,0.0
1983-09-02 00:00:00-04:00,0.0,0.8739642345662616,0.8673931220532711,0.8695831894874573,334062,0.0,0.0
1983-09-06 00:00:00-04:00,0.0,0.8739646690366502,0.8673935532569885,0.8673935532569885,399422,0.0,0.0
1983-09-07 00:00:00-04:00,0.0,0.8936776518821716,0.8739643125834272,0.8936776518821716,459941,0.0,0.0
1983-09-08 00:00:00-04:00,0.0,0.9155820608139037,0.889297692398151,0.9155820608139038,302593,0.0,0.0
1983-09-09 00:00:00-04:00,0.0,0.9155816458362094,0.9046299907564328,0.9068200588226318,348587,0.0,0.0
1983-09-12 00:00:00-04:00,0.0,0.9177723998377575,0.9024395942687988,0.9024395942687988,948931,0.0,0.0
1983-09-13 00:00:00-04:00,0.0,0.9046301700905548,0.8914875341284847,0.8958684802055359,397002,0.0,0.0
1983-09-14 00:00:00-04:00,0.0,0.8958684414038063,0.8783452646618133,0.8827263116836548,1016712,0.0,0.0
1983-09-15 00:00:00-04:00,0.0,0.8827263590119512,0.8673935532569885,0.8673935532569885,2152040,0.0,0.0
1983-09-16 00:00:00-04:00,0.0,0.8739642345662616,0.8586315375681248,0.8695831894874573,893254,0.0,0.0
1983-09-19 00:00:00-04:00,0.0,0.8761541990746935,0.8695830873336409,0.8717736601829529,1256365,0.0,0.0
1983-09-20 00:00:00-04:00,0.0,0.8849160047767669,0.8717737794959857,0.880535364151001,757692,0.0,0.0
1983-09-21 00:00:00-04:00,0.0,0.8914877929062255,0.8805360313418115,0.8892977237701416,1154694,0.0,0.0
1983-09-22 00:00:00-04:00,0.0,0.8936782665805936,0.8827266061507505,0.8892977237701416,682649,0.0,0.0
1983-09-23 00:00:00-04:00,0.0,0.946247398853302,0.9024396545249759,0.946247398853302,7298537,0.0,0.0
1983-09-26 00:00:00-04:00,0.0,0.9725321731752028,0.9462477002483679,0.9637709856033325,4708343,0.0,0.0
1983-09-27 00:00:00-04:00,0.0,0.9659607472694086,0.9418667558953822,0.946247398853302,1774404,0.0,0.0
1983-09-28 00:00:00-04:00,0.0,0.9593893308116245,0.9374855160713196,0.9374855160713196,864205,0.0,0.0
1983-09-29 00:00:00-04:00,0.0,0.9418659813090055,0.9331043991950069,0.939675509929657,1077230,0.0,0.0
1983-09-30 00:00:00-04:00,0.0,0.939675509929657,0.9331043991950069,0.939675509929657,217867,0.0,0.0
1983-10-03 00:00:00-04:00,0.0,0.9396766355009933,0.9243439242863882,0.928724467754364,1362878,0.0,0.0
1983-10-04 00:00:00-04:00,0.0,0.933105516895271,0.9243439242863882,0.928724467754364,225129,0.0,0.0
1983-10-05 00:00:00-04:00,0.0,0.9681507349014282,0.9287236533045655,0.9681507349014282,2687024,0.0,0.0
1983-10-06 00:00:00-04:00,0.0,0.9812933218548883,0.9637705500910818,0.9747222065925598,2481261,0.0,0.0
1983-10-07 00:00:00-04:00,0.0,0.9856743076915393,0.972531673443098,0.981293261051178,2026161,0.0,0.0
1983-10-10 00:00:00-04:00,0.0,0.9856739025096528,0.9769123185032053,0.9791027903556824,215446,0.0,0.0
1983-10-11 00:00:00-04:00,0.0,0.9834835338044293,0.9681507349014282,0.9681507349014282,878729,0.0,0.0
1983-10-12 00:00:00-04:00,0.0,0.9681505506142363,0.9440562725067139,0.9440562725067139,1222475,0.0,0.0
1983-10-13 00:00:00-04:00,0.0,0.9550088064482258,0.9287239423568588,0.9418665766716003,225129,0.0,0.0
1983-10-14 00:00:00-04:00,0.0,0.9462473426185024,0.9331051111221313,0.9331051111221313,259019,0.0,0.0
1983-10-17 00:00:00-04:00,0.0,0.9484375715255737,0.9331048709254895,0.9484375715255737,300172,0.0,0.0
1983-10-18 00:00:00-04:00,0.0,0.9528184583666879,0.9331051111221313,0.9331051111221313,198501,0.0,0.0
1983-10-19 00:00:00-04:00,0.0,0.9309148703207255,0.9155820608139037,0.9155820608139038,786741,0.0,0.0
1983-10-20 00:00:00-04:00,0.0,0.9243438270986095,0.8936783067590611,0.8980589509010315,607606,0.0,0.0
1983-10-21 00:00:00-04:00,0.0,0.8980582760379101,0.8104428801070955,0.8148239254951477,9160088,0.0,0.0
1983-10-24 00:00:00-04:00,0.0,0.8192045681969524,0.7973007051708589,0.8126334547996521,890833,0.0,0.0
1983-10-25 00:00:00-04:00,0.0,0.8367277321827193,0.8104428758746699,0.8323467373847961,1362878,0.0,0.0
1983-10-26 00:00:00-04:00,0.0,0.8411086814554416,0.8279665005281504,0.8345375657081604,1682416,0.0,0.0
1983-10-27 00:00:00-04:00,0.0,0.8498703713875676,0.8279665005281504,0.8345375657081604,1457287,0.0,0.0
1983-10-28 00:00:00-04:00,0.0,0.836727736552414,0.8148239254951477,0.8148239254951477,556771,0.0,0.0
1983-10-31 00:00:00-05:00,0.0,0.8257754255486567,0.7973004579544067,0.7973004579544067,1493598,0.0,0.0
1983-11-01 00:00:00-05:00,0.0,0.8016810471592389,0.7907293465945903,0.7973004579544067,760113,0.0,0.0
1983-11-02 00:00:00-05:00,0.0,0.7973004579544067,0.7885388750068435,0.7973004579544067,1878496,0.0,0.0
1983-11-03 00:00:00-05:00,0.0,0.7994915215276934,0.7819682931985413,0.7841587662696838,3766675,0.0,0.0
1983-11-04 00:00:00-05:00,0.0,0.7973004579544067,0.7753966522872106,0.7973004579544067,2064893,0.0,0.0
1983-11-07 00:00:00-05:00,0.0,0.8060628175735474,0.797301176166228,0.8060628175735474,2561145,0.0,0.0
1983-11-08 00:00:00-05:00,0.0,0.8235852792763299,0.8016814130450161,0.8192046880722046,1207950,0.0,0.0
1983-11-09 00:00:00-05:00,0.0,0.8542506258062298,0.8235851764569682,0.8498700857162476,384898,0.0,0.0
1983-11-10 00:00:00-05:00,0.0,0.8630123138427734,0.8454895446010305,0.8630123138427734,658442,0.0,0.0
1983-11-11 00:00:00-05:00,0.0,0.863012392373404,0.8542508046862232,0.8564413785934448,346166,0.0,0.0
1983-11-14 00:00:00-05:00,0.0,0.8520606691522543,0.8367279171943665,0.8367279171943665,520460,0.0,0.0
1983-11-15 00:00:00-05:00,0.0,0.8571575284004211,0.8460542250318563,0.8571575284004211,1604952,0.026851,0.0
1983-11-16 00:00:00-05:00,0.0,0.8793639663710571,0.8593781560342646,0.8771432638168335,861784,0.0,0.0
1983-11-17 00:00:00-05:00,0.0,0.8793641272595897,0.8615991187569774,0.86826092004776,643917,0.0,0.0
1983-11-18 00:00:00-05:00,0.0,0.86826092004776,0.8571580204267184,0.86826092004776,685070,0.0,0.0
1983-11-21 00:00:00-05:00,0.0,0.8793636560440063,0.870481156552474,0.8793636560440063,261440,0.0,0.0
1983-11-22 00:00:00-05:00,0.0,0.8882458209991455,0.8793637308726314,0.8882458209991455,288068,0.0,0.0
1983-11-23 00:00:00-05:00,0.0,0.8882457801130584,0.8838047865193291,0.8860254883766174,682649,0.0,0.0
1983-11-25 00:00:00-05:00,0.0,0.8949078553568197,0.8793634590955197,0.8815837502479553,200922,0.0,0.0
1983-11-28 00:00:00-05:00,0.0,0.8838048577308655,0.8771430592128697,0.8838048577308655,275965,0.0,0.0
1983-11-29 00:00:00-05:00,0.0,0.8860255597670841,0.8727015526102123,0.8838048577308655,312276,0.0,0.0
1983-11-30 00:00:00-05:00,0.0,0.883804554051315,0.8793634590955197,0.8815837502479553,239653,0.0,0.0
1983-12-01 00:00:00-05:00,0.0,0.8860256122682151,0.8704813122749329,0.8704813122749329,1440341,0.0,0.0
1983-12-02 00:00:00-05:00,0.0,0.8704810440639352,0.8393924023912321,0.8438334465026855,476886,0.0,0.0
1983-12-05 00:00:00-05:00,0.0,0.8571572553826295,0.8482747077941895,0.8482747077941895,404264,0.0,0.0
1983-12-06 00:00:00-05:00,0.0,0.8571577143696963,0.846054408592154,0.8527162075042725,406685,0.0,0.0
1983-12-07 00:00:00-05:00,0.0,0.866040050983429,0.846054648578153,0.866040050983429,554350,0.0,0.0
1983-12-08 00:00:00-05:00,0.0,0.8793636560440063,0.8660396504811885,0.8793636560440063,1525067,0.0,0.0
1983-12-09 00:00:00-05:00,0.0,0.8838048577308655,0.8749222546464309,0.8838048577308655,246916,0.0,0.0
1983-12-12 00:00:00-05:00,0.0,0.8971284547668571,0.8749222546464309,0.8838048577308655,1178901,0.0,0.0
1983-12-13 00:00:00-05:00,0.0,0.8793633629013748,0.8704808663708921,0.8749218583106995,1425817,0.0,0.0
1983-12-14 00:00:00-05:00,0.0,0.8971284547668571,0.8838048577308655,0.8838048577308655,873888,0.0,0.0
1983-12-15 00:00:00-05:00,0.0,0.8838048577308655,0.8771430592128697,0.8838048577308655,573716,0.0,0.0
1983-12-16 00:00:00-05:00,0.0,0.8926874399185181,0.883804938552027,0.8926874399185181,651180,0.0,0.0
1983-12-19 00:00:00-05:00,0.0,0.903790561605279,0.8971287608146667,0.8971287608146667,312276,0.0,0.0
1983-12-20 00:00:00-05:00,0.0,0.903790561605279,0.8971287608146667,0.8971287608146667,934406,0.0,0.0
1983-12-21 00:00:00-05:00,0.0,0.9148932695388794,0.8971282720486493,0.9148932695388794,1583165,0.0,0.0
1983-12-22 00:00:00-05:00,0.0,0.9193344966118198,0.9104519965962092,0.9126726984977722,278385,0.0,0.0
1983-12-23 00:00:00-05:00,0.0,0.9237757378660012,0.9193342328071594,0.9193342328071594,128299,0.0,0.0
1983-12-27 00:00:00-05:00,0.0,0.9326589520657994,0.9193349393009118,0.9237764477729797,225129,0.0,0.0
1983-12-28 00:00:00-05:00,0.0,0.9282174435937315,0.9104524350080923,0.9237764477729797,380056,0.0,0.0
1983-12-29 00:00:00-05:00,0.0,0.9415408372879027,0.9282172376008827,0.9415408372879028,692332,0.0,0.0
1983-12-30 00:00:00-05:00,0.0,0.941540534775214,0.923775945960683,0.9304377436637878,1186164,0.0,0.0
1984-01-03 00:00:00-05:00,0.0,0.930437534068434,0.9193342328071594,0.9193342328071594,864205,0.0,0.0
1984-01-04 00:00:00-05:00,0.0,0.9326585001285989,0.9193344938201089,0.9282169938087463,2832268,0.0,0.0
1984-01-05 00:00:00-05:00,0.0,0.9415405899963821,0.9282169938087463,0.9282169938087463,675387,0.0,0.0
1984-01-06 00:00:00-05:00,0.0,0.9237764477729797,0.9148938409498969,0.9237764477729797,3263160,0.0,0.0
1984-01-09 00:00:00-05:00,0.0,0.9282174435937315,0.9193349393009118,0.9237764477729797,689911,0.0,0.0
1984-01-10 00:00:00-05:00,0.0,0.9415405579451795,0.9348787600781375,0.9393202662467957,1256365,0.0,0.0
1984-01-11 00:00:00-05:00,0.0,0.9459823447742975,0.9370998424527103,0.9415408372879028,726223,0.0,0.0
1984-01-12 00:00:00-05:00,0.0,0.9459823447742975,0.9370998424527103,0.9415408372879028,188818,0.0,0.0
1984-01-13 00:00:00-05:00,0.0,0.968188191980677,0.9437613939224975,0.9615263938903809,3091288,0.0,0.0
1984-01-16 00:00:00-05:00,0.0,0.9704093544144397,0.9593060459103322,0.9637471437454224,372794,0.0,0.0
1984-01-17 00:00:00-05:00,0.0,0.9792911002150584,0.9637468019194328,0.9770708084106445,503514,0.0,0.0
1984-01-18 00:00:00-05:00,0.0,0.9903945998305514,0.9770710008362331,0.9859530925750732,936827,0.0,0.0
1984-01-19 00:00:00-05:00,0.0,0.9859528984002345,0.9770708084106445,0.9770708084106445,1757459,0.0,0.0
1984-01-20 00:00:00-05:00,0.0,0.9770713141532325,0.9704095125198364,0.9704095125198364,2176247,0.0,0.0
1984-01-23 00:00:00-05:00,0.0,0.9681880233179986,0.9415404254780907,0.9437612295150757,745589,0.0,0.0
1984-01-24 00:00:00-05:00,0.0,0.9459819310218651,0.9348786285483093,0.9437612295150757,1762300,0.0,0.0
1984-01-25 00:00:00-05:00,0.0,0.9504231810569763,0.9437613830434727,0.9504231810569763,1055444,0.0,0.0
1984-01-26 00:00:00-05:00,0.0,0.9504234421397304,0.9282172376008827,0.9415408372879028,1767142,0.0,0.0
1984-01-27 00:00:00-05:00,0.0,0.9415400241853752,0.9326579396552102,0.9348782300949097,607606,0.0,0.0
1984-01-30 00:00:00-05:00,0.0,0.9437615686755957,0.9326586723327637,0.9326586723327637,643917,0.0,0.0
1984-01-31 00:00:00-05:00,0.0,0.9437616422962204,0.9326587450872774,0.9415408372879028,653600,0.0,0.0
1984-02-01 00:00:00-05:00,0.0,0.9504233679994344,0.9326586723327637,0.9326586723327637,2611981,0.0,0.0
1984-02-02 00:00:00-05:00,0.0,0.9326584454283635,0.9282169393690045,0.9304377436637878,997346,0.0,0.0
1984-02-03 00:00:00-05:00,0.0,0.9326582353327627,0.9193342328071594,0.9193342328071594,4296817,0.0,0.0
1984-02-06 00:00:00-05:00,0.0,0.9148931231793626,0.8882455286767524,0.8904663324356079,532563,0.0,0.0
1984-02-07 00:00:00-05:00,0.0,0.8904668720507176,0.8615989689464699,0.8727017641067505,1515384,0.0,0.0
1984-02-08 00:00:00-05:00,0.0,0.8704810440639352,0.8438334465026855,0.8438334465026855,1750196,0.0,0.0
1984-02-09 00:00:00-05:00,0.0,0.8393923279619181,0.8216272303195931,0.8327305316925049,372794,0.0,0.0
1984-02-10 00:00:00-05:00,0.0,0.8482753438458848,0.8305102866135394,0.8393928408622742,1166798,0.0,0.0
1984-02-13 00:00:00-05:00,0.0,0.8556044857085096,0.8465980291366577,0.8465980291366577,871467,0.026851,0.0
1984-02-14 00:00:00-05:00,0.0,0.8556035161018372,0.8511005268298768,0.8556035161018372,2887945,0.0,0.0
1984-02-15 00:00:00-05:00,0.0,0.860107208550166,0.8375913710058044,0.842094361782074,3529442,0.0,0.0
1984-02-16 00:00:00-05:00,0.0,0.8420942208921723,0.833087773024897,0.8375912308692932,2510309,0.0,0.0
1984-02-17 00:00:00-05:00,0.0,0.8375912308692932,0.830836511924216,0.8375912308692932,1157115,0.0,0.0
1984-02-21 00:00:00-05:00,0.0,0.8375917201958597,0.8285852670669556,0.8285852670669556,961035,0.0,0.0
1984-02-22 00:00:00-05:00,0.0,0.8420938682920529,0.8195779919624329,0.8195779919624329,2403797,0.0,0.0
1984-02-23 00:00:00-05:00,0.0,0.8240809800998284,0.8195779919624329,0.8195779919624329,532563,0.0,0.0
1984-02-24 00:00:00-05:00,0.0,0.8646101355552673,0.8285848605176226,0.8646101355552673,532563,0.0,0.0
1984-02-27 00:00:00-05:00,0.0,0.875868558883667,0.8601073861793366,0.875868558883667,813369,0.0,0.0
1984-02-28 00:00:00-05:00,0.0,0.8736161908661391,0.857854978634367,0.8601067066192627,239653,0.0,0.0
1984-02-29 00:00:00-05:00,0.0,0.8691133675804364,0.8533522033964166,0.8556035161018372,392160,0.0,0.0
1984-03-01 00:00:00-05:00,0.0,0.8691131507375232,0.8511003144811492,0.8601067066192627,1750196,0.0,0.0
1984-03-02 00:00:00-05:00,0.0,0.8691131507375232,0.8601067066192627,0.8601067066192627,89567,0.0,0.0
1984-03-05 00:00:00-05:00,0.0,0.864609910487037,0.8533522033964166,0.8556035161018372,123458,0.0,0.0
1984-03-06 00:00:00-05:00,0.0,0.8601071683798643,0.8511007714065402,0.8578554391860962,210605,0.0,0.0
1984-03-07 00:00:00-05:00,0.0,0.8601069212150767,0.8511005268298768,0.8556035161018372,852101,0.0,0.0
1984-03-08 00:00:00-05:00,0.0,0.8758682900701967,0.8556037160375534,0.8713648319244385,3648058,0.0,0.0
1984-03-09 00:00:00-05:00,0.0,0.8736161908661391,0.8601067066192627,0.8601067066192627,413947,0.0,0.0
1984-03-12 00:00:00-05:00,0.0,0.8871258953071475,0.8646100613557637,0.8826229572296143,239653,0.0,0.0
1984-03-13 00:00:00-05:00,0.0,0.8916290677427359,0.882622674669261,0.8871256113052368,237233,0.0,0.0
1984-03-14 00:00:00-05:00,0.0,0.8916297679496151,0.8736169676570109,0.8803716897964478,1326567,0.0,0.0
1984-03-15 00:00:00-05:00,0.0,0.8871258953071475,0.8736165612728579,0.8826229572296143,1178901,0.0,0.0
1984-03-16 00:00:00-05:00,0.0,0.8961323203213064,0.8916292786598204,0.8916292786598206,927144,0.0,0.0
1984-03-19 00:00:00-05:00,0.0,0.8938806143044613,0.8736165612728579,0.8826229572296143,263861,0.0,0.0
1984-03-20 00:00:00-05:00,0.0,0.8826232803538526,0.8691138374134814,0.875868558883667,249336,0.0,0.0
1984-03-21 00:00:00-05:00,0.0,0.8916298400269913,0.8781199788144652,0.884874701499939,1350774,0.0,0.0
1984-03-22 00:00:00-05:00,0.0,0.8826234056935695,0.878119945526123,0.878119945526123,164610,0.0,0.0
1984-03-23 00:00:00-05:00,0.0,0.878119945526123,0.8758686832641582,0.878119945526123,77464,0.0,0.0
1984-03-26 00:00:00-05:00,0.0,0.8848746679555343,0.878119945526123,0.878119945526123,220288,0.0,0.0
1984-03-27 00:00:00-05:00,0.0,0.8938808311874493,0.8803714938753789,0.8893778920173645,452679,0.0,0.0
1984-03-28 00:00:00-05:00,0.0,0.9051386399844682,0.8916292042464892,0.9006351828575134,607606,0.0,0.0
1984-03-29 00:00:00-05:00,0.0,0.9028871286780678,0.8938806286167666,0.8961324095726013,2185930,0.0,0.0
1984-03-30 00:00:00-05:00,0.0,0.9051389694213867,0.9006355106553404,0.9051389694213867,590661,0.0,0.0
1984-04-02 00:00:00-05:00,0.0,0.9096418477835343,0.8961324095726013,0.8961324095726013,1234578,0.0,0.0
1984-04-03 00:00:00-05:00,0.0,0.8916298400269913,0.884874701499939,0.884874701499939,421209,0.0,0.0
1984-04-04 00:00:00-05:00,0.0,0.8961324095726013,0.8826229713616683,0.8961324095726013,154927,0.0,0.0
1984-04-05 00:00:00-05:00,0.0,0.8983845286559198,0.878119945526123,0.878119945526123,275965,0.0,0.0
1984-04-06 00:00:00-05:00,0.0,0.8826234056935695,0.8758686832641582,0.878119945526123,358270,0.0,0.0
1984-04-09 00:00:00-05:00,0.0,0.8916290677427359,0.8736162815957862,0.8871256113052368,479307,0.0,0.0
1984-04-10 00:00:00-05:00,0.0,0.889377676226928,0.8826229572296143,0.8826229572296143,348587,0.0,0.0
1984-04-11 00:00:00-05:00,0.0,0.8871257589815165,0.8691133856773376,0.8691133856773376,94409,0.0,0.0
1984-04-12 00:00:00-05:00,0.0,0.8736159801483154,0.8646094862222914,0.8736159801483154,142824,0.0,0.0
1984-04-13 00:00:00-05:00,0.0,0.884873629734636,0.8736159801483154,0.8736159801483154,288068,0.0,0.0
1984-04-16 00:00:00-05:00,0.0,0.8803716897964478,0.8691139235244393,0.8803716897964478,108933,0.0,0.0
1984-04-17 00:00:00-05:00,0.0,0.884874218347705,0.8758682382323004,0.8826229572296143,382477,0.0,0.0
1984-04-18 00:00:00-05:00,0.0,0.8826232803538526,0.8736168810998958,0.875868558883667,798845,0.0,0.0
1984-04-19 00:00:00-05:00,0.0,0.8781193644087831,0.8691133856773376,0.8691133856773376,346166,0.0,0.0
1984-04-23 00:00:00-05:00,0.0,0.864610053757516,0.8488489389419556,0.8488489389419556,246916,0.0,0.0
1984-04-24 00:00:00-05:00,0.0,0.8578554391860962,0.8420943224530413,0.8578554391860962,229970,0.0,0.0
1984-04-25 00:00:00-05:00,0.0,0.8646101355552673,0.8601071451111254,0.8646101355552673,188818,0.0,0.0
1984-04-26 00:00:00-05:00,0.0,0.8736166362452855,0.8646101355552673,0.8646101355552673,702015,0.0,0.0
1984-04-27 00:00:00-05:00,0.0,0.8736164270232214,0.8601069391244434,0.8691133856773376,372794,0.0,0.0
1984-04-30 00:00:00-04:00,0.0,0.8826228663225519,0.8668617010116577,0.8668617010116577,1048181,0.0,0.0
1984-05-01 00:00:00-04:00,0.0,0.8871258953071475,0.8713647803530774,0.8826229572296143,1820398,0.0,0.0
1984-05-02 00:00:00-04:00,0.0,0.8871258953071475,0.8758682382323004,0.8826229572296143,847260,0.0,0.0
1984-05-03 00:00:00-04:00,0.0,0.8826230329749569,0.8646101355552673,0.8646101355552673,3645637,0.0,0.0
1984-05-04 00:00:00-04:00,0.0,0.8646096947677318,0.8601067066192627,0.8601067066192627,464782,0.0,0.0
1984-05-07 00:00:00-04:00,0.0,0.8601074406646348,0.8511010408401489,0.8511010408401489,1343512,0.0,0.0
1984-05-08 00:00:00-04:00,0.0,0.848848677450852,0.8420939605937157,0.8443456888198853,568874,0.0,0.0
1984-05-09 00:00:00-04:00,0.0,0.8556038019324783,0.842094361782074,0.842094361782074,505935,0.0,0.0
1984-05-10 00:00:00-04:00,0.0,0.8375911557144802,0.8285847086553293,0.8353394269943237,104092,0.0,0.0
1984-05-11 00:00:00-04:00,0.0,0.8420941453333181,0.8285847086553293,0.8353394269943237,660863,0.0,0.0
1984-05-14 00:00:00-04:00,0.0,0.8449305051736358,0.8243782838758227,0.8289453387260437,1738093,0.026851,0.0
1984-05-15 00:00:00-04:00,0.0,0.8357959389686584,0.8312289373154917,0.8357959389686584,1118383,0.0,0.0
1984-05-16 00:00:00-04:00,0.0,0.8357958934579061,0.81295999021108,0.8175274133682251,501094,0.0,0.0
1984-05-17 00:00:00-04:00,0.0,0.8220944601744257,0.7946915030479431,0.7946915030479431,285648,0.0,0.0
1984-05-18 00:00:00-04:00,0.0,0.8061091303825378,0.7901239161484742,0.8061091303825378,503514,0.0,0.0
1984-05-21 00:00:00-04:00,0.0,0.8129599168444305,0.8015421771277569,0.8038259148597717,1389506,0.0,0.0
1984-05-22 00:00:00-04:00,0.0,0.8038259148597717,0.7992584393957419,0.8038259148597717,370374,0.0,0.0
1984-05-23 00:00:00-04:00,0.0,0.8038259148597717,0.8015421771277569,0.8038259148597717,384898,0.0,0.0
1984-05-24 00:00:00-04:00,0.0,0.8038259802473503,0.7901240272123701,0.7946915030479431,917461,0.0,0.0
1984-05-25 00:00:00-04:00,0.0,0.7969747664939907,0.7901240272123701,0.7946915030479431,370374,0.0,0.0
1984-05-29 00:00:00-04:00,0.0,0.7946912530793647,0.7627208828926086,0.7627208828926086,2033423,0.0,0.0
1984-05-30 00:00:00-04:00,0.0,0.7627207932207178,0.7535863199684675,0.7581533193588257,292910,0.0,0.0
1984-05-31 00:00:00-04:00,0.0,0.7581533839429616,0.7490193843841553,0.7490193843841553,237233,0.0,0.0
1984-06-01 00:00:00-04:00,0.0,0.7535863841635584,0.7353174888218609,0.7490193843841553,1873654,0.0,0.0
1984-06-04 00:00:00-04:00,0.0,0.7581533839429616,0.7490193843841553,0.7490193843841553,2185930,0.0,0.0
1984-06-05 00:00:00-04:00,0.0,0.7444525361061096,0.7216166217834298,0.7444525361061096,3313996,0.0,0.0
1984-06-06 00:00:00-04:00,0.0,0.7490200141976512,0.7398855324865413,0.7444525361061096,1863971,0.0,0.0
1984-06-07 00:00:00-04:00,0.0,0.7490200141976512,0.7376017934407706,0.7444525361061096,1244261,0.0,0.0
1984-06-08 00:00:00-04:00,0.0,0.7490192663493093,0.7398847937583923,0.7398847937583923,484148,0.0,0.0
1984-06-11 00:00:00-04:00,0.0,0.7467360891671053,0.7398853482080364,0.742168664932251,946510,0.0,0.0
1984-06-12 00:00:00-04:00,0.0,0.7490203352745438,0.7353184223175049,0.7353184223175049,590661,0.0,0.0
1984-06-13 00:00:00-04:00,0.0,0.7398858496478229,0.7353184223175049,0.7353184223175049,421209,0.0,0.0
1984-06-14 00:00:00-04:00,0.0,0.7444520181109479,0.7307505423138569,0.7376012802124023,2239186,0.0,0.0
1984-06-15 00:00:00-04:00,0.0,0.7490193843841553,0.7398849103537746,0.7490193843841553,774637,0.0,0.0
1984-06-18 00:00:00-04:00,0.0,0.7718557715415955,0.7490198618632448,0.7718557715415955,472045,0.0,0.0
1984-06-19 00:00:00-04:00,0.0,0.7855567455408449,0.7672878503799438,0.7672878503799438,355849,0.0,0.0
1984-06-20 00:00:00-04:00,0.0,0.7627212865686804,0.7558705458161389,0.760437548160553,336483,0.0,0.0
1984-06-21 00:00:00-04:00,0.0,0.7650045673729845,0.7581534084937257,0.7627208828926086,290489,0.0,0.0
1984-06-22 00:00:00-04:00,0.0,0.76272064452905,0.7513024365718224,0.7535861730575562,229970,0.0,0.0
1984-06-25 00:00:00-04:00,0.0,0.7604375232634613,0.7535867827352162,0.755870521068573,203342,0.0,0.0
1984-06-26 00:00:00-04:00,0.0,0.7581540214367878,0.7398855324865413,0.7444525361061096,1713885,0.0,0.0
1984-06-27 00:00:00-04:00,0.0,0.7444525361061096,0.7307510507754315,0.7444525361061096,934406,0.0,0.0
1984-06-28 00:00:00-04:00,0.0,0.742168664932251,0.7330346072489675,0.742168664932251,573716,0.0,0.0
1984-06-29 00:00:00-04:00,0.0,0.7444528262923726,0.7307513356208801,0.7307513356208801,1128066,0.0,0.0
1984-07-02 00:00:00-04:00,0.0,0.7216162280285964,0.7124817513017763,0.7147654891014099,556771,0.0,0.0
1984-07-03 00:00:00-04:00,0.0,0.7170492269010436,0.7124817513017763,0.7147654891014099,801266,0.0,0.0
1984-07-05 00:00:00-04:00,0.0,0.7284672235612429,0.7170494794845581,0.7170494794845581,331642,0.0,0.0
1984-07-06 00:00:00-04:00,0.0,0.7147654891014099,0.7056310123745898,0.7147654891014099,462362,0.0,0.0
1984-07-09 00:00:00-04:00,0.0,0.7147653552996768,0.7079146176549259,0.7124816179275513,343745,0.0,0.0
1984-07-10 00:00:00-04:00,0.0,0.7147655229579543,0.7079147837062665,0.7101985216140747,135562,0.0,0.0
1984-07-11 00:00:00-04:00,0.0,0.7124811080664883,0.6987796425819397,0.6987796425819397,958614,0.0,0.0
1984-07-12 00:00:00-04:00,0.0,0.6942132161071054,0.6850787401199341,0.6850787401199341,895675,0.0,0.0
1984-07-13 00:00:00-04:00,0.0,0.6850790627743025,0.662243152006169,0.666810154914856,2350540,0.0,0.0
1984-07-16 00:00:00-04:00,0.0,0.6759443283081055,0.6713772747538778,0.6759443283081055,716540,0.0,0.0
1984-07-17 00:00:00-04:00,0.0,0.6759443737551458,0.6668098969990031,0.6736606359481812,610027,0.0,0.0
1984-07-18 00:00:00-04:00,0.0,0.678228058843031,0.6713773198938529,0.6736606359481812,542246,0.0,0.0
1984-07-19 00:00:00-04:00,0.0,0.6759441668949033,0.6668096929341978,0.6690934300422668,1227316,0.0,0.0
1984-07-20 00:00:00-04:00,0.0,0.6713775795763424,0.666810154914856,0.666810154914856,498673,0.0,0.0
1984-07-23 00:00:00-04:00,0.0,0.6645267263173984,0.6508252367258146,0.6576759815216064,1650946,0.0,0.0
1984-07-24 00:00:00-04:00,0.0,0.6576754650437501,0.6485414621371144,0.6508247256278992,997346,0.0,0.0
1984-07-25 00:00:00-04:00,0.0,0.666809895862834,0.6531084179878235,0.6531084179878235,522880,0.0,0.0
1984-07-26 00:00:00-04:00,0.0,0.6645263919578912,0.6576756506090813,0.662243127822876,774637,0.0,0.0
1984-07-27 00:00:00-04:00,0.0,0.6942132161071054,0.6759443168518379,0.6850787401199341,2592615,0.0,0.0
1984-07-30 00:00:00-04:00,0.0,0.6850787401199341,0.6805113176095855,0.6850787401199341,869046,0.0,0.0
1984-07-31 00:00:00-04:00,0.0,0.6896459944857578,0.6805115678585986,0.6873627305030823,1181322,0.0,0.0
1984-08-01 00:00:00-04:00,0.0,0.7216159701347351,0.687362287740514,0.7216159701347351,576137,0.0,0.0
1984-08-02 00:00:00-04:00,0.0,0.7718552718666565,0.7353174815448544,0.7672878503799438,1481494,0.0,0.0
1984-08-03 00:00:00-04:00,0.0,0.8175273321424337,0.7672880547640998,0.8129599094390869,1837343,0.0,0.0
1984-08-06 00:00:00-04:00,0.0,0.8449304167467611,0.8220945122564746,0.8357959389686584,1638842,0.0,0.0
1984-08-07 00:00:00-04:00,0.0,0.8266618160457414,0.8038259148597717,0.8038259148597717,3297051,0.0,0.0
1984-08-08 00:00:00-04:00,0.0,0.8061097389400884,0.7855575084686279,0.7855575084686279,367953,0.0,0.0
1984-08-09 00:00:00-04:00,0.0,0.7901241183280945,0.7718556362943298,0.7901241183280945,1084492,0.0,0.0
1984-08-10 00:00:00-04:00,0.0,0.8175274060915094,0.7946915030479431,0.7946915030479431,1897862,0.0,0.0
1984-08-13 00:00:00-04:00,0.0,0.8229736489392152,0.8090638547942157,0.8113822340965271,251757,0.026851,0.0
1984-08-14 00:00:00-04:00,0.0,0.8160193415703201,0.8044279217720032,0.8044279217720032,648759,0.0,0.0
1984-08-15 00:00:00-04:00,0.0,0.8113823431756451,0.7974730288295996,0.8067460656166077,1682416,0.0,0.0
1984-08-16 00:00:00-04:00,0.0,0.8252916832248238,0.8113823684455825,0.8206554055213928,152507,0.0,0.0
1984-08-17 00:00:00-04:00,0.0,0.8252919210707145,0.8160193629915378,0.8183372616767883,208184,0.0,0.0
1984-08-20 00:00:00-04:00,0.0,0.8206551557057066,0.8137005004331529,0.8160188794136047,917461,0.0,0.0
1984-08-21 00:00:00-04:00,0.0,0.8252916832248238,0.8160191278179618,0.8206554055213928,505935,0.0,0.0
1984-08-22 00:00:00-04:00,0.0,0.8322467680914492,0.8206558270448019,0.8299288153648376,1844605,0.0,0.0
1984-08-23 00:00:00-04:00,0.0,0.8322468916467206,0.8206559488792834,0.8252922296524048,302593,0.0,0.0
1984-08-24 00:00:00-04:00,0.0,0.829928938575986,0.8229743301004777,0.8252922296524048,309855,0.0,0.0
1984-08-27 00:00:00-04:00,0.0,0.8229735346861583,0.8160188794136047,0.8160188794136047,2544200,0.0,0.0
1984-08-28 00:00:00-04:00,0.0,0.8252918053541172,0.8183371469353241,0.822973906993866,464782,0.0,0.0
1984-08-29 00:00:00-04:00,0.0,0.8276106108735992,0.818337567658089,0.8252922296524048,249336,0.0,0.0
1984-08-30 00:00:00-04:00,0.0,0.8322468916467206,0.8206559488792834,0.8252922296524048,336483,0.0,0.0
1984-08-31 00:00:00-04:00,0.0,0.8252922296524048,0.8206559488792834,0.8252922296524048,60519,0.0,0.0
1984-09-04 00:00:00-04:00,0.0,0.8229737852075826,0.8206554055213928,0.8206554055213928,222708,0.0,0.0
1984-09-05 00:00:00-04:00,0.0,0.8252916832248238,0.8206554055213928,0.8206554055213928,128299,0.0,0.0
1984-09-06 00:00:00-04:00,0.0,0.8206556420311262,0.8160193629915378,0.8183372616767883,1452445,0.0,0.0
1984-09-07 00:00:00-04:00,0.0,0.8229740223854639,0.8183372616767883,0.8183372616767883,406685,0.0,0.0
1984-09-10 00:00:00-04:00,0.0,0.8206556420311262,0.8183372616767883,0.8183372616767883,1004608,0.0,0.0
1984-09-11 00:00:00-04:00,0.0,0.8252916832248238,0.8206554055213928,0.8206554055213928,232391,0.0,0.0
1984-09-12 00:00:00-04:00,0.0,0.8229737852075826,0.8206554055213928,0.8206554055213928,861784,0.0,0.0
1984-09-13 00:00:00-04:00,0.0,0.8322467680914492,0.8206558270448019,0.8299288153648376,2595035,0.0,0.0
1984-09-14 00:00:00-04:00,0.0,0.8415193776902549,0.8206554055213928,0.8206554055213928,1590427,0.0,0.0
1984-09-17 00:00:00-04:00,0.0,0.8299288153648376,0.8206558270448019,0.8299288153648376,694753,0.0,0.0
1984-09-18 00:00:00-04:00,0.0,0.829928938575986,0.8206559488792834,0.8252922296524048,336483,0.0,0.0
1984-09-19 00:00:00-04:00,0.0,0.8206556420311262,0.8160193629915378,0.8183372616767883,1900282,0.0,0.0
1984-09-20 00:00:00-04:00,0.0,0.8183368903345924,0.8113822340965271,0.8113822340965271,1174060,0.0,0.0
1984-09-21 00:00:00-04:00,0.0,0.8137007778806674,0.797473082821952,0.8021093606948853,1474232,0.0,0.0
1984-09-24 00:00:00-04:00,0.0,0.8067459620485627,0.7835636138916016,0.7835636138916016,426051,0.0,0.0
1984-09-25 00:00:00-04:00,0.0,0.7951542160791726,0.7835632876609236,0.7928358912467957,656021,0.0,0.0
1984-09-26 00:00:00-04:00,0.0,0.7928358912467957,0.7881996162132302,0.7928358912467957,1496019,0.0,0.0
1984-09-27 00:00:00-04:00,0.0,0.7928361752709161,0.7858815193948098,0.7905182242393494,370374,0.0,0.0
1984-09-28 00:00:00-04:00,0.0,0.7928361752709161,0.783563568363243,0.7905182242393494,375215,0.0,0.0
1984-10-01 00:00:00-04:00,0.0,0.7928366377785777,0.7650179980459243,0.7742910385131836,634234,0.0,0.0
1984-10-02 00:00:00-04:00,0.0,0.778927317912251,0.7742910385131836,0.7742910385131836,271123,0.0,0.0
1984-10-03 00:00:00-04:00,0.0,0.7789268089179106,0.7603812217712402,0.7603812217712402,1977746,0.0,0.0
1984-10-04 00:00:00-04:00,0.0,0.7557445659868695,0.7418352533277037,0.7464715838432312,735906,0.0,0.0
1984-10-05 00:00:00-04:00,0.0,0.7580629453196888,0.7464715838432312,0.7464715838432312,486569,0.0,0.0
1984-10-08 00:00:00-04:00,0.0,0.7487899562156991,0.7395169734954834,0.7395169734954834,133141,0.0,0.0
1984-10-09 00:00:00-04:00,0.0,0.7418354031450296,0.7348807454109192,0.7348807454109192,537405,0.0,0.0
1984-10-10 00:00:00-04:00,0.0,0.7395172587088478,0.7325625992645981,0.7371993064880371,716540,0.0,0.0
1984-10-11 00:00:00-04:00,0.0,0.7371992467292461,0.7232895008179947,0.7302441596984863,694753,0.0,0.0
1984-10-12 00:00:00-04:00,0.0,0.7557450532913208,0.7371994516771865,0.7557450532913208,435734,0.0,0.0
1984-10-15 00:00:00-04:00,0.0,0.7742908551429807,0.7557447786006072,0.7696540951728821,856943,0.0,0.0
1984-10-16 00:00:00-04:00,0.0,0.7742907118767208,0.751108361322667,0.758063018321991,455099,0.0,0.0
1984-10-17 00:00:00-04:00,0.0,0.7603813978780728,0.7557446387659092,0.758063018321991,530142,0.0,0.0
1984-10-18 00:00:00-04:00,0.0,0.7696540951728821,0.7557447786006072,0.7696540951728821,658442,0.0,0.0
1984-10-19 00:00:00-04:00,0.0,0.7858818057990983,0.7742908690043713,0.7789271473884583,1074809,0.0,0.0
1984-10-22 00:00:00-04:00,0.0,0.7812449745377806,0.7766086459159851,0.7766086459159851,1573482,0.0,0.0
1984-10-23 00:00:00-04:00,0.0,0.7858812496408341,0.7719719426629954,0.7766086459159851,980401,0.0,0.0
1984-10-24 00:00:00-04:00,0.0,0.797473124378668,0.7742908239868025,0.7882001399993896,2735438,0.0,0.0
1984-10-25 00:00:00-04:00,0.0,0.7835640254616514,0.7742910385131836,0.7742910385131836,1362878,0.0,0.0
1984-10-26 00:00:00-04:00,0.0,0.7835632994049044,0.7742903210488612,0.7766086459159851,3151806,0.0,0.0
1984-10-29 00:00:00-05:00,0.0,0.7812460660934448,0.7766097309937698,0.7812460660934448,150086,0.0,0.0
1984-10-30 00:00:00-05:00,0.0,0.7928364181139217,0.7789271021013345,0.7882001399993896,856943,0.0,0.0
1984-10-31 00:00:00-05:00,0.0,0.7928366377785777,0.7742910385131836,0.7742910385131836,605185,0.0,0.0
1984-11-01 00:00:00-05:00,0.0,0.7789271473884583,0.7696541089512651,0.7789271473884583,256599,0.0,0.0
1984-11-02 00:00:00-05:00,0.0,0.797472926452004,0.7812452880940075,0.7835636138916016,2926677,0.0,0.0
1984-11-05 00:00:00-05:00,0.0,0.7974732518196106,0.7882002659584543,0.7974732518196106,290489,0.0,0.0
1984-11-06 00:00:00-05:00,0.0,0.8067460656166077,0.7928363231203992,0.8067460656166077,3318837,0.0,0.0
1984-11-07 00:00:00-05:00,0.0,0.8113823431756451,0.799791408443585,0.8067460656166077,796424,0.0,0.0
1984-11-08 00:00:00-05:00,0.0,0.8113825809833635,0.7997916428541211,0.8044279217720032,353428,0.0,0.0
1984-11-09 00:00:00-05:00,0.0,0.8137009612768418,0.8044279217720032,0.8044279217720032,1246682,0.0,0.0
1984-11-12 00:00:00-05:00,0.0,0.7997913057683615,0.7835636138916016,0.7835636138916016,1764721,0.0,0.0
1984-11-13 00:00:00-05:00,0.0,0.7835635134374288,0.7603812217712402,0.7603812217712402,660863,0.0,0.0
1984-11-14 00:00:00-05:00,0.0,0.7650174981407054,0.7557444637329653,0.7603812217712402,455099,0.0,0.0
1984-11-15 00:00:00-05:00,0.0,0.7418358325958252,0.7325628432113029,0.7418358325958252,242074,0.0,0.0
1984-11-16 00:00:00-05:00,0.0,0.7603814451056002,0.7464717020928614,0.7511084079742432,769796,0.0,0.0
1984-11-19 00:00:00-05:00,0.0,0.7727839211878182,0.7633596328364697,0.7680715322494507,406685,0.026851,0.0
1984-11-20 00:00:00-05:00,0.0,0.7727840776174894,0.7680716877252232,0.7704278826713562,573716,0.0,0.0
1984-11-21 00:00:00-05:00,0.0,0.7798518988677571,0.7657152780761848,0.7751395106315613,997346,0.0,0.0
1984-11-23 00:00:00-05:00,0.0,0.7916323895626262,0.7798523905950165,0.7869204878807068,530142,0.0,0.0
1984-11-26 00:00:00-05:00,0.0,0.7916321158409119,0.7798521209464574,0.7916321158409119,488990,0.0,0.0
1984-11-27 00:00:00-05:00,0.0,0.7916323895626262,0.782208096673165,0.7869204878807068,1198267,0.0,0.0
1984-11-28 00:00:00-05:00,0.0,0.7963444510273392,0.7869202157882207,0.7916321158409119,1299938,0.0,0.0
1984-11-29 00:00:00-05:00,0.0,0.796343975247189,0.7892758846282959,0.7892758846282959,1014291,0.0,0.0
1984-11-30 00:00:00-05:00,0.0,0.8010566830635071,0.7822080972701984,0.8010566830635071,864205,0.0,0.0
1984-12-03 00:00:00-05:00,0.0,0.8057685847490229,0.7916323901668527,0.8010566830635071,619710,0.0,0.0
1984-12-04 00:00:00-05:00,0.0,0.8104802265697066,0.8034121353396139,0.8057678937911987,1295097,0.0,0.0
1984-12-05 00:00:00-05:00,0.0,0.8081247259628563,0.7963447269862554,0.8010566830635071,600344,0.0,0.0
1984-12-06 00:00:00-05:00,0.0,0.8199053297245424,0.8034129372183594,0.8151929378509521,864205,0.0,0.0
1984-12-07 00:00:00-05:00,0.0,0.822261036135646,0.8128372314398484,0.8151929378509521,1004608,0.0,0.0
1984-12-10 00:00:00-05:00,0.0,0.8293293827786273,0.8151927007944682,0.8222607970237732,481728,0.0,0.0
1984-12-11 00:00:00-05:00,0.0,0.8246169069335078,0.8151926164279305,0.8175488114356995,355849,0.0,0.0
1984-12-12 00:00:00-05:00,0.0,0.8222607482346076,0.8175488475365031,0.8199050426483154,791583,0.0,0.0
1984-12-13 00:00:00-05:00,0.0,0.8222607970237732,0.8199050912977043,0.8222607970237732,697174,0.0,0.0
1984-12-14 00:00:00-05:00,0.0,0.8222604074468516,0.8104804158210754,0.8104804158210754,358270,0.0,0.0
1984-12-17 00:00:00-05:00,0.0,0.8104806407108658,0.7869202157882207,0.7916321158409119,2227083,0.0,0.0
1984-12-18 00:00:00-05:00,0.0,0.8151923145663225,0.7963442300600172,0.8104804158210754,1130487,0.0,0.0
1984-12-19 00:00:00-05:00,0.0,0.8151929378509521,0.8104810355030533,0.8151929378509521,779479,0.0,0.0
1984-12-20 00:00:00-05:00,0.0,0.8199047028368868,0.8104804158210754,0.8104804158210754,689911,0.0,0.0
1984-12-21 00:00:00-05:00,0.0,0.8199050064434684,0.8104807159378912,0.8175488114356995,367953,0.0,0.0
1984-12-24 00:00:00-05:00,0.0,0.8246169922753912,0.8199050912977043,0.8222607970237732,147665,0.0,0.0
1984-12-26 00:00:00-05:00,0.0,0.8387535333768608,0.8293297275043139,0.8363978266716003,522880,0.0,0.0
1984-12-27 00:00:00-05:00,0.0,0.8481771870517949,0.8340409994125366,0.8340409994125366,220288,0.0,0.0
1984-12-28 00:00:00-05:00,0.0,0.8528893764626743,0.8340408575249728,0.8434650897979736,1002187,0.0,0.0
1984-12-31 00:00:00-05:00,0.0,0.8576012253761292,0.8387527075297819,0.8576012253761292,593082,0.0,0.0
1985-01-02 00:00:00-05:00,0.0,0.8646694707988097,0.8481771439411849,0.8528894782066345,784320,0.0,0.0
1985-01-03 00:00:00-05:00,0.0,0.8505337528298634,0.8411095142364502,0.8411095142364502,459941,0.0,0.0
1985-01-04 00:00:00-05:00,0.0,0.8481778749978758,0.8340416758929295,0.8458216786384583,162190,0.0,0.0
1985-01-07 00:00:00-05:00,0.0,0.8623131236730048,0.8387527075297819,0.8576012253761292,428471,0.0,0.0
1985-01-08 00:00:00-05:00,0.0,0.8576017608476768,0.850533664226532,0.850533664226532,392160,0.0,0.0
1985-01-09 00:00:00-05:00,0.0,0.8670255992633801,0.8552451724324595,0.8623132109642029,718960,0.0,0.0
1985-01-10 00:00:00-05:00,0.0,0.8670255992633801,0.8528894134164888,0.8623132109642029,2103625,0.0,0.0
1985-01-11 00:00:00-05:00,0.0,0.8858738047304726,0.864669523067557,0.8835180997848511,440575,0.0,0.0
1985-01-14 00:00:00-05:00,0.0,0.9047225383414514,0.8882302066353203,0.8952983021736145,1033657,0.0,0.0
1985-01-15 00:00:00-05:00,0.0,0.9000107171757765,0.8717378973960876,0.8717378973960876,1442762,0.0,0.0
1985-01-16 00:00:00-05:00,0.0,0.8858740053717293,0.8717378143947518,0.8740940093994141,1631580,0.0,0.0
1985-01-17 00:00:00-05:00,0.0,0.8764502044040763,0.8670259139109253,0.8740940093994141,1195847,0.0,0.0
1985-01-18 00:00:00-05:00,0.0,0.8740940926250917,0.8623136060056156,0.8717378973960876,714119,0.0,0.0
1985-01-21 00:00:00-05:00,0.0,0.8811625607661199,0.8670263624756395,0.8764506578445435,1880917,0.0,0.0
1985-01-22 00:00:00-05:00,0.0,0.8811625607661199,0.8717382653972159,0.8764506578445435,745589,0.0,0.0
1985-01-23 00:00:00-05:00,0.0,0.8882302045822144,0.8717378185224822,0.8882302045822144,1108700,0.0,0.0
1985-01-24 00:00:00-05:00,0.0,0.9000105989696672,0.8858739733695984,0.8858739733695984,779479,0.0,0.0
1985-01-25 00:00:00-05:00,0.0,0.895298636092478,0.8811624397435229,0.8905867338180542,910199,0.0,0.0
1985-01-28 00:00:00-05:00,0.0,0.8952980686526101,0.88822997495789,0.8929423093795776,399422,0.0,0.0
1985-01-29 00:00:00-05:00,0.0,0.9117906093597412,0.9000106136212074,0.9117906093597412,985242,0.0,0.0
1985-01-30 00:00:00-05:00,0.0,0.9141471689935435,0.9070790168544989,0.9094352126121521,336483,0.0,0.0
1985-01-31 00:00:00-05:00,0.0,0.9094349597689596,0.8976544737815857,0.8976544737815857,762534,0.0,0.0
1985-02-01 00:00:00-05:00,0.0,0.9000109735008428,0.8905867338180542,0.8905867338180542,873888,0.0,0.0
1985-02-04 00:00:00-05:00,0.0,0.8929423093795776,0.8835180756698678,0.8929423093795776,472045,0.0,0.0
1985-02-05 00:00:00-05:00,0.0,0.9047224860294943,0.8976543908998845,0.9000105857849121,1178901,0.0,0.0
1985-02-06 00:00:00-05:00,0.0,0.9188590049743652,0.8976547120005341,0.9188590049743652,2270656,0.0,0.0
1985-02-07 00:00:00-05:00,0.0,0.9235713964300931,0.9188590049743652,0.9188590049743652,1314463,0.0,0.0
1985-02-08 00:00:00-05:00,0.0,0.9329957365989685,0.9165033981585134,0.9329957365989685,1529909,0.0,0.0
1985-02-11 00:00:00-05:00,0.0,0.9377075917459804,0.9141471574360241,0.9188590049743652,1725989,0.0,0.0
1985-02-12 00:00:00-05:00,0.0,0.9353506940112293,0.9188583687781205,0.93063884973526,3749729,0.0,0.0
1985-02-13 00:00:00-05:00,0.0,0.940063643562829,0.9306394054662003,0.9353512525558472,1624318,0.0,0.0
1985-02-14 00:00:00-05:00,0.0,0.9282829246065887,0.9165029834630164,0.9212149381637573,464782,0.0,0.0
1985-02-15 00:00:00-05:00,0.0,0.9212149788310273,0.8952983021736145,0.8952983021736145,355849,0.0,0.0
1985-02-19 00:00:00-05:00,0.0,0.9172745943069458,0.907719606958722,0.9172745943069458,641497,0.026851,0.0
1985-02-20 00:00:00-05:00,0.0,0.936384658068605,0.9172745735126773,0.9316068887710571,1975325,0.0,0.0
1985-02-21 00:00:00-05:00,0.0,0.9531054496765137,0.9316065435841211,0.9531054496765137,796424,0.0,0.0
1985-02-22 00:00:00-05:00,0.0,0.9507169579449468,0.9363846429184554,0.9483280181884766,394581,0.0,0.0
1985-02-25 00:00:00-05:00,0.0,0.9459400264979563,0.9292188749970433,0.9363850355148315,503514,0.0,0.0
1985-02-26 00:00:00-05:00,0.0,0.955494429796837,0.926829902413776,0.9507172107696533,1989850,0.0,0.0
1985-02-27 00:00:00-05:00,0.0,0.950717356550408,0.9363850355148315,0.9363850355148315,365532,0.0,0.0
1985-02-28 00:00:00-05:00,0.0,0.936384658068605,0.9268296709369892,0.9316068887710571,944089,0.0,0.0
1985-03-01 00:00:00-05:00,0.0,0.9411622552745428,0.9268300445317067,0.9363850355148315,452679,0.0,0.0
1985-03-04 00:00:00-05:00,0.0,0.9411618303184235,0.9292184554336312,0.93399578332901,1619476,0.0,0.0
1985-03-05 00:00:00-05:00,0.0,0.9459396600723267,0.926829685508647,0.9459396600723267,1525067,0.0,0.0
1985-03-06 00:00:00-05:00,0.0,0.945939580321634,0.9387729820131914,0.9411618113517761,994925,0.0,0.0
1985-03-07 00:00:00-05:00,0.0,0.9411622552745428,0.931607264291418,0.9363850355148315,619710,0.0,0.0
1985-03-08 00:00:00-05:00,0.0,0.9411618303184235,0.931606843649594,0.93399578332901,931986,0.0,0.0
1985-03-11 00:00:00-05:00,0.0,0.9387730009316981,0.9292184554336312,0.93399578332901,948931,0.0,0.0
1985-03-12 00:00:00-05:00,0.0,0.936384658068605,0.9268296709369892,0.9316068887710571,549508,0.0,0.0
1985-03-13 00:00:00-05:00,0.0,0.9387730464002471,0.9292185004394151,0.9316068887710571,1191005,0.0,0.0
1985-03-14 00:00:00-05:00,0.0,0.9316069735751817,0.9244408152936568,0.9268297553062439,1648525,0.0,0.0
1985-03-15 00:00:00-05:00,0.0,0.9316069735751817,0.9268297553062439,0.9268297553062439,835156,0.0,0.0
1985-03-18 00:00:00-05:00,0.0,0.9316074029029608,0.9172750797349137,0.9196639657020569,2168985,0.0,0.0
1985-03-19 00:00:00-05:00,0.0,0.9268297126831276,0.912497341632843,0.912497341632843,1660629,0.0,0.0
1985-03-20 00:00:00-05:00,0.0,0.9101085847297267,0.8933874368667603,0.8933874368667603,2374748,0.0,0.0
1985-03-21 00:00:00-05:00,0.0,0.8981648397518303,0.8886102906459294,0.8957764506340027,496252,0.0,0.0
1985-03-22 00:00:00-05:00,0.0,0.8933871681706484,0.879054854563894,0.8814437389373779,1050602,0.0,0.0
1985-03-25 00:00:00-05:00,0.0,0.8790547833879738,0.8694997429847717,0.8694997429847717,290489,0.0,0.0
1985-03-26 00:00:00-05:00,0.0,0.8718889928739949,0.8551677892340306,0.8599451184272766,167031,0.0,0.0
1985-03-27 00:00:00-05:00,0.0,0.8671109321843679,0.8551674485206604,0.8551674485206604,464782,0.0,0.0
1985-03-28 00:00:00-05:00,0.0,0.8695000021965128,0.855167685477536,0.864722728729248,1089334,0.0,0.0
1985-03-29 00:00:00-05:00,0.0,0.8790549039840698,0.8647225895715573,0.8790549039840698,1040919,0.0,0.0
1985-04-01 00:00:00-05:00,0.0,0.8862213399405778,0.8814440657394739,0.8838324546813965,244495,0.0,0.0
1985-04-02 00:00:00-05:00,0.0,0.8862209396111168,0.8694997429847717,0.8694997429847717,547088,0.0,0.0
1985-04-03 00:00:00-05:00,0.0,0.8766658992079146,0.8671109139510497,0.8694997429847717,137982,0.0,0.0
1985-04-04 00:00:00-05:00,0.0,0.8766658992079146,0.8694997429847717,0.8694997429847717,171873,0.0,0.0
1985-04-08 00:00:00-05:00,0.0,0.883832216618597,0.8694999015584772,0.8742771744728088,5025460,0.0,0.0
1985-04-09 00:00:00-05:00,0.0,0.8790549437042655,0.8742771744728088,0.8742771744728088,355849,0.0,0.0
1985-04-10 00:00:00-05:00,0.0,0.8766658992079146,0.8694997429847717,0.8694997429847717,365532,0.0,0.0
1985-04-11 00:00:00-05:00,0.0,0.8766660590885371,0.8694999015584772,0.8742771744728088,990083,0.0,0.0
1985-04-12 00:00:00-05:00,0.0,0.8766660590885371,0.8694999015584772,0.8742771744728088,561612,0.0,0.0
1985-04-15 00:00:00-05:00,0.0,0.8742771449700204,0.8694998722168996,0.8718887567520142,62939,0.0,0.0
1985-04-16 00:00:00-05:00,0.0,0.8790544755370593,0.8671106102829588,0.8766655921936035,479307,0.0,0.0
1985-04-17 00:00:00-05:00,0.0,0.8790549437042655,0.8694999015584772,0.8742771744728088,295331,0.0,0.0
1985-04-18 00:00:00-05:00,0.0,0.8790547833879738,0.8671109139510497,0.8694997429847717,631814,0.0,0.0
1985-04-19 00:00:00-05:00,0.0,0.8838321269937872,0.8742770858169259,0.8814437389373779,672966,0.0,0.0
1985-04-22 00:00:00-05:00,0.0,0.9005537629127502,0.8838325568009997,0.9005537629127502,229970,0.0,0.0
1985-04-23 00:00:00-05:00,0.0,0.9005535958254388,0.8909985517747928,0.8933874368667603,215446,0.0,0.0
1985-04-24 00:00:00-05:00,0.0,0.8981647736019673,0.8838324546813965,0.8838324546813965,406685,0.0,0.0
1985-04-25 00:00:00-05:00,0.0,0.8957756108443162,0.8838316911834225,0.8862205743789673,455099,0.0,0.0
1985-04-26 00:00:00-05:00,0.0,0.8886102251997593,0.8814440657394739,0.8838324546813965,171873,0.0,0.0
1985-04-29 00:00:00-04:00,0.0,0.8838321766825398,0.8790549039840698,0.8790549039840698,777058,0.0,0.0
1985-04-30 00:00:00-04:00,0.0,0.8838321766825398,0.8790549039840698,0.8790549039840698,740747,0.0,0.0
1985-05-01 00:00:00-04:00,0.0,0.8838323189154896,0.864722728729248,0.864722728729248,1459707,0.0,0.0
1985-05-02 00:00:00-04:00,0.0,0.8742772756637776,0.864722728729248,0.864722728729248,365532,0.0,0.0
1985-05-03 00:00:00-04:00,0.0,0.8694997612683213,0.8551674485206604,0.8551674485206604,692332,0.0,0.0
1985-05-06 00:00:00-04:00,0.0,0.864722728729248,0.855167685477536,0.864722728729248,1014291,0.0,0.0
1985-05-07 00:00:00-04:00,0.0,0.8695000358931343,0.8599450474174817,0.8671112060546875,392160,0.0,0.0
1985-05-08 00:00:00-04:00,0.0,0.8671113425359287,0.8623340129852295,0.8623340129852295,3672266,0.0,0.0
1985-05-09 00:00:00-04:00,0.0,0.8551674485206604,0.850389735206415,0.8551674485206604,1798611,0.0,0.0
1985-05-10 00:00:00-04:00,0.0,0.8838324546813965,0.8599451461877208,0.8838324546813965,641497,0.0,0.0
1985-05-13 00:00:00-04:00,0.0,0.908544714993213,0.9012764096260071,0.9012764096260071,1036078,0.026851,0.0
1985-05-14 00:00:00-04:00,0.0,0.9085447342074067,0.8988534923822692,0.9036988615989685,493831,0.0,0.0
1985-05-15 00:00:00-04:00,0.0,0.9036988424872568,0.8964305371200508,0.9012764096260071,457520,0.0,0.0
1985-05-16 00:00:00-04:00,0.0,0.9061221552810363,0.8915855385059054,0.8964309096336365,246916,0.0,0.0
1985-05-17 00:00:00-04:00,0.0,0.9109672904014587,0.8964306773923763,0.9109672904014587,1132907,0.0,0.0
1985-05-20 00:00:00-04:00,0.0,0.9279268756908151,0.9206585689070473,0.9255043864250183,380056,0.0,0.0
1985-05-21 00:00:00-04:00,0.0,0.9473093748092651,0.9303497683674719,0.9473093748092651,973138,0.0,0.0
1985-05-22 00:00:00-04:00,0.0,0.9497323632240295,0.9351957478240198,0.9497323632240295,767375,0.0,0.0
1985-05-23 00:00:00-04:00,0.0,0.9497321811232813,0.9376180016847746,0.9424638748168945,641497,0.0,0.0
1985-05-24 00:00:00-04:00,0.0,0.9473093748092651,0.942463948756377,0.9473093748092651,893254,0.0,0.0
1985-05-28 00:00:00-04:00,0.0,0.9473093004896427,0.940040994183256,0.9424638748168945,307434,0.0,0.0
1985-05-29 00:00:00-04:00,0.0,0.9448862671852112,0.9400409535865561,0.9448862671852112,89567,0.0,0.0
1985-05-30 00:00:00-04:00,0.0,0.9473093748092651,0.942463948756377,0.9473093748092651,205763,0.0,0.0
1985-05-31 00:00:00-04:00,0.0,0.9473093748092651,0.942463948756377,0.9473093748092651,452679,0.0,0.0
1985-06-03 00:00:00-04:00,0.0,0.9497321811232813,0.940040994183256,0.9424638748168945,271123,0.0,0.0
1985-06-04 00:00:00-04:00,0.0,0.9545775651931763,0.9424639441872573,0.9545775651931763,1728410,0.0,0.0
1985-06-05 00:00:00-04:00,0.0,0.9763829304830647,0.9691140651702881,0.9691140651702881,1157115,0.0,0.0
1985-06-06 00:00:00-04:00,0.0,0.9739599757479911,0.9594233632087708,0.9594233632087708,931986,0.0,0.0
1985-06-07 00:00:00-04:00,0.0,0.9642688674701357,0.9545775679242097,0.961845874786377,1091755,0.0,0.0
1985-06-10 00:00:00-04:00,0.0,0.9666919830269662,0.957000792992619,0.9642691016197205,525301,0.0,0.0
1985-06-11 00:00:00-04:00,0.0,0.9618458012375731,0.9424638748168945,0.9424638748168945,883571,0.0,0.0
1985-06-12 00:00:00-04:00,0.0,0.949731951792748,0.9400407671928406,0.9400407671928406,595503,0.0,0.0
1985-06-13 00:00:00-04:00,0.0,0.9424639315724255,0.9351956248283386,0.9351956248283386,1115962,0.0,0.0
1985-06-14 00:00:00-04:00,0.0,0.9376180581484852,0.9303497514043984,0.9351956248283386,353428,0.0,0.0
1985-06-17 00:00:00-04:00,0.0,0.9424639503216433,0.9376180768013,0.9376180768013,1016712,0.0,0.0
1985-06-18 00:00:00-04:00,0.0,0.949731951792748,0.9400407671928406,0.9400407671928406,283227,0.0,0.0
1985-06-19 00:00:00-04:00,0.0,0.9448860798307545,0.9400407671928406,0.9400407671928406,566454,0.0,0.0
1985-06-20 00:00:00-04:00,0.0,0.9497321401080568,0.9424638341155599,0.9448862671852112,242074,0.0,0.0
1985-06-21 00:00:00-04:00,0.0,0.9594234433333185,0.9448863821206918,0.9473093748092651,1607373,0.0,0.0
1985-06-24 00:00:00-04:00,0.0,0.9473093004896427,0.9376180016847746,0.9424638748168945,941669,0.0,0.0
1985-06-25 00:00:00-04:00,0.0,0.9497322556329869,0.942463948756377,0.9473093748092651,653600,0.0,0.0
1985-06-26 00:00:00-04:00,0.0,0.9473090717441592,0.9400407671928406,0.9400407671928406,145245,0.0,0.0
1985-06-27 00:00:00-04:00,0.0,0.9448863079911612,0.9327726319444478,0.9424638748168945,513197,0.0,0.0
1985-06-28 00:00:00-04:00,0.0,0.9473093004896427,0.9376180016847746,0.9424638748168945,564033,0.0,0.0
1985-07-01 00:00:00-04:00,0.9424640555240247,0.9521547968627713,0.9424640555240247,0.9497323632240295,2035844,0.0,0.0
1985-07-02 00:00:00-04:00,0.9497324843655176,0.9642691016197205,0.9473096029582718,0.9642691016197205,2418321,0.0,0.0
1985-07-03 00:00:00-04:00,0.9691139906383271,0.9884964740450833,0.9691139906383271,0.9739598631858826,1183743,0.0,0.0
1985-07-05 00:00:00-04:00,0.978804824357418,0.9933414283268149,0.978804824357418,0.9884960055351257,648759,0.0,0.0
1985-07-08 00:00:00-04:00,0.9884965942155849,0.9933420198928757,0.978805407266474,0.9836512804031372,653600,0.0,0.0
1985-07-09 00:00:00-04:00,0.9836511608216754,0.9884964740450833,0.9739598631858826,0.9739598631858826,856943,0.0,0.0
1985-07-10 00:00:00-04:00,0.9739602935767012,0.9812286022181504,0.9739602935767012,0.9788057208061218,566454,0.0,0.0
1985-07-11 00:00:00-04:00,0.9788054811944703,0.9884966688755449,0.9594234414268757,0.961845874786377,409105,0.0,0.0
1985-07-12 00:00:00-04:00,0.961846108347596,0.9666919830269662,0.957000792992619,0.9642691016197205,358270,0.0,0.0
1985-07-15 00:00:00-04:00,0.9642688502658862,0.9763830304145813,0.9642688502658862,0.9763830304145813,367953,0.0,0.0
1985-07-16 00:00:00-04:00,0.9788059272538083,1.0006113052368164,0.9788059272538083,1.0006113052368164,1159535,0.0,0.0
1985-07-17 00:00:00-04:00,1.0006108326284266,1.0175703268901102,0.9933420784275278,0.9981878399848938,2972671,0.0,0.0
1985-07-18 00:00:00-04:00,0.9981883114488561,1.0078796154112823,0.9933425476027404,1.0006113052368164,2749963,0.0,0.0
1985-07-19 00:00:00-04:00,1.005455907507228,1.0151472045864969,1.005455907507228,1.0078788995742798,794003,0.0,0.0
1985-07-22 00:00:00-04:00,1.0078787857666955,1.015147089958191,1.0030329140446008,1.015147089958191,2389272,0.0,0.0
1985-07-23 00:00:00-04:00,1.0151473798920754,1.0321068730474698,1.0151473798920754,1.0248385667800903,1527488,0.0,0.0
1985-07-24 00:00:00-04:00,1.0224155095987142,1.0224155095987142,1.0078788995742798,1.0078788995742798,1089334,0.0,0.0
1985-07-25 00:00:00-04:00,1.007878205217451,1.0127235148245406,1.0030323362866316,1.010300636291504,1946277,0.0,0.0
1985-07-26 00:00:00-04:00,1.0103018147521348,1.0369526147842407,1.007879380852448,1.0369526147842407,2452212,0.0,0.0
1985-07-29 00:00:00-04:00,1.0369527811114112,1.0369527811114112,1.0224161618138419,1.0321073532104492,1130487,0.0,0.0
1985-07-30 00:00:00-04:00,1.0296839438947731,1.0296839438947731,1.0224156379699707,1.0224156379699707,2011637,0.0,0.0
1985-07-31 00:00:00-04:00,1.022415343204702,1.0272606553613122,1.0199923515319824,1.0199923515319824,2122991,0.0,0.0
1985-08-01 00:00:00-04:00,1.0199926455986956,1.0272609515234983,1.017570212551606,1.0224156379699707,2152040,0.0,0.0
1985-08-02 00:00:00-04:00,1.0224156861594549,1.0248385667800903,1.017570260512711,1.0248385667800903,474465,0.0,0.0
1985-08-05 00:00:00-04:00,1.0248383233089566,1.0248383233089566,1.0103012667684013,1.0175700187683105,714119,0.0,0.0
1985-08-06 00:00:00-04:00,1.0175708075088061,1.0199932419722542,0.9981883114488561,1.0006113052368164,1043340,0.0,0.0
1985-08-07 00:00:00-04:00,1.000610779371918,1.0127243995666504,0.9860737192032394,1.0127243995666504,1951118,0.0,0.0
1985-08-08 00:00:00-04:00,1.0127241468134323,1.0175700187683105,0.99818753773214,1.0175700187683105,5817043,0.0,0.0
1985-08-09 00:00:00-04:00,1.0175702694533812,1.0224156951426984,1.0054560899734497,1.0054560899734497,1868813,0.0,0.0
1985-08-12 00:00:00-04:00,1.005455907507228,1.012724212519445,1.0006105945620627,1.0078788995742798,355849,0.0,0.0
1985-08-13 00:00:00-04:00,1.0030331087614786,1.0030331087614786,0.9812281919540462,0.9933419227600098,1016712,0.0,0.0
1985-08-14 00:00:00-04:00,0.9933420784275278,1.0006108326284266,0.9884966524647105,0.9981878399848938,377636,0.0,0.0
1985-08-15 00:00:00-04:00,1.0060398527205003,1.0060398527205003,1.0011324882507324,1.0011324882507324,435734,0.026851,0.0
1985-08-16 00:00:00-04:00,1.0011322023718863,1.0060395654403296,0.998678350895506,1.0035860538482666,498673,0.0,0.0
1985-08-19 00:00:00-04:00,1.0035860538482666,1.00849341691671,1.0011322023718863,1.0035860538482666,162190,0.0,0.0
1985-08-20 00:00:00-04:00,1.0035863404278236,1.0109475570746826,1.0011324882507324,1.0011324882507324,409105,0.0,0.0
1985-08-21 00:00:00-04:00,1.003586013231127,1.0158545903478597,1.003586013231127,1.0109472274780273,1704202,0.0,0.0
1985-08-22 00:00:00-04:00,1.0109474677034531,1.0109474677034531,0.9864099677549839,0.9913173317909241,931986,0.0,0.0
1985-08-23 00:00:00-04:00,0.9913173317909241,0.9962251490060432,0.9913173317909241,0.9913173317909241,617289,0.0,0.0
1985-08-26 00:00:00-04:00,0.9913171236385528,1.0011321895338934,0.9913171236385528,0.9962249398231506,370374,0.0,0.0
1985-08-27 00:00:00-04:00,0.9962246519378649,1.0060392618179321,0.9962246519378649,1.0060392618179321,118616,0.0,0.0
1985-08-28 00:00:00-04:00,1.0060392618179321,1.0109469632895496,1.0011319002305294,1.0060392618179321,343745,0.0,0.0
1985-08-29 00:00:00-04:00,1.0060392618179321,1.0109469632895496,1.0011319002305294,1.0060392618179321,392160,0.0,0.0
1985-08-30 00:00:00-04:00,1.0060391772300374,1.0207620538175122,1.0060391772300374,1.0158542394638062,534984,0.0,0.0
1985-09-03 00:00:00-04:00,1.015854508678848,1.02566957351374,1.015854508678848,1.020762324333191,338904,0.0,0.0
1985-09-04 00:00:00-04:00,1.0207623656817428,1.0256696150610727,1.018308401107788,1.018308401107788,576137,0.0,0.0
1985-09-05 00:00:00-04:00,1.0183080899932948,1.0207620538175122,1.0158542394638062,1.0158542394638062,452679,0.0,0.0
1985-09-06 00:00:00-04:00,1.0158542394638062,1.0207620538175122,1.0158542394638062,1.0158542394638062,140403,0.0,0.0
1985-09-09 00:00:00-04:00,1.0158546279594711,1.0256696939468384,1.0134012296706385,1.0256696939468384,1234578,0.0,0.0
1985-09-10 00:00:00-04:00,1.02566957351374,1.028123537988291,1.020762324333191,1.020762324333191,358270,0.0,0.0
1985-09-11 00:00:00-04:00,1.0207627391934377,1.0207627391934377,1.0011324882507324,1.0011324882507324,820632,0.0,0.0
1985-09-12 00:00:00-04:00,1.0011321895338934,1.0060395525394072,0.9937709750834662,0.9962249398231506,290489,0.0,0.0
1985-09-13 00:00:00-04:00,0.9962249398231506,1.0060395525394072,0.9913171236385528,0.9962249398231506,697174,0.0,0.0
1985-09-16 00:00:00-04:00,0.9962252370757694,1.0011324882507324,0.9937712716038734,1.0011324882507324,116196,0.0,0.0
1985-09-17 00:00:00-04:00,0.9986780881881713,0.9986780881881713,0.9913168755797521,0.9986780881881714,467203,0.0,0.0
1985-09-18 00:00:00-04:00,0.9962250229773648,0.9962250229773648,0.986409842967987,0.9864098429679871,515618,0.0,0.0
1985-09-19 00:00:00-04:00,0.9913174194267822,1.0011324882507324,0.9913174194267822,1.0011324882507324,275965,0.0,0.0
1985-09-20 00:00:00-04:00,1.0011323997471886,1.0109474677034531,0.9913173317909241,0.9913173317909241,888412,0.0,0.0
1985-09-23 00:00:00-04:00,0.9962252370757694,1.0060398527205003,0.9962252370757694,1.0011324882507324,331642,0.0,0.0
1985-09-24 00:00:00-04:00,1.0011319002305294,1.0109469632895496,1.0011319002305294,1.0060392618179321,1074809,0.0,0.0
1985-09-25 00:00:00-04:00,1.0060398527205003,1.0060398527205003,1.0011324882507324,1.0011324882507324,1302359,0.0,0.0
1985-09-26 00:00:00-04:00,1.0011322023718863,1.00849341691671,0.998678350895506,1.0035860538482666,312276,0.0,0.0
1985-09-30 00:00:00-04:00,1.0035863404278236,1.0084937048975915,1.0011324882507324,1.0011324882507324,413947,0.0,0.0
1985-10-01 00:00:00-04:00,1.0035860538482666,1.01094726839309,1.0035860538482666,1.0035860538482666,416368,0.0,0.0
1985-10-02 00:00:00-04:00,1.0035863404278236,1.0158549215444506,1.0011324882507324,1.0011324882507324,1249103,0.0,0.0
1985-10-03 00:00:00-04:00,1.001132161854059,1.0158545903478597,0.9962249122789943,1.0109472274780273,583399,0.0,0.0
1985-10-04 00:00:00-04:00,1.010946878289015,1.0158542394638062,1.010946878289015,1.0158542394638062,157348,0.0,0.0
1985-10-07 00:00:00-04:00,1.0158546380545124,1.0158546380545124,1.006039571969608,1.008493423461914,486569,0.0,0.0
1985-10-08 00:00:00-04:00,1.0084934881625751,1.0109473398123097,0.9839559913182523,0.9864098429679871,334062,0.0,0.0
1985-10-09 00:00:00-04:00,0.9864099677549839,0.9937711837510862,0.9864099677549839,0.9913173317909241,58098,0.0,0.0
1985-10-10 00:00:00-04:00,0.9913171236385528,1.0011321895338934,0.9913171236385528,0.9962249398231506,508356,0.0,0.0
1985-10-11 00:00:00-04:00,0.9962250229773648,0.9962250229773648,0.986409842967987,0.9864098429679871,689911,0.0,0.0
1985-10-14 00:00:00-04:00,0.9864099677549839,0.9913173317909241,0.9864099677549839,0.9913173317909241,72622,0.0,0.0
1985-10-15 00:00:00-04:00,0.9913171363506826,1.0035860538482666,0.9913171363506826,1.0035860538482666,159769,0.0,0.0
1985-10-16 00:00:00-04:00,1.003585789849936,1.003585789849936,0.9986780881881713,0.9986780881881714,413947,0.0,0.0
1985-10-17 00:00:00-04:00,0.9986780881881713,1.003585789849936,0.9986780881881713,0.9986780881881714,244495,0.0,0.0
1985-10-18 00:00:00-04:00,0.9986786360736413,1.0011324882507324,0.9986786360736413,1.0011324882507324,481728,0.0,0.0
1985-10-21 00:00:00-04:00,1.0011323997471886,1.0011323997471886,0.9913173317909241,0.9913173317909241,261440,0.0,0.0
1985-10-22 00:00:00-04:00,0.991317521443893,0.991317521443893,0.966779903506238,0.9741411209106445,3703735,0.0,0.0
1985-10-23 00:00:00-04:00,0.9741402594777081,0.9864092841866611,0.9741402594777081,0.9790480732917786,140403,0.0,0.0
1985-10-24 00:00:00-04:00,0.9790486279031243,0.991317206383115,0.9765947762533896,0.9864098429679871,752851,0.0,0.0
1985-10-25 00:00:00-04:00,0.9864092841866611,0.9864092841866611,0.9716868623968961,0.9790480732917786,336483,0.0,0.0
1985-10-28 00:00:00-05:00,0.9790484401452899,0.9864096537984497,0.961872161659825,0.9667794108390808,348587,0.0,0.0
1985-10-29 00:00:00-05:00,0.966779903506238,0.9765950866350797,0.9618726518262665,0.9741411209106445,404264,0.0,0.0
1985-10-30 00:00:00-05:00,0.9741408113088745,0.986409842967987,0.969233561188527,0.9864098429679871,590661,0.0,0.0
1985-10-31 00:00:00-05:00,0.9913174194267822,1.0011324882507324,0.9913174194267822,1.0011324882507324,518039,0.0,0.0
1985-11-01 00:00:00-05:00,1.001132081368648,1.020762324333191,0.9962248321880987,1.020762324333191,619710,0.0,0.0
1985-11-04 00:00:00-05:00,1.020762237974548,1.030577301979065,1.013401024942222,1.030577301979065,1251524,0.0,0.0
1985-11-05 00:00:00-05:00,1.0305775472542726,1.0452999768228304,1.0305775472542726,1.0403921604156494,1600110,0.0,0.0
1985-11-06 00:00:00-05:00,1.040392226119813,1.0600224733352661,1.0354849758766038,1.0600224733352661,839997,0.0,0.0
1985-11-07 00:00:00-05:00,1.060021953305033,1.0649293144355507,1.0452995300292969,1.0452995300292969,602765,0.0,0.0
1985-11-08 00:00:00-05:00,1.0453002503863085,1.0502076148986816,1.040392432694712,1.0502076148986816,830315,0.0,0.0
1985-11-11 00:00:00-05:00,1.0502076148986816,1.0502076148986816,1.0453002503863085,1.0502076148986816,677808,0.0,0.0
1985-11-12 00:00:00-05:00,1.0502072981315056,1.0526611495897618,1.0330309043975712,1.0428460836410522,1164377,0.0,0.0
1985-11-13 00:00:00-05:00,1.042845805786356,1.042845805786356,1.03303062915802,1.03303062915802,452679,0.0,0.0
1985-11-14 00:00:00-05:00,1.0459495782852173,1.0459495782852173,1.0335276895200978,1.0459495782852173,566454,0.026851,0.0
1985-11-15 00:00:00-05:00,1.0459495782852173,1.0484342313460595,1.0384963073722364,1.0459495782852173,1065126,0.0,0.0
1985-11-18 00:00:00-05:00,1.0459495072382947,1.0558874305370767,1.0409808897236532,1.050918698310852,1810715,0.0,0.0
1985-11-19 00:00:00-05:00,1.050918698310852,1.0534027776450063,1.0484341601303648,1.050918698310852,3028348,0.0,0.0
1985-11-20 00:00:00-05:00,1.050918986688089,1.0633409927296837,1.050918986688089,1.0583722591400146,1803453,0.0,0.0
1985-11-21 00:00:00-05:00,1.0633411401938608,1.0832167655785776,1.0633411401938608,1.0807322263717651,731064,0.0,0.0
1985-11-22 00:00:00-05:00,1.0807322263717651,1.0931546929825666,1.075763492093032,1.0807322263717651,3710997,0.0,0.0
1985-11-25 00:00:00-05:00,1.080732009258322,1.0832165479660034,1.0782474705506402,1.0832165479660034,743168,0.0,0.0
1985-11-26 00:00:00-05:00,1.0832167655785776,1.088185499857311,1.0807322263717651,1.0807322263717651,590661,0.0,0.0
1985-11-27 00:00:00-05:00,1.0807327205504322,1.1080617466288671,1.0807327205504322,1.1030925512313843,808528,0.0,0.0
1985-11-29 00:00:00-05:00,1.1130298863536914,1.1279368925306836,1.1130298863536914,1.120483160018921,639076,0.0,0.0
1985-12-02 00:00:00-05:00,1.1204836453615856,1.1204836453615856,1.0981238146806336,1.1030925512313843,806107,0.0,0.0
1985-12-03 00:00:00-05:00,1.1030919021410948,1.108061094614565,1.0832166234982155,1.0931545495986938,619710,0.0,0.0
1985-12-04 00:00:00-05:00,1.0931541992720955,1.11054527759552,1.0881850083911175,1.11054527759552,987663,0.0,0.0
1985-12-05 00:00:00-05:00,1.1105451625807714,1.1279362391030712,1.1080606247533855,1.1130292415618896,1222475,0.0,0.0
1985-12-06 00:00:00-05:00,1.1130291112135124,1.1279361070089151,1.093153958037701,1.0956380367279053,1198267,0.0,0.0
1985-12-09 00:00:00-05:00,1.0956385099372326,1.1055763202404132,1.073278694856183,1.0782474279403687,438154,0.0,0.0
1985-12-10 00:00:00-05:00,1.0782474705506402,1.0931544733735148,1.0782474705506402,1.0832165479660034,1370140,0.0,0.0
1985-12-11 00:00:00-05:00,1.0832165051593636,1.0931544301741472,1.0782474279403687,1.0782474279403687,961035,0.0,0.0
1985-12-12 00:00:00-05:00,1.0782474279403687,1.0906697768530467,1.073278694856183,1.0782474279403687,343745,0.0,0.0
1985-12-13 00:00:00-05:00,1.0782471668440965,1.0906695127487183,1.0732784349630833,1.0906695127487183,1103858,0.0,0.0
1985-12-16 00:00:00-05:00,1.0906704635981082,1.1229682240303567,1.0857018420970128,1.108061671257019,1975325,0.0,0.0
1985-12-17 00:00:00-05:00,1.1080611191073184,1.1179989307158484,1.0931545737619506,1.0981231927871704,2290022,0.0,0.0
1985-12-18 00:00:00-05:00,1.0981231405233534,1.0981231405233534,1.0707942459342947,1.073278784751892,1665470,0.0,0.0
1985-12-19 00:00:00-05:00,1.0732787557200807,1.0757632944704723,1.0633409448533429,1.068310022354126,525301,0.0,0.0
1985-12-20 00:00:00-05:00,1.0683103343006992,1.0683103343006992,1.0384967782833194,1.0434659719467163,1525067,0.0,0.0
1985-12-23 00:00:00-05:00,1.0434654212095984,1.0509186915684923,1.0285584216454806,1.0335276126861572,1055444,0.0,0.0
1985-12-24 00:00:00-05:00,1.0335273246886412,1.0360114033146577,1.0285581350326538,1.0285581350326538,651180,0.0,0.0
1985-12-26 00:00:00-05:00,1.0285581350326538,1.0335273246886412,1.0260740564066373,1.0285581350326538,200922,0.0,0.0
1985-12-27 00:00:00-05:00,1.0335281853669351,1.0484347343444824,1.0335281853669351,1.0484347343444824,292910,0.0,0.0
1985-12-30 00:00:00-05:00,1.0384962558746338,1.0384962558746338,1.0384962558746338,1.0384962558746338,278385,0.0,0.0
1985-12-31 00:00:00-05:00,1.0534029771475788,1.0633409023284912,1.0534029771475788,1.0633409023284912,576137,0.0,0.0
1986-01-02 00:00:00-05:00,1.0633408251554584,1.0633408251554584,1.048434282600762,1.0534029006958008,343745,0.0,0.0
1986-01-03 00:00:00-05:00,1.0534029771475788,1.0633409023284912,1.0534029771475788,1.0633409023284912,1019132,0.0,0.0
1986-01-06 00:00:00-05:00,1.0633414738509142,1.0633414738509142,1.0534035433285849,1.060856819152832,397002,0.0,0.0
1986-01-07 00:00:00-05:00,1.0608562731549065,1.088185281246544,1.0558876545859734,1.0832165479660034,670546,0.0,0.0
1986-01-08 00:00:00-05:00,1.0832165479660034,1.088185281246544,1.0732787372700996,1.0832165479660034,520460,0.0,0.0
1986-01-09 00:00:00-05:00,1.0732790973520405,1.0732790973520405,1.043465999396946,1.0484347343444824,3706156,0.0,0.0
1986-01-10 00:00:00-05:00,1.0484341793556489,1.063340720442416,1.033527638268882,1.0384962558746338,3677107,0.0,0.0
1986-01-13 00:00:00-05:00,1.0384965218000355,1.0583722591400146,1.0384965218000355,1.0583722591400146,447837,0.0,0.0
1986-01-14 00:00:00-05:00,1.0583722591400146,1.068310070454197,1.053403066703887,1.0583722591400146,3776358,0.0,0.0
1986-01-15 00:00:00-05:00,1.0633409448533429,1.0782474890860352,1.0633409448533429,1.068310022354126,646338,0.0,0.0
1986-01-16 00:00:00-05:00,1.068309961771997,1.0782474279403687,1.068309961771997,1.0782474279403687,229970,0.0,0.0
1986-01-17 00:00:00-05:00,1.0832160373151347,1.0981225742643235,1.0832160373151347,1.0956380367279053,280806,0.0,0.0
1986-01-20 00:00:00-05:00,1.0956386538513243,1.1030919265240082,1.0956386538513243,1.0981231927871704,346166,0.0,0.0
1986-01-21 00:00:00-05:00,1.0981230919424478,1.1030918252229884,1.0832165479660034,1.0832165479660034,825473,0.0,0.0
1986-01-22 00:00:00-05:00,1.0832165051593636,1.0906697768530467,1.0782474279403687,1.0782474279403687,968297,0.0,0.0
1986-01-23 00:00:00-05:00,1.0782474279403687,1.0832165051593636,1.073278694856183,1.0782474279403687,2609560,0.0,0.0
1986-01-24 00:00:00-05:00,1.0782475457363605,1.0931545495986938,1.0782475457363605,1.0931545495986938,3902236,0.0,0.0
1986-01-27 00:00:00-05:00,1.0931545495986938,1.1006078221066296,1.0931545495986938,1.0931545495986938,145245,0.0,0.0
1986-01-28 00:00:00-05:00,1.108061174417672,1.140358805656433,1.108061174417672,1.140358805656433,1474232,0.0,0.0
1986-01-29 00:00:00-05:00,1.140358421741459,1.1652027715713558,1.1304206129825494,1.1378737688064575,1646105,0.0,0.0
1986-01-30 00:00:00-05:00,1.1378741023025793,1.1453273750225301,1.1229676715742964,1.1329054832458496,1324146,0.0,0.0
1986-01-31 00:00:00-05:00,1.1329054352097785,1.1627185248254839,1.1304208963635225,1.142843246459961,1125645,0.0,0.0
1986-02-03 00:00:00-05:00,1.1502966434649542,1.1676878437145057,1.1502966434649542,1.1602345705032349,1205530,0.0,0.0
1986-02-04 00:00:00-05:00,1.160234186658261,1.1825938841830983,1.152780915912786,1.1577495336532593,2263394,0.0,0.0
1986-02-05 00:00:00-05:00,1.1577501772217,1.172656726998881,1.1577501772217,1.1652034521102905,963455,0.0,0.0
1986-02-06 00:00:00-05:00,1.1726559738304827,1.1999849750041853,1.1726559738304827,1.192531704902649,1496019,0.0,0.0
1986-02-07 00:00:00-05:00,1.1925315297842718,1.2223446058124894,1.1925315297842718,1.2173758745193481,757692,0.0,0.0
1986-02-10 00:00:00-05:00,1.2173760242222487,1.2322825640694415,1.2173760242222487,1.2223447561264038,1665470,0.0,0.0
1986-02-11 00:00:00-05:00,1.2223452539450719,1.227314332007687,1.2173765200173245,1.2248297929763794,532563,0.0,0.0
1986-02-12 00:00:00-05:00,1.2248296446955442,1.2273141834260675,1.2198609113693237,1.2198609113693237,1781666,0.0,0.0
1986-02-13 00:00:00-05:00,1.2228737833508814,1.2228737833508814,1.2153407335281372,1.2153407335281372,1939014,0.026851,0.0
1986-02-14 00:00:00-05:00,1.2203629556394415,1.2379401922225952,1.2203629556394415,1.2379401922225952,387319,0.0,0.0
1986-02-18 00:00:00-05:00,1.2454734492767783,1.280628044178744,1.2454734492767783,1.2655619382858276,1716306,0.0,0.0
1986-02-19 00:00:00-05:00,1.270582990646574,1.2956933841706886,1.270582990646574,1.290671467781067,1534750,0.0,0.0
1986-02-20 00:00:00-05:00,1.2906711491450156,1.3007153272628784,1.280626971027153,1.3007153272628784,2747542,0.0,0.0
1986-02-21 00:00:00-05:00,1.3007161404670708,1.3208041614435695,1.285649574022198,1.2956938743591309,1546854,0.0,0.0
1986-02-24 00:00:00-05:00,1.3007158639849683,1.3233150132117282,1.3007158639849683,1.3208038806915283,1186164,0.0,0.0
1986-02-25 00:00:00-05:00,1.3208041945332363,1.3208041945332363,1.305738091468811,1.305738091468811,549508,0.0,0.0
1986-02-26 00:00:00-05:00,1.3057372424127083,1.3157814205305711,1.3007153272628784,1.3007153272628784,397002,0.0,0.0
1986-02-27 00:00:00-05:00,1.3007167887502622,1.3157828989462597,1.3007167887502622,1.3107610940933228,677808,0.0,0.0
1986-02-28 00:00:00-05:00,1.3107604408040037,1.3107604408040037,1.2906719560696112,1.2956938743591309,762534,0.0,0.0
1986-03-03 00:00:00-05:00,1.2956935978147253,1.3057377800684198,1.285649299621582,1.285649299621582,871467,0.0,0.0
1986-03-04 00:00:00-05:00,1.2856496161100965,1.2906719983219257,1.2655617104154597,1.2680728435516357,1614635,0.0,0.0
1986-03-05 00:00:00-05:00,1.2680728435516357,1.2756058951417324,1.2630504613398066,1.2680728435516357,1575903,0.0,0.0
1986-03-06 00:00:00-05:00,1.268073071874145,1.2756061248206034,1.2605395551696947,1.2655619382858276,958614,0.0,0.0
1986-03-07 00:00:00-05:00,1.265562195651315,1.2781170545695797,1.265562195651315,1.2730952501296997,1229737,0.0,0.0
1986-03-10 00:00:00-05:00,1.2806277716721517,1.2956938743591309,1.2806277716721517,1.2956938743591309,411526,0.0,0.0
1986-03-11 00:00:00-05:00,1.295694520139201,1.3107610940933228,1.2856502147961404,1.3107610940933228,968297,0.0,0.0
1986-03-12 00:00:00-05:00,1.3132706300666002,1.3408921560481188,1.3132706300666002,1.3308478593826294,1123224,0.0,0.0
1986-03-13 00:00:00-05:00,1.3308478593826294,1.3509363367741773,1.3258260588681776,1.3308478593826294,1851868,0.0,0.0
1986-03-14 00:00:00-05:00,1.330848330279425,1.3810690198005453,1.330848330279425,1.3660029172897339,3050135,0.0,0.0
1986-03-17 00:00:00-05:00,1.366002838675175,1.366002838675175,1.3358706353876848,1.3408925533294678,1408872,0.0,0.0
1986-03-18 00:00:00-05:00,1.340892619158694,1.3609809875488281,1.340892619158694,1.3609809875488281,1161956,0.0,0.0
1986-03-19 00:00:00-05:00,1.3609809875488281,1.363491656794314,1.350936803353761,1.3609809875488281,634234,0.0,0.0
1986-03-20 00:00:00-05:00,1.3609809875488281,1.3760470899322221,1.3609809875488281,1.3609809875488281,735906,0.0,0.0
1986-03-21 00:00:00-05:00,1.360981042753776,1.3810690641403198,1.360981042753776,1.3810690641403198,864205,0.0,0.0
1986-03-24 00:00:00-05:00,1.3810690641403198,1.3810690641403198,1.358469909648548,1.3810690641403198,721381,0.0,0.0
1986-03-25 00:00:00-05:00,1.38106894031892,1.3835800731990096,1.3408925533294678,1.3408925533294678,605185,0.0,0.0
1986-03-26 00:00:00-05:00,1.3408925533294678,1.3509367370314298,1.3308482536880404,1.3408925533294678,1157115,0.0,0.0
1986-03-27 00:00:00-05:00,1.3408925533294678,1.3710246406774926,1.3408925533294678,1.3408925533294678,2188351,0.0,0.0
1986-03-31 00:00:00-05:00,1.3283367272465414,1.3459139565625706,1.3283367272465414,1.3308478593826294,639076,0.0,0.0
1986-04-01 00:00:00-05:00,1.3358698927056973,1.3358698927056973,1.2831381025111692,1.3007153272628784,852101,0.0,0.0
1986-04-02 00:00:00-05:00,1.3007167887502622,1.3107610940933228,1.295694520139201,1.3107610940933228,1939014,0.0,0.0
1986-04-03 00:00:00-05:00,1.3107604408040037,1.330848345841029,1.2956938743591309,1.2956938743591309,1348353,0.0,0.0
1986-04-04 00:00:00-05:00,1.2956935132861038,1.2956935132861038,1.2555170187712619,1.260538935661316,687491,0.0,0.0
1986-04-07 00:00:00-05:00,1.2655617078944248,1.280627811044606,1.2655617078944248,1.2705835103988647,844839,0.0,0.0
1986-04-08 00:00:00-05:00,1.2756063229287022,1.2931835651397705,1.2756063229287022,1.2931835651397705,1065126,0.0,0.0
1986-04-09 00:00:00-05:00,1.295694520139201,1.3208048197387277,1.295694520139201,1.3107610940933228,556771,0.0,0.0
1986-04-10 00:00:00-05:00,1.3107602684701136,1.3208039877891686,1.3057378870830245,1.315782070159912,503514,0.0,0.0
1986-04-11 00:00:00-05:00,1.3157819270591282,1.320803844142215,1.2982046955408193,1.3082488775253296,1692099,0.0,0.0
1986-04-14 00:00:00-05:00,1.3082483738967248,1.310759621320142,1.3007153272628784,1.3007153272628784,915040,0.0,0.0
1986-04-15 00:00:00-05:00,1.3007161404670708,1.3057380587565903,1.2906719560696112,1.2956938743591309,442996,0.0,0.0
1986-04-16 00:00:00-05:00,1.2906716460070207,1.3082488775253296,1.2906716460070207,1.3082488775253296,1312042,0.0,0.0
1986-04-17 00:00:00-05:00,1.305738091468811,1.305738091468811,1.2906719884043858,1.305738091468811,1210371,0.0,0.0
1986-04-18 00:00:00-05:00,1.3057372424127083,1.3057372424127083,1.2956930642948457,1.3007153272628784,2667658,0.0,0.0
1986-04-21 00:00:00-05:00,1.3007167887502622,1.3132717646407288,1.290672599346733,1.3107610940933228,660863,0.0,0.0
1986-04-22 00:00:00-05:00,1.3107608227086491,1.3208045462745648,1.3007165194451975,1.3032273054122925,847260,0.0,0.0
1986-04-23 00:00:00-05:00,1.303226110928692,1.310759621320142,1.285648770237582,1.3007153272628784,692332,0.0,0.0
1986-04-24 00:00:00-05:00,1.3007158628507456,1.3057377800684198,1.285649299621582,1.285649299621582,968297,0.0,0.0
1986-04-25 00:00:00-05:00,1.2856491575255917,1.2881604057054954,1.2454727807696413,1.2756054401397705,1878496,0.0,0.0
1986-04-28 00:00:00-04:00,1.2756055719085782,1.2856492903319057,1.2756055719085782,1.2806274890899658,326800,0.0,0.0
1986-04-29 00:00:00-04:00,1.2806283456630763,1.2856501502639475,1.2454737424850464,1.2454737424850464,1525067,0.0,0.0
1986-04-30 00:00:00-04:00,1.2454726185952745,1.2454726185952745,1.225384722681556,1.2304065227508545,2096363,0.0,0.0
1986-05-01 00:00:00-04:00,1.2304065227508545,1.2354284387595738,1.2052962470707338,1.2304065227508545,764954,0.0,0.0
1986-05-02 00:00:00-04:00,1.2304072919566442,1.2454733972198442,1.2103188037872314,1.2103188037872314,883571,0.0,0.0
1986-05-05 00:00:00-04:00,1.2103188037872314,1.2203631058416844,1.2052970005784847,1.2103188037872314,353428,0.0,0.0
1986-05-06 00:00:00-04:00,1.2103183524946244,1.2203626508038499,1.2103183524946244,1.2153407335281372,636655,0.0,0.0
1986-05-07 00:00:00-04:00,1.2153408646607657,1.2228739152963095,1.2153408646607657,1.2203627824783325,503514,0.0,0.0
1986-05-08 00:00:00-04:00,1.2253851890563965,1.2404511746954268,1.2253851890563965,1.2253851890563965,3456820,0.0,0.0
1986-05-09 00:00:00-04:00,1.2253848299002705,1.2304066304089667,1.2203624496944203,1.2278954982757568,982821,0.0,0.0
1986-05-12 00:00:00-04:00,1.2278963523498563,1.2379405400507255,1.2278963523498563,1.232918620109558,358270,0.0,0.0
1986-05-13 00:00:00-04:00,1.232918620109558,1.2354294061708746,1.2304074862297072,1.232918620109558,229970,0.0,0.0
1986-05-14 00:00:00-04:00,1.2354285996260768,1.2756054401397705,1.2354285996260768,1.2756054401397705,1045761,0.0,0.0
1986-05-15 00:00:00-04:00,1.2735757737174762,1.2735757737174762,1.2558167543512682,1.2608909606933594,738326,0.026851,0.0
1986-05-16 00:00:00-04:00,1.2583541380783447,1.2583541380783447,1.248206074547159,1.2532802820205688,871467,0.0,0.0
1986-05-19 00:00:00-04:00,1.2532802820205688,1.2583541380783447,1.2507431782838638,1.2532802820205688,781900,0.0,0.0
1986-05-20 00:00:00-04:00,1.2532797768906976,1.2735755443572998,1.2532797768906976,1.2735755443572998,571295,0.0,0.0
1986-05-21 00:00:00-04:00,1.2735752014628552,1.298945167527176,1.2735752014628552,1.2964085340499878,1130487,0.0,0.0
1986-05-22 00:00:00-04:00,1.296409711849144,1.3192425966262817,1.2887987502567646,1.3192425966262817,757692,0.0,0.0
1986-05-23 00:00:00-04:00,1.3192414479940129,1.3370004600524523,1.3192414479940129,1.334463357925415,677808,0.0,0.0
1986-05-27 00:00:00-04:00,1.3344640473821103,1.3547602891921997,1.3243164536004541,1.3547602891921997,1474232,0.0,0.0
1986-05-28 00:00:00-04:00,1.3547604552399184,1.3750565823990943,1.3522232343525675,1.3598341941833496,1362878,0.0,0.0
1986-05-29 00:00:00-04:00,1.359834337926995,1.3649086630995422,1.3496867418289185,1.3496867418289185,977980,0.0,0.0
1986-05-30 00:00:00-04:00,1.3496865950512056,1.3496865950512056,1.3395385315024955,1.3471494913101196,1939014,0.0,0.0
1986-06-02 00:00:00-04:00,1.3471491746092477,1.3649081937906196,1.3344638931630854,1.3395382165908813,302593,0.0,0.0
1986-06-03 00:00:00-04:00,1.339538497532706,1.339538497532706,1.329390317102802,1.3319275379180908,382477,0.0,0.0
1986-06-04 00:00:00-04:00,1.331927537996898,1.331927537996898,1.3090941905975342,1.3090941905975342,1508122,0.0,0.0
1986-06-05 00:00:00-04:00,1.309094126900367,1.324316513943983,1.309094126900367,1.3141683340072632,757692,0.0,0.0
1986-06-06 00:00:00-04:00,1.314168108242625,1.319241963062261,1.3040200471878052,1.3040200471878052,263861,0.0,0.0
1986-06-09 00:00:00-04:00,1.3040200707923024,1.3141681320308156,1.2837238311767578,1.2837238311767578,692332,0.0,0.0
1986-06-10 00:00:00-04:00,1.2837233109286565,1.2837233109286565,1.2685014009475708,1.2685014009475708,859363,0.0,0.0
1986-06-11 00:00:00-04:00,1.273576553273321,1.2837246207535769,1.273576553273321,1.2786508798599243,992504,0.0,0.0
1986-06-12 00:00:00-04:00,1.2786501277712847,1.2837238656806178,1.258353887610219,1.2634282112121582,910199,0.0,0.0
1986-06-13 00:00:00-04:00,1.263427953470242,1.2761126470714346,1.263427953470242,1.2735755443572998,605185,0.0,0.0
1986-06-16 00:00:00-04:00,1.2735758001371444,1.2735758001371444,1.2380582292220086,1.2405948638916016,1428238,0.0,0.0
1986-06-17 00:00:00-04:00,1.2405952651452286,1.2482062258623567,1.2329843044281006,1.2329843044281006,745589,0.0,0.0
1986-06-18 00:00:00-04:00,1.2329838380420992,1.2431318989649103,1.2177619223656544,1.222835659980774,738326,0.0,0.0
1986-06-19 00:00:00-04:00,1.222835132789475,1.2304460873464464,1.2177613973617554,1.2177613973617554,1232158,0.0,0.0
1986-06-20 00:00:00-04:00,1.2177628258817332,1.23044753074646,1.2177628258817332,1.23044753074646,869046,0.0,0.0
1986-06-23 00:00:00-04:00,1.2304460420408259,1.2304460420408259,1.2025394439697266,1.2025394439697266,503514,0.0,0.0
1986-06-24 00:00:00-04:00,1.2025394280475419,1.2177613363994613,1.1974651071815277,1.2126870155334473,464782,0.0,0.0
1986-06-25 00:00:00-04:00,1.2126870155334473,1.2177613363994613,1.2076131632212654,1.2126870155334473,527722,0.0,0.0
1986-06-26 00:00:00-04:00,1.2126870823432994,1.2177614034888702,1.2050761277480337,1.207613229751587,1401610,0.0,0.0
1986-06-27 00:00:00-04:00,1.2076138526630624,1.2076138526630624,1.182243873787368,1.1873177289962769,1023974,0.0,0.0
1986-06-30 00:00:00-04:00,1.1873170944021152,1.1873170944021152,1.1568732765890448,1.1619470119476318,869046,0.0,0.0
1986-07-01 00:00:00-04:00,1.1568736913559998,1.1720956057199565,1.1568736913559998,1.1670217514038086,844839,0.0,0.0
1986-07-02 00:00:00-04:00,1.167022678650278,1.167022678650278,1.1518007521918885,1.1644855737686157,2362644,0.0,0.0
1986-07-03 00:00:00-04:00,1.164485047996965,1.1695587869150779,1.1543369844680165,1.1594111919403076,2357803,0.0,0.0
1986-07-07 00:00:00-04:00,1.1594110653012015,1.1644849208036563,1.1213558019396748,1.1238930225372314,6301191,0.0,0.0
1986-07-08 00:00:00-04:00,1.123892634111238,1.123892634111238,1.1061335017284148,1.121355414390564,1970484,0.0,0.0
1986-07-09 00:00:00-04:00,1.1162817478179932,1.1264293388139663,1.1162817478179932,1.1162817478179932,2936360,0.0,0.0
1986-07-10 00:00:00-04:00,1.111207075048389,1.111207075048389,1.0909113137592723,1.106133222579956,907778,0.0,0.0
1986-07-11 00:00:00-04:00,1.1112079782358297,1.1112079782358297,1.0959860570428015,1.101059913635254,1914807,0.0,0.0
1986-07-14 00:00:00-04:00,1.0959856510162354,1.1010595057289918,1.0909117963034787,1.0959856510162354,597923,0.0,0.0
1986-07-15 00:00:00-04:00,1.0934491581723007,1.1010601201966488,1.0731533765792847,1.0731533765792847,3427771,0.0,0.0
1986-07-16 00:00:00-04:00,1.0731533496862242,1.0756899855483693,1.0655423878526056,1.0706162452697754,1600110,0.0,0.0
1986-07-17 00:00:00-04:00,1.0706155699555089,1.0706155699555089,1.0630046129226685,1.0630046129226685,1016712,0.0,0.0
1986-07-18 00:00:00-04:00,1.0630051777306526,1.0630051777306526,1.032560864869265,1.0477832555770874,815790,0.0,0.0
1986-07-21 00:00:00-04:00,1.0452453412451947,1.0604672533061736,1.0401711362812287,1.0503191947937012,1360457,0.0,0.0
1986-07-22 00:00:00-04:00,1.045245801271396,1.0655420443674668,1.045245801271396,1.0604677200317383,389739,0.0,0.0
1986-07-23 00:00:00-04:00,1.0655423878526056,1.0756899855483693,1.0553943216025383,1.0706162452697754,1353195,0.0,0.0
1986-07-24 00:00:00-04:00,1.0706155699555089,1.0706155699555089,1.0604673929680508,1.0630046129226685,208184,0.0,0.0
1986-07-25 00:00:00-04:00,1.068078349395829,1.095985543249274,1.065541715135159,1.085837483406067,520460,0.0,0.0
1986-07-28 00:00:00-04:00,1.0858380038281772,1.0959860685351643,1.0706160824755337,1.0782270431518555,733485,0.0,0.0
1986-07-29 00:00:00-04:00,1.0782270431518555,1.0858380038281772,1.0731531865061992,1.0782270431518555,815790,0.0,0.0
1986-07-30 00:00:00-04:00,1.0782265534423203,1.1213555452969102,1.0756893334254527,1.1112074851989746,491411,0.0,0.0
1986-07-31 00:00:00-04:00,1.1061335017284148,1.1264292681394557,1.1061335017284148,1.121355414390564,1065126,0.0,0.0
1986-08-01 00:00:00-04:00,1.1188183820053645,1.1188183820053645,1.1162817478179932,1.1162817478179932,900516,0.0,0.0
1986-08-04 00:00:00-04:00,1.1162816777801634,1.1264292681394557,1.1010592965640493,1.121355414390564,1420976,0.0,0.0
1986-08-05 00:00:00-04:00,1.126429308505674,1.1365773677825928,1.1188183519018566,1.1365773677825928,922303,0.0,0.0
1986-08-06 00:00:00-04:00,1.141651883317283,1.1771700382232666,1.139114780215165,1.1771700382232666,755272,0.0,0.0
1986-08-07 00:00:00-04:00,1.177169506546479,1.182243241905066,1.1568732765890448,1.1619470119476318,885992,0.0,0.0
1986-08-08 00:00:00-04:00,1.1670220252782106,1.1822439432144165,1.1670220252782106,1.1822439432144165,1183743,0.0,0.0
1986-08-11 00:00:00-04:00,1.187317696060691,1.2202991010967488,1.187317696060691,1.1949291229248047,505935,0.0,0.0
1986-08-12 00:00:00-04:00,1.2000031896865573,1.2050769285112608,1.187317905516459,1.1923922300338745,668125,0.0,0.0
1986-08-13 00:00:00-04:00,1.1873170668624233,1.2279094086972941,1.1822432144830615,1.2025394439697266,714119,0.0,0.0
1986-08-14 00:00:00-04:00,1.2107475996017456,1.2107475996017456,1.1850962271275376,1.2107475996017456,716540,0.026851,0.0
1986-08-15 00:00:00-04:00,1.2158782057223667,1.2158782057223667,1.1902268332481587,1.2107475996017456,624551,0.0,0.0
1986-08-18 00:00:00-04:00,1.2158790173513494,1.2158790173513494,1.185097018208783,1.1902276277542114,464782,0.0,0.0
1986-08-19 00:00:00-04:00,1.1850967033779742,1.1850967033779742,1.169705944771089,1.1799665689468384,798845,0.0,0.0
1986-08-20 00:00:00-04:00,1.185097018208783,1.1902276277542114,1.1697062555132147,1.1902276277542114,1217633,0.0,0.0
1986-08-21 00:00:00-04:00,1.190227425418111,1.1953574419021606,1.1799666818229884,1.1953574419021606,902937,0.0,0.0
1986-08-22 00:00:00-04:00,1.2004873172380974,1.2107479401766892,1.195357183425519,1.2081831693649292,213025,0.0,0.0
1986-08-25 00:00:00-04:00,1.2133135655368696,1.2133135655368696,1.1953574419021606,1.1953574419021606,288068,0.0,0.0
1986-08-26 00:00:00-04:00,1.2004869795493953,1.2158782057223667,1.2004869795493953,1.2107475996017456,927144,0.0,0.0
1986-08-27 00:00:00-04:00,1.210748201981333,1.210748201981333,1.1927921967844612,1.1953574419021606,1040919,0.0,0.0
1986-08-28 00:00:00-04:00,1.195357715998328,1.2056184619462451,1.1876623341941865,1.2004878520965576,1561379,0.0,0.0
1986-08-29 00:00:00-04:00,1.2056181366012684,1.2210087776184082,1.2056181366012684,1.2210087776184082,919882,0.0,0.0
1986-09-02 00:00:00-04:00,1.2210083012571815,1.226138433969549,1.2056176662445068,1.2056176662445068,784320,0.0,0.0
1986-09-03 00:00:00-04:00,1.2081833816149297,1.2210087776184082,1.2056181366012684,1.2210087776184082,607606,0.0,0.0
1986-09-04 00:00:00-04:00,1.2261387517952131,1.236399375192948,1.210747994355336,1.231269359588623,1278152,0.0,0.0
1986-09-05 00:00:00-04:00,1.2363994897576336,1.251790840812757,1.2363994897576336,1.2466602325439453,1069968,0.0,0.0
1986-09-08 00:00:00-04:00,1.256920856892429,1.2646162363254208,1.2466602325439453,1.2466602325439453,1036078,0.0,0.0
1986-09-09 00:00:00-04:00,1.2517902049937168,1.2671808376045426,1.2517902049937168,1.2569202184677124,607606,0.0,0.0
1986-09-10 00:00:00-04:00,1.2620505508166227,1.2671810388565063,1.2415296645971667,1.2671810388565063,735906,0.0,0.0
1986-09-11 00:00:00-04:00,1.2671812795292212,1.2928327770982753,1.2261386702306785,1.2363992929458618,4606672,0.0,0.0
1986-09-12 00:00:00-04:00,1.231269710161641,1.231269710161641,1.1594455628030138,1.1645760536193848,1861551,0.0,0.0
1986-09-15 00:00:00-04:00,1.164576629298665,1.164576629298665,1.1286645970860634,1.1440553665161133,607606,0.0,0.0
1986-09-16 00:00:00-04:00,1.1440544330002456,1.1440544330002456,1.1132724455057348,1.1312284469604492,917461,0.0,0.0
1986-09-17 00:00:00-04:00,1.1337932378581193,1.1594447259220626,1.1337932378581193,1.149183988571167,956193,0.0,0.0
1986-09-18 00:00:00-04:00,1.149183988571167,1.1748353581973452,1.1466192187656215,1.149183988571167,1246682,0.0,0.0
1986-09-19 00:00:00-04:00,1.149185386116978,1.1543159979073891,1.1235339852956523,1.1440553665161133,3222008,0.0,0.0
1986-09-22 00:00:00-04:00,1.149184070874205,1.159444808959961,1.144054057144648,1.159444808959961,1755038,0.0,0.0
1986-09-23 00:00:00-04:00,1.1594447259220626,1.1594447259220626,1.1440539752090149,1.149183988571167,392160,0.0,0.0
1986-09-24 00:00:00-04:00,1.1543149940250945,1.1543149940250945,1.123533008183772,1.1389237642288208,1699361,0.0,0.0
1986-09-25 00:00:00-04:00,1.1389238526247658,1.1440544603514056,1.103012204170227,1.103012204170227,440575,0.0,0.0
1986-09-26 00:00:00-04:00,1.1081427789494365,1.1081427789494365,1.0978821516036987,1.0978821516036987,559191,0.0,0.0
1986-09-29 00:00:00-04:00,1.087621218977413,1.087621218977413,1.0671004415626568,1.0722304582595825,2081838,0.0,0.0
1986-09-30 00:00:00-04:00,1.0722299045892794,1.0824906433118182,1.0722299045892794,1.0773605108261108,1459707,0.0,0.0
1986-10-01 00:00:00-04:00,1.0773612522258111,1.1132729149655114,1.0747960065609798,1.0978821516036987,4817277,0.0,0.0
1986-10-02 00:00:00-04:00,1.092751263596576,1.092751263596576,1.0773605108261108,1.0773605108261108,2430425,0.0,0.0
1986-10-03 00:00:00-04:00,1.072230533903594,1.0876212957072162,1.072230533903594,1.0824912786483765,827894,0.0,0.0
1986-10-06 00:00:00-04:00,1.0876212957072162,1.0876212957072162,1.0824912786483765,1.0824912786483765,687491,0.0,0.0
1986-10-07 00:00:00-04:00,1.0824906433118182,1.0824906433118182,1.0722299045892794,1.0773605108261108,675387,0.0,0.0
1986-10-08 00:00:00-04:00,1.087622046470642,1.0927526592602923,1.079926660256862,1.087622046470642,406685,0.0,0.0
1986-10-09 00:00:00-04:00,1.0927520155876238,1.1081427789494365,1.0876214058200986,1.0978821516036987,365532,0.0,0.0
1986-10-10 00:00:00-04:00,1.1030132926499314,1.1030132926499314,1.087622046470642,1.087622046470642,641497,0.0,0.0
1986-10-13 00:00:00-04:00,1.0927514021483777,1.0927514021483777,1.0773606474264927,1.0799254179000854,636655,0.0,0.0
1986-10-14 00:00:00-04:00,1.0799252600729041,1.0799252600729041,1.0747952461242676,1.0747952461242676,672966,0.0,0.0
1986-10-15 00:00:00-04:00,1.0773605108261108,1.0773605108261108,1.0619692843045214,1.0773605108261108,1270890,0.0,0.0
1986-10-16 00:00:00-04:00,1.0824912022804873,1.0824912022804873,1.0722304582595825,1.0722304582595825,803686,0.0,0.0
1986-10-17 00:00:00-04:00,1.074795821921572,1.074795821921572,1.0671004415626568,1.0722304582595825,723802,0.0,0.0
1986-10-20 00:00:00-04:00,1.0773613919978282,1.0773613919978282,1.0619701528877754,1.0671007633209229,2033423,0.0,0.0
1986-10-21 00:00:00-04:00,1.0773612522258111,1.0978821516036987,1.0773612522258111,1.0978821516036987,2265815,0.0,0.0
1986-10-22 00:00:00-04:00,1.1030126429333613,1.1081427789494365,1.0927520155876238,1.0978821516036987,508356,0.0,0.0
1986-10-23 00:00:00-04:00,1.0927519049553085,1.0927519049553085,1.0773611431516863,1.0824912786483765,573716,0.0,0.0
1986-10-24 00:00:00-04:00,1.087620659274747,1.1081420183181763,1.087620659274747,1.1081420183181763,1142590,0.0,0.0
1986-10-27 00:00:00-05:00,1.1132732629776,1.1132732629776,1.1030129877380617,1.1132732629776,261440,0.0,0.0
1986-10-28 00:00:00-05:00,1.1184031671846142,1.154315295997881,1.1184031671846142,1.1466199159622192,680229,0.0,0.0
1986-10-29 00:00:00-05:00,1.1440549442817127,1.1517503261566162,1.1414895801143472,1.1517503261566162,266282,0.0,0.0
1986-10-30 00:00:00-05:00,1.1568801989569777,1.1645760536193848,1.1440548009810052,1.1645760536193848,607606,0.0,0.0
1986-10-31 00:00:00-05:00,1.1594454876099967,1.1594454876099967,1.149184743518392,1.1543153524398804,435734,0.0,0.0
1986-11-03 00:00:00-05:00,1.1543149344549901,1.1697056897057765,1.1491843273913276,1.1620103120803833,249336,0.0,0.0
1986-11-04 00:00:00-05:00,1.1620106766261167,1.2004875768240475,1.1620106766261167,1.1953574419021606,1244261,0.0,0.0
1986-11-05 00:00:00-05:00,1.1850965225250853,1.1927919006541667,1.179966388876839,1.1876617670059204,329221,0.0,0.0
1986-11-06 00:00:00-05:00,1.179966388876839,1.1876617670059204,1.1620103881378412,1.1876617670059204,1948697,0.0,0.0
1986-11-07 00:00:00-05:00,1.187661746741142,1.1902271096160129,1.1825311394292064,1.1850965023040771,249336,0.0,0.0
1986-11-10 00:00:00-05:00,1.187661512475199,1.2158782482147217,1.1799661359953333,1.2158782482147217,503514,0.0,0.0
1986-11-11 00:00:00-05:00,1.2107478807344731,1.2107478807344731,1.1748357614314293,1.1850965023040771,1617056,0.0,0.0
1986-11-12 00:00:00-05:00,1.1902273115604136,1.1953573275537235,1.1799665689468384,1.1799665689468384,685070,0.0,0.0
1986-11-13 00:00:00-05:00,1.167513370513916,1.1830801036482181,1.162324100093095,1.167513370513916,1067547,0.026851,0.0
1986-11-14 00:00:00-05:00,1.1675134312132338,1.1778913736343384,1.1623241605226216,1.1778913736343384,290489,0.0,0.0
1986-11-17 00:00:00-05:00,1.1778910486617844,1.1934577783106446,1.1778910486617844,1.1830798387527466,409105,0.0,0.0
1986-11-18 00:00:00-05:00,1.1778915545283668,1.1830803468477489,1.1467576026916504,1.1467576026916504,556771,0.0,0.0
1986-11-19 00:00:00-05:00,1.1415687799453735,1.1519462434265255,1.1415687799453735,1.1415687799453735,2459474,0.0,0.0
1986-11-20 00:00:00-05:00,1.1363788655039326,1.157134858838433,1.1363788655039326,1.1519455909729004,1302359,0.0,0.0
1986-11-21 00:00:00-05:00,1.151946218101517,1.1778913736343384,1.151946218101517,1.1778913736343384,929565,0.0,0.0
1986-11-24 00:00:00-05:00,1.1778918037110573,1.1908639669418335,1.167513857500714,1.1908639669418335,2386852,0.0,0.0
1986-11-25 00:00:00-05:00,1.1856748768979064,1.1882689734772922,1.175296933283871,1.180485725402832,1224895,0.0,0.0
1986-11-26 00:00:00-05:00,1.1830791597131107,1.1882678270339966,1.167512438998919,1.1882678270339966,2621664,0.0,0.0
1986-11-28 00:00:00-05:00,1.1934585433384701,1.1934585433384701,1.188269270753129,1.1908639669418335,631814,0.0,0.0
1986-12-01 00:00:00-05:00,1.1882681317278572,1.1986461877822876,1.183079463076501,1.1986461877822876,1629159,0.0,0.0
1986-12-02 00:00:00-05:00,1.1986465631709282,1.2609139606626092,1.1986465631709282,1.240157961845398,1817977,0.0,0.0
1986-12-03 00:00:00-05:00,1.240157330479373,1.2505352647085608,1.229779875417903,1.2349685430526733,1016712,0.0,0.0
1986-12-04 00:00:00-05:00,1.2349685607458454,1.26610260346332,1.2349685607458454,1.255724549293518,919882,0.0,0.0
1986-12-05 00:00:00-05:00,1.26610260346332,1.26610260346332,1.2453466149156474,1.255724549293518,757692,0.0,0.0
1986-12-08 00:00:00-05:00,1.2557246163675797,1.2557246163675797,1.2297799587249756,1.2297799587249756,680229,0.0,0.0
1986-12-09 00:00:00-05:00,1.2245914875970194,1.229780757915286,1.2038360834121704,1.2038360834121704,404264,0.0,0.0
1986-12-10 00:00:00-05:00,1.2090245079595048,1.224591237608365,1.1830798387527468,1.1830798387527466,994925,0.0,0.0
1986-12-11 00:00:00-05:00,1.1882676484635402,1.1882676484635402,1.1571343315057312,1.162322998046875,951352,0.0,0.0
1986-12-12 00:00:00-05:00,1.1675128244739073,1.1830795503277283,1.1623235564800816,1.1752961874008179,367953,0.0,0.0
1986-12-15 00:00:00-05:00,1.1778913736343384,1.1830801651568545,1.17270222273575,1.1778913736343384,1459707,0.0,0.0
1986-12-16 00:00:00-05:00,1.1830791597131107,1.1882678270339966,1.1727012261117273,1.1882678270339966,1437921,0.0,0.0
1986-12-17 00:00:00-05:00,1.1882678270339966,1.193457093314494,1.1830791597131107,1.1882678270339966,922303,0.0,0.0
1986-12-18 00:00:00-05:00,1.188268509051718,1.188268509051718,1.1727018991948488,1.1830798387527466,733485,0.0,0.0
1986-12-19 00:00:00-05:00,1.1830798387527468,1.1830798387527468,1.1675131091038864,1.1830798387527466,2198034,0.0,0.0
1986-12-22 00:00:00-05:00,1.1778903726003025,1.1882678270339966,1.1727012261117273,1.1882678270339966,1399189,0.0,0.0
1986-12-23 00:00:00-05:00,1.18826876347934,1.2142135580332907,1.18308009206939,1.1856746673583984,951352,0.0,0.0
1986-12-24 00:00:00-05:00,1.188268751625433,1.2090247547703594,1.188268751625433,1.2038360834121704,510777,0.0,0.0
1986-12-26 00:00:00-05:00,1.2038360834121704,1.2090247547703594,1.2038360834121704,1.2038360834121704,50836,0.0,0.0
1986-12-29 00:00:00-05:00,1.2038354553934087,1.209024124044765,1.1934573993389783,1.1986461877822876,503514,0.0,0.0
1986-12-30 00:00:00-05:00,1.1934569857079267,1.1934569857079267,1.172701120376587,1.172701120376587,580978,0.0,0.0
1986-12-31 00:00:00-05:00,1.1830810160933778,1.1882696915558488,1.1519470466447879,1.15713632106781,861784,0.0,0.0
1987-01-02 00:00:00-05:00,1.167512438998919,1.1882678270339966,1.167512438998919,1.1882678270339966,764954,0.0,0.0
1987-01-05 00:00:00-05:00,1.1830792798948877,1.2245906591415405,1.1830792798948877,1.2245906591415405,1316884,0.0,0.0
1987-01-06 00:00:00-05:00,1.2297796195432176,1.2920469723787993,1.2297796195432176,1.2842631340026855,1418555,0.0,0.0
1987-01-07 00:00:00-05:00,1.2790758466922645,1.2868592150226228,1.2712924783619062,1.2764812707901,1776825,0.0,0.0
1987-01-08 00:00:00-05:00,1.2738864823973741,1.2738864823973741,1.2557251779873742,1.2609139680862427,842418,0.0,0.0
1987-01-09 00:00:00-05:00,1.2661038057257572,1.2816704225944289,1.2609145341293833,1.2764812707901,997346,0.0,0.0
1987-01-12 00:00:00-05:00,1.2790748566754644,1.2868582189814222,1.2686969204755687,1.2712914943695068,711698,0.0,0.0
1987-01-13 00:00:00-05:00,1.276480705611035,1.2816698551177979,1.266103245141453,1.2816698551177979,430892,0.0,0.0
1987-01-14 00:00:00-05:00,1.2816695581857465,1.3283697366714475,1.2764804098811846,1.3283697366714478,1314463,0.0,0.0
1987-01-15 00:00:00-05:00,1.3335593997180246,1.3698821308957758,1.3283701300846325,1.3543154001235962,2866159,0.0,0.0
1987-01-16 00:00:00-05:00,1.3543151307227228,1.3698818583983632,1.3283698658448007,1.349125862121582,1822819,0.0,0.0
1987-01-19 00:00:00-05:00,1.3491260370074232,1.3491260370074232,1.323181367726199,1.3387480974197388,1060285,0.0,0.0
1987-01-20 00:00:00-05:00,1.338747635598814,1.3646922959300414,1.338747635598814,1.3595035076141357,2524834,0.0,0.0
1987-01-21 00:00:00-05:00,1.3595036681631052,1.3698817251883006,1.3283697366714475,1.3283697366714478,1408872,0.0,0.0
1987-01-22 00:00:00-05:00,1.3231814536213762,1.3335593938827515,1.3179926631786874,1.3335593938827515,1834922,0.0,0.0
1987-01-23 00:00:00-05:00,1.343937246901568,1.390637435982187,1.3335593073138836,1.3387480974197388,3372094,0.0,0.0
1987-01-26 00:00:00-05:00,1.3335593938827515,1.3387481843254403,1.3179926631786874,1.3335593938827515,813369,0.0,0.0
1987-01-27 00:00:00-05:00,1.3543152986099198,1.3958266973495483,1.349126029365493,1.3958266973495483,3013824,0.0,0.0
1987-01-28 00:00:00-05:00,1.4010153093541322,1.4684719733818943,1.4010153093541322,1.4632827043533325,5083558,0.0,0.0
1987-01-29 00:00:00-05:00,1.5151719711665042,1.5307391773495216,1.4996052441513699,1.5099831819534302,6802285,0.0,0.0
1987-01-30 00:00:00-05:00,1.5151725225074781,1.5151725225074781,1.4944169987267497,1.5022003650665283,1847026,0.0,0.0
1987-02-02 00:00:00-05:00,1.5073887900343788,1.5307393625500945,1.5073887900343788,1.5203614234924316,3466503,0.0,0.0
1987-02-03 00:00:00-05:00,1.5281455644294104,1.572251558303833,1.5281455644294104,1.572251558303833,4580044,0.0,0.0
1987-02-04 00:00:00-05:00,1.57225041316346,1.6033838641042775,1.5670611452974472,1.598195195198059,2113308,0.0,0.0
1987-02-05 00:00:00-05:00,1.598196297632586,1.6033849701179468,1.577440289978687,1.5826295614242554,2321492,0.0,0.0
1987-02-06 00:00:00-05:00,1.577440289978687,1.5852236580828525,1.5670622262557168,1.5826295614242554,2256132,0.0,0.0
1987-02-09 00:00:00-05:00,1.5852233171463013,1.5930066835764856,1.5826292210456205,1.5852233171463013,2074576,0.0,0.0
1987-02-10 00:00:00-05:00,1.5852236580828525,1.598196297632586,1.5800348658054504,1.5826295614242554,2749963,0.0,0.0
1987-02-11 00:00:00-05:00,1.5878183565356485,1.5878183565356485,1.5307401995716232,1.5618736743927002,1999533,0.0,0.0
1987-02-12 00:00:00-05:00,1.5807150602340698,1.5911835415413915,1.5702471831053215,1.5807150602340698,1019132,0.026851,0.0
1987-02-13 00:00:00-05:00,1.5807157656957849,1.6539942008649413,1.5807157656957849,1.648760199546814,622131,0.0,0.0
1987-02-17 00:00:00-05:00,1.6435243948084108,1.6435243948084108,1.6225881646803235,1.6330565214157104,583399,0.0,0.0
1987-02-18 00:00:00-05:00,1.643526071987797,1.6644629276598069,1.627823702114328,1.6539945602416992,2863738,0.0,0.0
1987-02-19 00:00:00-05:00,1.6539939615561179,1.6566111430901664,1.6278231129016407,1.638291597366333,2345699,0.0,0.0
1987-02-20 00:00:00-05:00,1.6382919587972018,1.6382919587972018,1.6278234720230103,1.6278234720230103,600344,0.0,0.0
1987-02-23 00:00:00-05:00,1.6330575981792388,1.6330575981792388,1.601652386430246,1.6173547506332397,428471,0.0,0.0
1987-02-24 00:00:00-05:00,1.6121208709037445,1.61735475063324,1.6068863869954928,1.6173547506332397,994925,0.0,0.0
1987-02-25 00:00:00-05:00,1.622589111328125,1.63829147433874,1.6173546278173605,1.622589111328125,1462128,0.0,0.0
1987-02-26 00:00:00-05:00,1.6173545648752534,1.6173545648752534,1.5964183233473537,1.6042695045471191,646338,0.0,0.0
1987-02-27 00:00:00-05:00,1.609503207362959,1.6278227489913404,1.6042693288079337,1.612120509147644,1069968,0.0,0.0
1987-03-02 00:00:00-05:00,1.606886202439829,1.609503383675488,1.6016522024757227,1.6042695045471191,1331408,0.0,0.0
1987-03-03 00:00:00-05:00,1.6042696280827358,1.6095035076141357,1.6042696280827358,1.6095035076141357,472045,0.0,0.0
1987-03-04 00:00:00-05:00,1.604270041377857,1.6278234720230103,1.604270041377857,1.6278234720230103,597923,0.0,0.0
1987-03-05 00:00:00-05:00,1.6749305687449931,1.6749305687449931,1.6592282056808474,1.6592282056808472,1585586,0.0,0.0
1987-03-06 00:00:00-05:00,1.6749309322401527,1.6958673000335691,1.6644625670897912,1.6958673000335693,1350774,0.0,0.0
1987-03-09 00:00:00-05:00,1.6906333584282212,1.695867359934623,1.6696966273879759,1.6723138093948364,801266,0.0,0.0
1987-03-10 00:00:00-05:00,1.6749308136918153,1.6853992989370064,1.6696964502334595,1.6696964502334595,1919648,0.0,0.0
1987-03-11 00:00:00-05:00,1.6723136319626373,1.6775481162567532,1.6696964502334595,1.6696964502334595,1817977,0.0,0.0
1987-03-12 00:00:00-05:00,1.6696965673266295,1.6723137492393463,1.648760199546814,1.648760199546814,292910,0.0,0.0
1987-03-13 00:00:00-05:00,1.643525839676964,1.6487603247356155,1.6225895911432477,1.6278234720230103,910199,0.0,0.0
1987-03-16 00:00:00-05:00,1.6225880306738338,1.6225880306738338,1.6016511980965225,1.6068851947784424,709277,0.0,0.0
1987-03-17 00:00:00-05:00,1.6068863261769424,1.6095035076141357,1.6016523258097959,1.6095035076141357,624551,0.0,0.0
1987-03-18 00:00:00-05:00,1.6173548698578253,1.6749308136918153,1.6173548698578253,1.6696964502334595,1585586,0.0,0.0
1987-03-19 00:00:00-05:00,1.664462450098234,1.6696964510518746,1.6435256004333496,1.6435256004333496,1282993,0.0,0.0
1987-03-20 00:00:00-05:00,1.6487600839218781,1.6696964502334595,1.6487600839218781,1.6696964502334595,1631580,0.0,0.0
1987-03-23 00:00:00-05:00,1.6749306953406553,1.7168039083480835,1.6749306953406553,1.7168039083480835,1125645,0.0,0.0
1987-03-24 00:00:00-05:00,1.7220385109769742,1.7482093633738698,1.71942132906867,1.732506513595581,1994691,0.0,0.0
1987-03-25 00:00:00-05:00,1.7377404006470178,1.7639112458636994,1.727272038393198,1.7429744005203247,2607139,0.0,0.0
1987-03-26 00:00:00-05:00,1.7403578158399025,1.7403578158399025,1.7115702629089355,1.7115702629089355,1486336,0.0,0.0
1987-03-27 00:00:00-05:00,1.7168041511700605,1.7168041511700605,1.6958673000335691,1.6958673000335693,1036078,0.0,0.0
1987-03-30 00:00:00-05:00,1.6749309311520628,1.6749309311520628,1.627823348423924,1.648760199546814,1341091,0.0,0.0
1987-03-31 00:00:00-05:00,1.6539938458512353,1.6801645718391922,1.648759845656535,1.6644622087478638,1650946,0.0,0.0
1987-04-01 00:00:00-05:00,1.6539940227709038,1.6539940227709038,1.64352553791877,1.646142840385437,953772,0.0,0.0
1987-04-02 00:00:00-05:00,1.6539938458512353,1.6644622087478635,1.646142664305571,1.6644622087478638,881150,0.0,0.0
1987-04-03 00:00:00-05:00,1.6696958532948956,1.6749302148818972,1.6487594944683421,1.674930214881897,1302359,0.0,0.0
1987-04-06 00:00:00-04:00,1.674930221898334,1.711569423967943,1.674930221898334,1.6906325817108154,554350,0.0,0.0
1987-04-07 00:00:00-04:00,1.6906337195262169,1.7063360899065692,1.6670801639556885,1.6670801639556885,1118383,0.0,0.0
1987-04-08 00:00:00-04:00,1.6618457988239734,1.6749313491458646,1.653994613633797,1.6670801639556885,675387,0.0,0.0
1987-04-09 00:00:00-04:00,1.6618452051563708,1.6696963875418378,1.64352553791877,1.646142840385437,452679,0.0,0.0
1987-04-10 00:00:00-04:00,1.6487600839218781,1.6723136319626373,1.6487600839218781,1.6696964502334595,711698,0.0,0.0
1987-04-13 00:00:00-04:00,1.6644625100087143,1.6670796918333775,1.6356744766235352,1.6356744766235352,1350774,0.0,0.0
1987-04-14 00:00:00-04:00,1.633057028446278,1.633057028446278,1.5414592108705052,1.557161569595337,1246682,0.0,0.0
1987-04-15 00:00:00-04:00,1.5623959925797561,1.6330575981792388,1.5623959925797561,1.6173547506332397,781900,0.0,0.0
1987-04-16 00:00:00-04:00,1.6278229991280735,1.6880157534891118,1.6173546362307987,1.685399055480957,1176481,0.0,0.0
1987-04-20 00:00:00-04:00,1.6801645146528223,1.6958668772097025,1.6723133333743823,1.6932501792907715,583399,0.0,0.0
1987-04-21 00:00:00-04:00,1.6880139096576707,1.7429726037918531,1.6775460415375048,1.7377386093139648,982821,0.0,0.0
1987-04-22 00:00:00-04:00,1.7325060860998083,1.7325060860998083,1.6801645150570652,1.68278169631958,2316650,0.0,0.0
1987-04-23 00:00:00-04:00,1.6958659368140014,1.6958659368140014,1.6225881646803235,1.6330565214157104,1871234,0.0,0.0
1987-04-24 00:00:00-04:00,1.6121205057839325,1.627822745594866,1.5807151803119983,1.5911836624145508,3028348,0.0,0.0
1987-04-27 00:00:00-04:00,1.591183662414551,1.6173543843280371,1.5754813017678935,1.5911836624145508,919882,0.0,0.0
1987-04-28 00:00:00-04:00,1.591183662414551,1.6173543843280371,1.5859496630347223,1.5911836624145508,704436,0.0,0.0
1987-04-29 00:00:00-04:00,1.601652386430246,1.61735475063324,1.5964185067007506,1.6173547506332397,1147432,0.0,0.0
1987-04-30 00:00:00-04:00,1.6173551671567707,1.6435259017373591,1.6173551671567707,1.6252063512802124,1115962,0.0,0.0
1987-05-01 00:00:00-04:00,1.6199720523810455,1.6435256004333496,1.614738172263165,1.6435256004333496,1801032,0.0,0.0
1987-05-04 00:00:00-04:00,1.6487602006179023,1.6958673000335691,1.6487602006179023,1.6958673000335693,774637,0.0,0.0
1987-05-05 00:00:00-04:00,1.6853998272623198,1.7141872644424438,1.6853998272623198,1.7141872644424438,890833,0.0,0.0
1987-05-06 00:00:00-04:00,1.7089533826864545,1.7194217503774234,1.7089533826864545,1.7141872644424438,530142,0.0,0.0
1987-05-07 00:00:00-04:00,1.708951508043395,1.779612580146968,1.708951508043395,1.7560590505599976,2202875,0.0,0.0
1987-05-08 00:00:00-04:00,1.7612935939792496,1.7796132544934016,1.742974054300809,1.7691447734832764,2207717,0.0,0.0
1987-05-11 00:00:00-04:00,1.7743789066688405,1.8084007986637927,1.769144425521891,1.790081262588501,2086680,0.0,0.0
1987-05-12 00:00:00-04:00,1.78746467914632,1.7953158602578816,1.7691451357169403,1.7848474979400635,1125645,0.0,0.0
1987-05-13 00:00:00-04:00,1.7796136188704945,1.7900819811883126,1.7796136188704945,1.7848474979400635,895675,0.0,0.0
1987-05-14 00:00:00-04:00,1.7796137894306494,1.7796137894306494,1.7377405778176742,1.7455917596817017,372794,0.0,0.0
1987-05-15 00:00:00-04:00,1.7302929162979126,1.7434812752476725,1.7250177919313034,1.7302929162979126,738326,0.026851,0.0
1987-05-18 00:00:00-04:00,1.7250179018244405,1.7329307715561935,1.711829420249338,1.7144672870635986,447837,0.0,0.0
1987-05-19 00:00:00-04:00,1.7144671508921998,1.7144671508921998,1.656438713423887,1.6643515825271606,728643,0.0,0.0
1987-05-20 00:00:00-04:00,1.6617142941290575,1.6617142941290575,1.6036859795186427,1.61423659324646,1362878,0.0,0.0
1987-05-21 00:00:00-04:00,1.630062688280761,1.6327004336294721,1.6168748140335085,1.6168748140335083,881150,0.0,0.0
1987-05-22 00:00:00-04:00,1.6300610431195648,1.6458872556686404,1.6300610431195648,1.6458872556686401,748009,0.0,0.0
1987-05-26 00:00:00-04:00,1.6564373739193317,1.6617129810774625,1.6458872556686404,1.6458872556686401,421209,0.0,0.0
1987-05-27 00:00:00-04:00,1.640611743428177,1.640611743428177,1.6195105314254759,1.619510531425476,663283,0.0,0.0
1987-05-28 00:00:00-04:00,1.6089621820290816,1.6089621820290816,1.5720350813061155,1.595773696899414,801266,0.0,0.0
1987-05-29 00:00:00-04:00,1.5957729848326463,1.6142364660627415,1.5878601164990982,1.593135118484497,2122991,0.0,0.0
1987-06-01 00:00:00-04:00,1.5931354628140129,1.603686199776075,1.582585334777832,1.582585334777832,660863,0.0,0.0
1987-06-02 00:00:00-04:00,1.5878611785239503,1.603686925775937,1.579948304897957,1.5984117984771729,1094175,0.0,0.0
1987-06-03 00:00:00-04:00,1.593135955043159,1.6406136771156872,1.5878609502878454,1.6379759311676025,1324146,0.0,0.0
1987-06-04 00:00:00-04:00,1.6406125993925895,1.6458882096084093,1.6326997321019625,1.6432504653930664,309855,0.0,0.0
1987-06-05 00:00:00-04:00,1.6379759294259995,1.6406136753712794,1.624788052196096,1.6300630569458008,1096596,0.0,0.0
1987-06-08 00:00:00-04:00,1.6247861388888272,1.6247861388888272,1.6115976682632658,1.619510531425476,583399,0.0,0.0
1987-06-09 00:00:00-04:00,1.6142354111024062,1.6195105314254759,1.6089604125644068,1.619510531425476,1522647,0.0,0.0
1987-06-10 00:00:00-04:00,1.6195119607197683,1.6458888034646055,1.6142368357411565,1.6221497058868408,694753,0.0,0.0
1987-06-11 00:00:00-04:00,1.6195123205937554,1.640613555908203,1.6168750619813652,1.6406135559082031,505935,0.0,0.0
1987-06-12 00:00:00-04:00,1.6458892907970704,1.6458892907970704,1.624788053923677,1.6379759311676025,573716,0.0,0.0
1987-06-15 00:00:00-04:00,1.6406136771156872,1.6458892907970704,1.6353386723603738,1.6379759311676025,660863,0.0,0.0
1987-06-16 00:00:00-04:00,1.6406136771156872,1.6406136771156872,1.6274257998717616,1.6379759311676025,711698,0.0,0.0
1987-06-17 00:00:00-04:00,1.6511623756865177,1.6511623756865177,1.637973905823976,1.6458872556686401,832735,0.0,0.0
1987-06-18 00:00:00-04:00,1.6458872556686404,1.6458872556686404,1.6406116485105096,1.6458872556686401,544667,0.0,0.0
1987-06-19 00:00:00-04:00,1.6511639436676306,1.6986416521202126,1.6511639436676306,1.6669896841049194,1077230,0.0,0.0
1987-06-22 00:00:00-04:00,1.6722652960751054,1.6775404214859009,1.664351938140379,1.6775404214859009,1089334,0.0,0.0
1987-06-23 00:00:00-04:00,1.672265770232348,1.682816024045377,1.6669902779701664,1.6696280241012573,547088,0.0,0.0
1987-06-24 00:00:00-04:00,1.6722658885094963,1.7091925101782022,1.6722658885094963,1.6880916357040405,994925,0.0,0.0
1987-06-25 00:00:00-04:00,1.6933660456435873,1.7039166610890855,1.6880909205986072,1.6986416578292847,1304780,0.0,0.0
1987-06-26 00:00:00-04:00,1.698641657829285,1.7144673983197631,1.6880909205986072,1.6986416578292847,3994224,0.0,0.0
1987-06-29 00:00:00-04:00,1.6854531714341936,1.696003786854877,1.6854531714341936,1.690728783607483,1738093,0.0,0.0
1987-06-30 00:00:00-04:00,1.6854538898876215,1.693366763487247,1.64852678106701,1.6617152690887451,1963222,0.0,0.0
1987-07-01 00:00:00-04:00,1.666990644224617,1.6801790124220195,1.6485270261764529,1.6485270261764526,459941,0.0,0.0
1987-07-02 00:00:00-04:00,1.666989449131909,1.682815187338457,1.6617143248482216,1.6643515825271606,1588007,0.0,0.0
1987-07-06 00:00:00-04:00,1.6775402995149575,1.6775402995149575,1.6643518171283467,1.6669896841049194,977980,0.0,0.0
1987-07-07 00:00:00-04:00,1.6617146832774987,1.6933661665177704,1.6617146832774987,1.6854532957077026,2471578,0.0,0.0
1987-07-08 00:00:00-04:00,1.6828159071238005,1.6986421392402982,1.6828159071238005,1.6960042715072632,4231457,0.0,0.0
1987-07-09 00:00:00-04:00,1.6986419102513233,1.7513946299624505,1.6986419102513233,1.7382062673568726,4091054,0.0,0.0
1987-07-10 00:00:00-04:00,1.74348188119797,1.7883218544277457,1.7408441354201665,1.7672204971313477,2125411,0.0,0.0
1987-07-13 00:00:00-04:00,1.8265670537948608,1.8331616000985669,1.800190695357901,1.8265670537948608,2592131,0.0,2.5
1987-07-14 00:00:00-04:00,1.8133786072620217,1.89250765762268,1.806784550178255,1.8793197870254517,3170204,0.0,0.0
1987-07-15 00:00:00-04:00,1.8727258332910295,1.8727258332910295,1.8265670537948608,1.8265670537948608,1194878,0.0,0.0
1987-07-16 00:00:00-04:00,1.8265677550089703,1.9122914095326204,1.8265677550089703,1.8859150409698486,2245480,0.0,0.0
1987-07-17 00:00:00-04:00,1.859537269502682,1.899101609820167,1.859537269502682,1.892507553100586,1486336,0.0,0.0
1987-07-20 00:00:00-04:00,1.8727260790385178,1.925478924620093,1.8727260790385178,1.905696988105774,1313979,0.0,0.0
1987-07-21 00:00:00-04:00,1.8925065101291694,1.9320713157828413,1.8793186475282075,1.918882966041565,951836,0.0,0.0
1987-07-22 00:00:00-04:00,1.9848258400918124,1.9914197771538378,1.9254785797558078,1.9584494829177856,2782885,0.0,0.0
1987-07-23 00:00:00-04:00,1.9716362953186035,1.9914187047778067,1.9518538858594003,1.9716362953186035,877277,0.0,0.0
1987-07-24 00:00:00-04:00,1.9980146813263695,2.004609230506318,1.9782328605651853,1.9782328605651855,903421,0.0,0.0
1987-07-27 00:00:00-04:00,1.9980137365902637,2.0507665733142457,1.9848258623185309,2.03098464012146,1424365,0.0,0.0
1987-07-28 00:00:00-04:00,2.044173004066094,2.136490576286251,2.030985005635744,2.070549488067627,3634986,0.0,0.0
1987-07-29 00:00:00-04:00,2.0771424877733913,2.1101133823394775,2.0771424877733913,2.1101133823394775,2888429,0.0,0.0
1987-07-30 00:00:00-04:00,2.2024316840853455,2.215619559389264,2.1826491404182917,2.1958372592926025,4202408,0.0,0.0
1987-07-31 00:00:00-04:00,2.202430724828365,2.209024659608371,2.176053767856911,2.189242124557495,1412745,0.0,0.0
1987-08-03 00:00:00-04:00,2.189243078070251,2.2090256217373048,2.189243078070251,2.1958372592926025,1327535,0.0,0.0
1987-08-04 00:00:00-04:00,2.2090258581500364,2.215619796507687,2.1167082854387433,2.1826493740081787,1315915,0.0,0.0
1987-08-05 00:00:00-04:00,2.1892423382037616,2.1958365171975736,2.110113408129563,2.1430835723876953,930533,0.0,0.0
1987-08-06 00:00:00-04:00,2.1364894075784786,2.1628658771514893,2.0771422901466337,2.1628658771514893,1749712,0.0,0.0
1987-08-07 00:00:00-04:00,2.1496768328730904,2.2156181149668837,2.1430828995198974,2.202430248260498,2779980,0.0,0.0
1987-08-10 00:00:00-04:00,2.2156185943883773,2.222212529168383,2.1628658982968987,2.189242124557495,1141622,0.0,0.0
1987-08-11 00:00:00-04:00,2.189242124557495,2.202430724828365,2.136489428466017,2.189242124557495,2382978,0.0,0.0
1987-08-12 00:00:00-04:00,2.1892430639671843,2.1892430639671843,2.1167080452701574,2.1233019828796387,1461160,0.0,0.0
1987-08-13 00:00:00-04:00,2.1628668448776405,2.22880792652888,2.1628668448776405,2.2156195640563965,2843888,0.0,0.0
1987-08-14 00:00:00-04:00,2.2156181149668837,2.2156181149668837,2.195835827766839,2.202430248260498,2329722,0.0,0.0
1987-08-17 00:00:00-04:00,2.1896910667419434,2.2162333277381463,2.1830558078638145,2.1896910667419434,956677,0.026851,0.0
1987-08-18 00:00:00-04:00,2.196325777294675,2.196325777294675,2.056981730290865,2.129971504211426,1705171,0.0,0.0
1987-08-19 00:00:00-04:00,2.0901604613010623,2.149879527701408,2.0636186812450004,2.1432442665100098,2086680,0.0,0.0
1987-08-20 00:00:00-04:00,2.1366085151249656,2.163150050084205,2.129973253933567,2.1432442665100098,766891,0.0,0.0
1987-08-21 00:00:00-04:00,2.1498780123063397,2.2162325382232666,2.143242755791967,2.2162325382232666,1365298,0.0,0.0
1987-08-24 00:00:00-04:00,2.1896918301402675,2.20296284271671,2.129973253933567,2.1432442665100098,978948,0.0,0.0
1987-08-25 00:00:00-04:00,2.143243634789878,2.176420666258423,2.1299726261250593,2.1366078853607178,2347151,0.0,0.0
1987-08-26 00:00:00-04:00,2.136606877173362,2.136606877173362,2.063617099248343,2.096794605255127,1618992,0.0,0.0
1987-08-27 00:00:00-04:00,2.090160202768753,2.09679595333302,2.0569831656249664,2.0835249423980713,1042856,0.0,0.0
1987-08-28 00:00:00-04:00,2.0901594161987305,2.1366074467981155,2.070253397480937,2.0901594161987305,2270656,0.0,0.0
1987-08-31 00:00:00-04:00,2.083523822538256,2.083523822538256,2.0437114238739014,2.0437114238739014,895675,0.0,0.0
1987-09-01 00:00:00-04:00,2.0437116412552974,2.110065564388135,2.0437116412552974,2.0569822788238525,4157866,0.0,0.0
1987-09-02 00:00:00-04:00,2.0569818926332197,2.096794655702593,2.0304401322858507,2.0702528953552246,1903672,0.0,0.0
1987-09-03 00:00:00-04:00,2.090159715300424,2.090159715300424,2.0569826858942046,2.0636179447174072,1496987,0.0,0.0
1987-09-04 00:00:00-04:00,2.0636171574710858,2.0636171574710858,2.0370755195617676,2.0370755195617676,1023490,0.0,0.0
1987-09-08 00:00:00-04:00,2.0105336380794068,2.0304400184985254,1.977356745875254,2.0038983821868896,1047697,0.0,0.0
1987-09-09 00:00:00-04:00,2.017169998473156,2.070253284037438,2.0105341282213325,2.0569822788238525,1047697,0.0,0.0
1987-09-10 00:00:00-04:00,2.083524330439809,2.1233371064543314,2.083524330439809,2.116701602935791,2184478,0.0,0.0
1987-09-11 00:00:00-04:00,2.1100655937031183,2.163148880004883,2.1100655937031183,2.163148880004883,2639577,0.0,0.0
1987-09-14 00:00:00-04:00,2.242774430642503,2.2693161964416504,2.2228681675673148,2.2693161964416504,3555586,0.0,0.0
1987-09-15 00:00:00-04:00,2.269316756844589,2.269316756844589,2.2295039757658404,2.262681007385254,3572047,0.0,0.0
1987-09-16 00:00:00-04:00,2.282586328850243,2.282586328850243,2.183055030168153,2.2162325382232666,2192224,0.0,0.0
1987-09-17 00:00:00-04:00,2.229504058681787,2.2825873602663833,2.229504058681787,2.275952100753784,2129285,0.0,0.0
1987-09-18 00:00:00-04:00,2.289221845570767,2.322399357397028,2.2693160737650446,2.302493095397949,2264846,0.0,0.0
1987-09-21 00:00:00-04:00,2.355577210330112,2.368848219744051,2.2958586483544434,2.3157644271850586,2129285,0.0,0.0
1987-09-22 00:00:00-04:00,2.302493228497208,2.36884752069541,2.302493228497208,2.355576515197754,1785539,0.0,0.0
1987-09-23 00:00:00-04:00,2.355576946800839,2.4020249843597408,2.335670680003701,2.402024984359741,3080152,0.0,0.0
1987-09-24 00:00:00-04:00,2.4020245762066086,2.4219310847179605,2.368847552214412,2.3953893184661865,4338938,0.0,0.0
1987-09-25 00:00:00-04:00,2.4086608886718754,2.4086608886718754,2.3489423173745263,2.408660888671875,4550027,0.0,0.0
1987-09-28 00:00:00-04:00,2.4152953367841477,2.4285663424583825,2.3953893184661865,2.3953893184661865,1801032,0.0,0.0
1987-09-29 00:00:00-04:00,2.402025628025949,2.415296394414604,2.395390367380023,2.408660888671875,1597690,0.0,0.0
1987-09-30 00:00:00-04:00,2.3688484133700665,2.3887544389245337,2.362212663023936,2.3821191787719727,1225864,0.0,0.0
1987-10-01 00:00:00-04:00,2.395390367380023,2.415296394414604,2.388754616540491,2.408660888671875,1126129,0.0,0.0
1987-10-02 00:00:00-04:00,2.4152952124315146,2.4285662174224854,2.3953891951384243,2.4285662174224854,1423396,0.0,0.0
1987-10-05 00:00:00-04:00,2.4219316513576525,2.4219316513576525,2.38211887011697,2.38875412940979,2881651,0.0,0.0
1987-10-06 00:00:00-04:00,2.3754837244510205,2.3887542436714306,2.3157644271850586,2.3157644271850586,3549776,0.0,0.0
1987-10-07 00:00:00-04:00,2.3224000081592715,2.3224000081592715,2.2759519687806065,2.309128999710083,2535001,0.0,0.0
1987-10-08 00:00:00-04:00,2.3091296813731077,2.3290359548265434,2.229504587559364,2.249411106109619,1321725,0.0,0.0
1987-10-09 00:00:00-04:00,2.249410444638811,2.249410444638811,2.2029621601104736,2.2029621601104736,1549275,0.0,0.0
1987-10-12 00:00:00-04:00,2.2029616511020693,2.2029616511020693,2.129972101800057,2.163148880004883,1543465,0.0,0.0
1987-10-13 00:00:00-04:00,2.1830546855926514,2.196325686719989,2.156512928434588,2.1830546855926514,2565987,0.0,0.0
1987-10-14 00:00:00-04:00,2.169785306817644,2.1764205657468727,2.1233372688293457,2.1233372688293457,2604718,0.0,0.0
1987-10-15 00:00:00-04:00,2.0304394804973915,2.0835229841518697,1.9839914760738635,1.9972625970840454,3270907,0.0,0.0
1987-10-16 00:00:00-04:00,2.0105337591041286,2.0569819011791575,1.9110024637587841,2.0370755195617676,2493364,0.0,0.0
1987-10-19 00:00:00-04:00,1.8579195305712835,1.9110029422290815,1.419981598854065,1.419981598854065,4390258,0.0,0.0
1987-10-20 00:00:00-04:00,1.4597932896544679,1.6190438276681356,1.2474599742593893,1.373533010482788,4486119,0.0,0.0
1987-10-21 00:00:00-04:00,1.592501903899983,1.6721269194385944,1.565960272903209,1.5792309045791626,6595070,0.0,0.0
1987-10-22 00:00:00-04:00,1.592502474784851,1.6057731112181004,1.512876940508693,1.592502474784851,3274780,0.0,0.0
1987-10-23 00:00:00-04:00,1.5394194211278642,1.5858674668589203,1.4597943399299285,1.4863359928131104,2493364,0.0,0.0
1987-10-26 00:00:00-05:00,1.3270849897054156,1.3403561141106897,1.2607305931621697,1.2740017175674438,4279872,0.0,0.0
1987-10-27 00:00:00-05:00,1.3138139878484538,1.3403561141106897,1.2474600814984582,1.2740017175674438,1844605,0.0,0.0
1987-10-28 00:00:00-05:00,1.194377204258067,1.3204503059387207,1.194377204258067,1.3204503059387207,6243578,0.0,0.0
1987-10-29 00:00:00-05:00,1.327085180950899,1.5526896715164182,1.327085180950899,1.5526896715164185,3082089,0.0,0.0
1987-10-30 00:00:00-05:00,1.5526903800137297,1.658857110581805,1.5526903800137297,1.6057738065719604,1863971,0.0,0.0
1987-11-02 00:00:00-05:00,1.5659606790698966,1.6190440773800923,1.5128767905664173,1.5858665704727173,2090553,0.0,0.0
1987-11-03 00:00:00-05:00,1.5925028891394981,1.5991382703567545,1.5195132055562168,1.565961241722107,1131939,0.0,0.0
1987-11-04 00:00:00-05:00,1.5593250485188643,1.5593250485188643,1.4863352631861826,1.5195127725601196,814338,0.0,0.0
1987-11-05 00:00:00-05:00,1.4332523770138057,1.6455864301424548,1.4332523770138057,1.6190447807312012,3196348,0.0,0.0
1987-11-06 00:00:00-05:00,1.6057724291028765,1.7053038144748576,1.6057724291028765,1.6455851793289185,2753836,0.0,0.0
1987-11-09 00:00:00-05:00,1.652220971545863,1.652220971545863,1.5394185509956757,1.5858665704727173,2455601,0.0,0.0
1987-11-10 00:00:00-05:00,1.572596608539864,1.572596608539864,1.4929715382634394,1.5460549592971802,1866876,0.0,0.0
1987-11-11 00:00:00-05:00,1.592502474784851,1.592502474784851,1.5659608342733533,1.592502474784851,949899,0.0,0.0
1987-11-12 00:00:00-05:00,1.698670506477356,1.7053058912302121,1.6588577077664977,1.698670506477356,1494082,0.0,0.0
1987-11-13 00:00:00-05:00,1.7053045232209538,1.7252109066073191,1.6787627604046882,1.6920338869094849,706857,0.0,0.0
1987-11-16 00:00:00-05:00,1.6992586327802015,1.7260185480117798,1.6992586327802015,1.7260185480117798,2745121,0.026851,0.0
1987-11-17 00:00:00-05:00,1.7126401204158235,1.7193300735873207,1.6457399709195994,1.685880184173584,1404999,0.0,0.0
1987-11-18 00:00:00-05:00,1.6858794510331383,1.6858794510331383,1.6323596018229016,1.672499179840088,1470843,0.0,0.0
1987-11-19 00:00:00-05:00,1.6591191853855753,1.6591191853855753,1.612289172507578,1.632359266281128,766891,0.0,0.0
1987-11-20 00:00:00-05:00,1.6457389169429237,1.6591191853855753,1.5922190787340285,1.632359266281128,1088366,0.0,0.0
1987-11-23 00:00:00-05:00,1.6122885150754753,1.6323586006651805,1.5654583977369103,1.6055985689163208,1658692,0.0,0.0
1987-11-24 00:00:00-05:00,1.6189787635293136,1.7260185480117798,1.6055989912477542,1.7260185480117798,3878029,0.0,0.0
1987-11-25 00:00:00-05:00,1.7260186735279257,1.7929187753622327,1.7260186735279257,1.779538631439209,2956210,0.0,0.0
1987-11-27 00:00:00-05:00,1.7661591157981933,1.7929190368789796,1.7393991947174072,1.7393991947174072,1376918,0.0,0.0
1987-11-30 00:00:00-05:00,1.5922187604036389,1.6724985016667493,1.5788389888606733,1.6658086776733398,2706390,0.0,0.0
1987-12-01 00:00:00-05:00,1.6992589415853236,1.7393991306177223,1.612289232166789,1.6256688833236694,822084,0.0,0.0
1987-12-02 00:00:00-05:00,1.632359308306184,1.645738959312439,1.6122892140159302,1.645738959312439,1333345,0.0,0.0
1987-12-03 00:00:00-05:00,1.645738830491782,1.645738830491782,1.592218995094299,1.5922189950942993,1343028,0.0,0.0
1987-12-04 00:00:00-05:00,1.5386990361406518,1.592218995094299,1.5119391184419104,1.5922189950942993,1143559,0.0,0.0
1987-12-07 00:00:00-05:00,1.592219058439997,1.6323592454754794,1.592219058439997,1.6189789772033691,1032204,0.0,0.0
1987-12-08 00:00:00-05:00,1.6390491348464167,1.6992589235305784,1.6390491348464167,1.6992589235305786,2541779,0.0,0.0
1987-12-09 00:00:00-05:00,1.699258119769039,1.7594683741980073,1.679188529183847,1.7527779340744019,5305298,0.0,0.0
1987-12-10 00:00:00-05:00,1.7126401204158235,1.7661601164565521,1.6858801841735842,1.685880184173584,2110887,0.0,0.0
1987-12-11 00:00:00-05:00,1.68587953672346,1.759469611129433,1.68587953672346,1.7460893392562866,1915291,0.0,0.0
1987-12-14 00:00:00-05:00,1.7527788070054344,1.8196790406516612,1.7460889813306957,1.7996089458465576,3111138,0.0,0.0
1987-12-15 00:00:00-05:00,1.8196803331375122,1.8732002121113935,1.7929202700943063,1.8196803331375122,2378137,0.0,0.0
1987-12-16 00:00:00-05:00,1.819678945386416,1.8464388644653023,1.8129889965057373,1.8129889965057373,3449073,0.0,0.0
1987-12-17 00:00:00-05:00,1.8196795929736227,1.8598197947674664,1.8196795929736227,1.8397496938705444,1960801,0.0,0.0
1987-12-18 00:00:00-05:00,1.859818505453279,1.87319815158844,1.8330584718461813,1.87319815158844,2772234,0.0,0.0
1987-12-21 00:00:00-05:00,1.8731990436067323,1.9668592058325887,1.8665092173534532,1.933409333229065,3966144,0.0,0.0
1987-12-22 00:00:00-05:00,1.926717989098866,1.9334083060223777,1.8731980483893453,1.9066483974456787,2604718,0.0,0.0
1987-12-23 00:00:00-05:00,1.9200280428437217,1.9334083060223777,1.886578311568001,1.9066483974456787,2946527,0.0,0.0
1987-12-24 00:00:00-05:00,1.906650335079469,1.9133401645770312,1.8798897815267392,1.886580228805542,948931,0.0,0.0
1987-12-28 00:00:00-05:00,1.8330604882153805,1.8330604882153805,1.7661603306073657,1.8196803331375122,835640,0.0,0.0
1987-12-29 00:00:00-05:00,1.819678945386416,1.8330590902601156,1.7996088516320377,1.8129889965057373,510292,0.0,0.0
1987-12-30 00:00:00-05:00,1.812988329958561,1.9200280904769895,1.812988329958561,1.9200280904769897,1148400,0.0,0.0
1987-12-31 00:00:00-05:00,1.8999587297439577,1.9200288237848258,1.873198810283088,1.8999587297439575,1782634,0.0,0.0
1988-01-04 00:00:00-05:00,1.9200290240062892,1.9534788959315001,1.9133391978886698,1.9400991201400757,2454632,0.0,0.0
1988-01-05 00:00:00-05:00,1.9735500812530515,2.0070004658640266,1.9601702980774234,1.9735500812530518,2945559,0.0,0.0
1988-01-06 00:00:00-05:00,1.9735492869943678,1.993619386127449,1.9601695092034568,1.9668594598770142,3443263,0.0,0.0
1988-01-07 00:00:00-05:00,1.9534791878612867,1.9668594598770144,1.926719261610852,1.9668594598770142,1874623,0.0,0.0
1988-01-08 00:00:00-05:00,1.9400996261069745,1.966859678893435,1.712639671646932,1.7661596536636353,1625770,0.0,0.0
1988-01-11 00:00:00-05:00,1.739399733473825,1.866509675979614,1.739399733473825,1.8665096759796143,1862035,0.0,0.0
1988-01-12 00:00:00-05:00,1.8531301030508565,1.8531301030508565,1.7728501610337692,1.8196803331375122,1265564,0.0,0.0
1988-01-13 00:00:00-05:00,1.7929194018818624,1.8598196506500244,1.7728493025401726,1.8598196506500244,507388,0.0,0.0
1988-01-14 00:00:00-05:00,1.853129197887075,1.9400994220748882,1.8464393707283275,1.9133394956588745,1576387,0.0,0.0
1988-01-15 00:00:00-05:00,1.9668582096492797,1.9668582096492797,1.9133382676120025,1.9200280904769897,1844605,0.0,0.0
1988-01-18 00:00:00-05:00,1.8999579569660443,1.9334083060223777,1.859818402991302,1.9066483974456787,735906,0.0,0.0
1988-01-19 00:00:00-05:00,1.893269102344777,1.8999589284644807,1.8464390839449936,1.8531289100646973,939248,0.0,0.0
1988-01-20 00:00:00-05:00,1.799608986260131,1.8330592273906094,1.6858792289996547,1.7393991947174072,3695989,0.0,0.0
1988-01-21 00:00:00-05:00,1.7460896919794593,1.752779520376921,1.659119945912815,1.7126398086547852,2292927,0.0,0.0
1988-01-22 00:00:00-05:00,1.7527793801579692,1.7661596536636353,1.7059498437846439,1.7661596536636353,1757459,0.0,0.0
1988-01-25 00:00:00-05:00,1.7661603306073657,1.8330604882153805,1.759470500180962,1.8196803331375122,1064158,0.0,0.0
1988-01-26 00:00:00-05:00,1.7795374739944514,1.8062978679911956,1.7728475299403677,1.7929176092147827,549024,0.0,0.0
1988-01-27 00:00:00-05:00,1.8062989508334224,1.8196787234064298,1.719328761100769,1.719328761100769,3307702,0.0,0.0
1988-01-28 00:00:00-05:00,1.7661590761357993,1.8062992657460064,1.7594692504610605,1.7996089458465576,3150838,0.0,0.0
1988-01-29 00:00:00-05:00,1.8063005487284398,1.8196803331375122,1.7929202700943063,1.8196803331375122,945058,0.0,0.0
1988-02-01 00:00:00-05:00,1.819677632543281,1.8330577677636122,1.7862277887167808,1.7929176092147827,1132907,0.0,0.0
1988-02-02 00:00:00-05:00,1.779538851041454,1.812989091420745,1.7661590761357993,1.7996089458465576,1194878,0.0,0.0
1988-02-03 00:00:00-05:00,1.7862294912338257,1.8263691938168654,1.7795391701347203,1.7862294912338257,854038,0.0,0.0
1988-02-04 00:00:00-05:00,1.779538631439209,1.7996087237675822,1.766158858184672,1.779538631439209,492863,0.0,0.0
1988-02-05 00:00:00-05:00,1.7795374739944514,1.8062978679911956,1.7795374739944514,1.7929176092147827,782384,0.0,0.0
1988-02-08 00:00:00-05:00,1.7929189966156416,1.8196790406516612,1.726018886525592,1.7996089458465576,1402094,0.0,0.0
1988-02-09 00:00:00-05:00,1.7862304396679027,1.8196803331375122,1.7661603306073657,1.8196803331375122,513197,0.0,0.0
1988-02-10 00:00:00-05:00,1.8196796451380208,1.8731995038766722,1.7862297643154181,1.8665096759796143,7196382,0.0,0.0
1988-02-11 00:00:00-05:00,1.873198094860825,1.926718036898102,1.873198094860825,1.9200280904769897,3319321,0.0,0.0
1988-02-12 00:00:00-05:00,1.954261754192779,2.008172415548971,1.954261754192779,1.9879558086395264,2325849,0.026851,0.0
1988-02-16 00:00:00-05:00,1.9744794798787972,2.02165150642395,1.9475241961564094,2.02165150642395,1472779,0.0,0.0
1988-02-17 00:00:00-05:00,2.028389453385004,2.095777452136781,2.0216507904138092,2.0418667793273926,3227333,0.0,0.0
1988-02-18 00:00:00-05:00,2.0351273992288634,2.0418660598255247,2.008172134551605,2.028388738632202,378604,0.0,0.0
1988-02-19 00:00:00-05:00,2.0216521382031654,2.028390805666876,1.981218888838408,2.008174180984497,1642231,0.0,0.0
1988-02-22 00:00:00-05:00,2.021650991638068,2.0688223838806152,2.0081730420633237,2.0688223838806152,891801,0.0,0.0
1988-02-23 00:00:00-05:00,2.0688223620340245,2.095777638607973,2.0553449104343167,2.0755615234375,1563799,0.0,0.0
1988-02-24 00:00:00-05:00,2.0620835957805115,2.0890389970972847,2.048606268496662,2.0688223838806152,717508,0.0,0.0
1988-02-25 00:00:00-05:00,2.0553447834591334,2.095777509134935,1.9677396732877068,1.9946949481964111,1452445,0.0,0.0
1988-02-26 00:00:00-05:00,2.0216521382031654,2.0351294731305862,2.0014355135207866,2.008174180984497,533532,0.0,0.0
1988-02-29 00:00:00-05:00,2.048606268496662,2.0688223838806152,2.0283896552799927,2.0688223838806152,997346,0.0,0.0
1988-03-01 00:00:00-05:00,2.075561191601324,2.0890386410462867,2.028389309565929,2.0620832443237305,1726473,0.0,0.0
1988-03-02 00:00:00-05:00,2.0486067901463385,2.0620841208620058,2.0081735534172296,2.02165150642395,1127097,0.0,0.0
1988-03-03 00:00:00-05:00,2.0351291522225994,2.0351291522225994,1.9677406213378683,1.9812185764312744,922787,0.0,0.0
1988-03-04 00:00:00-05:00,1.9812173361469125,2.0486058248450103,1.9812173361469125,2.035127878189087,853069,0.0,0.0
1988-03-07 00:00:00-05:00,2.0216507904138092,2.04860606458942,2.0081728421805876,2.0418667793273926,1178417,0.0,0.0
1988-03-08 00:00:00-05:00,2.0486053427127997,2.0486053427127997,2.021650078035541,2.028388738632202,742684,0.0,0.0
1988-03-09 00:00:00-05:00,2.0351279425763718,2.115994007114374,2.0216506177848133,2.0957772731781006,2804188,0.0,0.0
1988-03-10 00:00:00-05:00,2.0823002745842545,2.1496887799987507,2.0553449968766393,2.10925555229187,3148901,0.0,0.0
1988-03-11 00:00:00-05:00,2.102516888437695,2.1294722906034935,2.0553449968766393,2.10925555229187,2353930,0.0,0.0
1988-03-14 00:00:00-05:00,2.109254809261208,2.12947154045105,2.082299541049169,2.12947154045105,1060285,0.0,0.0
1988-03-15 00:00:00-05:00,2.1294713040200417,2.14968778404901,2.1025159143426677,2.1362099647521973,1313010,0.0,0.0
1988-03-16 00:00:00-05:00,2.129470808270819,2.1968586444854736,2.129470808270819,2.1968586444854736,2143809,0.0,0.0
1988-03-17 00:00:00-05:00,2.1968586444854736,2.210336709560789,2.1699035099996116,2.1968586444854736,900516,0.0,0.0
1988-03-18 00:00:00-05:00,2.2372932665886416,2.2372932665886416,2.196860041318738,2.2170767784118652,2852602,0.0,0.0
1988-03-21 00:00:00-05:00,2.1968600766704216,2.223815477645338,2.16990492461186,2.183382749557495,1662566,0.0,0.0
1988-03-22 00:00:00-05:00,2.169905185699463,2.1766443478995057,2.1429497814812146,2.169905185699463,681681,0.0,0.0
1988-03-23 00:00:00-05:00,2.1564283069404,2.183383467866917,2.1429502286442683,2.176644802093506,1449540,0.0,0.0
1988-03-24 00:00:00-05:00,2.1294723154746524,2.1294723154746524,2.0486063569491497,2.0890390872955322,1514416,0.0,0.0
1988-03-25 00:00:00-05:00,2.102516612940642,2.102516612940642,2.0351281163561983,2.0418667793273926,1221991,0.0,0.0
1988-03-28 00:00:00-05:00,2.048605637211932,2.1025161743164062,2.0081724232382245,2.1025161743164062,1260722,0.0,0.0
1988-03-29 00:00:00-05:00,2.129473712849279,2.1429510495589548,2.1092569610351695,2.122734546661377,1666439,0.0,0.0
1988-03-30 00:00:00-05:00,2.1496880227246136,2.1496880227246136,2.1227323811381575,2.12947154045105,916977,0.0,0.0
1988-03-31 00:00:00-05:00,2.1159944897761562,2.1294723154746524,2.068822473205972,2.0890390872955322,1323662,0.0,0.0
1988-04-04 00:00:00-04:00,2.0890396130814057,2.0890396130814057,2.021651587751837,2.0486068725585938,734937,0.0,0.0
1988-04-05 00:00:00-04:00,2.075561545355256,2.0890389970972847,2.0351283189219176,2.0688223838806152,813369,0.0,0.0
1988-04-06 00:00:00-04:00,2.0755617836763816,2.1564278724537655,2.0755617836763816,2.149688959121704,2196097,0.0,0.0
1988-04-07 00:00:00-04:00,2.1564266936974157,2.1699040151617273,2.1294713040200417,2.1362099647521973,988631,0.0,0.0
1988-04-08 00:00:00-04:00,2.149688709292542,2.1564276218414307,2.1227330590969857,2.1564276218414307,728159,0.0,0.0
1988-04-11 00:00:00-04:00,2.183383012266779,2.1901216766340523,2.1496889436812574,2.169905185699463,898579,0.0,0.0
1988-04-12 00:00:00-04:00,2.169905185699463,2.1766443478995057,2.1429497814812146,2.169905185699463,1029299,0.0,0.0
1988-04-13 00:00:00-04:00,2.156429133018227,2.156429133018227,2.1092569610351695,2.122734546661377,627456,0.0,0.0
1988-04-14 00:00:00-04:00,2.089038544689413,2.095777206871995,2.0081726071679995,2.035127878189087,2256132,0.0,0.0
1988-04-15 00:00:00-04:00,2.021650078035541,2.028388738632202,1.994694191067669,2.028388738632202,1511511,0.0,0.0
1988-04-18 00:00:00-04:00,2.028389840837618,2.028389840837618,1.9879566107054374,2.0149118900299072,695237,0.0,0.0
1988-04-19 00:00:00-04:00,2.021651587751837,2.0890396130814057,2.021651587751837,2.0486068725585938,1943372,0.0,0.0
1988-04-20 00:00:00-04:00,2.062083390531809,2.0890387891655866,2.028389453385004,2.0418667793273926,1342059,0.0,0.0
1988-04-21 00:00:00-04:00,2.0486053427127997,2.075560607390058,2.021650078035541,2.028388738632202,835640,0.0,0.0
1988-04-22 00:00:00-04:00,2.0149117057052486,2.082300208997181,2.0149117057052486,2.0688223838806152,625520,0.0,0.0
1988-04-25 00:00:00-04:00,2.0620832443237305,2.075561191601324,2.0553445818303278,2.0620832443237305,493831,0.0,0.0
1988-04-26 00:00:00-04:00,2.0486059191113433,2.0890386408162525,2.0486059191113433,2.055344581604004,1091270,0.0,0.0
1988-04-27 00:00:00-04:00,2.0486068725585938,2.0688229939035683,2.0418675846385956,2.0486068725585938,593566,0.0,0.0
1988-04-28 00:00:00-04:00,2.0688220312752907,2.1025164638657228,2.0553445818303278,2.0620832443237305,1130002,0.0,0.0
1988-04-29 00:00:00-04:00,2.1025182926803314,2.1227345466613774,2.0823016653244877,2.122734546661377,2174795,0.0,0.0
1988-05-02 00:00:00-04:00,2.129473712849279,2.1429510495589548,2.1092569610351695,2.122734546661377,660378,0.0,0.0
1988-05-03 00:00:00-04:00,2.115994641377784,2.1631665368694404,2.115994641377784,2.149688959121704,1104827,0.0,0.0
1988-05-04 00:00:00-04:00,2.149690215746857,2.149690215746857,2.1159958783065393,2.122734546661377,1430174,0.0,0.0
1988-05-05 00:00:00-04:00,2.1362109544576686,2.142949618311844,2.102516888437695,2.10925555229187,1116446,0.0,0.0
1988-05-06 00:00:00-04:00,2.1227330590969857,2.1699049491064937,2.1227330590969857,2.1564276218414307,1314947,0.0,0.0
1988-05-09 00:00:00-04:00,2.1564276218414307,2.1699049491064937,2.1429495478272953,2.1564276218414307,633266,0.0,0.0
1988-05-10 00:00:00-04:00,2.1631665368694404,2.190121692364913,2.142949796873256,2.149688959121704,817242,0.0,0.0
1988-05-11 00:00:00-04:00,2.136210522846453,2.136210522846453,2.0351279718352338,2.055344581604004,1091270,0.0,0.0
1988-05-12 00:00:00-04:00,2.0486059191113433,2.0890386408162525,2.0486059191113433,2.055344581604004,1074809,0.0,0.0
1988-05-13 00:00:00-04:00,2.068822473205972,2.102516912994029,2.068822473205972,2.0890390872955322,1193910,0.0,0.0
1988-05-16 00:00:00-04:00,2.0895811810638385,2.1167185306549072,2.0895811810638385,2.1167185306549072,1236515,0.026851,0.0
1988-05-17 00:00:00-04:00,2.1438569884447,2.1438569884447,2.109934816032798,2.1235036849975586,1260722,0.0,0.0
1988-05-18 00:00:00-04:00,2.116718843160529,2.130287457309867,2.0895814895629883,2.0895814895629883,850165,0.0,0.0
1988-05-19 00:00:00-04:00,2.0760124995170544,2.0963656713387917,2.062444135965448,2.0895814895629883,1060285,0.0,0.0
1988-05-20 00:00:00-04:00,2.089581983688416,2.1099346591275077,2.089581983688416,2.0963661670684814,887928,0.0,0.0
1988-05-23 00:00:00-04:00,2.096366231324181,2.096366231324181,2.0353073260431236,2.0624446868896484,318570,0.0,0.0
1988-05-24 00:00:00-04:00,2.0760124995170544,2.0963656713387917,2.062444135965448,2.0895814895629883,989599,0.0,0.0
1988-05-25 00:00:00-04:00,2.1031501293182373,2.1235031773014765,2.096365821756782,2.1031501293182373,837577,0.0,0.0
1988-05-26 00:00:00-04:00,2.109934348312002,2.1302876472473145,2.096365858251757,2.1302876472473145,776574,0.0,0.0
1988-05-27 00:00:00-04:00,2.130288119479939,2.130288119479939,2.109934816032798,2.1235036849975586,334062,0.0,0.0
1988-05-31 00:00:00-04:00,2.1235015118261233,2.218482745583121,2.1235015118261233,2.211697816848755,1751649,0.0,0.0
1988-06-01 00:00:00-04:00,2.2252695887379774,2.2795443222888365,2.2252695887379774,2.2659759521484375,2488523,0.0,0.0
1988-06-02 00:00:00-04:00,2.2524070766511834,2.2591915130615234,2.2388382038305035,2.2591915130615234,1149368,0.0,0.0
1988-06-03 00:00:00-04:00,2.2591901341779965,2.286327362060547,2.2591901341779965,2.286327362060547,1397252,0.0,0.0
1988-06-06 00:00:00-04:00,2.286327362060547,2.286327362060547,2.2659748170452247,2.286327362060547,855006,0.0,0.0
1988-06-07 00:00:00-04:00,2.2388375350530336,2.2998971939086914,2.2388375350530336,2.2998971939086914,1314947,0.0,0.0
1988-06-08 00:00:00-04:00,2.286328848365644,2.3406035900115967,2.286328848365644,2.3406035900115967,1191973,0.0,0.0
1988-06-09 00:00:00-04:00,2.333818148667936,2.3813086786886877,2.306680917739868,2.306680917739868,2051821,0.0,0.0
1988-06-10 00:00:00-04:00,2.320249319076538,2.3541709762412975,2.299896274658142,2.320249319076538,3095645,0.0,0.0
1988-06-13 00:00:00-04:00,2.3270330689240617,2.3541705399855966,2.3066800282773245,2.347386360168457,1260722,0.0,0.0
1988-06-14 00:00:00-04:00,2.3880932273810886,2.422015143580732,2.381308794021606,2.3813087940216064,3581730,0.0,0.0
1988-06-15 00:00:00-04:00,2.381308794021606,2.3880932273810886,2.3677399273026416,2.3813087940216064,1483431,0.0,0.0
1988-06-16 00:00:00-04:00,2.3677396399693915,2.374524323103297,2.3406021604224554,2.3541712760925293,1378855,0.0,0.0
1988-06-17 00:00:00-04:00,2.340602331101075,2.3541714477606197,2.2659750713477664,2.306680917739868,3017213,0.0,0.0
1988-06-20 00:00:00-04:00,2.2795429031519836,2.293111766040748,2.252405427972151,2.272758722305298,502546,0.0,0.0
1988-06-21 00:00:00-04:00,2.2727591803165,2.2727591803165,2.238837016258523,2.252405881881714,2687992,0.0,0.0
1988-06-22 00:00:00-04:00,2.2591898594165336,2.293111766040748,2.2591898594165336,2.272758722305298,3480059,0.0,0.0
1988-06-23 00:00:00-04:00,2.2863278722903506,2.320250041208119,2.2863278722903506,2.3134653568267822,1612214,0.0,0.0
1988-06-24 00:00:00-04:00,2.3338186140338664,2.3338186140338664,2.28632807454345,2.2998971939086914,1330440,0.0,0.0
1988-06-27 00:00:00-04:00,2.2998966609651346,2.3066808431789827,2.2456216996678657,2.252405881881714,1949181,0.0,0.0
1988-06-28 00:00:00-04:00,2.2456215015228462,2.279543161392212,2.2456215015228462,2.279543161392212,3567205,0.0,0.0
1988-06-29 00:00:00-04:00,2.272760385882203,2.2795445716946627,2.2524070766511834,2.2591915130615234,1257818,0.0,0.0
1988-06-30 00:00:00-04:00,2.272758722305298,2.272758722305298,2.2591898594165336,2.272758722305298,1441794,0.0,0.0
1988-07-01 00:00:00-04:00,2.2591915130615234,2.2795445716946627,2.2524070766511834,2.2591915130615234,1426301,0.0,0.0
1988-07-05 00:00:00-04:00,2.2456222200345572,2.2998971939086914,2.2117000481159668,2.2998971939086914,2438171,0.0,0.0
1988-07-06 00:00:00-04:00,2.2931122281535394,2.313465025392831,2.252405881881714,2.252405881881714,2058599,0.0,0.0
1988-07-07 00:00:00-04:00,2.238837016258523,2.2591903146933094,2.232052834044675,2.252405881881714,1272342,0.0,0.0
1988-07-08 00:00:00-04:00,2.2456216996678657,2.2727591803165,2.238837016258523,2.252405881881714,579041,0.0,0.0
1988-07-11 00:00:00-04:00,2.252405427972151,2.286327083998669,2.2456212471254657,2.272758722305298,667156,0.0,0.0
1988-07-12 00:00:00-04:00,2.2795433625303483,2.2863275447441964,2.252405881881714,2.252405881881714,1053507,0.0,0.0
1988-07-13 00:00:00-04:00,2.259191248580389,2.259191248580389,2.225269571695625,2.232053756713867,1020585,0.0,0.0
1988-07-14 00:00:00-04:00,2.2320521047677957,2.2456209659576416,2.204914632985769,2.2456209659576416,1270405,0.0,0.0
1988-07-15 00:00:00-04:00,2.232053501870616,2.2659756760780394,2.2117001973461616,2.225269317626953,793035,0.0,0.0
1988-07-18 00:00:00-04:00,2.21170039197008,2.218485328604266,2.19134783744812,2.19134783744812,678776,0.0,0.0
1988-07-19 00:00:00-04:00,2.184563124387067,2.1913478103394772,2.123503957989471,2.164210319519043,945058,0.0,0.0
1988-07-20 00:00:00-04:00,2.177778992852807,2.2184853553771973,2.177778992852807,2.2184853553771973,322443,0.0,0.0
1988-07-21 00:00:00-04:00,2.2184836210458716,2.2184836210458716,2.1709931107253424,2.1777772903442383,624551,0.0,0.0
1988-07-22 00:00:00-04:00,2.1777779471201173,2.19134681164532,2.096365637060943,2.1438562870025635,1073841,0.0,0.0
1988-07-25 00:00:00-04:00,2.1370723033645103,2.1438569884447,2.1235036849975586,2.1235036849975586,950867,0.0,0.0
1988-07-26 00:00:00-04:00,2.1099355433226017,2.137073040008545,2.096367045577525,2.137073040008545,3075311,0.0,0.0
1988-07-27 00:00:00-04:00,2.1370717924243867,2.143856475882465,2.096365821756782,2.1031501293182373,876309,0.0,0.0
1988-07-28 00:00:00-04:00,2.103149672360852,2.116718535133365,2.0963653662734427,2.109933853149414,1607373,0.0,0.0
1988-07-29 00:00:00-04:00,2.1031493097551706,2.1777772903442383,2.089580825218553,2.1777772903442383,1153241,0.0,0.0
1988-08-01 00:00:00-04:00,2.164208680508795,2.2049145100151253,2.1506398200757,2.1777772903442383,1185195,0.0,0.0
1988-08-02 00:00:00-04:00,2.177778737397314,2.1913476068464184,2.164210118546027,2.184562921524048,483180,0.0,0.0
1988-08-03 00:00:00-04:00,2.1777772903442383,2.191346150777333,2.1777772903442383,2.1777772903442383,981853,0.0,0.0
1988-08-04 00:00:00-04:00,2.1913478103394772,2.1913478103394772,2.150641448809905,2.164210319519043,978948,0.0,0.0
1988-08-05 00:00:00-04:00,2.150640468667438,2.1574246503323127,2.1302874224773602,2.1438562870025635,931502,0.0,0.0
1988-08-08 00:00:00-04:00,2.1302871428010177,2.1506401863190305,2.103149667911102,2.1167185306549072,821116,0.0,0.0
1988-08-09 00:00:00-04:00,2.123504550169602,2.123504550169602,1.9810328715797316,2.0217392444610596,4146247,0.0,0.0
1988-08-10 00:00:00-04:00,2.008167914134941,2.008167914134941,1.899618422453484,1.9199715852737427,2549525,0.0,0.0
1988-08-11 00:00:00-04:00,1.9199725144906898,1.9878162145614624,1.9131883324319188,1.9878162145614624,2288085,0.0,0.0
1988-08-12 00:00:00-04:00,1.987815771875548,2.0081684388182,1.9742469095843038,2.0013842582702637,852101,0.0,0.0
1988-08-15 00:00:00-04:00,1.9950979989144142,2.008763337193618,1.9541031197738885,1.9609354734420776,2527255,0.026851,0.0
1988-08-16 00:00:00-04:00,1.9472709881857857,1.9950982264490458,1.9472709881857857,1.988265872001648,1238452,0.0,0.0
1988-08-17 00:00:00-04:00,1.9746008117212814,1.9814331653894708,1.9609354734420776,1.9609354734420776,1871718,0.0,0.0
1988-08-18 00:00:00-04:00,1.9746026109850758,1.9746026109850758,1.9541049003601076,1.9541049003601074,2883588,0.0,0.0
1988-08-19 00:00:00-04:00,1.9609372559445035,1.974602606645584,1.9609372559445035,1.967769742012024,277901,0.0,0.0
1988-08-22 00:00:00-04:00,1.9677697420120241,1.9814349665244249,1.9609372559445035,1.967769742012024,1101922,0.0,0.0
1988-08-23 00:00:00-04:00,1.9814341816541512,2.0360944271087646,1.9814341816541512,2.0360944271087646,1011870,0.0,0.0
1988-08-24 00:00:00-04:00,2.0292616946131368,2.056591749191284,2.0224287077613257,2.056591749191284,966360,0.0,0.0
1988-08-25 00:00:00-04:00,2.0497583298577804,2.0497583298577804,1.9882652657525801,2.0019304752349854,1150337,0.0,0.0
1988-08-26 00:00:00-04:00,1.9882662351555132,2.0019314513005577,1.9814337532715933,1.99509859085083,642949,0.0,0.0
1988-08-29 00:00:00-04:00,2.001930848632077,2.0292610203173873,2.001930848632077,2.022428035736084,262408,0.0,0.0
1988-08-30 00:00:00-04:00,2.0292606418227135,2.036092994186834,2.0019304752349854,2.0019304752349854,561612,0.0,0.0
1988-08-31 00:00:00-04:00,2.0019310789913054,2.0019310789913054,1.9677681711707458,1.9746010303497314,909231,0.0,0.0
1988-09-01 00:00:00-04:00,1.9746008087808156,1.9746008087808156,1.9131077330302084,1.9267730712890625,4117198,0.0,0.0
1988-09-02 00:00:00-04:00,1.9677688683844274,2.015596628189087,1.954104028504826,2.015596628189087,1436952,0.0,0.0
1988-09-06 00:00:00-04:00,2.022429081820694,2.0702568439142173,2.022429081820694,2.0360944271087646,892770,0.0,0.0
1988-09-07 00:00:00-04:00,2.0360943296686727,2.0429266865141615,1.9814340868299,2.015596628189087,1283962,0.0,0.0
1988-09-08 00:00:00-04:00,2.0087635662867385,2.0087635662867385,1.967768177716558,1.988265872001648,938280,0.0,0.0
1988-09-09 00:00:00-04:00,1.9746010303497317,1.9950982198123195,1.9677681711707458,1.9746010303497314,1249103,0.0,0.0
1988-09-12 00:00:00-04:00,1.9746007995264723,2.008763324787827,1.9746007995264723,1.9814331531524658,386350,0.0,0.0
1988-09-13 00:00:00-04:00,1.981433153152466,1.9950979865930178,1.9746007995264723,1.9814331531524658,582915,0.0,0.0
1988-09-14 00:00:00-04:00,1.981433391365671,1.9882658720016482,1.967768177716558,1.988265872001648,1229737,0.0,0.0
1988-09-15 00:00:00-04:00,1.988265632967024,1.988265632967024,1.9746007995264723,1.9814331531524658,391192,0.0,0.0
1988-09-16 00:00:00-04:00,1.9746007995264723,1.981433153152466,1.9746007995264723,1.9814331531524658,763018,0.0,0.0
1988-09-19 00:00:00-04:00,1.9746010369182736,1.9882658720016482,1.9541033426331833,1.988265872001648,1317852,0.0,0.0
1988-09-20 00:00:00-04:00,1.9950982264490458,1.9950982264490458,1.9746010369182736,1.988265872001648,1061253,0.0,0.0
1988-09-21 00:00:00-04:00,1.9882674569614678,1.9882674569614678,1.9472725404662516,1.9541049003601074,2596004,0.0,0.0
1988-09-22 00:00:00-04:00,1.9677697420120241,1.974602606645584,1.9541048960656626,1.967769742012024,1515384,0.0,0.0
1988-09-23 00:00:00-04:00,1.954103942007536,1.9677687812822713,1.940438597978328,1.9472715854644775,1375950,0.0,0.0
1988-09-26 00:00:00-04:00,1.9404377786050921,1.9541031168639464,1.9267730712890625,1.9267730712890625,263377,0.0,0.0
1988-09-27 00:00:00-04:00,1.9541020516577903,1.9541020516577903,1.9267720209808576,1.9404367208480835,2304546,0.0,0.0
1988-09-28 00:00:00-04:00,1.9336061728213323,1.9336061728213323,1.9131084729764258,1.9199408292770386,906326,0.0,0.0
1988-09-29 00:00:00-04:00,1.9336071897351395,1.9609372602539636,1.9131094791101713,1.9541049003601074,1678058,0.0,0.0
1988-09-30 00:00:00-04:00,1.9609354705219613,1.9609354705219613,1.9267730712890625,1.9267730712890625,1430174,0.0,0.0
1988-10-03 00:00:00-04:00,1.9131084729764258,1.9199408292770386,1.8926107731315194,1.9199408292770386,2262910,0.0,0.0
1988-10-04 00:00:00-04:00,1.9199399811146518,1.9267729653397594,1.8721127510070799,1.87211275100708,1447604,0.0,0.0
1988-10-05 00:00:00-04:00,1.8652802798426558,1.8652802798426558,1.803787699473669,1.8311177492141724,7061789,0.0,0.0
1988-10-06 00:00:00-04:00,1.8379498575715005,1.8926099459735553,1.8311173780683834,1.8857775926589966,5612248,0.0,0.0
1988-10-07 00:00:00-04:00,1.9062761843199445,1.9609362985505945,1.9062761843199445,1.9472715854644775,1396284,0.0,0.0
1988-10-10 00:00:00-04:00,1.9472707661056992,1.9746008117212814,1.9404377814946847,1.9609354734420776,1014775,0.0,0.0
1988-10-11 00:00:00-04:00,1.9541049003601076,1.9746026109850758,1.9472725404662516,1.9541049003601074,500609,0.0,0.0
1988-10-12 00:00:00-04:00,1.954105085277973,1.954105085277973,1.9131096601486206,1.9131096601486206,727191,0.0,0.0
1988-10-13 00:00:00-04:00,1.8994432754409636,1.9267733246090295,1.8994432754409636,1.9062756299972534,1308169,0.0,0.0
1988-10-14 00:00:00-04:00,1.9131083380412357,1.9131083380412357,1.878945928004644,1.8994436264038086,682649,0.0,0.0
1988-10-17 00:00:00-04:00,1.8721127598413208,1.8994429302309068,1.8721127598413208,1.8857775926589966,2688960,0.0,0.0
1988-10-18 00:00:00-04:00,1.8857782838233577,1.8994436264038086,1.8721134459973257,1.8994436264038086,1153241,0.0,0.0
1988-10-19 00:00:00-04:00,1.8994429302309068,1.9062752835454655,1.8721127598413208,1.8857775926589966,1998565,0.0,0.0
1988-10-20 00:00:00-04:00,1.8926119475839445,1.919942020689026,1.8857795870435392,1.9131096601486206,1395316,0.0,0.0
1988-10-21 00:00:00-04:00,1.913107947699019,1.9950982198123195,1.9062755932743491,1.9746010303497314,2612465,0.0,0.0
1988-10-24 00:00:00-04:00,1.9746018244816905,2.0497597723968353,1.9746018244816905,2.0360944271087646,1680963,0.0,0.0
1988-10-25 00:00:00-04:00,1.9404380422275251,1.9404380422275251,1.8311177188874743,1.8789455890655518,21257988,0.0,0.0
1988-10-26 00:00:00-04:00,1.885777935385477,1.9062756299972532,1.8584478862174112,1.9062756299972534,3404532,0.0,0.0
1988-10-27 00:00:00-04:00,1.8857777164527594,1.8857777164527594,1.8447828367429062,1.8516151905059814,2535001,0.0,0.0
1988-10-28 00:00:00-04:00,1.844783203509413,1.8584480399408747,1.8174526473263457,1.8242855072021484,2850666,0.0,0.0
1988-10-31 00:00:00-05:00,1.8174527841613295,1.8242856445515743,1.7901226044863643,1.8037879467010498,2267751,0.0,0.0
1988-11-01 00:00:00-05:00,1.8106205440350427,1.8242858880739028,1.790122843448298,1.8174530267715454,1919164,0.0,0.0
1988-11-02 00:00:00-05:00,1.8106201660163188,1.8242855072021484,1.803787810894884,1.8242855072021484,1917228,0.0,0.0
1988-11-03 00:00:00-05:00,1.8174530267715454,1.8311182446217873,1.8037881874871582,1.8174530267715454,3726006,0.0,0.0
1988-11-04 00:00:00-05:00,1.7969543933868408,1.82428442865761,1.7969543933868408,1.7969543933868408,1368203,0.0,0.0
1988-11-07 00:00:00-05:00,1.7969558105285577,1.8379507064819336,1.7764581101746362,1.8379507064819336,3339656,0.0,0.0
1988-11-08 00:00:00-05:00,1.8447828367429062,1.8516151905059817,1.8311174982739213,1.8516151905059814,1270405,0.0,0.0
1988-11-09 00:00:00-05:00,1.8447834253311157,1.8584482634056743,1.8379505646337115,1.8447834253311157,1308169,0.0,0.0
1988-11-10 00:00:00-05:00,1.8516159241769592,1.8516159241769592,1.8311182238230377,1.8379507064819336,896643,0.0,0.0
1988-11-11 00:00:00-05:00,1.8242866406043874,1.8242866406043874,1.7901235818862915,1.7901235818862915,1129034,0.0,0.0
1988-11-14 00:00:00-05:00,1.7901226226960012,1.7969556093443546,1.7627925689316286,1.7832902669906616,2728660,0.0,0.0
1988-11-15 00:00:00-05:00,1.7769546996744205,1.7907298282664204,1.763180079891987,1.7700674533843994,705888,0.026851,0.0
1988-11-16 00:00:00-05:00,1.776953314835386,1.78384106456712,1.7218539882296553,1.749403715133667,1529909,0.0,0.0
1988-11-17 00:00:00-05:00,1.7700661180656385,1.7907284773601986,1.721854031179862,1.7562915086746216,2535969,0.0,0.0
1988-11-18 00:00:00-05:00,1.7700667978474116,1.7907291650772095,1.7631794269057086,1.7907291650772095,719445,0.0,0.0
1988-11-21 00:00:00-05:00,1.7907288366948804,1.8045033216476438,1.7631791035754263,1.804503321647644,1811683,0.0,0.0
1988-11-22 00:00:00-05:00,1.8113909519411153,1.8458277956161369,1.8045030743968962,1.818278193473816,1558958,0.0,0.0
1988-11-23 00:00:00-05:00,1.8320518732070925,1.8458268580851285,1.8251645079703136,1.8320518732070923,2217400,0.0,0.0
1988-11-25 00:00:00-05:00,1.8320521123513602,1.8596022129058838,1.811390268348438,1.8596022129058838,2249353,0.0,0.0
1988-11-28 00:00:00-05:00,1.8596029371602167,1.8596029371602167,1.8320528258758286,1.8458278179168701,411526,0.0,0.0
1988-11-29 00:00:00-05:00,1.8527145423595897,1.8664895296096804,1.8389399367162822,1.8664895296096802,2078933,0.0,0.0
1988-11-30 00:00:00-05:00,1.880264056908806,1.8871518046513844,1.8527144651633054,1.8596022129058838,1372077,0.0,0.0
1988-12-01 00:00:00-05:00,1.8527151867350855,1.8596029371602167,1.8458278179168701,1.8458278179168701,5039017,0.0,0.0
1988-12-02 00:00:00-05:00,1.8182784426120133,1.825165685088395,1.797616079171262,1.804503321647644,1197783,0.0,0.0
1988-12-05 00:00:00-05:00,1.7976151544700485,1.8596022129058838,1.7976151544700485,1.8596022129058838,1069000,0.0,0.0
1988-12-06 00:00:00-05:00,1.8458283538735745,1.8733780915504181,1.8251659870147705,1.8251659870147705,795940,0.0,0.0
1988-12-07 00:00:00-05:00,1.8389417078038974,1.8596040813767365,1.8389417078038974,1.852716326713562,2185446,0.0,0.0
1988-12-08 00:00:00-05:00,1.8458278179168701,1.8596029371602167,1.8320528258758286,1.8458278179168701,574200,0.0,0.0
1988-12-09 00:00:00-05:00,1.8458278179168701,1.8527151867350855,1.8389405763009599,1.8458278179168701,568390,0.0,0.0
1988-12-12 00:00:00-05:00,1.8596022129058838,1.8733768179752506,1.8596022129058838,1.8596022129058838,391192,0.0,0.0
1988-12-13 00:00:00-05:00,1.8527149909825242,1.8596027406799156,1.8389403820037844,1.8389403820037842,405716,0.0,0.0
1988-12-14 00:00:00-05:00,1.8389403820037844,1.8527149909825242,1.8251652642158773,1.8389403820037842,546119,0.0,0.0
1988-12-15 00:00:00-05:00,1.832053054767098,1.8527154182078491,1.8045033216476438,1.804503321647644,309855,0.0,0.0
1988-12-16 00:00:00-05:00,1.8182772699357739,1.8320518732070925,1.811390031901234,1.8320518732070923,1601563,0.0,0.0
1988-12-19 00:00:00-05:00,1.832052632306393,1.8802645905468793,1.832052632306393,1.8389403820037842,1725505,0.0,0.0
1988-12-20 00:00:00-05:00,1.8458278179168701,1.8733775475943424,1.8458278179168701,1.8458278179168701,1636422,0.0,0.0
1988-12-21 00:00:00-05:00,1.8458278179168701,1.8664901787761268,1.8389405763009599,1.8458278179168701,1908513,0.0,0.0
1988-12-22 00:00:00-05:00,1.8596040813767365,1.866491327230377,1.8458289536575379,1.852716326713562,1811683,0.0,0.0
1988-12-23 00:00:00-05:00,1.8596022129058838,1.8733768179752506,1.8527144651633054,1.8596022129058838,651664,0.0,0.0
1988-12-27 00:00:00-05:00,1.8664895296096804,1.8940392497053393,1.8596022903891571,1.8664895296096802,2684119,0.0,0.0
1988-12-28 00:00:00-05:00,1.8733768960324646,1.8871518832825551,1.8527145423595897,1.8664895296096802,753335,0.0,0.0
1988-12-29 00:00:00-05:00,1.8664901926996207,1.887152553713013,1.8664901926996207,1.8733775615692139,1235547,0.0,0.0
1988-12-30 00:00:00-05:00,1.8733777971472443,1.9009274032922978,1.8733777971472443,1.8871527910232544,876309,0.0,0.0
1989-01-03 00:00:00-05:00,1.8733768960324646,1.8802641352529879,1.8527145423595897,1.8664895296096802,790130,0.0,0.0
1989-01-04 00:00:00-05:00,1.8802650396806049,1.8940401607589372,1.8733777971472443,1.8871527910232544,2252258,0.0,0.0
1989-01-05 00:00:00-05:00,1.9284766393389587,1.9766885998432369,1.887152428855486,1.9491389989852905,2755773,0.0,0.0
1989-01-06 00:00:00-05:00,1.9766885718158846,1.9973509311692461,1.9629140895879635,1.9835759401321411,2890366,0.0,0.0
1989-01-09 00:00:00-05:00,1.9904635204059171,2.0111253691890627,1.9904635204059171,2.0042381286621094,3078216,0.0,0.0
1989-01-10 00:00:00-05:00,2.004237426035417,2.004237426035417,1.9560253600233377,1.9698004722595215,2822585,0.0,0.0
1989-01-11 00:00:00-05:00,1.962913234147031,1.9766877103720117,1.962913234147031,1.9698004722595215,1277183,0.0,0.0
1989-01-12 00:00:00-05:00,1.9766885718158846,1.9904636900552857,1.9766885718158846,1.9835759401321411,3784104,0.0,0.0
1989-01-13 00:00:00-05:00,1.9698001541373495,1.9766873911375533,1.962912917137146,1.962912917137146,1885274,0.0,0.0
1989-01-16 00:00:00-05:00,1.9698013307019242,1.9904636900552857,1.9698013307019242,1.9835759401321411,2324881,0.0,0.0
1989-01-17 00:00:00-05:00,1.9835747553399767,1.9835747553399767,1.962912917137146,1.962912917137146,985726,0.0,0.0
1989-01-18 00:00:00-05:00,1.9766884033405843,2.0042381286621094,1.9629139222866772,2.0042381286621094,2095394,0.0,0.0
1989-01-19 00:00:00-05:00,1.9904625011490604,2.018012085160975,1.9353626971141316,1.962912917137146,6290056,0.0,0.0
1989-01-20 00:00:00-05:00,1.962912917137146,1.9698001541373495,1.9560250441258424,1.962912917137146,856943,0.0,0.0
1989-01-23 00:00:00-05:00,1.9698001541373495,1.9766873911375533,1.9560250441258424,1.962912917137146,1041887,0.0,0.0
1989-01-24 00:00:00-05:00,1.928477037837458,1.9491394017534396,1.928477037837458,1.9422521591186523,1277183,0.0,0.0
1989-01-25 00:00:00-05:00,1.9835770769555157,2.038676309468512,1.96980245963082,2.0317890644073486,3682433,0.0,0.0
1989-01-26 00:00:00-05:00,2.0111247647144377,2.0386743545532227,2.0111247647144377,2.0386743545532227,2117665,0.0,0.0
1989-01-27 00:00:00-05:00,2.045562982559204,2.0593374645471783,2.031787864559761,2.045562982559204,2135094,0.0,0.0
1989-01-30 00:00:00-05:00,2.0937750339508057,2.10754951654673,2.0731126740454227,2.0937750339508057,1777793,0.0,0.0
1989-01-31 00:00:00-05:00,2.107547797724776,2.1557597195140117,2.100660562043736,2.1350975036621094,2430425,0.0,0.0
1989-02-01 00:00:00-05:00,2.128211780170951,2.1557613801279407,2.1075494212003414,2.1213245391845703,1423396,0.0,0.0
1989-02-02 00:00:00-05:00,2.1144367893890155,2.135099148359625,2.100662180213961,2.1213245391845703,1149368,0.0,0.0
1989-02-03 00:00:00-05:00,2.100662765268487,2.114437378279902,2.07311315763867,2.080000400543213,740747,0.0,0.0
1989-02-06 00:00:00-05:00,2.093775522363944,2.10755000817303,2.0593380358179383,2.080000400543213,1047697,0.0,0.0
1989-02-07 00:00:00-05:00,2.079998218989638,2.148872483832972,2.079998218989638,2.1350975036621094,2623116,0.0,0.0
1989-02-08 00:00:00-05:00,2.1350992004308322,2.1350992004308322,2.093774990290965,2.1006622314453125,1429206,0.0,0.0
1989-02-09 00:00:00-05:00,2.1075494235280257,2.1075494235280257,2.045562982559204,2.045562982559204,1129034,0.0,0.0
1989-02-10 00:00:00-05:00,2.025308728655391,2.0738606967345734,2.025308728655391,2.0391809940338135,593566,0.026851,0.0
1989-02-13 00:00:00-05:00,2.03918162679631,2.066925525665283,2.0253093571132923,2.066925525665283,380541,0.0,0.0
1989-02-14 00:00:00-05:00,2.080797815707837,2.1016052596903596,2.0530532760703353,2.0738613605499268,612932,0.0,0.0
1989-02-15 00:00:00-05:00,2.0877339839935303,2.0946697998291746,2.073861711825064,2.0877339839935303,697174,0.0,0.0
1989-02-16 00:00:00-05:00,2.0877335893763247,2.0877335893763247,2.0599896907806396,2.0599896907806396,709762,0.0,0.0
1989-02-17 00:00:00-05:00,2.0530532760703353,2.0738613605499268,2.0530532760703353,2.0738613605499268,568390,0.0,0.0
1989-02-21 00:00:00-05:00,2.073860742344376,2.0946688206212034,2.0669249297510595,2.0807971954345703,1594785,0.0,0.0
1989-02-22 00:00:00-05:00,2.0807978998753445,2.0807978998753445,2.0253094588529232,2.0461175441741943,1059317,0.0,0.0
1989-02-23 00:00:00-05:00,2.032245786191991,2.0530533591155864,2.032245786191991,2.0461175441741943,2169953,0.0,0.0
1989-02-24 00:00:00-05:00,2.0530524976297793,2.0807970267475957,2.018372796977748,2.025308609008789,2104109,0.0,0.0
1989-02-27 00:00:00-05:00,2.018373643911531,2.0599898145540734,2.018373643911531,2.0461175441741943,1557021,0.0,0.0
1989-02-28 00:00:00-05:00,2.053053140640259,2.059989595340604,2.053053140640259,2.053053140640259,2357803,0.0,0.0
1989-03-01 00:00:00-05:00,2.053053140640259,2.073861223747241,2.0461173264369403,2.053053140640259,1004124,0.0,0.0
1989-03-02 00:00:00-05:00,2.053053140640259,2.0669254095439227,2.0461173264369403,2.053053140640259,1863003,0.0,0.0
1989-03-03 00:00:00-05:00,2.053053140640259,2.059989595340604,2.039181512233622,2.053053140640259,1296549,0.0,0.0
1989-03-06 00:00:00-05:00,2.059989731228245,2.0946694450295187,2.0461174614094944,2.0738613605499268,1155178,0.0,0.0
1989-03-07 00:00:00-05:00,2.080798187080736,2.1085420911727946,2.080798187080736,2.094669818878174,1468906,0.0,0.0
1989-03-08 00:00:00-05:00,2.094669600169701,2.122413501364966,2.094669600169701,2.1016054153442383,2086680,0.0,0.0
1989-03-09 00:00:00-05:00,2.108541034272783,2.1224126591171095,2.1016045813537576,2.1154768466949463,1005092,0.0,0.0
1989-03-10 00:00:00-05:00,2.1154778618338432,2.1570935249328613,2.1154778618338432,2.1570935249328613,1383696,0.0,0.0
1989-03-13 00:00:00-05:00,2.1432210618908107,2.1848368394302526,2.1432210618908107,2.1709649562835693,1679995,0.0,0.0
1989-03-14 00:00:00-05:00,2.1779015262414196,2.1917736687734526,2.1709654549754034,2.1848373413085938,2373295,0.0,0.0
1989-03-15 00:00:00-05:00,2.191772689081011,2.2125806373793493,2.1640286726169844,2.177900552749634,837577,0.0,0.0
1989-03-16 00:00:00-05:00,2.177901964195932,2.1848377806578294,2.164030075073242,2.164030075073242,645854,0.0,0.0
1989-03-17 00:00:00-05:00,2.080797969820627,2.1362857722111563,2.0669256989744365,2.1016054153442383,2290990,0.0,0.0
1989-03-20 00:00:00-05:00,2.0877331703343733,2.108541250228882,2.0807973572018463,2.108541250228882,719445,0.0,0.0
1989-03-21 00:00:00-05:00,2.1224137229702325,2.1224137229702325,2.0877340029794547,2.094669818878174,717508,0.0,0.0
1989-03-22 00:00:00-05:00,2.1085417148482697,2.1085417148482697,2.066925545889086,2.0738613605499268,1203593,0.0,0.0
1989-03-23 00:00:00-05:00,2.0669254095439227,2.0669254095439227,2.039181512233622,2.053053140640259,584851,0.0,0.0
1989-03-27 00:00:00-05:00,2.053053140640259,2.0669254095439227,2.039181512233622,2.053053140640259,738810,0.0,0.0
1989-03-28 00:00:00-05:00,2.0599898145540734,2.0738614444368575,2.0461175441741943,2.0461175441741943,1664502,0.0,0.0
1989-03-29 00:00:00-05:00,2.0322465896606445,2.0530541708107215,2.011438496112689,2.0322465896606445,1042856,0.0,0.0
1989-03-30 00:00:00-05:00,2.0391817292328023,2.0530533591155864,2.032245786191991,2.0461175441741943,934406,0.0,0.0
1989-03-31 00:00:00-05:00,2.0391809940338135,2.0669248842937944,2.0391809940338135,2.0391809940338135,1166798,0.0,0.0
1989-04-03 00:00:00-04:00,2.06692589598942,2.0877339839935303,2.0599900801537756,2.0877339839935303,1896893,0.0,0.0
1989-04-04 00:00:00-04:00,2.0807971954345703,2.087733008027887,2.059989117157743,2.0807971954345703,586788,0.0,0.0
1989-04-05 00:00:00-04:00,2.073861711825064,2.0946697998291746,2.073861711825064,2.0877339839935303,898579,0.0,0.0
1989-04-06 00:00:00-04:00,2.0807973572018463,2.1154770633614084,2.0738609035723914,2.108541250228882,955709,0.0,0.0
1989-04-07 00:00:00-04:00,2.108541896266338,2.1432216130514403,2.1016054405116185,2.12934947013855,1433079,0.0,0.0
1989-04-10 00:00:00-04:00,2.164029593866529,2.164029593866529,2.136285693691004,2.1501574516296387,728159,0.0,0.0
1989-04-11 00:00:00-04:00,2.1501579297516584,2.177901964195932,2.1362861687284154,2.164030075073242,1221991,0.0,0.0
1989-04-12 00:00:00-04:00,2.170965439381807,2.2056452830651057,2.164029624364452,2.1917736530303955,855006,0.0,0.0
1989-04-13 00:00:00-04:00,2.177900597539195,2.177900597539195,2.136284828186035,2.136284828186035,1117415,0.0,0.0
1989-04-14 00:00:00-04:00,2.1501577091824586,2.1709656688314016,2.1432217653326227,2.1570935249328613,931502,0.0,0.0
1989-04-17 00:00:00-04:00,2.1501574516296387,2.157093266549247,2.1432215086106123,2.1501574516296387,921819,0.0,0.0
1989-04-18 00:00:00-04:00,2.1570923926141985,2.1570923926141985,2.1293485036789694,2.136284828186035,1606404,0.0,0.0
1989-04-19 00:00:00-04:00,2.1224137036689292,2.129349647604009,2.080798168157886,2.0877339839935303,1948213,0.0,0.0
1989-04-20 00:00:00-04:00,2.0877331703343733,2.1224128764939354,2.0877331703343733,2.108541250228882,861784,0.0,0.0
1989-04-21 00:00:00-04:00,2.115477711523934,2.12934947013855,2.094669625254023,2.12934947013855,982821,0.0,0.0
1989-04-24 00:00:00-04:00,2.1154776861904288,2.129349444638926,2.094669600169701,2.1016054153442383,973138,0.0,0.0
1989-04-25 00:00:00-04:00,2.1016054153442383,2.1085418710158916,2.094669600169701,2.1016054153442383,692332,0.0,0.0
1989-04-26 00:00:00-04:00,2.108540939250806,2.1501565805045995,2.094668674534775,2.136284828186035,986694,0.0,0.0
1989-04-27 00:00:00-04:00,2.1432210618908107,2.2125811181211867,2.1432210618908107,2.1709649562835693,2321007,0.0,0.0
1989-04-28 00:00:00-04:00,2.157093296949415,2.2125816104801426,2.157093296949415,2.1917736530303955,1525067,0.0,0.0
1989-05-01 00:00:00-04:00,2.1779013022882543,2.2403254248656563,2.170965231735473,2.219517469406128,1569609,0.0,0.0
1989-05-02 00:00:00-04:00,2.219517747150207,2.2611331508792643,2.219517747150207,2.233389377593994,1421460,0.0,0.0
1989-05-03 00:00:00-04:00,2.2333890981140585,2.2333890981140585,2.2125813988533465,2.219517469406128,769796,0.0,0.0
1989-05-04 00:00:00-04:00,2.2195174666470647,2.2333890953377518,2.20564506935993,2.2125813961029053,487053,0.0,0.0
1989-05-05 00:00:00-04:00,2.2264532809924082,2.2333890953377518,2.1987092550145864,2.2125813961029053,582915,0.0,0.0
1989-05-08 00:00:00-04:00,2.212581870395593,2.212581870395593,2.191773910501502,2.198709726333618,877277,0.0,0.0
1989-05-09 00:00:00-04:00,2.198709726333618,2.2056455421657346,2.191773910501502,2.198709726333618,762050,0.0,0.0
1989-05-10 00:00:00-04:00,2.198709726333618,2.212581870395593,2.198709726333618,2.198709726333618,1572514,0.0,0.0
1989-05-11 00:00:00-04:00,2.2125813961029053,2.2333890953377518,2.1987092550145864,2.2125813961029053,2141873,0.0,0.0
1989-05-12 00:00:00-04:00,2.2472613263056624,2.2680695387703684,2.2333891846625247,2.2611329555511475,1123224,0.0,0.0
1989-05-15 00:00:00-04:00,2.270914583930091,2.305851616223382,2.263927332330732,2.2988643646240234,1195847,0.030982,0.0
1989-05-16 00:00:00-04:00,2.29886619584015,2.333803772161458,2.2918789386749268,2.2918789386749268,635203,0.0,0.0
1989-05-17 00:00:00-04:00,2.319827417835227,2.361752232062041,2.2988651397712796,2.3338027000427246,1500860,0.0,0.0
1989-05-18 00:00:00-04:00,2.333802420806389,2.340789673925743,2.3198271402710153,2.326814651489258,490926,0.0,0.0
1989-05-19 00:00:00-04:00,2.3407914110515216,2.3687412185674477,2.3268163782440183,2.3617537021636963,822084,0.0,0.0
1989-05-22 00:00:00-04:00,2.417652221220412,2.417652221220412,2.3268153234472533,2.3477776050567627,1104827,0.0,0.0
1989-05-23 00:00:00-04:00,2.333802420806389,2.3477769270450968,2.3198271402710153,2.326814651489258,1924006,0.0,0.0
1989-05-24 00:00:00-04:00,2.326814651489258,2.326814651489258,2.298864864715176,2.326814651489258,1536687,0.0,0.0
1989-05-25 00:00:00-04:00,2.3198274374039536,2.3198274374039536,2.291877905148871,2.3058524131774902,1054475,0.0,0.0
1989-05-26 00:00:00-04:00,2.30585211783453,2.340789673925743,2.298864864715176,2.326814651489258,718476,0.0,0.0
1989-05-30 00:00:00-04:00,2.3407899737436484,2.347777227757958,2.3058524131774902,2.3058524131774902,2840983,0.0,0.0
1989-05-31 00:00:00-04:00,2.3128403022367525,2.347777348400334,2.3058525316655265,2.3198275566101074,1595753,0.0,0.0
1989-06-01 00:00:00-04:00,2.3128398871516613,2.333802420806389,2.3128398871516613,2.326814651489258,1908513,0.0,0.0
1989-06-02 00:00:00-04:00,2.3268150273850305,2.3687398433685303,2.3268150273850305,2.3687398433685303,4241140,0.0,0.0
1989-06-05 00:00:00-04:00,2.3757267424268473,2.4106635246420907,2.3687394892233553,2.4036762714385986,3654352,0.0,0.0
1989-06-06 00:00:00-04:00,2.403677943839519,2.4525900407898678,2.403677943839519,2.4316277503967285,2046979,0.0,0.0
1989-06-07 00:00:00-04:00,2.4875251798994875,2.5015004595088888,2.4525881423209075,2.459575653076172,1233610,0.0,0.0
1989-06-08 00:00:00-04:00,2.4525884204354913,2.4735509550783608,2.4525884204354913,2.4665637016296387,849196,0.0,0.0
1989-06-09 00:00:00-04:00,2.452588558197021,2.459576070137132,2.431626280475605,2.4525885581970215,792067,0.0,0.0
1989-06-12 00:00:00-04:00,2.4386135343168003,2.459576070137132,2.403676490814078,2.4525885581970215,931502,0.0,0.0
1989-06-13 00:00:00-04:00,2.438613973624532,2.452589000022305,2.4176522083247582,2.4246394634246826,944089,0.0,0.0
1989-06-14 00:00:00-04:00,2.431627070066684,2.4456020984848372,2.3827149868011475,2.3827149868011475,1798127,0.0,0.0
1989-06-15 00:00:00-04:00,2.3757273999024298,2.3757273999024298,2.3407903499195686,2.3477776050567627,1912386,0.0,0.0
1989-06-16 00:00:00-04:00,2.3338034197336097,2.3827149868011475,2.3338034197336097,2.3827149868011475,2202875,0.0,0.0
1989-06-19 00:00:00-04:00,2.3687412185674477,2.3757284768721187,2.3477786693561926,2.3617537021636963,629393,0.0,0.0
1989-06-20 00:00:00-04:00,2.354764938354492,2.375727478758764,2.347777682985374,2.354764938354492,941184,0.0,0.0
1989-06-21 00:00:00-04:00,2.3477786693561926,2.3757284768721187,2.3407914110515216,2.3617537021636963,673935,0.0,0.0
1989-06-22 00:00:00-04:00,2.347775613620853,2.347775613620853,2.3338011151999476,2.3407883644104004,847260,0.0,0.0
1989-06-23 00:00:00-04:00,2.354764367178813,2.473551034927368,2.354764367178813,2.473551034927368,1324630,0.0,0.0
1989-06-26 00:00:00-04:00,2.459576513221191,2.459576513221191,2.4246394634246826,2.4246394634246826,998314,0.0,0.0
1989-06-27 00:00:00-04:00,2.403677943839519,2.4316277503967285,2.3897034277095215,2.4316277503967285,892770,0.0,0.0
1989-06-28 00:00:00-04:00,2.431627070066684,2.431627070066684,2.3757277306910702,2.3827149868011475,962487,0.0,0.0
1989-06-29 00:00:00-04:00,2.3687397441163305,2.3687397441163305,2.319827417835227,2.3338027000427246,1818461,0.0,0.0
1989-06-30 00:00:00-04:00,2.3338027197293387,2.3338027197293387,2.263928114794866,2.3058524131774902,1056412,0.0,0.0
1989-07-03 00:00:00-04:00,2.305851616223382,2.305851616223382,2.2988643646240234,2.2988643646240234,230455,0.0,0.0
1989-07-05 00:00:00-04:00,2.298865909778588,2.3407907380481636,2.291878653482831,2.3128409385681152,747525,0.0,0.0
1989-07-06 00:00:00-04:00,2.30585211783453,2.326814651489258,2.30585211783453,2.326814651489258,638108,0.0,0.0
1989-07-07 00:00:00-04:00,2.3407883644104004,2.368738135548445,2.3058508278644143,2.3407883644104004,555802,0.0,0.0
1989-07-10 00:00:00-04:00,2.3897027591092233,2.3966900152193005,2.3687404745809935,2.3827149868011475,748493,0.0,0.0
1989-07-11 00:00:00-04:00,2.4525900407898678,2.4525900407898678,2.4246404923317297,2.4316277503967285,587756,0.0,0.0
1989-07-12 00:00:00-04:00,2.41066312789917,2.4176511542492602,2.3897013717385454,2.41066312789917,592598,0.0,0.0
1989-07-13 00:00:00-04:00,2.410663625497268,2.4316261602814317,2.410663625497268,2.417651653289795,859848,0.0,0.0
1989-07-14 00:00:00-04:00,2.4176521656323784,2.4525889567129893,2.4036768813824274,2.44560170173645,1396284,0.0,0.0
1989-07-17 00:00:00-04:00,2.452588558197021,2.466563840176158,2.452588558197021,2.4525885581970215,1513448,0.0,0.0
1989-07-18 00:00:00-04:00,2.445601089374942,2.4875253830334985,2.445601089374942,2.4805381298065186,1089334,0.0,0.0
1989-07-19 00:00:00-04:00,2.473550475272327,2.5364370346069336,2.473550475272327,2.5364370346069336,2199970,0.0,0.0
1989-07-20 00:00:00-04:00,2.5224637737052973,2.5713758529612,2.5154760019700535,2.5434257984161377,910199,0.0,0.0
1989-07-21 00:00:00-04:00,2.5434257984161377,2.5504135701513815,2.5015014908954787,2.5434257984161377,2056662,0.0,0.0
1989-07-24 00:00:00-04:00,2.5154766977931926,2.529451728931452,2.480539636145642,2.4875268936157227,1241356,0.0,0.0
1989-07-25 00:00:00-04:00,2.473550316012815,2.5224623680114746,2.4665630643693164,2.5224623680114746,4527756,0.0,0.0
1989-07-26 00:00:00-04:00,2.5154743212231687,2.5643863677978516,2.5154743212231687,2.5643863677978516,2443981,0.0,0.0
1989-07-27 00:00:00-04:00,2.564387382966978,2.6132994489045775,2.5504128756975324,2.599324941635132,921819,0.0,0.0
1989-07-28 00:00:00-04:00,2.613299119952539,2.676185943342541,2.5643870601718017,2.6622111797332764,2484650,0.0,0.0
1989-07-31 00:00:00-04:00,2.648236001388956,2.6691982746124268,2.6342614967051223,2.6691982746124268,1574451,0.0,0.0
1989-08-01 00:00:00-04:00,2.6691975052565535,2.6691975052565535,2.6272734870912977,2.6412479877471924,1634485,0.0,0.0
1989-08-02 00:00:00-04:00,2.6412504483932855,2.6482377052307124,2.6202879035839257,2.648237705230713,525785,0.0,0.0
1989-08-03 00:00:00-04:00,2.683173871833386,2.683173871833386,2.64124906231505,2.655224084854126,934406,0.0,0.0
1989-08-04 00:00:00-04:00,2.634261984678953,2.641249238315197,2.620286703109741,2.620286703109741,1471811,0.0,0.0
1989-08-07 00:00:00-04:00,2.6272750454454656,2.6831743717193604,2.613299762203849,2.6831743717193604,3325131,0.0,0.0
1989-08-08 00:00:00-04:00,2.6622127434411427,2.683175288316153,2.6622127434411427,2.676187515258789,1895925,0.0,0.0
1989-08-09 00:00:00-04:00,2.6831737122954857,2.6831737122954857,2.6622111797332764,2.6622111797332764,1570577,0.0,0.0
1989-08-10 00:00:00-04:00,2.6622111797332764,2.669198432488471,2.655223926978082,2.6622111797332764,996377,0.0,0.0
1989-08-11 00:00:00-04:00,2.6622102549286057,2.6761850136832863,2.6272734870912977,2.6412479877471924,1384664,0.0,0.0
1989-08-14 00:00:00-04:00,2.6412492377401926,2.6761862802105303,2.592337171802593,2.599324941635132,317601,0.0,0.0
1989-08-15 00:00:00-04:00,2.6133006467464983,2.655225478266192,2.6133006467464983,2.648237705230713,1386601,0.0,0.0
1989-08-16 00:00:00-04:00,2.6580803475157926,2.70027232170105,2.6580803475157926,2.70027232170105,1087397,0.030982,0.0
1989-08-17 00:00:00-04:00,2.714337946338033,2.7213702504227713,2.679178244121054,2.693242073059082,1290740,0.0,0.0
1989-08-18 00:00:00-04:00,2.68621002871816,2.707306161740927,2.679178244121054,2.693242073059082,852101,0.0,0.0
1989-08-21 00:00:00-04:00,2.7073055376173643,2.7073055376173643,2.658081758066252,2.6721458435058594,897611,0.0,0.0
1989-08-22 00:00:00-04:00,2.6721456157656194,2.6721456157656194,2.6369854051632173,2.658081531524658,494800,0.0,0.0
1989-08-23 00:00:00-04:00,2.679177773727819,2.679177773727819,2.665113687515259,2.665113687515259,1083524,0.0,0.0
1989-08-24 00:00:00-04:00,2.672145961620262,2.721369743347168,2.6580818755589934,2.721369743347168,1908513,0.0,0.0
1989-08-25 00:00:00-04:00,2.7284016559142956,2.777625699717359,2.7284016559142956,2.7565295696258545,1184227,0.0,0.0
1989-08-28 00:00:00-04:00,2.756529569625855,2.777625699717359,2.7494977860058003,2.7565295696258545,1035109,0.0,0.0
1989-08-29 00:00:00-04:00,2.756529569625855,2.763561353245909,2.7284016559142956,2.7565295696258545,714603,0.0,0.0
1989-08-30 00:00:00-04:00,2.7565289907014057,2.805752764422744,2.7565289907014057,2.7916886806488037,1215212,0.0,0.0
1989-08-31 00:00:00-04:00,2.791688680648804,2.798720462792048,2.7776251163623153,2.7916886806488037,744620,0.0,0.0
1989-09-01 00:00:00-04:00,2.784656796033281,2.798720359802246,2.7776250141487986,2.798720359802246,713635,0.0,0.0
1989-09-05 00:00:00-04:00,2.805752661174161,2.805752661174161,2.784656796033281,2.798720359802246,521912,0.0,0.0
1989-09-06 00:00:00-04:00,2.784658061095237,2.7916898461742385,2.756530141547728,2.7776262760162354,760113,0.0,0.0
1989-09-07 00:00:00-04:00,2.7705932421340895,2.777625805252686,2.749497890472412,2.749497890472412,2444949,0.0,0.0
1989-09-08 00:00:00-04:00,2.7565299284219797,2.7565299284219797,2.679178220582865,2.735434055328369,793035,0.0,0.0
1989-09-11 00:00:00-04:00,2.735434073024474,2.735434073024474,2.6791782379150386,2.679178237915039,719445,0.0,0.0
1989-09-12 00:00:00-04:00,2.6932414803020395,2.7143373489379883,2.6862094375088033,2.7143373489379883,1225864,0.0,0.0
1989-09-13 00:00:00-04:00,2.707305908203125,2.7354338231888327,2.700274124264542,2.707305908203125,320506,0.0,0.0
1989-09-14 00:00:00-04:00,2.707306161740927,2.707306161740927,2.68621002871816,2.693242073059082,810464,0.0,0.0
1989-09-15 00:00:00-04:00,2.6862079839811392,2.70027232170105,2.6791762047366117,2.70027232170105,1356584,0.0,0.0
1989-09-18 00:00:00-04:00,2.693240022969285,2.70027232170105,2.6862079839811392,2.70027232170105,339872,0.0,0.0
1989-09-19 00:00:00-04:00,2.707304100945577,2.721368178921869,2.70027232170105,2.70027232170105,201406,0.0,0.0
1989-09-20 00:00:00-04:00,2.6932410049462487,2.6932410049462487,2.6721453997774236,2.686208963394165,609059,0.0,0.0
1989-09-21 00:00:00-04:00,2.69324230790454,2.7002746126024815,2.6088588074306616,2.622922897338867,593566,0.0,0.0
1989-09-22 00:00:00-04:00,2.6369860939889707,2.6580822258610812,2.6018266534335264,2.6158907413482666,795940,0.0,0.0
1989-09-25 00:00:00-04:00,2.601825720717252,2.601825720717252,2.538538127019999,2.559633731842041,889865,0.0,0.0
1989-09-26 00:00:00-04:00,2.5596343039186102,2.5736983899348975,2.538538694381714,2.538538694381714,2297768,0.0,0.0
1989-09-27 00:00:00-04:00,2.5455696662501826,2.5455696662501826,2.5244738036937884,2.531505584716797,1099985,0.0,0.0
1989-09-28 00:00:00-04:00,2.5385392781706924,2.5877630710601807,2.5385392781706924,2.5877630710601807,1674185,0.0,0.0
1989-09-29 00:00:00-04:00,2.5807308873580896,2.6510508174114396,2.5736991021478257,2.622922897338867,824989,0.0,0.0
1989-10-02 00:00:00-04:00,2.615889719155432,2.6369850635528564,2.608857418202222,2.6369850635528564,511261,0.0,0.0
1989-10-03 00:00:00-04:00,2.6510497491479126,2.658081531524658,2.622921840409725,2.658081531524658,774637,0.0,0.0
1989-10-04 00:00:00-04:00,2.665114149265772,2.6862100224958563,2.665114149265772,2.679178237915039,1009934,0.0,0.0
1989-10-05 00:00:00-04:00,2.679178220582865,2.7494981438866524,2.679178220582865,2.735434055328369,2117665,0.0,0.0
1989-10-06 00:00:00-04:00,2.7705914974212646,2.798719394488677,2.7565279385029986,2.7705914974212646,2294863,0.0,0.0
1989-10-09 00:00:00-04:00,2.7776240561112777,2.7776240561112777,2.7565279385029986,2.7705914974212646,564517,0.0,0.0
1989-10-10 00:00:00-04:00,2.763562087269926,2.7705938727576784,2.7002747191609062,2.7424662113189697,959582,0.0,0.0
1989-10-11 00:00:00-04:00,2.728402380599615,2.7424662113189693,2.7002747191609062,2.7424662113189697,652632,0.0,0.0
1989-10-12 00:00:00-04:00,2.7284015251084517,2.7284015251084517,2.6440183075068604,2.651050090789795,1565736,0.0,0.0
1989-10-13 00:00:00-04:00,2.6651128008218556,2.6651128008218556,2.3557069032426337,2.531505584716797,2716073,0.0,0.0
1989-10-16 00:00:00-04:00,2.3697712335817243,2.6158904025160266,2.3346115378366585,2.594794273376465,4533566,0.0,0.0
1989-10-17 00:00:00-04:00,2.573697430361739,2.573697430361739,2.4611860828988235,2.5244736671447754,1291708,0.0,0.0
1989-10-18 00:00:00-04:00,2.5104097095689135,2.57369729037251,2.4822820690408633,2.517441749572754,789162,0.0,0.0
1989-10-19 00:00:00-04:00,2.517442838839813,2.6158904025160266,2.517442838839813,2.594794273376465,1499892,0.0,0.0
1989-10-20 00:00:00-04:00,2.5947946313854118,2.5947946313854118,2.552602627028743,2.5736987590789795,1047697,0.0,0.0
1989-10-23 00:00:00-04:00,2.580729246139527,2.5947933271036594,2.5596333844370016,2.5807292461395264,818211,0.0,0.0
1989-10-24 00:00:00-04:00,2.587761857306787,2.587761857306787,2.4400905479014776,2.489314317703247,2957178,0.0,0.0
1989-10-25 00:00:00-04:00,2.4752510996113073,2.4752510996113073,2.4189952688333296,2.4541549682617188,1652883,0.0,0.0
1989-10-26 00:00:00-04:00,2.4400898874324457,2.4471216671124463,2.299450917165188,2.3557064533233643,3786040,0.0,0.0
1989-10-27 00:00:00-04:00,2.306482691390706,2.348674668089104,2.306482691390706,2.313514471054077,2394598,0.0,0.0
1989-10-30 00:00:00-05:00,2.313514471054077,2.327578549868088,2.2994509117273347,2.313514471054077,1445667,0.0,0.0
1989-10-31 00:00:00-05:00,2.3346117746596926,2.4049316927706137,2.3346117746596926,2.3978993892669678,1409840,0.0,0.0
1989-11-01 00:00:00-05:00,2.3978985290210226,2.411962611495236,2.3908667475276175,2.404930830001831,713635,0.0,0.0
1989-11-02 00:00:00-05:00,2.3908672355154734,2.3908672355154734,2.327579630695304,2.362739324569702,936343,0.0,0.0
1989-11-03 00:00:00-05:00,2.3557074384817516,2.4049312155453433,2.3557074384817516,2.3697710037231445,917945,0.0,0.0
1989-11-06 00:00:00-05:00,2.362738838841674,2.3978985254880008,2.362738838841674,2.376802921295166,724286,0.0,0.0
1989-11-07 00:00:00-05:00,2.3768029247971056,2.4189943929886413,2.369770623816297,2.404930830001831,1124193,0.0,0.0
1989-11-08 00:00:00-05:00,2.42602774213742,2.468219757080078,2.418995956100202,2.468219757080078,2059567,0.0,0.0
1989-11-09 00:00:00-05:00,2.46821819372217,2.489314317703247,2.4541541110681186,2.489314317703247,1519258,0.0,0.0
1989-11-10 00:00:00-05:00,2.489315642043864,2.5174435625725944,2.475251551907577,2.496347427368164,864689,0.0,0.0
1989-11-13 00:00:00-05:00,2.489314317703247,2.5104101819406193,2.489314317703247,2.489314317703247,1347869,0.0,0.0
1989-11-14 00:00:00-05:00,2.492146325569385,2.513386190452312,2.492146325569385,2.5063064098358154,957646,0.030982,0.0
1989-11-15 00:00:00-05:00,2.513385471039279,2.5558654501626936,2.506305692449247,2.541705369949341,1450509,0.0,0.0
1989-11-16 00:00:00-05:00,2.5629457008507948,2.591265604977421,2.5558659209566574,2.5771055221557617,532563,0.0,0.0
1989-11-17 00:00:00-05:00,2.5629452414370335,2.605425220770686,2.5417053825285296,2.5841853618621826,1677090,0.0,0.0
1989-11-20 00:00:00-05:00,2.5841871268495678,2.654986269038978,2.5841871268495678,2.64082670211792,1502797,0.0,0.0
1989-11-21 00:00:00-05:00,2.6479054574217273,2.6833051455294794,2.6479054574217273,2.6691455841064453,1184227,0.0,0.0
1989-11-22 00:00:00-05:00,2.654985296659929,2.68330520468045,2.654985296659929,2.676225423812866,1018648,0.0,0.0
1989-11-24 00:00:00-05:00,2.676225423812866,2.68330520468045,2.662065862077698,2.676225423812866,341809,0.0,0.0
1989-11-27 00:00:00-05:00,2.690384092104033,2.732863539494448,2.683303791930745,2.7187039852142334,688459,0.0,0.0
1989-11-28 00:00:00-05:00,2.7399451603059255,2.768265067066162,2.7257850761674494,2.7328648567199707,1268469,0.0,0.0
1989-11-29 00:00:00-05:00,2.7187057882442915,2.7328653519150468,2.697465658187866,2.697465658187866,1537655,0.0,0.0
1989-11-30 00:00:00-05:00,2.704545010697475,2.718705356670676,2.6479054574217273,2.6691455841064453,2555335,0.0,0.0
1989-12-01 00:00:00-05:00,2.6691455841064453,2.711625052925714,2.6479054574217273,2.6691455841064453,2385883,0.0,0.0
1989-12-04 00:00:00-05:00,2.669145055770985,2.669145055770985,2.6337453746703106,2.654984712600708,676839,0.0,0.0
1989-12-05 00:00:00-05:00,2.6337466358662005,2.6408264185665575,2.584186849379721,2.591266632080078,1008965,0.0,0.0
1989-12-06 00:00:00-05:00,2.5983455887986104,2.5983455887986104,2.548785818066567,2.570025682449341,1158083,0.0,0.0
1989-12-07 00:00:00-05:00,2.5841873895924725,2.6195870950447953,2.5771070823784172,2.6054272651672363,882118,0.0,0.0
1989-12-08 00:00:00-05:00,2.6125051222242015,2.6125051222242015,2.5983450412750244,2.5983450412750244,200437,0.0,0.0
1989-12-11 00:00:00-05:00,2.5912674966169096,2.6195874214172363,2.5841877115544905,2.6195874214172363,563549,0.0,0.0
1989-12-12 00:00:00-05:00,2.626666080513252,2.6337463855743404,2.598346167852751,2.633746385574341,1163893,0.0,0.0
1989-12-13 00:00:00-05:00,2.633747017042426,2.6974663781515784,2.6195869265587626,2.66206693649292,737842,0.0,0.0
1989-12-14 00:00:00-05:00,2.6620658033949285,2.6691455841064453,2.6337458959986932,2.6691455841064453,332126,0.0,0.0
1989-12-15 00:00:00-05:00,2.6762265039429165,2.6833062876679143,2.6479065844924223,2.66206693649292,1131939,0.0,0.0
1989-12-18 00:00:00-05:00,2.662065949583324,2.662065949583324,2.6054261316804563,2.6125059127807617,559676,0.0,0.0
1989-12-19 00:00:00-05:00,2.626666784286499,2.6479066590935654,2.5841872961892074,2.626666784286499,936343,0.0,0.0
1989-12-20 00:00:00-05:00,2.6337453746703106,2.6903849167347236,2.6337453746703106,2.654984712600708,1214244,0.0,0.0
1989-12-21 00:00:00-05:00,2.654984173930845,2.654984173930845,2.633744840309697,2.647904396057129,1007029,0.0,0.0
1989-12-22 00:00:00-05:00,2.6479049332905755,2.654984712600708,2.6195852930167045,2.654984712600708,1189068,0.0,0.0
1989-12-26 00:00:00-05:00,2.669145359032553,2.70454478263855,2.6408254540243745,2.70454478263855,317601,0.0,0.0
1989-12-27 00:00:00-05:00,2.7045450209561257,2.7611848359634372,2.690385459479383,2.7470250129699707,1886242,0.0,0.0
1989-12-28 00:00:00-05:00,2.7753435430847517,2.8036634365333883,2.7682637658600378,2.7895030975341797,939248,0.0,0.0
1989-12-29 00:00:00-05:00,2.7824245606484035,2.846144676208496,2.7824245606484035,2.846144676208496,1025426,0.0,0.0
1990-01-02 00:00:00-05:00,2.8178244344429957,2.888624335090878,2.8178244344429957,2.874464511871338,2351993,0.0,0.0
1990-01-03 00:00:00-05:00,2.8886240748982024,2.9665034878657783,2.8886240748982024,2.945263624191284,4996411,0.0,0.0
1990-01-04 00:00:00-05:00,2.945263983771699,2.945263983771699,2.9027845127531955,2.9311044216156006,2249353,0.0,0.0
1990-01-05 00:00:00-05:00,2.9240231513977055,2.9381834946918532,2.9169433720256412,2.924023151397705,1308169,0.0,0.0
1990-01-08 00:00:00-05:00,2.916944187298988,2.987744092941284,2.9098644059481553,2.987744092941284,1166798,0.0,0.0
1990-01-09 00:00:00-05:00,2.9877439272428274,2.9877439272428274,2.924023806485243,2.9594240188598633,751398,0.0,0.0
1990-01-10 00:00:00-05:00,2.945263983771699,2.945263983771699,2.9027845127531955,2.9311044216156006,2012121,0.0,0.0
1990-01-11 00:00:00-05:00,2.9169437885284424,2.9452636946104445,2.881544363580183,2.9169437885284424,1344964,0.0,0.0
1990-01-12 00:00:00-05:00,2.8815436972825275,2.902783556553571,2.860303576494834,2.8886234760284424,1702266,0.0,0.0
1990-01-15 00:00:00-05:00,2.8603042369699208,2.8603042369699208,2.846144676208496,2.846144676208496,1717759,0.0,0.0
1990-01-16 00:00:00-05:00,2.8390636571619696,2.8815436363220215,2.8178235368236213,2.8815436363220215,1693551,0.0,0.0
1990-01-17 00:00:00-05:00,2.8815452027617936,2.8957047676513663,2.8532252884322893,2.860305070877075,1043824,0.0,0.0
1990-01-18 00:00:00-05:00,2.83906480134321,2.83906480134321,2.7895047620970144,2.831984758377075,2187382,0.0,0.0
1990-01-19 00:00:00-05:00,2.831984208472633,2.831984208472633,2.796584785065939,2.817824125289917,1653851,0.0,0.0
1990-01-22 00:00:00-05:00,2.81074501887775,2.817824800649249,2.7682655436984716,2.7753453254699707,662315,0.0,0.0
1990-01-23 00:00:00-05:00,2.7895047620970144,2.831984758377075,2.7611851132659733,2.831984758377075,1645136,0.0,0.0
1990-01-24 00:00:00-05:00,2.817824963914798,2.817824963914798,2.7470255729971034,2.8036653995513916,5039985,0.0,0.0
1990-01-25 00:00:00-05:00,2.8249051240521212,2.8249051240521212,2.7257855634309633,2.739945650100708,1259754,0.0,0.0
1990-01-26 00:00:00-05:00,2.7470260155348996,2.754106060373954,2.6479064338554115,2.7116260528564453,2059567,0.0,0.0
1990-01-29 00:00:00-05:00,2.7257851373821933,2.7470250025501888,2.6479054574217273,2.6691455841064453,3214745,0.0,0.0
1990-01-30 00:00:00-05:00,2.654984173930845,2.662064736354414,2.6125047221386963,2.647904396057129,1482462,0.0,0.0
1990-01-31 00:00:00-05:00,2.662066201958372,2.7753453254699707,2.662066201958372,2.7753453254699707,2109919,0.0,0.0
1990-02-01 00:00:00-05:00,2.7895054688884544,2.8036658199253557,2.7187063288721074,2.796586036682129,1893020,0.0,0.0
1990-02-02 00:00:00-05:00,2.7895044691391817,2.831984460957932,2.7895044691391817,2.824904680252075,1476653,0.0,0.0
1990-02-05 00:00:00-05:00,2.82490497692769,2.874464754657136,2.8107448909954194,2.831984758377075,1370140,0.0,0.0
1990-02-06 00:00:00-05:00,2.8249046080854914,2.8390644306521917,2.7965849629520902,2.810744524002075,501578,0.0,0.0
1990-02-07 00:00:00-05:00,2.775344142241483,2.8744636599518882,2.7682643634883473,2.8532238006591797,4624586,0.0,0.0
1990-02-08 00:00:00-05:00,2.867384017350633,2.881544362662188,2.846144676208496,2.846144676208496,3598191,0.0,0.0
1990-02-09 00:00:00-05:00,2.874465158800221,2.88862498520658,2.860305070877075,2.860305070877075,2176731,0.0,0.0
1990-02-12 00:00:00-05:00,2.8532238006591797,2.8744636599518882,2.817823599310249,2.8532238006591797,813369,0.0,0.0
1990-02-13 00:00:00-05:00,2.856073082582975,2.8631958037834533,2.827583513198289,2.8489506244659424,1216181,0.030982,0.0
1990-02-14 00:00:00-05:00,2.848949852129358,2.870317220687866,2.848949852129358,2.870317220687866,1493114,0.0,0.0
1990-02-15 00:00:00-05:00,2.856072419514953,2.9059290885925293,2.856072419514953,2.9059290885925293,1108700,0.0,0.0
1990-02-16 00:00:00-05:00,2.898807525634765,2.9201746365886576,2.8845623465264345,2.8988075256347656,1831049,0.0,0.0
1990-02-20 00:00:00-05:00,2.8703178984819426,2.8916850090026855,2.8631957036973192,2.8916850090026855,599376,0.0,0.0
1990-02-21 00:00:00-05:00,2.856074138975054,2.9201757595710838,2.848951678223597,2.913053035736084,1741966,0.0,0.0
1990-02-22 00:00:00-05:00,2.9486644914348785,2.9771538000798787,2.9272971153259277,2.9272971153259277,1802969,0.0,0.0
1990-02-23 00:00:00-05:00,2.913052197919961,2.962908882673912,2.913052197919961,2.9272971153259277,1737124,0.0,0.0
1990-02-26 00:00:00-05:00,2.941541287171546,2.9557864665985107,2.905929785563096,2.9557864665985107,2541779,0.0,0.0
1990-02-27 00:00:00-05:00,2.9913968277395355,3.0982323347719034,2.9913968277395355,3.0839879512786865,4800816,0.0,0.0
1990-02-28 00:00:00-05:00,3.0839883299115027,3.1267222748877326,3.076865348040407,3.1195998191833496,1740998,0.0,0.0
1990-03-01 00:00:00-05:00,3.1053574560004,3.162336349487305,3.098234732574686,3.1623363494873047,3210872,0.0,0.0
1990-03-02 00:00:00-05:00,3.1765810070881493,3.183703204346808,3.148091428802933,3.1623363494873047,1211339,0.0,0.0
1990-03-05 00:00:00-05:00,3.148091428802933,3.169458809829491,3.1409692315442745,3.1623363494873047,869531,0.0,0.0
1990-03-06 00:00:00-05:00,3.1623362487671534,3.1837031029461236,3.155213525568298,3.1765809059143066,1404999,0.0,0.0
1990-03-07 00:00:00-05:00,3.169456720352173,3.1908238242088522,3.148089353412139,3.169456720352173,1665470,0.0,0.0
1990-03-08 00:00:00-05:00,3.1765809059143066,3.1837031029461236,3.148091328536481,3.1765809059143066,741715,0.0,0.0
1990-03-09 00:00:00-05:00,3.1552115715385525,3.1552115715385525,3.0982327151535562,3.1195998191833496,1929816,0.0,0.0
1990-03-12 00:00:00-05:00,3.1124790947640437,3.1338464719564962,3.0839897846744013,3.098234176635742,2145746,0.0,0.0
1990-03-13 00:00:00-05:00,3.0839902471296354,3.0839902471296354,3.0412557494200225,3.0697450637817383,1974357,0.0,0.0
1990-03-14 00:00:00-05:00,3.041256299768323,3.0697456192854897,3.0341341014308147,3.0555012226104736,2202875,0.0,0.0
1990-03-15 00:00:00-05:00,3.062621499381891,3.112478171880949,3.062621499381891,3.105355978012085,2704453,0.0,0.0
1990-03-16 00:00:00-05:00,3.1623352784084657,3.1908248470443024,3.1480903625488286,3.148090362548828,4408655,0.0,0.0
1990-03-19 00:00:00-05:00,3.062622859486523,3.205070220208613,3.062622859486523,3.1765809059143066,2208685,0.0,0.0
1990-03-20 00:00:00-05:00,3.1765800885823694,3.2406816869600585,3.1765800885823694,3.2193145751953125,3240889,0.0,0.0
1990-03-21 00:00:00-05:00,3.233558642022996,3.2406813626764346,3.205069074826369,3.2121920585632324,1189068,0.0,0.0
1990-03-22 00:00:00-05:00,3.205068883697134,3.2121918670092295,3.1053560621637186,3.112478256225586,1578324,0.0,0.0
1990-03-23 00:00:00-05:00,3.1338455427377467,3.1409677366066107,3.0911110641075528,3.105355978012085,1569609,0.0,0.0
1990-03-26 00:00:00-05:00,3.1124777230902687,3.1480894765499063,3.1124777230902687,3.133845090866089,855974,0.0,0.0
1990-03-27 00:00:00-05:00,3.119601751158655,3.1765809059143066,3.119601751158655,3.1765809059143066,478339,0.0,0.0
1990-03-28 00:00:00-05:00,3.197945949353643,3.205068141766818,3.1765788459474207,3.1837010383605957,815306,0.0,0.0
1990-03-29 00:00:00-05:00,3.1694578200817918,3.1765800151163552,3.148090445727766,3.155212640762329,617773,0.0,0.0
1990-03-30 00:00:00-05:00,3.140968084335327,3.1480902789926715,3.1196007111130006,3.140968084335327,366984,0.0,0.0
1990-04-02 00:00:00-04:00,3.076864970282106,3.0982323347719034,3.069742778535497,3.0839879512786865,1132907,0.0,0.0
1990-04-03 00:00:00-04:00,3.0839888603265484,3.155212114203281,3.0839888603265484,3.126722812652588,1163893,0.0,0.0
1990-04-04 00:00:00-04:00,3.133845532665364,3.1480899203573087,3.119600355723214,3.126722812652588,814338,0.0,0.0
1990-04-05 00:00:00-04:00,3.1196007111130006,3.1552124736500153,3.1196007111130006,3.140968084335327,439607,0.0,0.0
1990-04-06 00:00:00-04:00,3.140967857585869,3.155212245872241,3.076866005629894,3.091111183166504,2140904,0.0,0.0
1990-04-09 00:00:00-04:00,3.083988915432432,3.091111109405666,3.019887065006071,3.034132242202759,737842,0.0,0.0
1990-04-10 00:00:00-04:00,3.0626205158668567,3.0626205158668567,3.027008768708514,3.0483756065368652,1021553,0.0,0.0
1990-04-11 00:00:00-04:00,3.0483756065368652,3.0483756065368652,3.0198860509602006,3.0483756065368652,1176481,0.0,0.0
1990-04-12 00:00:00-04:00,3.0341323146039527,3.0982333773096897,3.027009857377354,3.091111183166504,845323,0.0,0.0
1990-04-16 00:00:00-04:00,3.1053568987833735,3.1338464719564962,3.098234176635742,3.098234176635742,830799,0.0,0.0
1990-04-17 00:00:00-04:00,3.1196012907447144,3.1196012907447144,3.098234176635742,3.098234176635742,451226,0.0,0.0
1990-04-18 00:00:00-04:00,3.1053555213494213,3.1053555213494213,3.0554988561821093,3.0768654346466064,641012,0.0,0.0
1990-04-19 00:00:00-04:00,3.069742707448534,3.076864899030212,3.03413122337351,3.0483756065368652,813369,0.0,0.0
1990-04-20 00:00:00-04:00,3.0483774382331963,3.0555001602613814,2.9415416063964632,2.962908983230591,1229737,0.0,0.0
1990-04-23 00:00:00-04:00,2.962908882673912,2.962908882673912,2.9059300023004444,2.9272971153259277,1908513,0.0,0.0
1990-04-24 00:00:00-04:00,2.927297214673997,2.9985212779541364,2.927297214673997,2.962908983230591,804655,0.0,0.0
1990-04-25 00:00:00-04:00,2.9771536226759774,3.005643192706796,2.9771536226759774,2.9842758178710938,1149368,0.0,0.0
1990-04-26 00:00:00-04:00,2.9700314274808615,2.991398276149661,2.9700314274808615,2.9842758178710938,499641,0.0,0.0
1990-04-27 00:00:00-04:00,2.9700314274808615,3.019887583097028,2.9700314274808615,2.9842758178710938,1085461,0.0,0.0
1990-04-30 00:00:00-04:00,2.984274960332317,3.005642329028053,2.970030574035244,2.9985201358795166,733969,0.0,0.0
1990-05-01 00:00:00-04:00,3.0127644821136754,3.048376236632929,3.005642289059848,3.0412540435791016,864689,0.0,0.0
1990-05-02 00:00:00-04:00,3.041254508747139,3.0982333773096897,3.041254508747139,3.091111183166504,1598658,0.0,0.0
1990-05-03 00:00:00-04:00,3.1053555302483598,3.1837012300095444,3.1053555302483598,3.133845090866089,1960801,0.0,0.0
1990-05-04 00:00:00-04:00,3.1480894765499063,3.1480894765499063,3.1124777230902687,3.133845090866089,473497,0.0,0.0
1990-05-07 00:00:00-04:00,3.1409692315442745,3.169458809829491,3.1409692315442745,3.1623363494873047,1201656,0.0,0.0
1990-05-08 00:00:00-04:00,3.1837002977284,3.2193125669264466,3.1765781069720784,3.2050673961639404,1460192,0.0,0.0
1990-05-09 00:00:00-04:00,3.1765789129154967,3.1908238242088522,3.148089353412139,3.169456720352173,965392,0.0,0.0
1990-05-10 00:00:00-04:00,3.1552115459754626,3.1837011054788205,3.148089353412139,3.169456720352173,724286,0.0,0.0
1990-05-11 00:00:00-04:00,3.1552107454532505,3.2193125669264466,3.1552107454532505,3.2050673961639404,1389506,0.0,0.0
1990-05-14 00:00:00-04:00,3.262049015305896,3.4044968864893836,3.2549268190593392,3.319027900695801,3284463,0.0,0.0
1990-05-15 00:00:00-04:00,3.336210012435913,3.379165735419971,3.3290509456430986,3.336210012435913,1060285,0.030982,0.0
1990-05-16 00:00:00-04:00,3.3505288828970623,3.3576879501342773,3.293255022772091,3.3576879501342773,911167,0.0,0.0
1990-05-17 00:00:00-04:00,3.379166603088379,3.465077542224973,3.3648484658262827,3.379166603088379,1842669,0.0,0.0
1990-05-18 00:00:00-04:00,3.3648478107078437,3.3791659451822733,3.3505288828970623,3.3576879501342773,946994,0.0,0.0
1990-05-21 00:00:00-04:00,3.357688170097941,3.400643898562532,3.343370034685524,3.3934848308563232,1583165,0.0,0.0
1990-05-22 00:00:00-04:00,3.422120525102799,3.4292795899431505,3.3934834724053076,3.407801866531372,1472779,0.0,0.0
1990-05-23 00:00:00-04:00,3.4149602635497756,3.4650750298587147,3.4006418722237832,3.4221198558807373,1760364,0.0,0.0
1990-05-24 00:00:00-04:00,3.414962298420417,3.42928096272377,3.3934848308563232,3.3934848308563232,1010902,0.0,0.0
1990-05-25 00:00:00-04:00,3.400643675784819,3.4078030074674843,3.3576879501342773,3.3576879501342773,641981,0.0,0.0
1990-05-29 00:00:00-04:00,3.3433702615434604,3.436440263603,3.3433702615434604,3.4149625301361084,883087,0.0,0.0
1990-05-30 00:00:00-04:00,3.4149618627203457,3.4149618627203457,3.3290509456430986,3.336210012435913,1905608,0.0,0.0
1990-05-31 00:00:00-04:00,3.3505287170410156,3.357687783923846,3.3362100543844795,3.3505287170410156,521912,0.0,0.0
1990-06-01 00:00:00-04:00,3.364847183227539,3.400643041629264,3.350528258086966,3.364847183227539,772701,0.0,0.0
1990-06-04 00:00:00-04:00,3.364846590630474,3.364846590630474,3.257457712110992,3.300412893295288,1538624,0.0,0.0
1990-06-05 00:00:00-04:00,3.3147318397060723,3.3433686273678145,3.271776129322746,3.278935194015503,3366768,0.0,0.0
1990-06-06 00:00:00-04:00,3.278935194015503,3.300412916984488,3.264616800184632,3.278935194015503,673935,0.0,0.0
1990-06-07 00:00:00-04:00,3.286093747018389,3.3075709342956547,3.271775093276333,3.3075709342956543,1025426,0.0,0.0
1990-06-08 00:00:00-04:00,3.300412893295288,3.3218908805554683,3.293253828653916,3.300412893295288,810464,0.0,0.0
1990-06-11 00:00:00-04:00,3.2717756553217257,3.321890423137394,3.2717756553217257,3.3147313594818115,1224895,0.0,0.0
1990-06-12 00:00:00-04:00,3.3147335015126287,3.3791664382769975,3.3147335015126287,3.372007369995117,2391693,0.0,0.0
1990-06-13 00:00:00-04:00,3.3863242118763583,3.4078022018468554,3.372006080786803,3.4006428718566895,804655,0.0,0.0
1990-06-14 00:00:00-04:00,3.386324167251587,3.4006428270432276,3.3791651018011506,3.386324167251587,521912,0.0,0.0
1990-06-15 00:00:00-04:00,3.3218918788502845,3.3720066686271566,3.3218918788502845,3.336210012435913,1471811,0.0,0.0
1990-06-18 00:00:00-04:00,3.3505270677984846,3.357686131157383,3.3290493488311763,3.3290493488311768,1088366,0.0,0.0
1990-06-19 00:00:00-04:00,3.3147329559828873,3.3505288203920816,3.3075730955428897,3.321892023086548,1319789,0.0,0.0
1990-06-20 00:00:00-04:00,3.307571365418561,3.343368004439587,3.307571365418561,3.3290493488311768,766891,0.0,0.0
1990-06-21 00:00:00-04:00,3.3362095973917945,3.379165315031908,3.3362095973917945,3.364847183227539,517070,0.0,0.0
1990-06-22 00:00:00-04:00,3.372005581548891,3.4006423683789953,3.3433685302734375,3.3433685302734375,684586,0.0,0.0
1990-06-25 00:00:00-04:00,3.3362095637742337,3.3362095637742337,3.286095309627718,3.2932543754577637,1652883,0.0,0.0
1990-06-26 00:00:00-04:00,3.2932553575615557,3.3004144255265553,3.171547764365359,3.1787073612213135,3361926,0.0,0.0
1990-06-27 00:00:00-04:00,3.150069961696588,3.221661949965571,3.1429103662015487,3.207343816757202,1871718,0.0,0.0
1990-06-28 00:00:00-04:00,3.250298642301503,3.250298642301503,3.2216615857856445,3.23598051071167,1715822,0.0,0.0
1990-06-29 00:00:00-04:00,3.23598001252289,3.278935194015503,3.23598001252289,3.278935194015503,671998,0.0,0.0
1990-07-02 00:00:00-04:00,3.278935714906875,3.307572507117855,3.278935714906875,3.2932543754577637,763986,0.0,0.0
1990-07-03 00:00:00-04:00,3.293254818342724,3.343369608119596,3.293254818342724,3.336210012435913,950867,0.0,0.0
1990-07-05 00:00:00-04:00,3.3290489149087388,3.3290489149087388,3.3004118718698994,3.3075709342956543,1568641,0.0,0.0
1990-07-06 00:00:00-04:00,3.307571365418561,3.343368004439587,3.307571365418561,3.3290493488311768,661347,0.0,0.0
1990-07-09 00:00:00-04:00,3.321891745060338,3.321891745060338,3.2717769573018503,3.28609561920166,1150337,0.0,0.0
1990-07-10 00:00:00-04:00,3.2860957045937593,3.3004138379747916,3.235980915532995,3.2431399822235107,751398,0.0,0.0
1990-07-11 00:00:00-04:00,3.2288214181583177,3.264617275727042,3.2288214181583177,3.257458209991455,658442,0.0,0.0
1990-07-12 00:00:00-04:00,3.2431396724728567,3.2574583333771816,3.228821540459342,3.2502987384796143,1729378,0.0,0.0
1990-07-13 00:00:00-04:00,3.2789345830923544,3.3648459878522026,3.2646161919292513,3.3290493488311768,1017680,0.0,0.0
1990-07-16 00:00:00-04:00,3.3433702615434604,3.436440263603,3.3147334598845957,3.4149625301361084,1263627,0.0,0.0
1990-07-17 00:00:00-04:00,3.4149609313717235,3.436438654783502,3.3791648138338806,3.407801866531372,941184,0.0,0.0
1990-07-18 00:00:00-04:00,3.3863250124194884,3.3934846085476043,3.3576879501342773,3.3576879501342773,434765,0.0,0.0
1990-07-19 00:00:00-04:00,3.350527594758289,3.350527594758289,3.3004128211375825,3.3433685302734375,730096,0.0,0.0
1990-07-20 00:00:00-04:00,3.329050987501649,3.37200671102582,3.329050987501649,3.3505287170410156,705888,0.0,0.0
1990-07-23 00:00:00-04:00,3.321891745060338,3.3290508115648194,3.28609561920166,3.28609561920166,764954,0.0,0.0
1990-07-24 00:00:00-04:00,3.2789362082945916,3.2789362082945916,3.0068847902364024,3.0856363773345947,4490961,0.0,0.0
1990-07-25 00:00:00-04:00,3.092794957451983,3.1357506743618715,3.0856358916714988,3.1214325428009033,1638358,0.0,0.0
1990-07-26 00:00:00-04:00,3.1214325428009033,3.128591608581387,3.0856358916714988,3.1214325428009033,1111605,0.0,0.0
1990-07-27 00:00:00-04:00,3.078476764895037,3.0856358305336733,3.0426806433656792,3.049839973449707,1080619,0.0,0.0
1990-07-30 00:00:00-04:00,3.0355210488362596,3.049839973449707,2.985406796029628,3.049839973449707,1238452,0.0,0.0
1990-07-31 00:00:00-04:00,3.0426810637911013,3.0569994614922247,2.978247613022476,2.999725341796875,1601563,0.0,0.0
1990-08-01 00:00:00-04:00,3.0068845776779667,3.0140441729700114,2.9496104597958053,2.9854071140289307,687491,0.0,0.0
1990-08-02 00:00:00-04:00,2.9782491278391072,2.9782491278391072,2.906656838474322,2.9352939128875732,3578825,0.0,0.0
1990-08-03 00:00:00-04:00,2.9209735669974006,2.9209735669974006,2.749151748024266,2.7849478721618652,4800816,0.0,0.0
1990-08-06 00:00:00-04:00,2.5200558198014704,2.6059667385317935,2.5200558198014704,2.5916483402252197,3609810,0.0,0.0
1990-08-07 00:00:00-04:00,2.691877391211301,2.691877391211301,2.6059659689607093,2.6131255626678467,4062005,0.0,0.0
1990-08-08 00:00:00-04:00,2.6059668476651914,2.6274445782472227,2.577329785407333,2.6202855110168457,2362644,0.0,0.0
1990-08-09 00:00:00-04:00,2.6059662679170743,2.706195831298828,2.6059662679170743,2.706195831298828,2963957,0.0,0.0
1990-08-10 00:00:00-04:00,2.6847181086301144,2.6990370346688337,2.6489222479831147,2.663240909576416,1447604,0.0,0.0
1990-08-13 00:00:00-04:00,2.656081640505081,2.656081640505081,2.5916484487589875,2.6202855110168457,2148651,0.0,0.0
1990-08-14 00:00:00-04:00,2.6059659689607093,2.6202846274842617,2.570169851542551,2.6131255626678467,1649009,0.0,0.0
1990-08-15 00:00:00-04:00,2.6274442555931627,2.6775590422788818,2.6274442555931627,2.663240909576416,4170454,0.0,0.0
1990-08-16 00:00:00-04:00,2.6390149972290735,2.6390149972290735,2.602963001305336,2.6173834800720215,1976294,0.03408,0.0
1990-08-17 00:00:00-04:00,2.6101703738030517,2.617380605267023,2.566907653342315,2.5957493782043457,1989850,0.0,0.0
1990-08-20 00:00:00-04:00,2.5813305844613263,2.5813305844613263,2.559699077075525,2.5669093132019043,1025426,0.0,0.0
1990-08-21 00:00:00-04:00,2.5236463291563496,2.530856563087698,2.4227003907627442,2.4371213912963867,1915291,0.0,0.0
1990-08-22 00:00:00-04:00,2.4371204117552807,2.4659621348948657,2.35059497600116,2.3866474628448486,1561863,0.0,0.0
1990-08-23 00:00:00-04:00,2.3650171756744385,2.40106914415528,2.300123472607641,2.3650171756744385,3043357,0.0,0.0
1990-08-24 00:00:00-04:00,2.393858656030932,2.465963126028199,2.393858656030932,2.4371213912963867,1940467,0.0,0.0
1990-08-27 00:00:00-04:00,2.509225845336914,2.559698824927403,2.509225845336914,2.509225845336914,1932720,0.0,0.0
1990-08-28 00:00:00-04:00,2.5020144142289604,2.5020144142289604,2.4659624553707005,2.4803829193115234,1326567,0.0,0.0
1990-08-29 00:00:00-04:00,2.4659624553707005,2.487593151281935,2.4371207284828524,2.4803829193115234,818211,0.0,0.0
1990-08-30 00:00:00-04:00,2.4803836284892546,2.4803836284892546,2.451542159690612,2.458752393722534,890833,0.0,0.0
1990-08-31 00:00:00-04:00,2.444332590782151,2.50922604640489,2.4371220884527136,2.4948055744171143,934406,0.0,0.0
1990-09-04 00:00:00-04:00,2.4875943400819662,2.509225845336914,2.465963633833603,2.509225845336914,303077,0.0,0.0
1990-09-05 00:00:00-04:00,2.5020148852180952,2.5524878501892085,2.494804651890401,2.552487850189209,729127,0.0,0.0
1990-09-06 00:00:00-04:00,2.5380668827587316,2.5380668827587316,2.4731731839812614,2.487593650817871,771733,0.0,0.0
1990-09-07 00:00:00-04:00,2.487593151281935,2.494804182258549,2.4803829193115234,2.4803829193115234,366984,0.0,0.0
1990-09-10 00:00:00-04:00,2.4948041466801096,2.4948041466801096,2.4443311919300212,2.4515414237976074,888896,0.0,0.0
1990-09-11 00:00:00-04:00,2.4587506541107795,2.4587506541107795,2.3938569957240867,2.4154884815216064,2926193,0.0,0.0
1990-09-12 00:00:00-04:00,2.4227003836472236,2.4515421182943267,2.4227003836472236,2.4443318843841553,706857,0.0,0.0
1990-09-13 00:00:00-04:00,2.4515414587590763,2.4803829193115234,2.4515414587590763,2.4803829193115234,758176,0.0,0.0
1990-09-14 00:00:00-04:00,2.4803836284892546,2.4803836284892546,2.451542159690612,2.458752393722534,1313010,0.0,0.0
1990-09-17 00:00:00-04:00,2.408278252591055,2.4299089393827087,2.408278252591055,2.4154884815216064,3610779,0.0,0.0
1990-09-18 00:00:00-04:00,2.408279937172691,2.429910639094929,2.36501720165084,2.4227004051208496,1480526,0.0,0.0
1990-09-19 00:00:00-04:00,2.4299118518829346,2.4299118518829346,2.4154913767374038,2.4299118518829346,1418555,0.0,0.0
1990-09-20 00:00:00-04:00,2.4154904288251573,2.4154904288251573,2.3505961854518906,2.3794379234313965,1266532,0.0,0.0
1990-09-21 00:00:00-04:00,2.3217539942683882,2.3722269535064697,2.3217539942683882,2.3722269535064697,1238452,0.0,0.0
1990-09-24 00:00:00-04:00,2.3650171908914377,2.3650171908914377,2.307333987683852,2.3217544555664062,1073841,0.0,0.0
1990-09-25 00:00:00-04:00,2.3217544406277684,2.379437643464209,2.307333972837998,2.3650171756744385,1320757,0.0,0.0
1990-09-26 00:00:00-04:00,2.372227868421481,2.372227868421481,2.336175892967226,2.3578073978424072,558707,0.0,0.0
1990-09-27 00:00:00-04:00,2.365016018728856,2.365016018728856,2.3361742982520224,2.3505947589874268,1755522,0.0,0.0
1990-09-28 00:00:00-04:00,2.336174964904785,2.350595429755225,2.285702006251158,2.336174964904785,1304296,0.0,0.0
1990-10-01 00:00:00-04:00,2.3361742982520224,2.372226249096558,2.32896406788432,2.3505947589874268,1328503,0.0,0.0
1990-10-02 00:00:00-04:00,2.3578069569501605,2.372227424832715,2.3217544555664062,2.3217544555664062,1587038,0.0,0.0
1990-10-03 00:00:00-04:00,2.307334211958628,2.307334211958628,2.2352297348534527,2.2568609714508057,2574701,0.0,0.0
1990-10-04 00:00:00-04:00,2.242438831085555,2.242438831085555,1.903549585380335,1.9179701805114746,6920417,0.0,0.0
1990-10-05 00:00:00-04:00,1.8891284575784673,1.9468123029475282,1.8819182265967385,1.9179701805114746,4372828,0.0,0.0
1990-10-08 00:00:00-04:00,1.9468131142813117,1.9684439494088237,1.917970979825307,1.9251817464828491,2371359,0.0,0.0
1990-10-09 00:00:00-04:00,1.8963403701782229,1.9035506050221322,1.8747089998077269,1.8963403701782227,3599159,0.0,0.0
1990-10-10 00:00:00-04:00,1.8963403701782229,1.917971207877705,1.8819192346516365,1.8963403701782227,1643200,0.0,0.0
1990-10-11 00:00:00-04:00,1.9035506553706074,1.9251820263132482,1.8819192844279669,1.8891295194625854,3115011,0.0,0.0
1990-10-12 00:00:00-04:00,1.903550032612758,1.903550032612758,1.8747084360712005,1.8819186687469482,2409122,0.0,0.0
1990-10-15 00:00:00-04:00,1.874708490782584,1.874708490782584,1.7953937983512305,1.8098149299621582,1014775,0.0,0.0
1990-10-16 00:00:00-04:00,1.8170255212652924,1.824235755573716,1.73050057888031,1.73050057888031,1012838,0.0,0.0
1990-10-17 00:00:00-04:00,1.7160797224499797,1.7521315628740195,1.6944483518600464,1.6944483518600464,1915291,0.0,0.0
1990-10-18 00:00:00-04:00,1.716079740503152,1.8170256937589446,1.716079740503152,1.7521315813064575,2932971,0.0,0.0
1990-10-19 00:00:00-04:00,1.7737623646853085,1.8891288828873214,1.7737623646853085,1.8530770540237427,1711949,0.0,0.0
1990-10-22 00:00:00-04:00,1.8602873086929321,1.896339803822677,1.8530770760024107,1.8602873086929321,1056412,0.0,0.0
1990-10-23 00:00:00-04:00,1.9035503711120398,2.0044964430452463,1.8963401371541309,1.9468131065368652,2268719,0.0,0.0
1990-10-24 00:00:00-04:00,1.9179712586076016,1.9251820263132482,1.8314463075080667,1.8891295194625854,2381042,0.0,0.0
1990-10-25 00:00:00-04:00,1.9468132261295312,1.9612338280989434,1.8602877499646233,1.867498517036438,1022521,0.0,0.0
1990-10-26 00:00:00-04:00,1.8530785156299412,1.8530785156299412,1.7377119064331052,1.7377119064331055,856943,0.0,0.0
1990-10-29 00:00:00-05:00,1.8098154397267667,1.81702567464382,1.6944483518600464,1.6944483518600464,2599877,0.0,0.0
1990-10-30 00:00:00-05:00,1.6944488070250792,1.7088698134039941,1.6439756842022488,1.6800282001495361,2304546,0.0,0.0
1990-10-31 00:00:00-05:00,1.6872379837752383,1.6944483518600464,1.6800277488581852,1.6944483518600464,660378,0.0,0.0
1990-11-01 00:00:00-05:00,1.7305004669822608,1.7305004669822608,1.6728167318964207,1.7088690996170044,2040201,0.0,0.0
1990-11-02 00:00:00-05:00,1.7305002375308047,1.8170251628483287,1.723289471973765,1.8098149299621582,1600595,0.0,0.0
1990-11-05 00:00:00-05:00,1.8098162377628881,1.8819200835728198,1.795395095731024,1.8386578559875488,1681932,0.0,0.0
1990-11-06 00:00:00-05:00,1.8530770760024107,1.9035500365131988,1.8386564774536538,1.8602873086929321,1695488,0.0,0.0
1990-11-07 00:00:00-05:00,1.8602883744900567,1.8963408902750227,1.795394778251648,1.795394778251648,5490243,0.0,0.0
1990-11-08 00:00:00-05:00,1.7809736387698716,1.802605015073061,1.7737634019484583,1.795394778251648,1865908,0.0,0.0
1990-11-09 00:00:00-05:00,1.8098156696069965,1.8530778836109496,1.7809733945977309,1.8458675146102905,1754554,0.0,0.0
1990-11-12 00:00:00-05:00,1.8458667063619298,1.903550032612758,1.831445708339581,1.8819186687469482,2789663,0.0,0.0
1990-11-13 00:00:00-05:00,1.8891293801596156,2.0477586674244876,1.8891293801596156,2.011706829071045,7117950,0.0,0.0
1990-11-14 00:00:00-05:00,2.009084709370904,2.067318908487983,1.9726883685326717,2.0382018089294434,2964925,0.03408,0.0
1990-11-15 00:00:00-05:00,2.0527620380784843,2.0527620380784843,1.9654105478027128,1.9799689054489136,2656038,0.0,0.0
1990-11-16 00:00:00-05:00,1.9945276664146845,1.9945276664146845,1.9435725407939133,1.9799689054489136,2045043,0.0,0.0
1990-11-19 00:00:00-05:00,1.9872482868634296,2.001807184245738,1.9508519172668457,1.9508519172668457,2044075,0.0,0.0
1990-11-20 00:00:00-05:00,1.943572468583885,1.943572468583885,1.8926173448562622,1.8926173448562622,1446635,0.0,0.0
1990-11-21 00:00:00-05:00,1.8998964561889915,1.8998964561889915,1.8707793386588154,1.8926173448562622,725254,0.0,0.0
1990-11-23 00:00:00-05:00,1.885338099083681,1.8998964561889915,1.8635000928862342,1.8926173448562622,644886,0.0,0.0
1990-11-26 00:00:00-05:00,1.8926172001623258,1.9144552046902186,1.8707791956344333,1.9071754217147827,1057380,0.0,0.0
1990-11-27 00:00:00-05:00,1.9071755675217208,1.9071755675217208,1.8707793386588154,1.8926173448562622,1936594,0.0,0.0
1990-11-28 00:00:00-05:00,1.8998963109385543,1.9144552046902186,1.885337954946256,1.9071754217147827,1589943,0.0,0.0
1990-11-29 00:00:00-05:00,1.9071749292528295,1.9654098170231338,1.9071749292528295,1.9362921714782715,1483431,0.0,0.0
1990-11-30 00:00:00-05:00,1.9435719932685689,2.0018063485271185,1.9144548828592034,1.9654099941253662,2323912,0.0,0.0
1990-12-03 00:00:00-05:00,1.9654111199150306,2.0163657226087706,1.9654111199150306,2.0090866088867188,115227,0.0,0.0
1990-12-04 00:00:00-05:00,2.0236443562085857,2.030923465785702,1.9945271112612049,2.016364574432373,1683868,0.0,0.0
1990-12-05 00:00:00-05:00,2.009085776855133,2.096437256382838,2.009085776855133,2.081878900527954,1439857,0.0,0.0
1990-12-06 00:00:00-05:00,2.198347586201502,2.198347586201502,2.1037169920440504,2.140113353729248,3225397,0.0,0.0
1990-12-07 00:00:00-05:00,2.1692304611206055,2.1910684662584665,2.13283409958381,2.1692304611206055,2229988,0.0,0.0
1990-12-10 00:00:00-05:00,2.125554962085273,2.1765100955963135,2.118275849354949,2.1765100955963135,885023,0.0,0.0
1990-12-11 00:00:00-05:00,2.161952190311345,2.1692313041196734,2.110996914814173,2.1255552768707275,1265564,0.0,0.0
1990-12-12 00:00:00-05:00,2.0891580893080883,2.1837893552789214,2.0818789783285436,2.1692304611206055,1242325,0.0,0.0
1990-12-13 00:00:00-05:00,2.191068120515739,2.2129061222076416,2.183789010684812,2.2129061222076416,1206498,0.0,0.0
1990-12-14 00:00:00-05:00,2.205626340177594,2.2129061222076416,2.169230118823837,2.2129061222076416,867594,0.0,0.0
1990-12-17 00:00:00-05:00,2.1910678309060247,2.1910678309060247,2.1037163734436035,2.1037163734436035,1105795,0.0,0.0
1990-12-18 00:00:00-05:00,2.103717372431061,2.1182757315217486,2.0891584755808927,2.1109964847564697,1705171,0.0,0.0
1990-12-19 00:00:00-05:00,2.11099645484623,2.125554813730644,2.089158445980071,2.096437692642212,1870749,0.0,0.0
1990-12-20 00:00:00-05:00,2.0527626599485695,2.140114176686872,2.0382037601324248,2.1255552768707275,1720663,0.0,0.0
1990-12-21 00:00:00-05:00,2.169230175083189,2.176509285102901,2.147392172824915,2.1619510650634766,1181322,0.0,0.0
1990-12-24 00:00:00-05:00,2.1765105948416483,2.1765105948416483,2.1473934650421143,2.1473934650421143,496736,0.0,0.0
1990-12-26 00:00:00-05:00,2.1473927952951994,2.183789700342501,2.1473927952951994,2.1546719074249268,812401,0.0,0.0
1990-12-27 00:00:00-05:00,2.1546719074249268,2.1619516917539867,2.1401136831654726,2.1546719074249268,603249,0.0,0.0
1990-12-28 00:00:00-05:00,2.1546719074249268,2.1546719074249268,2.1473927952951994,2.1546719074249268,535468,0.0,0.0
1990-12-31 00:00:00-05:00,2.1619513501410608,2.1692304611206055,2.13283409958381,2.1692304611206055,404748,0.0,0.0
1991-01-02 00:00:00-05:00,2.183789364183053,2.198347586201502,2.140113353729248,2.140113353729248,1265564,0.0,0.0
1991-01-03 00:00:00-05:00,2.1255547867066853,2.169230803883714,2.118275674576958,2.1546719074249268,386350,0.0,0.0
1991-01-04 00:00:00-05:00,2.154671746955357,2.212906656254117,2.154671746955357,2.191068649291992,1733251,0.0,0.0
1991-01-07 00:00:00-05:00,2.1765095809746,2.183789364183053,2.12555445951157,2.140113353729248,594534,0.0,0.0
1991-01-08 00:00:00-05:00,2.1328334811178085,2.1401127244264084,2.1037163734436035,2.1037163734436035,1005092,0.0,0.0
1991-01-09 00:00:00-05:00,2.1255540790540013,2.140112970665751,2.038202611541004,2.074599504470825,770764,0.0,0.0
1991-01-10 00:00:00-05:00,2.1037173426239573,2.1037173426239573,2.0600413248916394,2.096437692642212,624551,0.0,0.0
1991-01-11 00:00:00-05:00,2.0818793337577985,2.1037173426239573,2.0746002215355257,2.096437692642212,597439,0.0,0.0
1991-01-14 00:00:00-05:00,2.081878374638192,2.110995482312397,2.0745992657693986,2.1037163734436035,608090,0.0,0.0
1991-01-15 00:00:00-05:00,2.1182752607046043,2.125554371412126,2.081878900527954,2.081878900527954,555802,0.0,0.0
1991-01-16 00:00:00-05:00,2.0527614128046467,2.074599413161563,2.0382025218336763,2.067319631576538,1193910,0.0,0.0
1991-01-17 00:00:00-05:00,2.1255541154400333,2.2201852320385687,2.096437003917204,2.2129061222076416,3308670,0.0,0.0
1991-01-18 00:00:00-05:00,2.183789516037615,2.2565821100299552,2.183789516037615,2.249302864074707,1469875,0.0,0.0
1991-01-21 00:00:00-05:00,2.227464341869496,2.2347435861402474,2.205626340177594,2.2129061222076416,701047,0.0,0.0
1991-01-22 00:00:00-05:00,2.2711418575010605,2.3075382375292985,2.2129075956799147,2.220186710357666,3017213,0.0,0.0
1991-01-23 00:00:00-05:00,2.2347441032844997,2.2565821100299552,2.2347441032844997,2.249302864074707,1333345,0.0,0.0
1991-01-24 00:00:00-05:00,2.26386042028463,2.3293745517730713,2.256581311345572,2.3293745517730713,3765706,0.0,0.0
1991-01-25 00:00:00-05:00,2.343934131630235,2.409448032306923,2.343934131630235,2.365772008895874,2316166,0.0,0.0
1991-01-28 00:00:00-05:00,2.394889041671618,2.5040784176713244,2.387609929191468,2.4458441734313965,2193192,0.0,0.0
1991-01-29 00:00:00-05:00,2.4895205291938813,2.547754781304734,2.4822408779703244,2.5404751300811768,3465534,0.0,0.0
1991-01-30 00:00:00-05:00,2.518637789689199,2.5768720418000512,2.518637789689199,2.5404751300811768,1891084,0.0,0.0
1991-01-31 00:00:00-05:00,2.5404749964084856,2.555033760329994,2.4895203982022784,2.5186376571655273,2332627,0.0,0.0
1991-02-01 00:00:00-05:00,2.504078220478298,2.51863725093133,2.4604027423975503,2.467682123184204,2282276,0.0,0.0
1991-02-04 00:00:00-05:00,2.453122789919686,2.533195162049633,2.4458436789112845,2.504077911376953,2722851,0.0,0.0
1991-02-05 00:00:00-05:00,2.5040770993414507,2.5477530956268306,2.4967979906935573,2.547753095626831,2026645,0.0,0.0
1991-02-06 00:00:00-05:00,2.5404751300811768,2.547754781304734,2.5113578695858596,2.5404751300811768,3897395,0.0,0.0
1991-02-07 00:00:00-05:00,2.58415150642395,2.649665149781215,2.5623136253048617,2.58415150642395,3844138,0.0,0.0
1991-02-08 00:00:00-05:00,2.555033814410729,2.613268333569838,2.5477547011756707,2.591430187225342,1109668,0.0,0.0
1991-02-11 00:00:00-05:00,2.613267347525276,2.766132700978571,2.613267347525276,2.722456693649292,2127348,0.0,0.0
1991-02-12 00:00:00-05:00,2.7198162632773544,2.7198162632773544,2.639174699783325,2.639174699783325,1525067,0.03408,0.0
1991-02-13 00:00:00-05:00,2.668499372043887,2.675830769130091,2.6245134266461796,2.6318442821502686,1693551,0.0,0.0
1991-02-14 00:00:00-05:00,2.6245155327366194,2.6465086584797874,2.6171844005584717,2.6171844005584717,1184227,0.0,0.0
1991-02-15 00:00:00-05:00,2.639177160412219,2.74914278516564,2.631846299289501,2.7271502017974854,3597223,0.0,0.0
1991-02-19 00:00:00-05:00,2.7198180050838143,2.8297835977344965,2.7198180050838143,2.793128490447998,1321725,0.0,0.0
1991-02-20 00:00:00-05:00,2.7638053197848707,2.785798444735555,2.7271502017974854,2.7271502017974854,1225864,0.0,0.0
1991-02-21 00:00:00-05:00,2.7198172721212712,2.8004585947360425,2.7198172721212712,2.785796880722046,2378137,0.0,0.0
1991-02-22 00:00:00-05:00,2.7857967180858583,2.8811000199418855,2.7784653199246447,2.8004584312438965,1784571,0.0,0.0
1991-02-25 00:00:00-05:00,2.8884318694318494,2.8884318694318494,2.8151219244855605,2.8224527835845947,2117665,0.0,0.0
1991-02-26 00:00:00-05:00,2.837114314579412,2.837114314579412,2.785796960112404,2.8077898025512695,1074809,0.0,0.0
1991-02-27 00:00:00-05:00,2.8004601530941087,3.035054206848144,2.8004601530941087,3.0350542068481445,3598191,0.0,0.0
1991-02-28 00:00:00-05:00,3.086369243137029,3.0937000986528203,2.976403431698523,3.049713611602783,3951619,0.0,0.0
1991-03-01 00:00:00-05:00,3.035054206848144,3.0423850679345104,2.998398547459997,3.0350542068481445,1760364,0.0,0.0
1991-03-04 00:00:00-05:00,3.0497135127600927,3.06437576489858,2.9910653165792893,3.0130584239959717,1593817,0.0,0.0
1991-03-05 00:00:00-05:00,2.9983972508249783,3.079038854232239,2.9983972508249783,3.0717077255249023,2369422,0.0,0.0
1991-03-06 00:00:00-05:00,3.0790397656353883,3.1523502620353954,3.01306040011275,3.027722120285034,2839046,0.0,0.0
1991-03-07 00:00:00-05:00,3.0350537644633704,3.0643777461171426,3.0277220920718673,3.042384624481201,969265,0.0,0.0
1991-03-08 00:00:00-05:00,3.079040185740131,3.1083641716681214,3.0203916723016215,3.0350542068481445,1523131,0.0,0.0
1991-03-11 00:00:00-05:00,3.0570458397158067,3.0937009396321127,2.9983970841092282,3.0057284832000732,1080619,0.0,0.0
1991-03-12 00:00:00-05:00,2.969073582979899,2.998397832708907,2.8737702452452205,2.895763635635376,3983573,0.0,0.0
1991-03-13 00:00:00-05:00,2.873770429279364,2.873770429279364,2.8151221968567572,2.8297839164733887,3700830,0.0,0.0
1991-03-14 00:00:00-05:00,2.859106233458998,2.9397478031138835,2.859106233458998,2.9324166774749756,1807810,0.0,0.0
1991-03-15 00:00:00-05:00,2.9617416934081753,2.9617416934081753,2.8591069904534168,2.866438388824463,2435266,0.0,0.0
1991-03-18 00:00:00-05:00,2.859109370920086,2.859109370920086,2.8371165114514305,2.844447374343872,742684,0.0,0.0
1991-03-19 00:00:00-05:00,2.807789722534154,2.8297828351373746,2.756472911111827,2.785796880722046,1933689,0.0,0.0
1991-03-20 00:00:00-05:00,2.7564751835354544,2.7564751835354544,2.6904952497500565,2.7124886512756348,2535001,0.0,0.0
1991-03-21 00:00:00-05:00,2.712487252061451,2.712487252061451,2.53654229694727,2.5951905250549316,5752651,0.0,0.0
1991-03-22 00:00:00-05:00,2.5731959342956543,2.595189314214648,2.5512028251677306,2.5731959342956543,2267751,0.0,0.0
1991-03-25 00:00:00-05:00,2.565865201806324,2.6465067863464355,2.5585338040231176,2.6465067863464355,2823553,0.0,0.0
1991-03-26 00:00:00-05:00,2.6611691695040567,2.7564733028411865,2.639176053775339,2.7564733028411865,2002438,0.0,0.0
1991-03-27 00:00:00-05:00,2.844445850904062,2.844445850904062,2.77113536570426,2.77846622467041,1380791,0.0,0.0
1991-03-28 00:00:00-05:00,2.793128358722619,2.793128358722619,2.67583191262111,2.719817876815796,1123224,0.0,0.0
1991-04-01 00:00:00-05:00,2.749141852945587,2.7784660998665505,2.7051558887509004,2.719817876815796,1036078,0.0,0.0
1991-04-02 00:00:00-05:00,2.6685009050327375,2.697825427059548,2.6685009050327375,2.6831631660461426,1483431,0.0,0.0
1991-04-03 00:00:00-05:00,2.6978249549865723,2.7271492010909313,2.6978249549865723,2.6978249549865723,1158083,0.0,0.0
1991-04-04 00:00:00-05:00,2.7124862006961443,2.7198170571236493,2.668499708175659,2.668499708175659,839513,0.0,0.0
1991-04-05 00:00:00-05:00,2.6758327044175436,2.6758327044175436,2.5951910692202977,2.6098527908325195,2669594,0.0,0.0
1991-04-08 00:00:00-04:00,2.6245141855757375,2.6538381576538086,2.5805276858763593,2.6538381576538086,1167766,0.0,0.0
1991-04-09 00:00:00-04:00,2.624515324818501,2.653839309625451,2.6098527908325195,2.6098527908325195,1525067,0.0,0.0
1991-04-10 00:00:00-04:00,2.6245141855757375,2.6685001436928446,2.617183057160652,2.6538381576538086,906326,0.0,0.0
1991-04-11 00:00:00-04:00,2.7124870181789347,2.7711352412296897,2.6978250301140396,2.719817876815796,2705421,0.0,0.0
1991-04-12 00:00:00-04:00,2.734479771561629,2.7638040145779175,2.661169028625341,2.6758315563201904,900516,0.0,0.0
1991-04-15 00:00:00-04:00,2.6904952497500565,2.7124886512756348,2.6611709851739556,2.7124886512756348,664252,0.0,0.0
1991-04-16 00:00:00-04:00,2.697824430309163,2.785796880722046,2.690493031719939,2.785796880722046,1280088,0.0,0.0
1991-04-17 00:00:00-04:00,2.8151217749181736,2.8737699985504155,2.8151217749181736,2.873769998550415,1611246,0.0,0.0
1991-04-18 00:00:00-04:00,2.8737686800453957,2.92508602142334,2.859106427771097,2.92508602142334,1114510,0.0,0.0
1991-04-19 00:00:00-04:00,2.9104251044716696,2.947080751975275,2.8737699985504155,2.873769998550415,1475684,0.0,0.0
1991-04-22 00:00:00-04:00,2.8811015711893906,2.8811015711893906,2.851777587502451,2.8591084480285645,1481494,0.0,0.0
1991-04-23 00:00:00-04:00,2.8591063943555954,2.88843035697937,2.8591063943555954,2.88843035697937,2439140,0.0,0.0
1991-04-24 00:00:00-04:00,2.8664385558164334,2.8884311274641785,2.800458674544234,2.8077898025512695,953772,0.0,0.0
1991-04-25 00:00:00-04:00,2.7857956055785706,2.8004573128814574,2.727147422412079,2.741809129714966,1260722,0.0,0.0
1991-04-26 00:00:00-04:00,2.719819514326158,2.7344817820098766,2.697826654383252,2.7124886512756348,1381760,0.0,0.0
1991-04-29 00:00:00-04:00,2.6978248049238016,2.7051556629487483,2.5951900846630416,2.6025209426879883,868562,0.0,0.0
1991-04-30 00:00:00-04:00,2.609850470259041,2.683161179465258,2.609850470259041,2.639174699783325,1817493,0.0,0.0
1991-05-01 00:00:00-04:00,2.6391759008236377,2.683162400523016,2.6391759008236377,2.6538381576538086,891801,0.0,0.0
1991-05-02 00:00:00-04:00,2.6538387196840407,2.7271494777783856,2.6538387196840407,2.705156087875366,1136780,0.0,0.0
1991-05-03 00:00:00-04:00,2.7051556717526433,2.7857972766187094,2.7051556717526433,2.7564733028411865,1160988,0.0,0.0
1991-05-06 00:00:00-04:00,2.75647286359362,2.763803720474243,2.727148623697802,2.763803720474243,880182,0.0,0.0
1991-05-07 00:00:00-04:00,2.7564743239271534,2.7857983085672147,2.7418117900246193,2.7711360454559326,246916,0.0,0.0
1991-05-08 00:00:00-04:00,2.7638025030422626,2.771133356693706,2.741809129714966,2.741809129714966,1355616,0.0,0.0
1991-05-09 00:00:00-04:00,2.749141194339672,2.7711345773548666,2.741810337459049,2.763803720474243,641981,0.0,0.0
1991-05-10 00:00:00-04:00,2.7638053197848707,2.778467042030307,2.7271502017974854,2.7271502017974854,354397,0.0,0.0
1991-05-13 00:00:00-04:00,2.741811397726126,2.749142257441616,2.6611697745260345,2.6831631660461426,463814,0.0,0.0
1991-05-14 00:00:00-04:00,2.6685009050327375,2.712487417281741,2.6685009050327375,2.6831631660461426,866626,0.0,0.0
1991-05-15 00:00:00-04:00,2.675831866657327,2.7051558422834088,2.668500466564054,2.690493583679199,457036,0.0,0.0
1991-05-16 00:00:00-04:00,2.709987508679325,2.739524223419789,2.7026035345590946,2.7247560024261475,527722,0.03408,0.0
1991-05-17 00:00:00-04:00,2.7247554803950216,2.77644492585263,2.7173715076894736,2.7690601348876953,452195,0.0,0.0
1991-05-20 00:00:00-04:00,2.754292144966107,2.754292144966107,2.7173714637756343,2.7173714637756348,679744,0.0,0.0
1991-05-21 00:00:00-04:00,2.724756293414653,2.73214054107666,2.709987798090639,2.73214054107666,707825,0.0,0.0
1991-05-22 00:00:00-04:00,2.739524223419789,2.739524223419789,2.709987508679325,2.7247560024261475,582915,0.0,0.0
1991-05-23 00:00:00-04:00,2.7395236542874186,2.77644488098414,2.7173714637756343,2.7173714637756348,1430174,0.0,0.0
1991-05-24 00:00:00-04:00,2.717372641198382,2.7616773141720476,2.717372641198382,2.7395248413085938,438638,0.0,0.0
1991-05-28 00:00:00-04:00,2.7247580694860467,2.8650572299957275,2.7247580694860467,2.8650572299957275,1166798,0.0,0.0
1991-05-29 00:00:00-04:00,2.8872082233428955,2.8872082233428955,2.8650554794523884,2.8872082233428955,864689,0.0,0.0
1991-05-30 00:00:00-04:00,2.8945926609031827,3.012739283424541,2.879824162617222,2.9979710578918457,1635453,0.0,0.0
1991-05-31 00:00:00-04:00,3.012737113183511,3.071810245513916,2.9684324685005086,3.071810245513916,1339154,0.0,0.0
1991-06-03 00:00:00-04:00,3.064426018649159,3.1751883029937744,3.0422732890271904,3.1751883029937744,1878496,0.0,0.0
1991-06-04 00:00:00-04:00,3.138269644902291,3.1456538928448183,3.101348677942874,3.130885124206543,864689,0.0,0.0
1991-06-05 00:00:00-04:00,3.116117211704066,3.1308851622621825,3.049659252166748,3.049659252166748,877277,0.0,0.0
1991-06-06 00:00:00-04:00,3.0348924669499118,3.042276445064278,2.9684353001539714,2.9905872344970703,1049634,0.0,0.0
1991-06-07 00:00:00-04:00,2.9610484324842323,3.027506092177089,2.9610484324842323,3.0201215744018555,977011,0.0,0.0
1991-06-10 00:00:00-04:00,3.0127376285347105,3.0127376285347105,2.9315117508389106,2.9462802410125732,1453413,0.0,0.0
1991-06-11 00:00:00-04:00,2.9315111297561276,2.95366358757019,2.9315111297561276,2.9536635875701904,657474,0.0,0.0
1991-06-12 00:00:00-04:00,2.9315111297561276,2.95366358757019,2.87982197060563,2.9536635875701904,2322944,0.0,0.0
1991-06-13 00:00:00-04:00,2.946281208285633,3.020122592383837,2.938896688021326,3.005354642868042,1262659,0.0,0.0
1991-06-14 00:00:00-04:00,3.0348895719015463,3.079194762090686,3.0348895719015463,3.071810245513916,2403313,0.0,0.0
1991-06-17 00:00:00-04:00,3.0865794119338466,3.1161161209710286,3.0644269483442423,3.093963384628296,1642231,0.0,0.0
1991-06-18 00:00:00-04:00,3.086579941023848,3.1087326811639207,3.086579941023848,3.1013481616973877,942153,0.0,0.0
1991-06-19 00:00:00-04:00,3.108733236425007,3.123501186983124,3.049659252166748,3.049659252166748,999282,0.0,0.0
1991-06-20 00:00:00-04:00,3.0422752768876893,3.071811996263595,3.0275073263295726,3.049659252166748,1572514,0.0,0.0
1991-06-21 00:00:00-04:00,3.093965678325733,3.1161184310913086,3.071813198313488,3.1161184310913086,1438889,0.0,0.0
1991-06-24 00:00:00-04:00,3.116117282950538,3.116117282950538,3.0275073955500806,3.0644280910491943,1579292,0.0,0.0
1991-06-25 00:00:00-04:00,3.09396320636372,3.09396320636372,3.0127376021328485,3.0201215744018555,895675,0.0,0.0
1991-06-26 00:00:00-04:00,2.990585520935192,2.997970040324994,2.9536648332583897,2.9610490798950195,863721,0.0,0.0
1991-06-27 00:00:00-04:00,2.961049661024352,2.975818157196045,2.961049661024352,2.975818157196045,607122,0.0,0.0
1991-06-28 00:00:00-04:00,2.975818243462723,2.997970715609219,2.961049746862903,2.9832022190093994,925692,0.0,0.0
1991-07-01 00:00:00-04:00,3.0053549236999664,3.086580562899309,2.9979706754988515,3.0644280910491943,1050602,0.0,0.0
1991-07-02 00:00:00-04:00,3.049657161626097,3.057041950102553,3.0127367650332966,3.0348892211914062,1791349,0.0,0.0
1991-07-03 00:00:00-04:00,3.020122592383837,3.0348910874060415,2.9905858750926324,3.005354642868042,611964,0.0,0.0
1991-07-05 00:00:00-04:00,3.01273775100708,3.01273775100708,2.9979695329861817,3.01273775100708,273060,0.0,0.0
1991-07-08 00:00:00-04:00,3.0127386176259394,3.0127386176259394,2.9758179255768376,3.005354642868042,523849,0.0,0.0
1991-07-09 00:00:00-04:00,2.9905872344970703,3.0275084888355455,2.9905872344970703,2.9905872344970703,542246,0.0,0.0
1991-07-10 00:00:00-04:00,2.9979695329861817,3.0496581596827625,2.9979695329861817,3.01273775100708,1653851,0.0,0.0
1991-07-11 00:00:00-04:00,3.0422753871489774,3.0422753871489774,2.975818243462723,2.9832022190093994,832735,0.0,0.0
1991-07-12 00:00:00-04:00,3.020122784411429,3.027507305145264,2.997970585976035,3.0275073051452637,1481494,0.0,0.0
1991-07-15 00:00:00-04:00,3.0644279995418837,3.0644279995418837,3.027507305145264,3.0275073051452637,477370,0.0,0.0
1991-07-16 00:00:00-04:00,3.0201228745957356,3.086580562899309,3.0201228745957356,3.0644280910491943,662315,0.0,0.0
1991-07-17 00:00:00-04:00,3.0644262744432833,3.0939627042319517,3.049657514042812,3.071810245513916,780447,0.0,0.0
1991-07-18 00:00:00-04:00,3.0791965874514244,3.1013487865483085,3.0570441156013097,3.0644280910491943,763986,0.0,0.0
1991-07-19 00:00:00-04:00,3.0718120664970794,3.1382697548006524,3.0644280910491943,3.0644280910491943,853069,0.0,0.0
1991-07-22 00:00:00-04:00,3.0718119747692745,3.0718119747692745,3.020122784411429,3.0275073051452637,679744,0.0,0.0
1991-07-23 00:00:00-04:00,3.0275074360556253,3.0275074360556253,2.9832022190093994,2.9832022190093994,1296549,0.0,0.0
1991-07-24 00:00:00-04:00,3.012739283424541,3.0201232598142562,2.946281859397514,2.9979710578918457,1001219,0.0,0.0
1991-07-25 00:00:00-04:00,2.9979693848417206,3.0422740367151038,2.9905848670664876,3.0201215744018555,1613182,0.0,0.0
1991-07-26 00:00:00-04:00,3.0275077817105016,3.0275077817105016,2.9905865359956003,2.9979710578918457,996377,0.0,0.0
1991-07-29 00:00:00-04:00,3.0127399871001557,3.020123965214522,2.983203256382704,2.9905872344970703,369889,0.0,0.0
1991-07-30 00:00:00-04:00,2.9905860652422,3.049659230827436,2.9905860652422,3.0275073051452637,761081,0.0,0.0
1991-07-31 00:00:00-04:00,3.0127389394558053,3.0348914116023016,2.9832022190093994,2.9832022190093994,1027363,0.0,0.0
1991-08-01 00:00:00-04:00,2.9905872344970703,3.0127399871001557,2.983203256382704,2.9905872344970703,1348837,0.0,0.0
1991-08-02 00:00:00-04:00,3.020122592383837,3.020122592383837,2.9905858750926324,3.005354642868042,893738,0.0,0.0
1991-08-05 00:00:00-04:00,3.0053560089857894,3.0275084888355455,2.9905872344970703,2.9905872344970703,610995,0.0,0.0
1991-08-06 00:00:00-04:00,2.997970585976035,3.042275255600045,2.9832020900148093,3.0275073051452637,1153241,0.0,0.0
1991-08-07 00:00:00-04:00,3.020122592383837,3.0348910874060415,3.005354642868042,3.005354642868042,680713,0.0,0.0
1991-08-08 00:00:00-04:00,2.9979695329861817,3.0718108958437993,2.9979695329861817,3.01273775100708,1484399,0.0,0.0
1991-08-09 00:00:00-04:00,3.005354876786204,3.0127388521188245,2.975818157196045,2.975818157196045,1007029,0.0,0.0
1991-08-12 00:00:00-04:00,2.9536648332583897,2.968433599284821,2.946280859374933,2.9610490798950195,1306232,0.0,0.0
1991-08-13 00:00:00-04:00,2.9684319496154785,2.983199889175293,2.946279222016695,2.9684319496154785,1648041,0.0,0.0
1991-08-14 00:00:00-04:00,2.9832015470517352,3.0053542869616234,2.9536648332583897,2.9610490798950195,1075778,0.0,0.0
1991-08-15 00:00:00-04:00,2.9509400860391435,2.9732393620351534,2.8171441555023193,2.8171441555023193,2215463,0.03408,0.0
1991-08-16 00:00:00-04:00,2.809709317657642,2.861741017448435,2.7799768785542502,2.787409782409668,1514416,0.0,0.0
1991-08-19 00:00:00-04:00,2.6907823354402494,2.7651136395300027,2.675915964797967,2.6982152462005615,1458255,0.0,0.0
1991-08-20 00:00:00-04:00,2.7130801266038254,2.720513032529193,2.661048412322998,2.661048412322998,1587038,0.0,0.0
1991-08-21 00:00:00-04:00,2.705646065853444,2.7353787811413555,2.6684807208647316,2.727945327758789,4066847,0.0,0.0
1991-08-22 00:00:00-04:00,2.765113159810017,2.824577808380127,2.750246791746904,2.824577808380127,2793536,0.0,0.0
1991-08-23 00:00:00-04:00,2.839443647375821,2.9806727721689503,2.839443647375821,2.906342029571533,2527255,0.0,0.0
1991-08-26 00:00:00-04:00,2.928640546748535,2.9435071884043364,2.8989083616799864,2.9137747287750244,974107,0.0,0.0
1991-08-27 00:00:00-04:00,2.928640546748535,2.9435071884043364,2.9063418197882687,2.9137747287750244,542246,0.0,0.0
1991-08-28 00:00:00-04:00,2.9137749390948047,2.9137749390948047,2.891475661403423,2.906342029571533,1304296,0.0,0.0
1991-08-29 00:00:00-04:00,2.9212078486180766,2.9212078486180766,2.876609567796096,2.906342029571533,195596,0.0,0.0
1991-08-30 00:00:00-04:00,2.913772975696345,2.921205880211075,2.8543083667755127,2.8543083667755127,387319,0.0,0.0
1991-09-03 00:00:00-04:00,2.824577808380127,2.8617431794163477,2.824577808380127,2.824577808380127,662315,0.0,0.0
1991-09-04 00:00:00-04:00,2.832011229781845,2.884042978286743,2.8097119482170076,2.884042978286743,1111605,0.0,0.0
1991-09-05 00:00:00-04:00,2.9583725631771696,2.9583725631771696,2.9212072001289315,2.950939655303955,1358520,0.0,0.0
1991-09-06 00:00:00-04:00,2.9286389573399823,2.95837140083313,2.8766077989883563,2.95837140083313,759145,0.0,0.0
1991-09-09 00:00:00-04:00,2.965806200904539,2.965806200904539,2.9286402864700096,2.9360740184783936,734937,0.0,0.0
1991-09-10 00:00:00-04:00,2.928641766235664,2.928641766235664,2.8914766567047994,2.898909568786621,974107,0.0,0.0
1991-09-11 00:00:00-04:00,2.891474938462209,2.8989078461270674,2.8691753917854896,2.8766088485717773,654569,0.0,0.0
1991-09-12 00:00:00-04:00,2.891475661403423,2.9286407581413485,2.891475661403423,2.906342029571533,876309,0.0,0.0
1991-09-13 00:00:00-04:00,2.9360737572549334,2.9360737572549334,2.8691753917854896,2.8766088485717773,738810,0.0,0.0
1991-09-16 00:00:00-04:00,2.876609567796096,2.9286407581413485,2.861743199627986,2.906342029571533,635203,0.0,0.0
1991-09-17 00:00:00-04:00,2.8914737130309582,2.913772975696345,2.8543083667755127,2.8543083667755127,489958,0.0,0.0
1991-09-18 00:00:00-04:00,2.861743239740828,2.8840425177447773,2.8320107775486334,2.869176149368286,354397,0.0,0.0
1991-09-19 00:00:00-04:00,2.869174926111801,2.898907375627734,2.8543091131948395,2.8617420196533203,1058348,0.0,0.0
1991-09-20 00:00:00-04:00,2.876609153578468,2.9212074279785156,2.8543098790980723,2.9212074279785156,1308169,0.0,0.0
1991-09-23 00:00:00-04:00,2.9063416400195834,2.9509399148638273,2.9063416400195834,2.928640365600586,876309,0.0,0.0
1991-09-24 00:00:00-04:00,2.94350580814244,3.002970424956291,2.9286391734578667,2.995537519454956,1107732,0.0,0.0
1991-09-25 00:00:00-04:00,2.9955384836161896,3.0252709388732915,2.9955384836161896,3.025270938873291,1854288,0.0,0.0
1991-09-26 00:00:00-04:00,3.0029709339141846,3.0029709339141846,2.988105120391986,3.0029709339141846,762050,0.0,0.0
1991-09-27 00:00:00-04:00,3.0178377480879393,3.047570203262963,2.943506747430741,2.950939655303955,773669,0.0,0.0
1991-09-30 00:00:00-04:00,2.943506747430741,2.950939655303955,2.898907927387844,2.950939655303955,488022,0.0,0.0
1991-10-01 00:00:00-04:00,2.950940351756625,2.9658067201331155,2.846876871364337,2.869176149368286,773669,0.0,0.0
1991-10-02 00:00:00-04:00,2.8394414822004608,2.8394414822004608,2.7725439746988325,2.787409782409668,1835891,0.0,0.0
1991-10-03 00:00:00-04:00,2.7874116959873847,2.8245776135820058,2.779978787029223,2.8171441555023193,819179,0.0,0.0
1991-10-04 00:00:00-04:00,2.8320088295495274,2.869174175804973,2.8097095668841403,2.8543083667755127,1057380,0.0,0.0
1991-10-07 00:00:00-04:00,2.839442476595868,2.869174926111801,2.839442476595868,2.8617420196533203,1941435,0.0,0.0
1991-10-08 00:00:00-04:00,2.8543107859075136,2.8914761636619657,2.8543107859075136,2.884042978286743,625520,0.0,0.0
1991-10-09 00:00:00-04:00,2.884042022830411,2.884042022830411,2.846876382827759,2.846876382827759,1119351,0.0,0.0
1991-10-10 00:00:00-04:00,2.8617412712902426,2.869174175804973,2.8394417340642577,2.8543083667755127,792067,0.0,0.0
1991-10-11 00:00:00-04:00,2.869174941203698,2.869174941203698,2.839442491531372,2.839442491531372,769796,0.0,0.0
1991-10-14 00:00:00-04:00,2.8171436653279063,2.884041756236636,2.8171436653279063,2.8766088485717773,1039951,0.0,0.0
1991-10-15 00:00:00-04:00,2.8840425177447773,2.8840425177447773,2.8394436871760917,2.869176149368286,1014775,0.0,0.0
1991-10-16 00:00:00-04:00,2.8840422691457124,2.9212076377617797,2.846876625968881,2.9137747287750244,1421460,0.0,0.0
1991-10-17 00:00:00-04:00,2.913774493572215,2.9881057739257812,2.8989081276772057,2.9881057739257812,1840732,0.0,0.0
1991-10-18 00:00:00-04:00,3.0029715906993086,3.0327040479285867,2.965806225083267,2.9881057739257812,910199,0.0,0.0
1991-10-21 00:00:00-04:00,3.0104031083059843,3.0104031083059843,2.9435055909274777,2.95837140083313,463814,0.0,0.0
1991-10-22 00:00:00-04:00,2.9509399148638273,2.958372823390828,2.89890818237109,2.928640365600586,667156,0.0,0.0
1991-10-23 00:00:00-04:00,2.9435055909274777,2.988104393447506,2.9286389573399823,2.95837140083313,1243293,0.0,0.0
1991-10-24 00:00:00-04:00,2.9732391895663226,2.9806723726540696,2.9063416400195834,2.928640365600586,805623,0.0,0.0
1991-10-25 00:00:00-04:00,2.928640336431485,2.928640336431485,2.89890815349812,2.9212074279785156,526753,0.0,0.0
1991-10-28 00:00:00-05:00,2.9286391536524317,2.9658050537109375,2.9137733427502948,2.9658050537109375,703952,0.0,0.0
1991-10-29 00:00:00-05:00,2.973239185344799,3.0475704669952393,2.943507002157518,3.0475704669952393,952804,0.0,0.0
1991-10-30 00:00:00-05:00,3.0475716874093854,3.1219024497044305,3.0327053153016914,3.1070363521575928,2195129,0.0,0.0
1991-10-31 00:00:00-05:00,3.1070348476294174,3.1070348476294174,3.0252709388732915,3.025270938873291,354397,0.0,0.0
1991-11-01 00:00:00-05:00,3.040136387500122,3.084735202279888,3.017837391951274,3.069868564605713,542246,0.0,0.0
1991-11-04 00:00:00-05:00,3.0624375103953674,3.1144692636505837,3.0550045989023764,3.1070363521575928,1165829,0.0,0.0
1991-11-05 00:00:00-05:00,3.121899361060386,3.1739310628381565,3.121899361060386,3.136765718460083,1106763,0.0,0.0
1991-11-06 00:00:00-05:00,3.1367688218121246,3.1442017333051155,3.0773041570639172,3.1070363521575928,650695,0.0,0.0
1991-11-07 00:00:00-05:00,3.1144692636505837,3.1144692636505837,3.0773041570639172,3.1070363521575928,153959,0.0,0.0
1991-11-08 00:00:00-05:00,3.1367688380047496,3.166501307812766,3.099603456665372,3.1219024658203125,705888,0.0,0.0
1991-11-11 00:00:00-05:00,3.1293335410064445,3.1293335410064445,3.092167638876634,3.114466905593872,343745,0.0,0.0
1991-11-12 00:00:00-05:00,3.121900577944069,3.144199848175049,3.0996015822737806,3.144199848175049,449290,0.0,0.0
1991-11-13 00:00:00-05:00,3.144200025982669,3.144200025982669,3.0773024860672993,3.08473539352417,380541,0.0,0.0
1991-11-14 00:00:00-05:00,3.0698684869933377,3.114467300645557,3.0550026733770697,3.0773022174835205,1431143,0.0,0.0
1991-11-15 00:00:00-05:00,3.0596473460019222,3.082089728155879,2.91003155708313,2.91003155708313,795940,0.03408,0.0
1991-11-18 00:00:00-05:00,2.9324739392370867,2.9549165977138068,2.88758889860641,2.91003155708313,2443981,0.0,0.0
1991-11-19 00:00:00-05:00,2.872628111197192,2.872628111197192,2.737973521688334,2.83522367477417,2382978,0.0,0.0
1991-11-20 00:00:00-05:00,2.8501854493433787,2.872628111197192,2.82774306381237,2.83522367477417,1133876,0.0,0.0
1991-11-21 00:00:00-05:00,2.8427041911463324,2.9025504468287835,2.8352230292422567,2.8950698375701904,2701548,0.0,0.0
1991-11-22 00:00:00-05:00,2.8875877568013935,2.9025495232030507,2.8726265430450435,2.872626543045044,353428,0.0,0.0
1991-11-25 00:00:00-05:00,2.857664478970382,2.857664478970382,2.7304913997650146,2.7304913997650146,1522163,0.0,0.0
1991-11-26 00:00:00-05:00,2.745453154746676,2.7753764169039172,2.6930875150521802,2.700568675994873,1513448,0.0,0.0
1991-11-27 00:00:00-05:00,2.7005683489795533,2.745452822296237,2.573394431130256,2.618279457092285,1516353,0.0,0.0
1991-11-29 00:00:00-05:00,2.6332410953128136,2.700568499855995,2.6257602111807516,2.693087339401245,1073841,0.0,0.0
1991-12-02 00:00:00-05:00,2.7005687761737676,2.715529993323323,2.6332413647417554,2.648203134536743,998314,0.0,0.0
1991-12-03 00:00:00-05:00,2.648204078113349,2.6631653005937093,2.625761415424365,2.640723466873169,2007279,0.0,0.0
1991-12-04 00:00:00-05:00,2.6257618051942155,2.640723858863997,2.5958388031460755,2.61080002784729,1385633,0.0,0.0
1991-12-05 00:00:00-05:00,2.5958357639507446,2.633239610880056,2.565912520613776,2.580873727798462,848228,0.0,0.0
1991-12-06 00:00:00-05:00,2.573394431130256,2.618279457092285,2.5434714489191337,2.618279457092285,1348837,0.0,0.0
1991-12-09 00:00:00-05:00,2.6182781273728377,2.6781246140467747,2.580873727798462,2.580873727798462,623583,0.0,0.0
1991-12-10 00:00:00-05:00,2.565915117900527,2.5883577803622053,2.565915117900527,2.5733957290649414,1099985,0.0,0.0
1991-12-11 00:00:00-05:00,2.588357319134937,2.60331853879778,2.52102962007004,2.535991668701172,855006,0.0,0.0
1991-12-12 00:00:00-05:00,2.573394431130256,2.6706450904457584,2.5584332163473675,2.618279457092285,1254913,0.0,0.0
1991-12-13 00:00:00-05:00,2.648203134536743,2.6781263978040024,2.6407225259619658,2.648203134536743,1904640,0.0,0.0
1991-12-16 00:00:00-05:00,2.678125770395759,2.752933772877174,2.6631637277832336,2.7304913997650146,1783603,0.0,0.0
1991-12-17 00:00:00-05:00,2.7155307827841164,2.7230116698564584,2.5958382475634245,2.633242130279541,946026,0.0,0.0
1991-12-18 00:00:00-05:00,2.6482038605048888,2.6706462450269206,2.618280589034582,2.655684471130371,594534,0.0,0.0
1991-12-19 00:00:00-05:00,2.655683644597658,2.7080492842921537,2.655683644597658,2.700568675994873,700079,0.0,0.0
1991-12-20 00:00:00-05:00,2.7903399384038443,2.7903399384038443,2.7080509848768126,2.7828593254089355,2209653,0.0,0.0
1991-12-23 00:00:00-05:00,2.8053001683937806,2.9399547466915155,2.797819558054804,2.932474136352539,1470843,0.0,0.0
1991-12-24 00:00:00-05:00,2.932473687437498,3.1120127292528665,2.9249930782436837,3.0596470832824707,1916259,0.0,0.0
1991-12-26 00:00:00-05:00,3.037204018294266,3.0521655082702637,3.007281038342272,3.0521655082702637,1894957,0.0,0.0
1991-12-27 00:00:00-05:00,3.0521673795102617,3.082090377807617,3.0372058803615842,3.082090377807617,606154,0.0,0.0
1991-12-30 00:00:00-05:00,3.097051208994898,3.2167437076568604,3.0746085546327286,3.2167437076568604,1326567,0.0,0.0
1991-12-31 00:00:00-05:00,3.201781768340288,3.2915518283843994,3.201781768340288,3.2915518283843994,1532814,0.0,0.0
1992-01-02 00:00:00-05:00,3.276590574244631,3.276590574244631,3.1793404353017687,3.2691099643707275,1365298,0.0,0.0
1992-01-03 00:00:00-05:00,3.2616290066695153,3.2691096157456703,3.201782199801131,3.2317051887512207,1551211,0.0,0.0
1992-01-06 00:00:00-05:00,3.2466678619384766,3.254148472457145,3.2317058119327755,3.2466678619384766,1784571,0.0,0.0
1992-01-07 00:00:00-05:00,3.2167446719618775,3.2616297178189932,3.201782897901907,3.2242252826690674,1082556,0.0,0.0
1992-01-08 00:00:00-05:00,3.2092632610092147,3.246667134186712,3.201782099521899,3.2391865253448486,804655,0.0,0.0
1992-01-09 00:00:00-05:00,3.239188028222898,3.321476697921753,3.2167453623164604,3.321476697921753,736874,0.0,0.0
1992-01-10 00:00:00-05:00,3.2317058119327755,3.254148472457145,3.216744590895439,3.2466678619384766,1195847,0.0,0.0
1992-01-13 00:00:00-05:00,3.2317058719661795,3.2317058719661795,3.194302266032438,3.209264039993286,913104,0.0,0.0
1992-01-14 00:00:00-05:00,3.216745416801233,3.2242260292405636,3.1419373581479153,3.1868224143981934,1753586,0.0,0.0
1992-01-15 00:00:00-05:00,3.1943009422709965,3.299032211303711,3.1943009422709965,3.299032211303711,1955960,0.0,0.0
1992-01-16 00:00:00-05:00,3.2915524216633565,3.560860992400463,3.2915524216633565,3.4935338497161865,4081371,0.0,0.0
1992-01-17 00:00:00-05:00,3.4710918317659463,3.545899868011474,3.4411685620031798,3.5458998680114746,2938781,0.0,0.0
1992-01-20 00:00:00-05:00,3.501015663146973,3.501015663146973,3.4411693856204724,3.5010156631469727,868562,0.0,0.0
1992-01-21 00:00:00-05:00,3.4710918387480607,3.4935342220345844,3.44864917913876,3.456129789352417,1101922,0.0,0.0
1992-01-22 00:00:00-05:00,3.501015434565657,3.575823760154521,3.4860536589187543,3.508496046066284,3327068,0.0,0.0
1992-01-23 00:00:00-05:00,3.5234574847700935,3.5758231377742407,3.508495435404546,3.5458998680114746,1317852,0.0,0.0
1992-01-24 00:00:00-05:00,3.560861349105835,3.5758231220829515,3.5234574693085934,3.560861349105835,1662566,0.0,0.0
1992-01-27 00:00:00-05:00,3.575824382454896,3.5833049952573734,3.54590110227637,3.5496411323547363,1325598,0.0,0.0
1992-01-28 00:00:00-05:00,3.5833031938945856,3.590783802936485,3.4860525131225586,3.4860525131225586,854038,0.0,0.0
1992-01-29 00:00:00-05:00,3.4486488513889424,3.590784024136394,3.4411682418862215,3.4710915088653564,1454382,0.0,0.0
1992-01-30 00:00:00-05:00,3.4710918165342353,3.560861349105835,3.44864915706856,3.560861349105835,1398221,0.0,0.0
1992-01-31 00:00:00-05:00,3.5608613647314695,3.5608613647314695,3.5010148252059365,3.5458998680114746,658442,0.0,0.0
1992-02-03 00:00:00-05:00,3.508493647986748,3.508493647986748,3.463609457015991,3.463609457015991,1291708,0.0,0.0
1992-02-04 00:00:00-05:00,3.441167629310095,3.4636102827914015,3.403763759486653,3.4187252521514893,1359489,0.0,0.0
1992-02-05 00:00:00-05:00,3.4187259150315885,3.463610954374567,3.4187259150315885,3.433687686920166,1597690,0.0,0.0
1992-02-06 00:00:00-05:00,3.4262062591736964,3.4860525131225586,3.411244764767164,3.4860525131225586,1172607,0.0,0.0
1992-02-07 00:00:00-05:00,3.478572118368077,3.4935338900190196,3.4561294608916633,3.4710915088653564,1126129,0.0,0.0
1992-02-10 00:00:00-05:00,3.47109129503876,3.4860525131225586,3.4561292479867607,3.4860525131225586,855974,0.0,0.0
1992-02-11 00:00:00-05:00,3.48605254372411,3.590783834457397,3.48605254372411,3.5907838344573975,1646105,0.0,0.0
1992-02-12 00:00:00-05:00,3.5880743994621977,3.685862877813254,3.5880743994621977,3.6708180904388428,1276215,0.03408,0.0
1992-02-13 00:00:00-05:00,3.648252676271125,3.6708186101993014,3.6106413971366256,3.640730142593384,789162,0.0,0.0
1992-02-14 00:00:00-05:00,3.610643436324444,3.776131490874101,3.610643436324444,3.7460427284240723,1553148,0.0,0.0
1992-02-18 00:00:00-05:00,3.7535633894026352,3.896484613418579,3.7535633894026352,3.896484613418579,2168985,0.0,0.0
1992-02-19 00:00:00-05:00,3.8513509731758724,3.866395206550069,3.7761292506032254,3.8438284397125244,2986227,0.0,0.0
1992-02-20 00:00:00-05:00,3.8438294776549924,3.888962745666504,3.8137410027818626,3.888962745666504,1882369,0.0,0.0
1992-02-21 00:00:00-05:00,3.92657482164562,3.9942746079006506,3.9115308569127296,3.919052839279175,2547589,0.0,0.0
1992-02-24 00:00:00-05:00,3.8964850976180614,3.9115298921933923,3.881441136595535,3.904007911682129,899548,0.0,0.0
1992-02-25 00:00:00-05:00,3.8814418743994996,3.888963856340579,3.791175868298647,3.828786611557007,1354647,0.0,0.0
1992-02-26 00:00:00-05:00,3.813741367037623,3.9040079116821294,3.7911751476528983,3.904007911682129,759145,0.0,0.0
1992-02-27 00:00:00-05:00,3.888963643700166,3.9115304218424627,3.76108717918396,3.76108717918396,858879,0.0,0.0
1992-02-28 00:00:00-05:00,3.761087743282616,3.761087743282616,3.663298912367962,3.708432197570801,1070936,0.0,0.0
1992-03-02 00:00:00-05:00,3.7084293174063774,3.738518058222741,3.6482521136244483,3.72347354888916,1215212,0.0,0.0
1992-03-03 00:00:00-05:00,3.7309948697031627,3.8287833296253933,3.7159506408655307,3.8137388229370117,1509575,0.0,0.0
1992-03-04 00:00:00-05:00,3.836308084661162,3.8588748610441703,3.791175365447998,3.791175365447998,2406218,0.0,0.0
1992-03-05 00:00:00-05:00,3.761085500552677,3.77612945689791,3.7460407106548983,3.7535626888275146,770764,0.0,0.0
1992-03-06 00:00:00-05:00,3.7460413229499827,3.768608094708944,3.6557753473177113,3.6933860778808594,2214495,0.0,0.0
1992-03-09 00:00:00-05:00,3.700909659210811,3.738520961755689,3.700909659210811,3.708432197570801,772701,0.0,0.0
1992-03-10 00:00:00-05:00,3.7159525717889275,3.7234748290419146,3.69338607788086,3.6933860778808594,1025426,0.0,0.0
1992-03-11 00:00:00-05:00,3.67834015795176,3.67834015795176,3.580551699351999,3.6031181812286377,431860,0.0,0.0
1992-03-12 00:00:00-05:00,3.603120531183107,3.603120531183107,3.550465279845625,3.565509796142578,1961769,0.0,0.0
1992-03-13 00:00:00-05:00,3.557985870743841,3.6783411205677634,3.557985870743841,3.6557743549346924,1782634,0.0,0.0
1992-03-16 00:00:00-05:00,3.648252676271125,3.6632966322232425,3.625686186641267,3.640730142593384,893738,0.0,0.0
1992-03-17 00:00:00-05:00,3.640729707331976,3.7309956550598145,3.640729707331976,3.7309956550598145,1765205,0.0,0.0
1992-03-18 00:00:00-05:00,3.7460404751650955,3.8814396858215336,3.7385184974653383,3.881439685821533,1842669,0.0,0.0
1992-03-19 00:00:00-05:00,3.866396619871139,3.9265738532159187,3.866396619871139,3.904007911682129,1735188,0.0,0.0
1992-03-20 00:00:00-05:00,3.9115285873413086,3.9491390330529748,3.8964837977847893,3.9115285873413086,1692583,0.0,0.0
1992-03-23 00:00:00-05:00,3.8964847254593318,3.92657347818337,3.866396250586202,3.888962745666504,1487304,0.0,0.0
1992-03-24 00:00:00-05:00,3.8814397177750983,3.911528462374324,3.8438284397125244,3.8438284397125244,1170671,0.0,0.0
1992-03-25 00:00:00-05:00,3.806219327334768,3.8287861037177766,3.791175365447998,3.791175365447998,791098,0.0,0.0
1992-03-26 00:00:00-05:00,3.7911757967784867,3.8137420200270022,3.7535644985276853,3.7836532592773438,586788,0.0,0.0
1992-03-27 00:00:00-05:00,3.7535626888275146,3.761085500552677,3.700907452364957,3.7535626888275146,575168,0.0,0.0
1992-03-30 00:00:00-05:00,3.7309979974281866,3.821264557528145,3.7309979974281866,3.7836532592773438,1180354,0.0,0.0
1992-03-31 00:00:00-05:00,3.776131490874101,3.7836534730983593,3.7309982082735593,3.7460427284240723,916009,0.0,0.0
1992-04-01 00:00:00-05:00,3.7009068316352596,3.7009068316352596,3.6557741366168366,3.6708180904388428,817242,0.0,0.0
1992-04-02 00:00:00-05:00,3.655776559304578,3.6632985412004078,3.618165260570499,3.625688076019287,1389506,0.0,0.0
1992-04-03 00:00:00-05:00,3.5805540048075266,3.595598520979348,3.482766038945312,3.490288019180298,1859130,0.0,0.0
1992-04-06 00:00:00-04:00,3.467721786340697,3.535421841833031,3.467721786340697,3.5278990268707275,1989850,0.0,0.0
1992-04-07 00:00:00-04:00,3.497810057512047,3.51285457393375,3.422588586807251,3.422588586807251,855006,0.0,0.0
1992-04-08 00:00:00-04:00,3.3849775791168217,3.3925003936592826,3.362411080446106,3.3849775791168213,1513448,0.0,0.0
1992-04-09 00:00:00-04:00,3.4150647095074413,3.5655084253843135,3.4150647095074413,3.550463914871216,2611496,0.0,0.0
1992-04-10 00:00:00-04:00,3.6106413971366256,3.6708186101993014,3.6106413971366256,3.640730142593384,1991787,0.0,0.0
1992-04-13 00:00:00-04:00,3.640730354456759,3.640730354456759,3.6106416072490597,3.618163585662842,554834,0.0,0.0
1992-04-14 00:00:00-04:00,3.5579861620500086,3.6708186101993014,3.5579861620500086,3.640730142593384,1869781,0.0,0.0
1992-04-15 00:00:00-04:00,3.640730832811737,3.7460413229499827,3.640730832811737,3.6933860778808594,1430174,0.0,0.0
1992-04-16 00:00:00-04:00,3.6858629590467036,3.7309956550598145,3.6858629590467036,3.7309956550598145,723318,0.0,0.0
1992-04-20 00:00:00-04:00,3.730995525705152,3.836305979637026,3.7009067848887884,3.72347354888916,842418,0.0,0.0
1992-04-21 00:00:00-04:00,3.7234746778468653,3.7761299207778745,3.7234746778468653,3.7385191917419434,1259754,0.0,0.0
1992-04-22 00:00:00-04:00,3.7159538037261464,3.7159538037261464,3.580554795389378,3.625688076019287,950867,0.0,0.0
1992-04-23 00:00:00-04:00,3.6256857531784137,3.738518187838212,3.6181629425492083,3.7309956550598145,740747,0.0,0.0
1992-04-24 00:00:00-04:00,3.7234735488891597,3.7610848222231126,3.7159512942223696,3.72347354888916,1110636,0.0,0.0
1992-04-27 00:00:00-04:00,3.708428992039696,3.7309951983585776,3.6632957458496094,3.6632957458496094,654569,0.0,0.0
1992-04-28 00:00:00-04:00,3.6557756412543476,3.6557756412543476,3.588075876235962,3.588075876235962,1003155,0.0,0.0
1992-04-29 00:00:00-04:00,3.557985870743841,3.6632963322948977,3.527897127750565,3.6557743549346924,1366267,0.0,0.0
1992-04-30 00:00:00-04:00,3.6708180904388423,3.685862877813254,3.648252159705834,3.6708180904388428,525785,0.0,0.0
1992-05-01 00:00:00-04:00,3.640732333164475,3.685865617431017,3.640732333164475,3.648254871368408,445417,0.0,0.0
1992-05-04 00:00:00-04:00,3.6632957458496094,3.6933844840260757,3.6557737696935733,3.6632957458496094,840482,0.0,0.0
1992-05-05 00:00:00-04:00,3.648254947052039,3.7460429444136505,3.648254947052039,3.708432197570801,1095144,0.0,0.0
1992-05-06 00:00:00-04:00,3.7234736779830335,3.746040164914993,3.715951423055444,3.7309956550598145,1290740,0.0,0.0
1992-05-07 00:00:00-04:00,3.7385207461998142,3.7535647106483307,3.715953965974044,3.7460427284240723,588724,0.0,0.0
1992-05-08 00:00:00-04:00,3.7309948697031627,3.8137388229370117,3.7234728942097215,3.8137388229370117,923755,0.0,0.0
1992-05-11 00:00:00-04:00,3.798697997565461,3.8814420249343144,3.798697997565461,3.8739194869995117,356333,0.0,0.0
1992-05-12 00:00:00-04:00,3.851353040426821,3.851353040426821,3.776131277478166,3.7836532592773438,872435,0.0,0.0
1992-05-13 00:00:00-04:00,3.7670105559282727,3.7670105559282727,3.7064964771270756,3.706496477127075,631330,0.036146,0.0
1992-05-14 00:00:00-04:00,3.7216249715915533,3.7367537021636963,3.6913677898535133,3.7367537021636963,712666,0.0,0.0
1992-05-15 00:00:00-04:00,3.736753820697428,3.7518822723432157,3.721625089645386,3.7216250896453857,518039,0.0,0.0
1992-05-18 00:00:00-04:00,3.7367537021636963,3.7518821533295936,3.7291896162838705,3.7367537021636963,380541,0.0,0.0
1992-05-19 00:00:00-04:00,3.7291890154149736,3.7897033691406246,3.706496202619405,3.789703369140625,426051,0.0,0.0
1992-05-20 00:00:00-04:00,3.782140435303692,3.8275255158921344,3.7594473361968994,3.7594473361968994,679744,0.0,0.0
1992-05-21 00:00:00-04:00,3.7897031790792526,3.7897031790792526,3.6913670099490794,3.698931932449341,450258,0.0,0.0
1992-05-22 00:00:00-04:00,3.6913670099490794,3.7216241852944454,3.676238841385676,3.698931932449341,435734,0.0,0.0
1992-05-26 00:00:00-04:00,3.7216236955460453,3.7216236955460453,3.623288377574903,3.630852460861206,727191,0.0,0.0
1992-05-27 00:00:00-04:00,3.6005954742431636,3.6686741778731373,3.6005954742431636,3.600595474243164,1060285,0.0,0.0
1992-05-28 00:00:00-04:00,3.6157274300480933,3.6535487174987793,3.6157274300480933,3.6535487174987793,324379,0.0,0.0
1992-05-29 00:00:00-04:00,3.6686753871879882,3.6989325677299347,3.6686753871879882,3.6838035583496094,528690,0.0,0.0
1992-06-01 00:00:00-04:00,3.6838038333781093,3.6838038333781093,3.6535469299834524,3.668675661087036,305982,0.0,0.0
1992-06-02 00:00:00-04:00,3.6762397347080236,3.812396917145129,3.6762397347080236,3.7216250896453857,388771,0.0,2.0
1992-06-03 00:00:00-04:00,3.7367533768245633,3.7670105559282727,3.691367468465889,3.706496477127075,777542,0.0,0.0
1992-06-04 00:00:00-04:00,3.6913683799427592,3.7216255665176075,3.6611114727742016,3.6762402057647705,449290,0.0,0.0
1992-06-05 00:00:00-04:00,3.6459828314164486,3.721625089645386,3.615725648718619,3.7216250896453857,570327,0.0,0.0
1992-06-08 00:00:00-04:00,3.767013439704325,3.767013439704325,3.691370294334558,3.751884698867798,472045,0.0,0.0
1992-06-09 00:00:00-04:00,3.7518817446561648,3.7518817446561648,3.661110488735542,3.6913673877716064,500609,0.0,0.0
1992-06-10 00:00:00-04:00,3.630852460861206,3.7064955289734383,3.630852460861206,3.630852460861206,467203,0.0,0.0
1992-06-11 00:00:00-04:00,3.6157242942885994,3.6762383576097752,3.6005955689036933,3.630852460861206,1465033,0.0,0.0
1992-06-12 00:00:00-04:00,3.661109632224869,3.6762383576097752,3.630852460861206,3.630852460861206,549508,0.0,0.0
1992-06-15 00:00:00-04:00,3.6157251401814463,3.6913673877716064,3.600596411257199,3.6913673877716064,661347,0.0,0.0
1992-06-16 00:00:00-04:00,3.691368955332477,3.691368955332477,3.5854694843292236,3.5854694843292236,336967,0.0,0.0
1992-06-17 00:00:00-04:00,3.509825307530372,3.5249534782981797,3.298025608062744,3.298025608062744,1687741,0.0,0.0
1992-06-18 00:00:00-04:00,3.2828957177333247,3.3282816110205773,3.2375098244460725,3.2677667140960693,1631580,0.0,0.0
1992-06-19 00:00:00-04:00,3.2375110405936876,3.282896950929829,3.2223828694920296,3.2526397705078125,1986461,0.0,0.0
1992-06-22 00:00:00-04:00,3.222384275574615,3.222384275574615,3.071098586857481,3.1467411518096924,1591880,0.0,0.0
1992-06-23 00:00:00-04:00,3.1467408255120612,3.2072549270801622,3.0862267239439602,3.192126750946045,2528223,0.0,0.0
1992-06-24 00:00:00-04:00,3.2677686934172017,3.3736689889616036,3.2526405188350402,3.3585405349731445,1341091,0.0,0.0
1992-06-25 00:00:00-04:00,3.3434110323676283,3.38879694270377,3.2526397705078125,3.2526397705078125,1156631,0.0,0.0
1992-06-26 00:00:00-04:00,3.2375110275284285,3.2526397573815,3.146739766034928,3.176996946334839,812401,0.0,0.0
1992-06-29 00:00:00-04:00,3.2072537893936244,3.3887968679194094,3.2072537893936244,3.298025608062744,655537,0.0,0.0
1992-06-30 00:00:00-04:00,3.373669875926981,3.4795699199070724,3.282898569319115,3.328284502029419,1282025,0.0,0.0
1992-07-01 00:00:00-04:00,3.3585399063507726,3.4190542697906494,3.2828970917540494,3.4190542697906494,1144527,0.0,0.0
1992-07-02 00:00:00-04:00,3.4493097284328216,3.4493097284328216,3.2223816590272025,3.2677667140960693,1038982,0.0,0.0
1992-07-06 00:00:00-04:00,3.2677693674957733,3.2677693674957733,3.1164839581849946,3.1467411518096924,1514900,0.0,0.0
1992-07-07 00:00:00-04:00,3.176996765984184,3.2072536651602497,3.086225509643555,3.0862255096435547,1651914,0.0,0.0
1992-07-08 00:00:00-04:00,3.0408414819348812,3.1316127777099605,3.0257124669618047,3.131612777709961,1428722,0.0,0.0
1992-07-09 00:00:00-04:00,3.2375119127410965,3.2980265692932953,3.2072547241681515,3.222383737564087,786741,0.0,0.0
1992-07-10 00:00:00-04:00,3.2223816590272025,3.313152607383322,3.2223816590272025,3.2677667140960693,523849,0.0,0.0
1992-07-13 00:00:00-04:00,3.2677679860184723,3.2980257256641585,3.252639814711222,3.2828969955444336,603733,0.0,0.0
1992-07-14 00:00:00-04:00,3.267768821907733,3.267768821907733,3.1769978150015152,3.222383737564087,409590,0.0,0.0
1992-07-15 00:00:00-04:00,3.192127262711249,3.3282845020294194,3.192127262711249,3.328284502029419,499157,0.0,0.0
1992-07-16 00:00:00-04:00,3.3585410369112325,3.449312333220462,3.3434123012554675,3.4341835975646973,654084,0.0,0.0
1992-07-17 00:00:00-04:00,3.4341810042016947,3.4341810042016947,3.2223816590272025,3.2677667140960693,676839,0.0,0.0
1992-07-20 00:00:00-04:00,3.237511157989502,3.237511157989502,3.1921258048201033,3.237511157989502,376183,0.0,0.0
1992-07-21 00:00:00-04:00,3.2526385486771994,3.2828957177333247,3.2375098244460725,3.2677667140960693,616321,0.0,0.0
1992-07-22 00:00:00-04:00,3.2677679416094705,3.2677679416094705,3.192125689070013,3.2526397705078125,636171,0.0,0.0
1992-07-23 00:00:00-04:00,3.2526398884522116,3.2526398884522116,3.207253976470326,3.237511157989502,454615,0.0,0.0
1992-07-24 00:00:00-04:00,3.207254981963096,3.222383996575082,3.086226776755845,3.116483688354492,554834,0.0,0.0
1992-07-27 00:00:00-04:00,3.055968516874056,3.2526397705078125,3.055968516874056,3.2526397705078125,1296065,0.0,0.0
1992-07-28 00:00:00-04:00,3.267768070042532,3.3282829920774493,3.1769970840213784,3.3131539821624756,859848,0.0,0.0
1992-07-29 00:00:00-04:00,3.3282830777598744,3.419054345524064,3.3282830777598744,3.3736684322357178,1588491,0.0,0.0
1992-07-30 00:00:00-04:00,3.313155485250823,3.343412680588902,3.29802730669134,3.328284502029419,736390,0.0,0.0
1992-07-31 00:00:00-04:00,3.3434118015783882,3.38879772235636,3.3282836269962273,3.3585405349731445,641981,0.0,0.0
1992-08-03 00:00:00-04:00,3.388797163133917,3.403925335219613,3.3282830777598744,3.3736684322357178,737358,0.0,0.0
1992-08-04 00:00:00-04:00,3.388798613299206,3.388798613299206,3.313155485250823,3.328284502029419,1151305,0.0,0.0
1992-08-05 00:00:00-04:00,3.313154148859329,3.40392541885376,3.2828972451320237,3.4039254188537598,1098049,0.0,0.0
1992-08-06 00:00:00-04:00,3.3887960208789916,3.5098244302385155,3.3887960208789916,3.4946954250335693,1250071,0.0,0.0
1992-08-07 00:00:00-04:00,3.4493112485079593,3.4493112485079593,3.35853998074377,3.3736684322357178,1394347,0.0,0.0
1992-08-10 00:00:00-04:00,3.3585389799146887,3.3585389799146887,3.298024912573559,3.3434102535247803,423146,0.0,0.0
1992-08-11 00:00:00-04:00,3.313152607383322,3.358538500670574,3.2677667140960693,3.2677667140960693,352944,0.0,0.0
1992-08-12 00:00:00-04:00,3.2526393453941385,3.2980252497984295,3.14673936746112,3.161868095397949,1008481,0.0,0.0
1992-08-13 00:00:00-04:00,3.20725551718442,3.222384534321111,3.101356029510498,3.101356029510498,896159,0.0,0.0
1992-08-14 00:00:00-04:00,3.122681177904403,3.275006848863987,3.122681177904403,3.244541883468628,410558,0.036146,0.0
1992-08-17 00:00:00-04:00,3.198842763900757,3.229307718736003,3.198842763900757,3.198842763900757,254178,0.0,0.0
1992-08-18 00:00:00-04:00,3.198841988810551,3.229306936264038,3.1836095150838077,3.229306936264038,905358,0.0,0.0
1992-08-19 00:00:00-04:00,3.2445399726456423,3.290237112498442,3.229306936264038,3.229306936264038,930533,0.0,0.0
1992-08-20 00:00:00-04:00,3.2293076319061114,3.2445406715691445,3.153145246865856,3.183610200881958,1057864,0.0,0.0
1992-08-21 00:00:00-04:00,3.214074833577994,3.214074833577994,3.0465162112696627,3.1074466705322266,738326,0.0,0.0
1992-08-24 00:00:00-04:00,3.0769815444946285,3.0922143004868348,3.0465163138376643,3.076981544494629,299688,0.0,0.0
1992-08-25 00:00:00-04:00,3.0617505765029795,3.122680780874386,3.0617505765029795,3.0922155380249023,1172607,0.0,0.0
1992-08-26 00:00:00-04:00,3.092213906046926,3.153144359588623,3.076981151997796,3.153144359588623,977980,0.0,0.0
1992-08-27 00:00:00-04:00,3.168377620820741,3.1988428578785144,3.122680187225342,3.122680187225342,1081103,0.0,0.0
1992-08-28 00:00:00-04:00,3.153144115511477,3.153144115511477,3.1226788910988668,3.137911081314087,431860,0.0,0.0
1992-08-31 00:00:00-04:00,3.13791161883607,3.13791161883607,3.1074466705322266,3.1074466705322266,490926,0.0,0.0
1992-09-01 00:00:00-04:00,3.107447336740021,3.198842763900757,3.0922148593223975,3.198842763900757,312276,0.0,0.0
1992-09-02 00:00:00-04:00,3.2293089601942064,3.275006972669972,3.183611510373655,3.2597742080688477,805623,0.0,0.0
1992-09-03 00:00:00-04:00,3.259772820875911,3.3207035720237825,3.2140753905018533,3.275005578994751,1044308,0.0,0.0
1992-09-04 00:00:00-04:00,3.2293084802760754,3.259773723623177,3.214076280593872,3.214076280593872,532563,0.0,0.0
1992-09-08 00:00:00-04:00,3.214074283009307,3.214074283009307,3.1226788910988668,3.137911081314087,492379,0.0,0.0
1992-09-09 00:00:00-04:00,3.1683787457725305,3.259774208068848,3.1379134978978893,3.2597742080688477,1554601,0.0,0.0
1992-09-10 00:00:00-04:00,3.2902386153671266,3.320704420718645,3.244541454641424,3.305471658706665,2385883,0.0,0.0
1992-09-11 00:00:00-04:00,3.3207039429662553,3.4577968120574956,3.305471183145825,3.457796812057495,1889147,0.0,0.0
1992-09-14 00:00:00-04:00,3.6558198938632094,3.686285127632876,3.5644244738816853,3.671052932739258,2061988,0.0,0.0
1992-09-15 00:00:00-04:00,3.6253540715286574,3.671052051881809,3.5339586734771733,3.533958673477173,1917228,0.0,0.0
1992-09-16 00:00:00-04:00,3.4425637108351803,3.4882611343132446,3.427330673687603,3.4730286598205566,2961536,0.0,0.0
1992-09-17 00:00:00-04:00,3.4730302174761416,3.5796587120576633,3.4730302174761416,3.5491929054260254,1149368,0.0,0.0
1992-09-18 00:00:00-04:00,3.5796577452497997,3.6558201313018794,3.5796577452497997,3.65582013130188,2144777,0.0,0.0
1992-09-21 00:00:00-04:00,3.655819936622758,3.655819936622758,3.5491917578455077,3.579657554626465,1374013,0.0,0.0
1992-09-22 00:00:00-04:00,3.594889636683036,3.625354869851275,3.488261461257934,3.4882614612579346,1589459,0.0,0.0
1992-09-23 00:00:00-04:00,3.503493890133377,3.5187260832986205,3.457795904000424,3.4730286598205566,414915,0.0,0.0
1992-09-24 00:00:00-04:00,3.4425641417232167,3.610122507424982,3.4425641417232167,3.579657554626465,589209,0.0,0.0
1992-09-25 00:00:00-04:00,3.5796576193033824,3.5796576193033824,3.4730291572720993,3.5187265872955322,873888,0.0,0.0
1992-09-28 00:00:00-04:00,3.518723383361247,3.594886541366577,3.503491201883747,3.594886541366577,590661,0.0,0.0
1992-09-29 00:00:00-04:00,3.564425474298092,3.6558209199312963,3.564425474298092,3.6253559589385986,1229253,0.0,0.0
1992-09-30 00:00:00-04:00,3.6101236747065886,3.6101236747065886,3.518727661449529,3.5491929054260254,665220,0.0,0.0
1992-10-01 00:00:00-04:00,3.5339594516740287,3.564424403514797,3.427330994921456,3.4882614612579346,652148,0.0,0.0
1992-10-02 00:00:00-04:00,3.5187266122421335,3.5187266122421335,3.3664010004349643,3.381633758544922,952320,0.0,0.0
1992-10-05 00:00:00-04:00,3.4120984805223595,3.473028659820556,3.214074905480192,3.4730286598205566,1016227,0.0,0.0
1992-10-06 00:00:00-04:00,3.473029443315365,3.473029443315365,3.351169057227992,3.4425644874572754,433797,0.0,0.0
1992-10-07 00:00:00-04:00,3.4730295718779254,3.5491922456700014,3.4577968120574956,3.457796812057495,1359973,0.0,0.0
1992-10-08 00:00:00-04:00,3.4425642283297795,3.473029181894721,3.3664010004349643,3.381633758544922,509324,0.0,0.0
1992-10-09 00:00:00-04:00,3.3511702330203788,3.3511702330203788,3.259774208068848,3.2597742080688477,587272,0.0,0.0
1992-10-12 00:00:00-04:00,3.3054708119775937,3.4120989934373505,3.3054708119775937,3.381633758544922,402811,0.0,0.0
1992-10-13 00:00:00-04:00,3.4120989692467036,3.5491918219719722,3.4120989692467036,3.5187265872955322,981853,0.0,0.0
1992-10-14 00:00:00-04:00,3.5339596266249798,3.610122572652338,3.4577963992701366,3.5187265872955322,1246198,0.0,0.0
1992-10-15 00:00:00-04:00,3.4577968120574956,3.488262050370837,3.427331573744154,3.457796812057495,683618,0.0,0.0
1992-10-16 00:00:00-04:00,3.4730295718779254,3.4730295718779254,3.3968666167583312,3.457796812057495,775606,0.0,0.0
1992-10-19 00:00:00-04:00,3.4273320245207293,3.640588720762503,3.4120998253519357,3.6253559589385986,880182,0.0,0.0
1992-10-20 00:00:00-04:00,3.6558209199312963,3.7167511232442476,3.594890716618345,3.6253559589385986,1072873,0.0,0.0
1992-10-21 00:00:00-04:00,3.6253543868342835,3.85384290183518,3.6253543868342835,3.808145761489868,2458506,0.0,0.0
1992-10-22 00:00:00-04:00,3.777680801798288,3.9452391768145234,3.762448324552265,3.930006980895996,1523131,0.0,0.0
1992-10-23 00:00:00-04:00,3.8995415071656554,3.8995415071656554,3.823378562927246,3.823378562927246,1307201,0.0,0.0
1992-10-26 00:00:00-05:00,3.808147310349358,3.8233795091081193,3.701518824435005,3.762449026107788,1488756,0.0,0.0
1992-10-27 00:00:00-05:00,3.7929146289825444,3.808147673175296,3.747216621714588,3.792914628982544,1228769,0.0,0.0
1992-10-28 00:00:00-05:00,3.792912914595121,3.792912914595121,3.762447683962552,3.7776801586151123,499641,0.0,0.0
1992-10-29 00:00:00-05:00,3.7776814658451805,3.792914227096338,3.7015187848995716,3.74721622467041,1292192,0.0,0.0
1992-10-30 00:00:00-05:00,3.7319842554987988,3.7319842554987988,3.686286250263577,3.701519012451172,380541,0.0,0.0
1992-11-02 00:00:00-05:00,3.6710538250523466,3.7624489859215675,3.6710538250523466,3.74721622467041,840966,0.0,0.0
1992-11-03 00:00:00-05:00,3.8081450776670986,3.930005409567015,3.792912043856689,3.8995401859283447,1278636,0.0,0.0
1992-11-04 00:00:00-05:00,4.006169947393695,4.173728334913124,3.8081468844364434,3.8386118412017822,3305281,0.0,0.0
1992-11-05 00:00:00-05:00,3.88430832516538,3.88430832516538,3.7472149279825437,3.7776801586151123,1576387,0.0,0.0
1992-11-06 00:00:00-05:00,3.8081468844364434,3.8690770792946374,3.777681083688555,3.8386118412017822,2202391,0.0,0.0
1992-11-09 00:00:00-05:00,3.8690757711780104,3.8690757711780104,3.8538427352905273,3.8538427352905273,2923288,0.0,0.0
1992-11-10 00:00:00-05:00,3.8538455890021197,3.8843108393538577,3.8386133858176956,3.8690786361694336,2356350,0.0,0.0
1992-11-11 00:00:00-05:00,3.8538448364605276,3.8690778806532795,3.7929146289825444,3.792914628982544,943605,0.0,0.0
1992-11-12 00:00:00-05:00,3.8143618021238477,3.86031821042899,3.7990429050493497,3.844999313354492,1216665,0.036146,0.0
1992-11-13 00:00:00-05:00,3.829679990416329,3.829679990416329,3.722448587417602,3.7224485874176025,640528,0.0,0.0
1992-11-16 00:00:00-05:00,3.722445955510335,3.753083437145525,3.6458523928813995,3.6764895915985107,1715822,0.0,0.0
1992-11-17 00:00:00-05:00,3.645854950872516,3.645854950872516,3.538623548455017,3.5845799446105957,1898830,0.0,0.0
1992-11-18 00:00:00-05:00,3.5998979157731155,3.6918101114873996,3.553941534997791,3.630535125732422,1188584,0.0,0.0
1992-11-19 00:00:00-05:00,3.676491318319643,3.737766027450561,3.661172994684678,3.7377660274505615,1192458,0.0,0.0
1992-11-20 00:00:00-05:00,3.7837220344040925,3.7837220344040925,3.66117262840271,3.66117262840271,1277668,0.0,0.0
1992-11-23 00:00:00-05:00,3.6764899112587157,3.6764899112587157,3.599896907806396,3.5998969078063965,505935,0.0,0.0
1992-11-24 00:00:00-05:00,3.630535498660113,3.768403523475126,3.630535498660113,3.7377660274505615,1724537,0.0,0.0
1992-11-25 00:00:00-05:00,3.7684056378219752,3.8449995623171986,3.7684056378219752,3.814362049102783,1638358,0.0,0.0
1992-11-27 00:00:00-05:00,3.7837211669255555,3.8756333418133493,3.7837211669255555,3.8296778202056885,602281,0.0,0.0
1992-11-30 00:00:00-05:00,3.8449990430759304,3.90627377831165,3.8449990430759304,3.8909554481506348,1247166,0.0,0.0
1992-12-01 00:00:00-05:00,3.860317939073609,3.90627377831165,3.8449990430759304,3.8909554481506348,620678,0.0,0.0
1992-12-02 00:00:00-05:00,3.890953120386579,3.9215903282165527,3.8449967428052934,3.9215903282165527,954741,0.0,0.0
1992-12-03 00:00:00-05:00,3.860318460383591,3.860318460383591,3.6918125620818625,3.814362049102783,1616572,0.0,0.0
1992-12-04 00:00:00-05:00,3.814362049102783,3.829681230087546,3.707130894311515,3.814362049102783,1426301,0.0,0.0
1992-12-07 00:00:00-05:00,3.8296785905333715,3.8603157997131343,3.7837219280092014,3.8603157997131348,566938,0.0,0.0
1992-12-08 00:00:00-05:00,3.7990410194996906,3.7990410194996906,3.722447703815596,3.7377660274505615,1569125,0.0,0.0
1992-12-09 00:00:00-05:00,3.7684037138437674,3.7837226040890206,3.6918106772086294,3.7071290016174316,723318,0.0,0.0
1992-12-10 00:00:00-05:00,3.6918101114873996,3.6918101114873996,3.6152162378345865,3.630535125732422,853069,0.0,0.0
1992-12-11 00:00:00-05:00,3.6305359644546473,3.768404006958008,3.6305359644546473,3.768404006958008,672482,0.0,0.0
1992-12-14 00:00:00-05:00,3.7990410194996906,3.8296790813606782,3.737766027450561,3.7377660274505615,606154,0.0,0.0
1992-12-15 00:00:00-05:00,3.768401753586002,3.783720635862636,3.6458523928813995,3.6764895915985107,738326,0.0,0.0
1992-12-16 00:00:00-05:00,3.7224483503236807,3.7684041779647357,3.7071294581917353,3.7530858516693115,946510,0.0,0.0
1992-12-17 00:00:00-05:00,3.753086626177846,3.814361358595853,3.7377674479662866,3.7990424633026123,1150821,0.0,0.0
1992-12-18 00:00:00-05:00,3.8143586528608595,3.8909525091581787,3.7990397684341484,3.8296778202056885,1872202,0.0,0.0
1992-12-21 00:00:00-05:00,3.829678213649646,3.860315419814361,3.676490485317188,3.69180965423584,1669344,0.0,0.0
1992-12-22 00:00:00-05:00,3.7071284434645912,3.7071284434645912,3.5539415445037714,3.66117262840271,2756257,0.0,0.0
1992-12-23 00:00:00-05:00,3.661173364131221,3.6764916893119484,3.6305358650150468,3.6458544731140137,874856,0.0,0.0
1992-12-24 00:00:00-05:00,3.722447331403401,3.722447331403401,3.6305351354432727,3.66117262840271,386350,0.0,0.0
1992-12-28 00:00:00-05:00,3.630534903730517,3.630534903730517,3.5692596388042497,3.615216016769409,306950,0.0,0.0
1992-12-29 00:00:00-05:00,3.6152149112462095,3.7071270732337007,3.5998965948057324,3.6764895915985107,1977262,0.0,0.0
1992-12-30 00:00:00-05:00,3.6764916893119484,3.6764916893119484,3.6305358650150468,3.6458544731140137,593082,0.0,0.0
1992-12-31 00:00:00-05:00,3.6305351510741377,3.6611726441654815,3.5692598819732666,3.5692598819732666,419273,0.0,0.0
1993-01-04 00:00:00-05:00,3.538622906429,3.707129001617431,3.523304582020198,3.7071290016174316,1520710,0.0,0.0
1993-01-05 00:00:00-05:00,3.69180965423584,3.7071279744000503,3.645853279152473,3.69180965423584,628909,0.0,0.0
1993-01-06 00:00:00-05:00,3.7990401587304894,3.814359044730994,3.6611721651529776,3.69180965423584,1945308,0.0,0.0
1993-01-07 00:00:00-05:00,3.707130223216443,3.8756360910138596,3.707130223216443,3.7990424633026123,3032221,0.0,0.0
1993-01-08 00:00:00-05:00,3.906272647301061,3.906272647301061,3.8449979298066417,3.8756351470947266,1742934,0.0,0.0
1993-01-11 00:00:00-05:00,3.90627377831165,3.9369112873886754,3.875636269234624,3.8909554481506348,1206498,0.0,0.0
1993-01-12 00:00:00-05:00,3.92159123797513,3.92159123797513,3.7684037486969277,3.7837226390838623,1006060,0.0,0.0
1993-01-13 00:00:00-05:00,3.7990429050493497,3.9215929499719273,3.7990429050493497,3.844999313354492,820632,0.0,0.0
1993-01-14 00:00:00-05:00,3.860316821368934,3.906272647301061,3.860316821368934,3.8756351470947266,1109184,0.0,0.0
1993-01-15 00:00:00-05:00,3.8909532033853598,3.982865394672205,3.875634033307271,3.967546224594116,1899314,0.0,0.0
1993-01-18 00:00:00-05:00,3.9522292621330917,4.028822592594473,3.9369103697062027,3.9828667640686035,993957,0.0,0.0
1993-01-19 00:00:00-05:00,4.013504289791995,4.028822900471244,3.952229564156711,3.998185396194458,1357552,0.0,0.0
1993-01-20 00:00:00-05:00,3.982865309712825,3.998183630709649,3.9215903282165527,3.9215903282165527,528690,0.0,0.0
1993-01-21 00:00:00-05:00,3.9215917601975794,4.01350398308585,3.875635365835178,3.9828667640686035,728643,0.0,0.0
1993-01-22 00:00:00-05:00,3.982866282794553,3.982866282794553,3.9062723957519467,3.9522287845611572,720413,0.0,0.0
1993-01-25 00:00:00-05:00,3.967546224594116,4.0135026031557075,3.9215904118688623,3.967546224594116,1266532,0.0,0.0
1993-01-26 00:00:00-05:00,4.028822638771747,4.10541625302929,3.9981851364850765,4.074779033660889,1429206,0.0,0.0
1993-01-27 00:00:00-05:00,4.151372402784353,4.197328229123314,3.9215915735800357,4.0441412925720215,2117181,0.0,0.0
1993-01-28 00:00:00-05:00,4.166691303253174,4.166691303253174,4.044141575682096,4.166691303253174,1459707,0.0,0.0
1993-01-29 00:00:00-05:00,4.243284918250759,4.243284918250759,4.059459902521029,4.105416297912598,1005576,0.0,0.0
1993-02-01 00:00:00-05:00,4.0747802526894965,4.151373889861118,4.059461072585806,4.136054992675781,1023490,0.0,0.0
1993-02-02 00:00:00-05:00,4.105414093645303,4.136051579817132,4.074776890391594,4.120733261108398,1028815,0.0,0.0
1993-02-03 00:00:00-05:00,4.151372971288263,4.24328520238948,4.120735749533385,4.22796630859375,1815072,0.0,0.0
1993-02-04 00:00:00-05:00,4.227965679268446,4.457746505737305,4.182009853476574,4.457746505737305,1601079,0.0,0.0
1993-02-05 00:00:00-05:00,4.411791390177691,4.427109718322754,4.30455998106101,4.427109718322754,1626254,0.0,0.0
1993-02-08 00:00:00-05:00,4.442428847261357,4.442428847261357,4.289241313934326,4.289241313934326,849196,0.0,0.0
1993-02-09 00:00:00-05:00,4.30455948979005,4.30455948979005,4.120735329254367,4.258603096008301,1147432,0.0,0.0
1993-02-10 00:00:00-05:00,4.18778007251841,4.2493649230465165,4.1569875050792575,4.203176498413086,959582,0.036146,0.0
1993-02-11 00:00:00-05:00,4.218571764989656,4.357138156890869,4.203175909950863,4.357138156890869,1133876,0.0,0.0
1993-02-12 00:00:00-05:00,4.341743673524076,4.387932681033622,4.280158519744873,4.280158519744873,1835891,0.0,0.0
1993-02-16 00:00:00-05:00,4.1723831777600235,4.1723831777600235,3.926042967067238,3.941439390182495,2725755,0.0,0.0
1993-02-17 00:00:00-05:00,4.033818397793753,4.064610971936133,3.910648669924753,3.972233533859253,2483197,0.0,0.0
1993-02-18 00:00:00-05:00,4.064610409568092,4.141591976448221,3.92604398727417,3.92604398727417,2708326,0.0,0.0
1993-02-19 00:00:00-05:00,3.9414407518993726,3.972233324418175,3.8490636030434566,3.895251750946045,1908029,0.0,0.0
1993-02-22 00:00:00-05:00,3.864459570580999,4.018421868769474,3.864459570580999,4.003026008605957,2194161,0.0,0.0
1993-02-23 00:00:00-05:00,4.064610871011297,4.095403444389094,3.987629295391678,4.003026008605957,1197299,0.0,0.0
1993-02-24 00:00:00-05:00,4.033817695937399,4.110799260074222,4.01842126936995,4.080006122589111,856943,0.0,0.0
1993-02-25 00:00:00-05:00,4.064612202566969,4.1261970851473455,4.049215768659114,4.1108012199401855,1453898,0.0,0.0
1993-02-26 00:00:00-05:00,4.141592973753219,4.387932739077788,4.141592973753219,4.249366283416748,2613433,0.0,0.0
1993-03-01 00:00:00-05:00,4.218573706119818,4.249366283416748,4.1877814131731785,4.249366283416748,1096112,0.0,0.0
1993-03-02 00:00:00-05:00,4.218573145943975,4.218573145943975,4.126195710670089,4.187780857086182,1553632,0.0,0.0
1993-03-03 00:00:00-05:00,4.095402795508057,4.233969211578369,4.095402795508057,4.233969211578369,1353679,0.0,0.0
1993-03-04 00:00:00-05:00,4.218572539945096,4.233969250862757,4.064610264722086,4.080006122589111,1030752,0.0,0.0
1993-03-05 00:00:00-05:00,4.1415932345028805,4.1877816768308085,4.080007507331078,4.156989097595215,1652883,0.0,0.0
1993-03-08 00:00:00-05:00,4.172384262084961,4.187780404851241,4.126195265085677,4.172384262084961,875824,0.0,0.0
1993-03-09 00:00:00-05:00,4.1723839309739335,4.218572355607364,4.126194937640104,4.203176498413086,1888663,0.0,0.0
1993-03-10 00:00:00-05:00,4.1723855293881655,4.1877816768308085,4.126196518359622,4.156989097595215,1269921,0.0,0.0
1993-03-11 00:00:00-05:00,4.110799260074222,4.218572539945096,4.080006122589111,4.080006122589111,1741482,0.0,0.0
1993-03-12 00:00:00-05:00,4.080005690598015,4.080005690598015,3.9722324221381773,4.049213409423828,899548,0.0,0.0
1993-03-15 00:00:00-05:00,4.01842229128835,4.049214867903847,3.9876297146728534,4.03381872177124,450258,0.0,0.0
1993-03-16 00:00:00-05:00,4.064609353353815,4.064609353353815,3.9414393901824956,3.941439390182495,944574,0.0,0.0
1993-03-17 00:00:00-05:00,3.9414423764445727,3.987630827734912,3.833668470382691,3.8336684703826904,2503047,0.0,0.0
1993-03-18 00:00:00-05:00,3.864458255483134,3.9106472420065725,3.787476706060789,3.879854679107666,4473531,0.0,0.0
1993-03-19 00:00:00-05:00,3.9722333674593853,3.987629227360239,3.910648506104722,3.9568369388580322,1719211,0.0,0.0
1993-03-22 00:00:00-05:00,3.9568356598296965,3.9568356598296965,3.8336656925842276,3.879854679107666,1098533,0.0,0.0
1993-03-23 00:00:00-05:00,3.910648669924753,3.9876293944050514,3.910648669924753,3.972233533859253,1050602,0.0,0.0
1993-03-24 00:00:00-05:00,3.9414408618503636,4.095403444389094,3.9414408618503636,4.003026008605957,1486820,0.0,0.0
1993-03-25 00:00:00-05:00,3.9876291841522074,4.049214329189813,3.895251750946045,3.895251750946045,1013807,0.0,0.0
1993-03-26 00:00:00-05:00,3.9260459416640963,3.9722349616551624,3.833668470382691,3.8336684703826904,711214,0.0,0.0
1993-03-29 00:00:00-05:00,3.8644599282236114,3.8952522201008755,3.8182709217071538,3.8182709217071533,772217,0.0,0.0
1993-03-30 00:00:00-05:00,3.818271045182759,3.9106490612030034,3.818271045182759,3.910649061203003,619710,0.0,0.0
1993-03-31 00:00:00-05:00,3.9260459416640963,3.9414423764445727,3.695101979110219,3.8336684703826904,3219103,0.0,0.0
1993-04-01 00:00:00-05:00,3.802873774475793,3.802873774475793,3.7258924963511615,3.7566847801208496,905842,0.0,0.0
1993-04-02 00:00:00-05:00,3.6950979232788086,3.741286892571713,3.6335131048050218,3.6950979232788086,1275731,0.0,0.0
1993-04-05 00:00:00-04:00,3.695099003640247,3.7874764005349664,3.6643067275754304,3.710495710372925,1128066,0.0,0.0
1993-04-06 00:00:00-04:00,3.772081635161894,3.8028739201108044,3.772081635161894,3.787477493286133,794972,0.0,0.0
1993-04-07 00:00:00-04:00,3.818269992058851,3.833666418599139,3.7566848545981224,3.8028738498687744,766891,0.0,0.0
1993-04-08 00:00:00-04:00,3.8182699163606366,3.833666342595686,3.7258924963511615,3.7566847801208496,491411,0.0,0.0
1993-04-12 00:00:00-04:00,3.7412892808903235,3.7874777109683317,3.6797044231027463,3.7720818519592285,1122256,0.0,0.0
1993-04-13 00:00:00-04:00,3.772082189455083,3.8028744789288034,3.7104973261573826,3.7412896156311035,788678,0.0,0.0
1993-04-14 00:00:00-04:00,3.7720818519592285,3.7874777109683317,3.7104969941716512,3.7720818519592285,723802,0.0,0.0
1993-04-15 00:00:00-04:00,3.7720835843118747,3.8490651895135306,3.741290999101285,3.8336684703826904,1239904,0.0,0.0
1993-04-16 00:00:00-04:00,3.8182692689596953,3.895250534031883,3.8028731296853207,3.879854679107666,813369,0.0,0.0
1993-04-19 00:00:00-04:00,3.972231952062862,3.972231952062862,3.910647112652277,3.941439390182495,1359489,0.0,0.0
1993-04-20 00:00:00-04:00,3.910647982600156,4.018421262280903,3.8028738498687744,3.8028738498687744,2447854,0.0,0.0
1993-04-21 00:00:00-04:00,3.8028738498687744,3.833666418599139,3.7720815654886213,3.8028738498687744,2806124,0.0,0.0
1993-04-22 00:00:00-04:00,3.8798556274117866,4.156987908187418,3.8798556274117866,4.064610481262207,3831550,0.0,0.0
1993-04-23 00:00:00-04:00,4.033818077958423,4.064610649659307,3.9876290782319774,4.018421649932861,2029066,0.0,0.0
1993-04-26 00:00:00-04:00,4.018421649932861,4.049214221633745,4.0030257906077775,4.018421649932861,2763519,0.0,0.0
1993-04-27 00:00:00-04:00,4.018421649932861,4.049214221633745,4.0030257906077775,4.018421649932861,1450509,0.0,0.0
1993-04-28 00:00:00-04:00,4.049214666464065,4.110800100981599,4.018422091380434,4.095403671264648,1609793,0.0,0.0
1993-04-29 00:00:00-04:00,4.141593803405547,4.141593803405547,4.049215768659114,4.1108012199401855,1171639,0.0,0.0
1993-04-30 00:00:00-04:00,4.110799649385752,4.110799649385752,4.018421649932861,4.018421649932861,1164377,0.0,0.0
1993-05-03 00:00:00-04:00,4.049214053874521,4.064610481262207,4.0030256247621425,4.064610481262207,1321725,0.0,0.0
1993-05-04 00:00:00-04:00,4.095401606898331,4.110798028854418,3.941439093438223,3.9876275062561035,1441310,0.0,0.0
1993-05-05 00:00:00-04:00,3.9568352310441828,4.033816487774237,3.9568352310441828,3.9876275062561035,1550243,0.0,0.0
1993-05-06 00:00:00-04:00,4.049213409423828,4.080005690598015,4.018420843899459,4.049213409423828,1361909,0.0,0.0
1993-05-07 00:00:00-04:00,4.064609834361104,4.064609834361104,3.9876282783750896,4.049213409423828,612448,0.0,0.0
1993-05-10 00:00:00-04:00,4.06460858606427,4.172382390125663,4.06460858606427,4.141590118408203,1282993,0.0,0.0
1993-05-11 00:00:00-04:00,4.141593803405547,4.141593803405547,4.080008067774129,4.1108012199401855,920366,0.0,0.0
1993-05-12 00:00:00-04:00,4.080007507331078,4.2185739717160935,4.064611644238743,4.156989097595215,871951,0.0,0.0
1993-05-13 00:00:00-04:00,4.116748704392619,4.225084286876306,4.0548425755927155,4.163178443908691,1130971,0.036146,0.0
1993-05-14 00:00:00-04:00,4.178653748527368,4.1941304206848145,4.14770069004471,4.1941304206848145,436218,0.0,0.0
1993-05-17 00:00:00-04:00,4.132225513458252,4.178654682814787,4.085795772437121,4.132225513458252,545151,0.0,0.0
1993-05-18 00:00:00-04:00,4.163178702173423,4.163178702173423,4.08579589345692,4.147701740264893,641981,0.0,0.0
1993-05-19 00:00:00-04:00,4.209606204356313,4.225082874298096,4.132223997976175,4.225082874298096,960550,0.0,0.0
1993-05-20 00:00:00-04:00,4.2250834791674725,4.286989310300555,4.14770069004471,4.1941304206848145,1618508,0.0,0.0
1993-05-21 00:00:00-04:00,4.225084286876306,4.225084286876306,4.10127174344421,4.163178443908691,946994,0.0,0.0
1993-05-24 00:00:00-04:00,4.163179032734549,4.178655138374979,4.070319540568675,4.116749286651611,1085461,0.0,0.0
1993-05-25 00:00:00-04:00,4.194131222476354,4.209607611760186,4.132225379508739,4.163178443908691,1084008,0.0,0.0
1993-05-26 00:00:00-04:00,4.1941304189850745,4.286989308563183,4.070318185104619,4.2405595779418945,1510059,0.0,0.0
1993-05-27 00:00:00-04:00,4.24055992423171,4.271512985229492,4.209607149066184,4.271512985229492,1588007,0.0,0.0
1993-05-28 00:00:00-04:00,4.240562935017401,4.256039905253276,4.147703971926753,4.178657054901123,717992,0.0,0.0
1993-06-01 00:00:00-04:00,4.178657480691502,4.317946225352963,4.147704394563123,4.302469253540039,1232158,0.0,0.0
1993-06-02 00:00:00-04:00,4.256038781063893,4.364373828277433,4.240561814916101,4.333420753479004,2377169,0.0,0.0
1993-06-03 00:00:00-04:00,4.364375425796797,4.364375425796797,4.27151645324415,4.302469253540039,731064,0.0,0.0
1993-06-04 00:00:00-04:00,4.27151645324415,4.333422339668418,4.2560403389286945,4.302469253540039,992988,0.0,0.0
1993-06-07 00:00:00-04:00,4.302467678680575,4.333420753479004,4.2869915700299375,4.333420753479004,687007,0.0,0.0
1993-06-08 00:00:00-04:00,4.302468183525662,4.317945151489498,4.271515390927664,4.286992073059082,725738,0.0,0.0
1993-06-09 00:00:00-04:00,4.302466598052549,4.302466598052549,4.225084645073058,4.256037712097168,508840,0.0,0.0
1993-06-10 00:00:00-04:00,4.2250834791674725,4.2405595796604505,4.085794858911628,4.1941304206848145,922303,0.0,0.0
1993-06-11 00:00:00-04:00,4.163178578861573,4.178654682814787,4.101271876390335,4.132225513458252,1456318,0.0,0.0
1993-06-14 00:00:00-04:00,4.147701834596629,4.256037712097168,4.147701834596629,4.256037712097168,579041,0.0,0.0
1993-06-15 00:00:00-04:00,4.256036535925303,4.271512636412009,4.178653746833901,4.2405595779418945,424114,0.0,0.0
1993-06-16 00:00:00-04:00,4.256036883478988,4.302465760395017,4.178654088068402,4.271512985229492,877761,0.0,0.0
1993-06-17 00:00:00-04:00,4.302468183525662,4.302468183525662,4.225086202030668,4.286992073059082,831767,0.0,0.0
1993-06-18 00:00:00-04:00,4.2869915700299375,4.364373828277433,4.209609025950057,4.333420753479004,2348120,0.0,0.0
1993-06-21 00:00:00-04:00,4.3798521117772315,4.3798521117772315,4.209610566819881,4.302469253540039,1074809,0.0,0.0
1993-06-22 00:00:00-04:00,4.302468183525662,4.3334212619560795,4.240562312497248,4.286992073059082,709762,0.0,0.0
1993-06-23 00:00:00-04:00,4.317943572998047,4.333419677807097,4.2715138294093284,4.317943572998047,669577,0.0,0.0
1993-06-24 00:00:00-04:00,4.286990505883006,4.333419677807097,4.225084657485238,4.317943572998047,940216,0.0,0.0
1993-06-25 00:00:00-04:00,4.317942368783213,4.317942368783213,4.178653748527368,4.1941304206848145,921334,0.0,0.0
1993-06-28 00:00:00-04:00,4.225083822481205,4.302465760395017,4.225083822481205,4.271512985229492,675871,0.0,0.0
1993-06-29 00:00:00-04:00,4.286989147849656,4.286989147849656,4.178653590181731,4.209606647491455,955225,0.0,0.0
1993-06-30 00:00:00-04:00,4.209606807010027,4.2715126381431086,4.178653748527368,4.1941304206848145,2200939,0.0,0.0
1993-07-01 00:00:00-04:00,4.209606647491455,4.271512476278682,4.132224432965478,4.209606647491455,1827660,0.0,0.0
1993-07-02 00:00:00-04:00,4.209610137875492,4.225086822278907,4.1631809421626285,4.178657054901123,583399,0.0,0.0
1993-07-06 00:00:00-04:00,4.194133543949633,4.194133543949633,4.070321217819102,4.101274013519287,528690,0.0,0.0
1993-07-07 00:00:00-04:00,4.1322247603515265,4.178653921246248,3.961983074576319,3.992936134338379,1858646,0.0,0.0
1993-07-08 00:00:00-04:00,4.0084122623684895,4.054841995239258,3.9619831011622173,4.054841995239258,1653367,0.0,0.0
1993-07-09 00:00:00-04:00,4.054841968030253,4.054841968030253,3.992936134338379,3.992936134338379,1701782,0.0,0.0
1993-07-12 00:00:00-04:00,4.023889320259661,4.054842095159924,4.0084123611450195,4.0084123611450195,702499,0.0,0.0
1993-07-13 00:00:00-04:00,4.008412204384344,4.054841936583478,3.961983043849698,3.97745943069458,2423647,0.0,0.0
1993-07-14 00:00:00-04:00,3.9619843959808345,3.9619843959808345,3.8381721156386135,3.961984395980835,2573733,0.0,0.0
1993-07-15 00:00:00-04:00,3.961983043849698,3.9774594306945805,3.9465063711725725,3.97745943069458,1090302,0.0,0.0
1993-07-16 00:00:00-04:00,4.00841223547104,4.023889194100439,3.9774594615412258,3.992936134338379,872920,0.0,0.0
1993-07-19 00:00:00-04:00,3.9774607881074417,3.99293746606639,3.9619843959808345,3.961984395980835,422662,0.0,0.0
1993-07-20 00:00:00-04:00,3.9619843959808345,3.9774607881074417,3.931031611727621,3.961984395980835,754787,0.0,0.0
1993-07-21 00:00:00-04:00,3.9000772670549395,4.054841995239258,3.884600594153934,4.054841995239258,3471828,0.0,0.0
1993-07-22 00:00:00-04:00,4.039365322338253,4.070318382308016,4.023889221101744,4.054841995239258,1015743,0.0,0.0
1993-07-23 00:00:00-04:00,4.054843149095915,4.116749286651611,4.039366471790826,4.116749286651611,1614151,0.0,0.0
1993-07-26 00:00:00-04:00,4.116751174784844,4.178657054901123,4.101274204548969,4.178657054901123,1284930,0.0,0.0
1993-07-27 00:00:00-04:00,4.1941304206848145,4.209606807010027,4.178653748527368,4.1941304206848145,1186164,0.0,0.0
1993-07-28 00:00:00-04:00,4.163178702173423,4.178654806585032,4.147701740264893,4.147701740264893,483664,0.0,0.0
1993-07-29 00:00:00-04:00,4.163179032734549,4.178655138374979,4.101272323514193,4.116749286651611,1376434,0.0,0.0
1993-07-30 00:00:00-04:00,4.116745582430408,4.116745582430408,3.9929337045564752,4.085792541503906,533047,0.0,0.0
1993-08-02 00:00:00-04:00,4.023889320259661,4.054842095159924,3.977459586244757,4.0084123611450195,1169218,0.0,0.0
1993-08-03 00:00:00-04:00,4.085798091810475,4.178657054901123,4.039368324432691,4.178657054901123,1088850,0.0,0.0
1993-08-04 00:00:00-04:00,4.178653746833901,4.317942367033297,4.132224587877081,4.2405595779418945,1164861,0.0,0.0
1993-08-05 00:00:00-04:00,4.271513816860753,4.286990493288964,4.209607968644847,4.256037712097168,1098049,0.0,0.0
1993-08-06 00:00:00-04:00,4.271512985229492,4.271512985229492,4.24055992423171,4.271512985229492,488506,0.0,0.0
1993-08-09 00:00:00-04:00,4.2715138294093284,4.333419677807097,4.2560377246002785,4.317943572998047,734937,0.0,0.0
1993-08-10 00:00:00-04:00,4.317943558487067,4.379849406676793,4.286990491476047,4.364372730255127,1336734,0.0,0.0
1993-08-11 00:00:00-04:00,4.395324107545884,4.441753258445578,4.364370768615052,4.426277160644531,1390474,0.0,0.0
1993-08-12 00:00:00-04:00,4.44175525486652,4.44175525486652,4.271513815054381,4.364372730255127,1121288,0.0,0.0
1993-08-13 00:00:00-04:00,4.3334214297101274,4.410804271697998,4.302468350081465,4.410804271697998,700079,0.0,0.0
1993-08-16 00:00:00-04:00,4.432575150768035,4.479234081478254,4.432575150768035,4.4481282234191895,699594,0.036146,0.0
1993-08-17 00:00:00-04:00,4.448131169806352,4.510342639889347,4.32370736791006,4.432578086853027,2125411,0.0,0.0
1993-08-18 00:00:00-04:00,4.432577309495419,4.525894641876221,4.432577309495419,4.525894641876221,1847994,0.0,0.0
1993-08-19 00:00:00-04:00,4.525893627549559,4.588105072779698,4.510340838052854,4.556999206542969,2129285,0.0,0.0
1993-08-20 00:00:00-04:00,4.5569982310408115,4.5569982310408115,4.479234300203965,4.541445732116699,1079167,0.0,0.0
1993-08-23 00:00:00-04:00,4.463683128356934,4.525894878019012,4.448130621806511,4.463683128356934,575168,0.0,0.0
1993-08-24 00:00:00-04:00,4.463682753363598,4.836952645490927,4.432577168389132,4.7902936935424805,3355633,0.0,0.0
1993-08-25 00:00:00-04:00,4.728082098335698,4.774741048922153,4.696976227025851,4.743635177612305,2565987,0.0,0.0
1993-08-26 00:00:00-04:00,4.712529199695961,4.774740649872966,4.681423330985788,4.728081703186035,1445183,0.0,0.0
1993-08-27 00:00:00-04:00,4.712529199695961,4.7591872846528664,4.650316887788931,4.728081703186035,946026,0.0,0.0
1993-08-30 00:00:00-04:00,4.681421353725828,4.6969738506471,4.634762426745909,4.665868282318115,746557,0.0,0.0
1993-08-31 00:00:00-04:00,4.696977138519287,4.696977138519287,4.619212588775394,4.696977138519287,1048181,0.0,0.0
1993-09-01 00:00:00-04:00,4.696977138519287,4.759188605968348,4.619212588775394,4.696977138519287,1203593,0.0,0.0
1993-09-02 00:00:00-04:00,4.712527248539684,4.836950097378145,4.712527248539684,4.759185314178467,2362160,0.0,0.0
1993-09-03 00:00:00-04:00,4.743632817127688,4.790291170009694,4.728079745590463,4.759185314178467,947963,0.0,0.0
1993-09-07 00:00:00-04:00,4.728083015865528,4.759188605968348,4.681424630711298,4.696977138519287,1689678,0.0,0.0
1993-09-08 00:00:00-04:00,4.696976227025851,4.759187682402181,4.665870642959368,4.743635177612305,1417587,0.0,0.0
1993-09-09 00:00:00-04:00,4.821399483352996,4.821399483352996,4.774741106688782,4.805846691131592,1263627,0.0,0.0
1993-09-10 00:00:00-04:00,4.836952209472656,4.883610869971768,4.790293261730196,4.836952209472656,1148400,0.0,0.0
1993-09-13 00:00:00-04:00,4.836951516243223,4.945821899966803,4.836951516243223,4.899163246154785,922303,0.0,0.0
1993-09-14 00:00:00-04:00,4.91471646926912,4.91471646926912,4.805846356806249,4.852504730224609,773185,0.0,0.0
1993-09-15 00:00:00-04:00,4.821399067926392,4.899163884063066,4.7436348262764065,4.868057727813721,1103374,0.0,0.0
1993-09-16 00:00:00-04:00,4.774741106688782,4.899164306190126,4.774741106688782,4.805846691131592,819663,0.0,0.0
1993-09-17 00:00:00-04:00,4.728082098335698,4.790293553712028,4.665870642959368,4.743635177612305,1844121,0.0,0.0
1993-09-20 00:00:00-04:00,4.759186132063654,4.759186132063654,4.61921018763254,4.650315761566162,630361,0.0,0.0
1993-09-21 00:00:00-04:00,4.634763023607431,4.634763023607431,4.448128440625968,4.541445732116699,1760848,0.0,0.0
1993-09-22 00:00:00-04:00,4.603656635441274,4.712527275085449,4.572551066678051,4.712527275085449,1426301,0.0,0.0
1993-09-23 00:00:00-04:00,4.712529199695961,4.728081703186035,4.665870253009031,4.728081703186035,991052,0.0,0.0
1993-09-24 00:00:00-04:00,4.728079745590463,4.7747386729589145,4.696973889759236,4.759185314178467,824021,0.0,0.0
1993-09-27 00:00:00-04:00,4.774740695282407,4.868057727813721,4.774740695282407,4.868057727813721,1222959,0.0,0.0
1993-09-28 00:00:00-04:00,4.790291170009694,4.805844241546919,4.712527248539684,4.759185314178467,964908,0.0,0.0
1993-09-29 00:00:00-04:00,4.743632777627019,4.743632777627019,4.619209355338197,4.665868282318115,824505,0.0,0.0
1993-09-30 00:00:00-04:00,4.665868347454167,4.743632843848672,4.619209419822885,4.712527275085449,1073357,0.0,0.0
1993-10-01 00:00:00-04:00,4.6969738506471,4.712527209298034,4.572551002844719,4.665868282318115,5789931,0.0,0.0
1993-10-04 00:00:00-04:00,4.665871548416467,4.696977138519287,4.634765671070226,4.696977138519287,770764,0.0,0.0
1993-10-05 00:00:00-04:00,4.728079706219305,4.728079706219305,4.650314923667182,4.665868282318115,535952,0.0,0.0
1993-10-06 00:00:00-04:00,4.66587138229936,4.696976971294741,4.603659629821777,4.603659629821777,732032,0.0,0.0
1993-10-07 00:00:00-04:00,4.6192105688835055,4.634763644377276,4.57255220413208,4.57255220413208,845807,0.0,0.0
1993-10-08 00:00:00-04:00,4.57255364947233,4.588106155395508,4.557000281818994,4.588106155395508,781900,0.0,0.0
1993-10-11 00:00:00-04:00,4.588103866576871,4.603656939228025,4.354810361998752,4.4481282234191895,1605920,0.0,0.0
1993-10-12 00:00:00-04:00,4.4325766398005255,4.510341167449951,4.37036490278365,4.510341167449951,1889147,0.0,0.0
1993-10-13 00:00:00-04:00,4.479234715819339,4.525893078650744,4.479234715819339,4.494787216186523,761565,0.0,0.0
1993-10-14 00:00:00-04:00,4.47923649663755,4.525894878019012,4.432577540769292,4.463683128356934,1522647,0.0,0.0
1993-10-15 00:00:00-04:00,4.463680858226892,4.5103397903654425,4.448128359586129,4.479234218597412,1485851,0.0,0.0
1993-10-18 00:00:00-04:00,4.479235259059443,4.556999206542969,4.417023526585986,4.556999206542969,882118,0.0,0.0
1993-10-19 00:00:00-04:00,4.557000281818994,4.6503176153051475,4.510341902319304,4.588106155395508,876309,0.0,0.0
1993-10-20 00:00:00-04:00,4.557000671841884,4.603659629821777,4.557000671841884,4.603659629821777,884539,0.0,0.0
1993-10-21 00:00:00-04:00,4.6192105688835055,4.650316145384456,4.556998841395013,4.57255220413208,1092723,0.0,0.0
1993-10-22 00:00:00-04:00,4.5414477221019425,4.572553595310004,4.510341848893881,4.525894641876221,1069000,0.0,0.0
1993-10-25 00:00:00-04:00,4.57255364947233,4.619212028972021,4.525894695485867,4.588106155395508,2648292,0.0,0.0
1993-10-26 00:00:00-04:00,4.60365778063303,4.60365778063303,4.525893264894064,4.57255220413208,1831533,0.0,0.0
1993-10-27 00:00:00-04:00,4.556998841395013,4.60365778063303,4.525893264894064,4.57255220413208,1742934,0.0,0.0
1993-10-28 00:00:00-04:00,4.572552015968715,4.5881045163359,4.463681353722303,4.494787216186523,1043824,0.0,0.0
1993-10-29 00:00:00-04:00,4.525892658706073,4.5569982310408115,4.479234300203965,4.541445732116699,979916,0.0,0.0
1993-11-01 00:00:00-05:00,4.510340838052854,4.556999206542969,4.479235259059443,4.556999206542969,1082072,0.0,0.0
1993-11-02 00:00:00-05:00,4.541445732116699,4.5569982310408115,4.479234300203965,4.541445732116699,1306232,0.0,0.0
1993-11-03 00:00:00-05:00,4.541445732116699,4.572551591694696,4.479234300203965,4.541445732116699,2518540,0.0,0.0
1993-11-04 00:00:00-05:00,4.541445732116699,4.665868883185427,4.4636809395500805,4.541445732116699,1936109,0.0,0.0
1993-11-05 00:00:00-05:00,4.541446879423028,4.650316697341668,4.510341011986752,4.634764194488525,1761816,0.0,0.0
1993-11-08 00:00:00-05:00,4.66587138229936,4.681424464040462,4.541448164587605,4.603659629821777,1270890,0.0,0.0
1993-11-09 00:00:00-05:00,4.69697391621739,4.774738699855119,4.650314988586107,4.712527275085449,1836375,0.0,0.0
1993-11-10 00:00:00-05:00,4.712529199695961,4.728081703186035,4.650316887788931,4.728081703186035,742199,0.0,0.0
1993-11-11 00:00:00-05:00,4.696977177805211,4.7436361378365435,4.619212627410889,4.619212627410889,706857,0.0,0.0
1993-11-12 00:00:00-05:00,4.625461837394585,4.734848142404843,4.578581909931975,4.719221115112305,656989,0.036146,0.0
1993-11-15 00:00:00-05:00,4.73484721873233,4.73484721873233,4.672340276171017,4.687967300415039,565969,0.0,0.0
1993-11-16 00:00:00-05:00,4.6879671519539485,4.7504732267247025,4.609834053434057,4.734847068786621,600344,0.0,0.0
1993-11-17 00:00:00-05:00,4.7348463626168,4.7817254066467285,4.687966452775945,4.7817254066467285,1001703,0.0,0.0
1993-11-18 00:00:00-05:00,4.766101093392951,4.766101093392951,4.594208986209768,4.609835147857666,1042856,0.0,0.0
1993-11-19 00:00:00-05:00,4.672341237468026,4.672341237468026,4.5785819587506085,4.609835147857666,865173,0.0,0.0
1993-11-22 00:00:00-05:00,4.5785815397038245,4.5785815397038245,4.516075455814225,4.562955379486084,904389,0.0,0.0
1993-11-23 00:00:00-05:00,4.531701789010732,4.687967417701396,4.531701789010732,4.672340393066406,960550,0.0,0.0
1993-11-24 00:00:00-05:00,4.687968104265223,4.719221003697454,4.609834989873414,4.656714916229248,357786,0.0,0.0
1993-11-26 00:00:00-05:00,4.656714916229248,4.734848030621058,4.656714916229248,4.656714916229248,303077,0.0,0.0
1993-11-29 00:00:00-05:00,4.672341237468026,4.687968264927186,4.594208986209768,4.609835147857666,901968,0.0,0.0
1993-11-30 00:00:00-05:00,4.594207210301518,4.7817254066467285,4.594207210301518,4.7817254066467285,1200688,0.0,0.0
1993-12-01 00:00:00-05:00,4.781727627589185,4.859860750746121,4.7504747246509424,4.828607559204102,897611,0.0,0.0
1993-12-02 00:00:00-05:00,4.812980060766649,4.828606798377296,4.703594629114506,4.750473976135254,625036,0.0,0.0
1993-12-03 00:00:00-05:00,4.703594796626425,4.812980232174176,4.672341031688341,4.766100883483887,768828,0.0,0.0
1993-12-06 00:00:00-05:00,4.7973559643699595,4.9848742989417225,4.781728931432233,4.9536213874816895,1229253,0.0,0.0
1993-12-07 00:00:00-05:00,4.922367070352664,4.9848728754230915,4.859860688074691,4.875486850738525,1144527,0.0,0.0
1993-12-08 00:00:00-05:00,4.8442356911792315,4.922368841441212,4.812982488795215,4.906742095947266,864689,0.0,0.0
1993-12-09 00:00:00-05:00,4.844233247384212,4.906739620619338,4.750473976135254,4.750473976135254,1497955,0.0,0.0
1993-12-10 00:00:00-05:00,4.6098347259504875,4.6098347259504875,4.547328642060888,4.562955379486084,2008248,0.0,0.0
1993-12-13 00:00:00-05:00,4.562955797102711,4.609835147857666,4.531702607995654,4.609835147857666,937795,0.0,0.0
1993-12-14 00:00:00-05:00,4.625461463375682,4.656714649622345,4.531702193239421,4.562955379486084,804655,0.0,0.0
1993-12-15 00:00:00-05:00,4.594208828761042,4.703594842585082,4.516075714369232,4.656714916229248,1703234,0.0,0.0
1993-12-16 00:00:00-05:00,4.656716205569902,4.67234237100881,4.594210100795152,4.625463008880615,653600,0.0,0.0
1993-12-17 00:00:00-05:00,4.578581909931975,4.750474303886128,4.578581909931975,4.719221115112305,1106279,0.0,0.0
1993-12-20 00:00:00-05:00,4.750472105815978,4.750472105815978,4.687966045793987,4.703592777252197,828378,0.0,0.0
1993-12-21 00:00:00-05:00,4.703597087576068,4.703597087576068,4.641090393066406,4.641090393066406,472529,0.0,0.0
1993-12-22 00:00:00-05:00,4.64108806535766,4.6879679905766025,4.531702342790092,4.594208717346191,953772,0.0,0.0
1993-12-23 00:00:00-05:00,4.641088177909388,4.687968104265223,4.594208828761042,4.656714916229248,543699,0.0,0.0
1993-12-27 00:00:00-05:00,4.656713275749921,4.812978583672751,4.656713275749921,4.7817254066467285,619710,0.0,0.0
1993-12-28 00:00:00-05:00,4.750475333780174,4.8754875387703756,4.750475333780174,4.859861373901367,888896,0.0,0.0
1993-12-29 00:00:00-05:00,4.828607496935705,4.906740330481284,4.828607496935705,4.875486850738525,708793,0.0,0.0
1993-12-30 00:00:00-05:00,4.859862436673178,4.922368841441212,4.859862436673178,4.906742095947266,423146,0.0,0.0
1993-12-31 00:00:00-05:00,4.90673811475082,4.922364847565652,4.7817254066467285,4.7817254066467285,508840,0.0,0.0
1994-01-03 00:00:00-05:00,4.87548785234562,4.906741338509011,4.781728548270775,4.844234943389893,841934,0.0,0.0
1994-01-04 00:00:00-05:00,4.8442356911792315,4.906742095947266,4.8286092342891616,4.906742095947266,976043,0.0,0.0
1994-01-05 00:00:00-05:00,4.875486198863838,4.937992572784424,4.844233300507279,4.937992572784424,834188,0.0,0.0
1994-01-06 00:00:00-05:00,4.937992771695847,5.000499725341797,4.891113133668877,5.000499725341797,1391927,0.0,0.0
1994-01-07 00:00:00-05:00,4.984872409722818,5.047378786161276,4.969246248518822,5.000499725341797,1589459,0.0,0.0
1994-01-10 00:00:00-05:00,5.016126570563356,5.203645148241966,4.969246926143704,5.125512599945068,2778528,0.0,0.0
1994-01-11 00:00:00-05:00,5.1255125152691035,5.203645062275212,5.1255125152691035,5.188018321990967,1593817,0.0,0.0
1994-01-12 00:00:00-05:00,5.188017447262086,5.188017447262086,5.000499481505518,5.0473785400390625,1352711,0.0,0.0
1994-01-13 00:00:00-05:00,5.047379257701064,5.078632160236278,4.875486850738525,4.875486850738525,2075544,0.0,0.0
1994-01-14 00:00:00-05:00,4.875486145398044,4.875486145398044,4.734847815732069,4.750473976135254,3711966,0.0,0.0
1994-01-17 00:00:00-05:00,4.7504732267247025,4.828606036640909,4.672340128204811,4.734847068786621,3653868,0.0,0.0
1994-01-18 00:00:00-05:00,4.797353900363464,4.859859984994859,4.750473976135254,4.750473976135254,2240155,0.0,0.0
1994-01-19 00:00:00-05:00,4.750474663390125,4.891113590609905,4.750474663390125,4.875486850738525,2396050,0.0,0.0
1994-01-20 00:00:00-05:00,4.844233495641906,5.000499725341797,4.844233495641906,5.000499725341797,1497471,0.0,0.0
1994-01-21 00:00:00-05:00,5.000500256987094,5.01612641985244,4.812980819131204,4.828607559204102,1958864,0.0,0.0
1994-01-24 00:00:00-05:00,4.844234631824731,5.000500898175829,4.844234631824731,4.859861373901367,1276215,0.0,0.0
1994-01-25 00:00:00-05:00,4.84423346723761,4.906739843309561,4.516075714369232,4.656714916229248,6149653,0.0,0.0
1994-01-26 00:00:00-05:00,4.625461728193273,4.734848030621058,4.594208828761042,4.656714916229248,4849715,0.0,0.0
1994-01-27 00:00:00-05:00,4.656714755952987,4.937992572784424,4.656714755952987,4.937992572784424,3997129,0.0,0.0
1994-01-28 00:00:00-05:00,4.922367133830159,4.922367133830159,4.828607559204102,4.828607559204102,2257100,0.0,0.0
1994-01-31 00:00:00-05:00,4.859858493513607,4.891111381935987,4.7817254066467285,4.7817254066467285,1264111,0.0,0.0
1994-02-01 00:00:00-05:00,4.7817254066467285,4.828605316487584,4.7817254066467285,4.7817254066467285,1158083,0.0,0.0
1994-02-02 00:00:00-05:00,4.797354154618061,4.922366619110107,4.797354154618061,4.922366619110107,890349,0.0,0.0
1994-02-03 00:00:00-05:00,4.922368081590707,4.922368081590707,4.781728548270775,4.844234943389893,835156,0.0,0.0
1994-02-04 00:00:00-05:00,4.8129781658379684,4.859858071608983,4.703592777252197,4.703592777252197,1002187,0.0,0.0
1994-02-07 00:00:00-05:00,4.703595206769547,4.812980651855469,4.703595206769547,4.812980651855469,1542013,0.0,0.0
1994-02-08 00:00:00-05:00,4.812980113546986,4.953619310566437,4.766100766012147,4.937992572784424,2189319,0.0,0.0
1994-02-09 00:00:00-05:00,4.944274526471826,5.0070585194876465,4.897185662045268,4.975666522979736,1223443,0.036146,0.0
1994-02-10 00:00:00-05:00,4.991362309041524,4.991362309041524,4.850097179412842,4.850097179412842,930049,0.0,0.0
1994-02-11 00:00:00-05:00,4.834400250299469,4.912880803020347,4.7559202773549165,4.771615982055664,684102,0.0,0.0
1994-02-14 00:00:00-05:00,4.803007898411928,4.865792455591978,4.740223631120037,4.834400177001953,665704,0.0,0.0
1994-02-15 00:00:00-05:00,4.803008079528809,4.850096644133591,4.803008079528809,4.803008079528809,589209,0.0,0.0
1994-02-16 00:00:00-05:00,4.8657917976379395,4.912880064211606,4.850095805409424,4.8657917976379395,1224411,0.0,0.0
1994-02-17 00:00:00-05:00,4.88148724179072,4.959967479349375,4.834398693412229,4.897182941436768,1697424,0.0,0.0
1994-02-18 00:00:00-05:00,4.865792289760366,4.865792289760366,4.787312030792236,4.787312030792236,658926,0.0,0.0
1994-02-22 00:00:00-05:00,4.803007555259577,4.865792107953965,4.755919865459131,4.818704128265381,962003,0.0,0.0
1994-02-23 00:00:00-05:00,4.834400359302607,4.850096644133591,4.771616089643181,4.803008079528809,791098,0.0,0.0
1994-02-24 00:00:00-05:00,4.771613197319978,4.8030051681772985,4.677436704972029,4.693132400512695,903421,0.0,0.0
1994-02-25 00:00:00-05:00,4.7245277656401035,4.818704308312378,4.7245277656401035,4.787312030792236,793035,0.0,0.0
1994-02-28 00:00:00-05:00,4.803007555259577,4.881488391071631,4.787311851918187,4.818704128265381,603249,0.0,0.0
1994-03-01 00:00:00-05:00,4.818704472539179,4.850096461241045,4.724527926657263,4.834400177001953,696690,0.0,0.0
1994-03-02 00:00:00-05:00,4.740220983772365,4.787309520303187,4.646044490486714,4.755917549133301,1557505,0.0,0.0
1994-03-03 00:00:00-05:00,4.755917713804983,4.755917713804983,4.677436913498913,4.724525451660156,882603,0.0,0.0
1994-03-04 00:00:00-05:00,4.693134667746903,4.928576592133795,4.693134667746903,4.88148832321167,1121288,0.0,0.0
1994-03-07 00:00:00-05:00,4.928576346328241,4.928576346328241,4.834399523292789,4.8657917976379395,1039467,0.0,0.0
1994-03-08 00:00:00-05:00,4.88148724179072,4.928575500281141,4.88148724179072,4.897182941436768,1055444,0.0,0.0
1994-03-09 00:00:00-05:00,4.912880309234331,4.928576592133795,4.850096047300876,4.88148832321167,455584,0.0,0.0
1994-03-10 00:00:00-05:00,4.897183782094971,4.897183782094971,4.834399523292789,4.8657917976379395,586788,0.0,0.0
1994-03-11 00:00:00-05:00,4.834399831606771,4.834399831606771,4.724527589111937,4.818704128265381,1047697,0.0,0.0
1994-03-14 00:00:00-05:00,4.850096461241045,4.865792455591978,4.834400177001953,4.834400177001953,422662,0.0,0.0
1994-03-15 00:00:00-05:00,4.865790962368533,4.959967479349375,4.834398693412229,4.897182941436768,833704,0.0,0.0
1994-03-16 00:00:00-05:00,4.8657917976379395,4.8814880797545745,4.850095805409424,4.8657917976379395,519491,0.0,0.0
1994-03-17 00:00:00-05:00,4.834398376210616,5.0227522674779586,4.771614132305569,4.991359710693359,1172607,0.0,0.0
1994-03-18 00:00:00-05:00,5.007055737839797,5.007055737839797,4.897182941436768,4.897182941436768,2079902,0.0,0.0
1994-03-21 00:00:00-05:00,4.865792107953965,4.865792107953965,4.803007555259577,4.818704128265381,812885,0.0,0.0
1994-03-22 00:00:00-05:00,4.865790962368533,4.928575500281141,4.803006424455925,4.897182941436768,676839,0.0,0.0
1994-03-23 00:00:00-05:00,4.865791919163017,4.959968454662445,4.865791919163017,4.928576469421387,974591,0.0,0.0
1994-03-24 00:00:00-05:00,4.897184026334867,4.912880309234331,4.803007488490617,4.88148832321167,1115478,0.0,0.0
1994-03-25 00:00:00-05:00,4.865792639076404,4.865792639076404,4.803008079528809,4.803008079528809,1250071,0.0,0.0
1994-03-28 00:00:00-05:00,4.8187038209523925,4.8657917976379395,4.771615264490607,4.8657917976379395,577589,0.0,0.0
1994-03-29 00:00:00-05:00,4.834400012240225,4.85009629594437,4.74022346956795,4.787312030792236,843387,0.0,0.0
1994-03-30 00:00:00-05:00,4.693134673285047,4.708831246091168,4.551870156240106,4.661742687225342,2009216,0.0,0.0
1994-03-31 00:00:00-05:00,4.646046461585765,4.677438735961914,4.347820579732655,4.677438735961914,2087648,0.0,0.0
1994-04-04 00:00:00-04:00,4.614652228960466,4.630347923669831,4.394906415381811,4.5361714363098145,1502312,0.0,0.0
1994-04-05 00:00:00-04:00,4.661742687225342,4.740223232150873,4.630350411277503,4.661742687225342,1428722,0.0,0.0
1994-04-06 00:00:00-04:00,4.630350589752197,4.724527711113862,4.630350589752197,4.630350589752197,1482462,0.0,0.0
1994-04-07 00:00:00-04:00,4.708831123339175,4.708831123339175,4.520478052338484,4.5989580154418945,1057864,0.0,0.0
1994-04-08 00:00:00-04:00,4.61465248351217,4.646044454438489,4.551867961883545,4.551867961883545,1447120,0.0,0.0
1994-04-11 00:00:00-04:00,4.520478052338484,4.61465458783883,4.489085777208993,4.5989580154418945,1132423,0.0,0.0
1994-04-12 00:00:00-04:00,4.646044605614764,4.693132563536423,4.614652633666992,4.614652633666992,920850,0.0,0.0
1994-04-13 00:00:00-04:00,4.646047315574119,4.646047315574119,4.489086494618702,4.504782199859619,660863,0.0,0.0
1994-04-14 00:00:00-04:00,4.489085777208993,4.5989580154418945,4.473389494700185,4.5989580154418945,1089334,0.0,0.0
1994-04-15 00:00:00-04:00,4.536174498145866,4.567566778417754,4.394909381866455,4.394909381866455,817727,0.0,0.0
1994-04-18 00:00:00-04:00,4.441996432561492,4.473388702129069,4.159466296341383,4.2222514152526855,2228051,0.0,0.0
1994-04-19 00:00:00-04:00,4.269339330670055,4.332123579121518,4.175162813048825,4.285035610198975,2218368,0.0,0.0
1994-04-20 00:00:00-04:00,4.269340772135519,4.363517031665583,4.1123796631796825,4.175164222717285,1573482,0.0,0.0
1994-04-21 00:00:00-04:00,4.175162865957284,4.2222514152526855,4.128074316661882,4.2222514152526855,1994207,0.0,0.0
1994-04-22 00:00:00-04:00,4.222253992397684,4.332126278226963,4.222253992397684,4.316430568695068,1895925,0.0,0.0
1994-04-25 00:00:00-04:00,4.394908495385158,4.457693333153004,4.379212793247399,4.441997051239014,1075778,0.0,0.0
1994-04-26 00:00:00-04:00,4.441994918250112,4.489083451492658,4.4106026593844065,4.457691192626953,1336250,0.0,0.0
1994-04-28 00:00:00-04:00,4.457693819543642,4.457693819543642,4.300732432717849,4.332124710083008,1381760,0.0,0.0
1994-04-29 00:00:00-04:00,4.332125111210852,4.410605666946486,4.300732830938964,4.394909381866455,828378,0.0,0.0
1994-05-02 00:00:00-04:00,4.583262139024348,4.583262139024348,4.410604777299149,4.441997051239014,573232,0.0,0.0
1994-05-03 00:00:00-04:00,4.441997162478077,4.473389437204085,4.347820628188174,4.363516330718994,1842185,0.0,0.0
1994-05-04 00:00:00-04:00,4.363516330718994,4.426300880171011,4.347820628188174,4.363516330718994,1426301,0.0,0.0
1994-05-05 00:00:00-04:00,4.394909381866455,4.426301662138343,4.363517101594566,4.394909381866455,534016,0.0,0.0
1994-05-06 00:00:00-04:00,4.363516330718994,4.4106048877520685,4.332124345881108,4.363516330718994,1554601,0.0,0.0
1994-05-09 00:00:00-04:00,4.3164278262498845,4.394907773488333,4.3164278262498845,4.347819805145264,1036078,0.0,0.0
1994-05-10 00:00:00-04:00,4.379213271074819,4.426301252290336,4.332124710083008,4.332124710083008,1629159,0.0,0.0
1994-05-11 00:00:00-04:00,4.347819805145264,4.457692600943297,4.332123525809506,4.347819805145264,1155662,0.0,0.0
1994-05-12 00:00:00-04:00,4.401458164787974,4.417233597402905,4.354130410139784,4.369906425476074,502062,0.036146,0.0
1994-05-13 00:00:00-04:00,4.369908317248763,4.448787262634901,4.369908317248763,4.433011531829834,1784571,0.0,0.0
1994-05-16 00:00:00-04:00,4.385683149014386,4.511890434771709,4.385683149014386,4.417234897613525,492379,0.0,0.0
1994-05-17 00:00:00-04:00,4.417238055411302,4.4803418890820526,4.291031553513695,4.338359355926514,2102657,0.0,0.0
1994-05-18 00:00:00-04:00,4.369905247145453,4.417232406310671,4.354129236063113,4.385680675506592,1041887,0.0,0.0
1994-05-19 00:00:00-04:00,4.417232540541924,4.527663456031686,4.417232540541924,4.511888027191162,1410808,0.0,0.0
1994-05-20 00:00:00-04:00,4.527661185914215,4.559212901857422,4.4803340490401,4.543437480926514,1143074,0.0,0.0
1994-05-23 00:00:00-04:00,4.559212901857422,4.559212901857422,4.511885764983306,4.543437480926514,650211,0.0,0.0
1994-05-24 00:00:00-04:00,4.527664992352416,4.543441300627962,4.417234039391384,4.448785781860352,740263,0.0,0.0
1994-05-25 00:00:00-04:00,4.448786872132722,4.480338913694914,4.433011142712405,4.464562892913818,824989,0.0,0.0
1994-05-26 00:00:00-04:00,4.464560283866543,4.511888027191162,4.4487842723048,4.511888027191162,811917,0.0,0.0
1994-05-27 00:00:00-04:00,4.496113541244157,4.496113541244157,4.417234039391384,4.448785781860352,523364,0.0,0.0
1994-05-31 00:00:00-04:00,4.4645626661926165,4.4645626661926165,4.4014594603551025,4.417234897613525,545635,0.0,0.0
1994-06-01 00:00:00-04:00,4.4330111528212734,4.4330111528212734,4.369907943635329,4.401459693908691,397970,0.0,0.0
1994-06-02 00:00:00-04:00,4.433011142712405,4.511890663896327,4.417235121931308,4.464562892913818,1825239,0.0,0.0
1994-06-03 00:00:00-04:00,4.49611286612966,4.511888880675647,4.4487851138523595,4.480337142944336,640528,0.0,0.0
1994-06-06 00:00:00-04:00,4.480336206120999,4.638094570430146,4.480336206120999,4.622318267822266,1410324,0.0,0.0
1994-06-07 00:00:00-04:00,4.590767860412598,4.653871045510425,4.574992136978308,4.590767860412598,799813,0.0,0.0
1994-06-08 00:00:00-04:00,4.638095613436805,4.653871045510425,4.574992136978308,4.590767860412598,612448,0.0,0.0
1994-06-09 00:00:00-04:00,4.57499107996719,4.622318239335539,4.51188790944879,4.559215068817139,493831,0.0,0.0
1994-06-10 00:00:00-04:00,4.622318014943297,4.653869744351107,4.574990857872463,4.606542587280273,654569,0.0,0.0
1994-06-13 00:00:00-04:00,4.606543088797445,4.732749728808292,4.590767076695703,4.669646263122559,859363,0.0,0.0
1994-06-14 00:00:00-04:00,4.701199263204867,4.890509128570557,4.701199263204867,4.890509128570557,1765689,0.0,0.0
1994-06-15 00:00:00-04:00,4.874733403576982,4.90628514492483,4.795854195887712,4.890509128570557,1852352,0.0,0.0
1994-06-16 00:00:00-04:00,4.858955016729312,4.906282751342088,4.732748695630427,4.8116278648376465,1338670,0.0,0.0
1994-06-17 00:00:00-04:00,4.843183688375699,4.8589591276592,4.748528721788277,4.764304161071777,950867,0.0,0.0
1994-06-20 00:00:00-04:00,4.7643015301046345,4.7643015301046345,4.669646615788036,4.716973781585693,462846,0.0,0.0
1994-06-21 00:00:00-04:00,4.669645383905894,4.685421101676711,4.606542221462058,4.638093948364258,410074,0.0,0.0
1994-06-22 00:00:00-04:00,4.638096577738566,4.716975211309589,4.606544832949428,4.653872013092041,978948,0.0,0.0
1994-06-23 00:00:00-04:00,4.653872013092041,4.669648031166975,4.606544832949428,4.653872013092041,850165,0.0,0.0
1994-06-24 00:00:00-04:00,4.669647346459394,4.669647346459394,4.511889228367139,4.527664661407471,762534,0.0,0.0
1994-06-27 00:00:00-04:00,4.527662758526274,4.653869374774511,4.496111322984638,4.638093948364258,874372,0.0,0.0
1994-06-28 00:00:00-04:00,4.638092337395672,4.638092337395672,4.496109761331471,4.543437480926514,539825,0.0,0.0
1994-06-29 00:00:00-04:00,4.511888027191162,4.559215187794561,4.511888027191162,4.511888027191162,572263,0.0,0.0
1994-06-30 00:00:00-04:00,4.527666499381843,4.527666499381843,4.401460070219701,4.433011531829834,646338,0.0,0.0
1994-07-01 00:00:00-04:00,4.433009390667036,4.511888880675647,4.433009390667036,4.480337142944336,437670,0.0,0.0
1994-07-05 00:00:00-04:00,4.511888880675647,4.527664312500306,4.480337142944336,4.480337142944336,309855,0.0,0.0
1994-07-06 00:00:00-04:00,4.496113212605432,4.527664661407471,4.464561472442706,4.527664661407471,520460,0.0,0.0
1994-07-07 00:00:00-04:00,4.54343978560892,4.590766946489973,4.54343978560892,4.574991226196289,498189,0.0,0.0
1994-07-08 00:00:00-04:00,4.5592150969149685,4.622318267822266,4.5592150969149685,4.622318267822266,467687,0.0,0.0
1994-07-11 00:00:00-04:00,4.622319590534961,4.638095897657355,4.527664661407471,4.527664661407471,646338,0.0,0.0
1994-07-12 00:00:00-04:00,4.559216401570197,4.574992417331903,4.4803374882044125,4.527664661407471,673450,0.0,0.0
1994-07-13 00:00:00-04:00,4.543442414097741,4.5592178521572775,4.464562892913818,4.464562892913818,1072389,0.0,0.0
1994-07-14 00:00:00-04:00,4.5276643839541,4.653871045510425,4.5276643839541,4.590767860412598,697658,0.0,0.0
1994-07-15 00:00:00-04:00,4.590764617800629,4.6065406214524645,4.511885764983306,4.543437480926514,383930,0.0,0.0
1994-07-18 00:00:00-04:00,4.57499107996719,4.606542810906691,4.543439640388291,4.559215068817139,442996,0.0,0.0
1994-07-19 00:00:00-04:00,4.559212901857422,4.559212901857422,4.511885764983306,4.543437480926514,514166,0.0,0.0
1994-07-20 00:00:00-04:00,4.543442502740841,4.559217941108159,4.496114730834961,4.496114730834961,390224,0.0,0.0
1994-07-21 00:00:00-04:00,4.49611286612966,4.606543802508918,4.480337142944336,4.480337142944336,1719211,0.0,0.0
1994-07-22 00:00:00-04:00,4.51188790944879,4.559215068817139,4.480336178509289,4.559215068817139,523364,0.0,0.0
1994-07-25 00:00:00-04:00,4.543440618406959,4.543440618406959,4.480337142944336,4.480337142944336,656989,0.0,0.0
1994-07-26 00:00:00-04:00,4.511890663896327,4.511890663896327,4.464562892913818,4.464562892913818,535952,0.0,0.0
1994-07-27 00:00:00-04:00,4.480337142944336,4.49611286612966,4.4487851138523595,4.480337142944336,667641,0.0,0.0
1994-07-28 00:00:00-04:00,4.511891059937582,4.511891059937582,4.433011531829834,4.433011531829834,702499,0.0,0.0
1994-07-29 00:00:00-04:00,4.464561198856272,4.590767860412598,4.464561198856272,4.590767860412598,662799,0.0,0.0
1994-08-01 00:00:00-04:00,4.6065438752075565,4.6065438752075565,4.543440690109728,4.590767860412598,580494,0.0,0.0
1994-08-02 00:00:00-04:00,4.638093948364258,4.669645383905894,4.622317647872311,4.638093948364258,1142590,0.0,0.0
1994-08-03 00:00:00-04:00,4.669646103284323,4.669646103284323,4.511888027191162,4.511888027191162,1175028,0.0,0.0
1994-08-04 00:00:00-04:00,4.559216122183349,4.622319307281177,4.543440690109728,4.590767860412598,1208919,0.0,0.0
1994-08-05 00:00:00-04:00,4.574990857872463,4.606542587280273,4.574990857872463,4.606542587280273,778995,0.0,0.0
1994-08-08 00:00:00-04:00,4.6065438752075565,4.622319307281177,4.559216122183349,4.590767860412598,438154,0.0,0.0
1994-08-09 00:00:00-04:00,4.590766919557438,4.6380946628820565,4.511888027191162,4.511888027191162,1014775,0.0,0.0
1994-08-10 00:00:00-04:00,4.5434394198252415,4.606542587280273,4.496111680033232,4.606542587280273,767859,0.0,0.0
1994-08-11 00:00:00-04:00,4.598296752736781,4.614152836346988,4.566584585516367,4.582440376281738,515134,0.038211,0.0
1994-08-12 00:00:00-04:00,4.598297774864751,4.661722709093596,4.582441394885088,4.614153861999512,870015,0.0,0.0
1994-08-15 00:00:00-04:00,4.630010241979173,4.645866036269035,4.614153861999512,4.614153861999512,740263,0.0,0.0
1994-08-16 00:00:00-04:00,4.645865440368652,4.645865440368652,4.566585014863723,4.645865440368652,624551,0.0,0.0
1994-08-17 00:00:00-04:00,4.661722660064697,4.661722660064697,4.630010193283805,4.661722660064697,535952,0.0,0.0
1994-08-18 00:00:00-04:00,4.645866400390965,4.645866400390965,4.582441754036083,4.630010604858398,536436,0.0,0.0
1994-08-19 00:00:00-04:00,4.645866036269035,4.645866036269035,4.582441394885088,4.614153861999512,774637,0.0,0.0
1994-08-22 00:00:00-04:00,4.6141537350657496,4.6141537350657496,4.503160542486003,4.534873008728027,1030752,0.0,0.0
1994-08-23 00:00:00-04:00,4.550729751586914,4.63001108014768,4.550729751586914,4.550729751586914,883087,0.0,0.0
1994-08-24 00:00:00-04:00,4.582441394885088,4.630010241979173,4.534873133480804,4.614153861999512,760113,0.0,0.0
1994-08-25 00:00:00-04:00,4.661723015752531,4.741003456641589,4.64586634188488,4.693435192108154,1033173,0.0,0.0
1994-08-26 00:00:00-04:00,4.725148073315394,4.915422319419671,4.6934356013497,4.851997375488281,1495534,0.0,0.0
1994-08-29 00:00:00-04:00,4.8519959478422745,4.915420873111582,4.788571315417825,4.836140155792236,709762,0.0,0.0
1994-08-30 00:00:00-04:00,4.7885727244018375,4.851997375488281,4.7410038700308235,4.851997375488281,436218,0.0,0.0
1994-08-31 00:00:00-04:00,4.8519959478422745,4.8519959478422745,4.772715523367787,4.836140155792236,432345,0.0,0.0
1994-09-01 00:00:00-04:00,4.836141769653176,4.836141769653176,4.693435786597483,4.756860733032227,1700329,0.0,0.0
1994-09-02 00:00:00-04:00,4.7885738202642285,4.804430499143286,4.725149154663086,4.725149154663086,566938,0.0,0.0
1994-09-06 00:00:00-04:00,4.756862029732975,4.804430898948586,4.725149547870913,4.78857421875,916009,0.0,0.0
1994-09-07 00:00:00-04:00,4.756862187136128,4.756862187136128,4.677580833435059,4.677580833435059,867594,0.0,0.0
1994-09-08 00:00:00-04:00,4.661722660064697,4.693434834000692,4.645865987406905,4.661722660064697,328737,0.0,0.0
1994-09-09 00:00:00-04:00,4.661724489061944,4.725149154663086,4.582443144581744,4.725149154663086,930533,0.0,0.0
1994-09-12 00:00:00-04:00,4.756859817591966,4.756859817591966,4.598297774864751,4.614153861999512,343261,0.0,0.0
1994-09-13 00:00:00-04:00,4.6300125483355,4.693437221313291,4.6300125483355,4.677580833435059,432829,0.0,0.0
1994-09-14 00:00:00-04:00,4.661724489061944,4.725149154663086,4.630012009838866,4.725149154663086,690880,0.0,0.0
1994-09-15 00:00:00-04:00,4.693435786597483,4.756860733032227,4.693435786597483,4.756860733032227,390708,0.0,0.0
1994-09-16 00:00:00-04:00,4.756861633886164,4.7885738202642285,4.693436675440009,4.725149154663086,1437921,0.0,0.0
1994-09-19 00:00:00-04:00,4.6934351874777915,4.6934351874777915,4.582441691807853,4.598298072814941,892770,0.0,0.0
1994-09-20 00:00:00-04:00,4.598298554997927,4.598298554997927,4.503161430358887,4.503161430358887,911167,0.0,0.0
1994-09-21 00:00:00-04:00,4.503160542486003,4.534873008728027,4.471447783399086,4.534873008728027,868562,0.0,0.0
1994-09-22 00:00:00-04:00,4.534874088951089,4.566586562747136,4.423880577087402,4.423880577087402,1059801,0.0,0.0
1994-09-23 00:00:00-04:00,4.423879074496718,4.423879074496718,4.392166611471953,4.408022403717041,1187616,0.0,0.0
1994-09-26 00:00:00-04:00,4.392166614532471,4.408022406788608,4.360454444330471,4.392166614532471,679744,0.0,0.0
1994-09-27 00:00:00-04:00,4.376310233537138,4.408022403717041,4.36045444129205,4.408022403717041,577589,0.0,0.0
1994-09-28 00:00:00-04:00,4.423880395544702,4.550729699833457,4.408023720029946,4.503161430358887,917461,0.0,0.0
1994-09-29 00:00:00-04:00,4.503162025941268,4.503162025941268,4.455593164485402,4.487305641174316,380541,0.0,0.0
1994-09-30 00:00:00-04:00,4.487305641174316,4.503162025941268,4.4714492564073645,4.487305641174316,850649,0.0,0.0
1994-10-03 00:00:00-04:00,4.503163057535866,4.503163057535866,4.439737796783447,4.439737796783447,1036078,0.0,0.0
1994-10-04 00:00:00-04:00,4.439737402120815,4.471449883255471,4.376312732696533,4.376312732696533,897611,0.0,0.0
1994-10-05 00:00:00-04:00,4.360454444330471,4.4238790775793335,4.328741981283607,4.392166614532471,1330924,0.0,0.0
1994-10-06 00:00:00-04:00,4.392167565814672,4.408023361504953,4.297030448913574,4.297030448913574,689911,0.0,0.0
1994-10-07 00:00:00-04:00,4.312886653661695,4.3445988315866115,4.281174182891846,4.281174182891846,703952,0.0,0.0
1994-10-10 00:00:00-04:00,4.281175092330309,4.29703147750603,4.217750430162414,4.233606815338135,880182,0.0,0.0
1994-10-11 00:00:00-04:00,4.24946211763162,4.423880577087402,4.217749936680534,4.423880577087402,1774404,0.0,0.0
1994-10-12 00:00:00-04:00,4.423881600821032,4.439737402120815,4.36045693139675,4.376312732696533,482212,0.0,0.0
1994-10-13 00:00:00-04:00,4.408023479943434,4.4714484214782715,4.408023479943434,4.4714484214782715,595503,0.0,0.0
1994-10-14 00:00:00-04:00,4.4397358882607065,4.4397358882607065,4.312886592665186,4.344598770141602,1595753,0.0,0.0
1994-10-17 00:00:00-04:00,4.344600251561877,4.4080249209861595,4.344600251561877,4.376312732696533,1021069,0.0,0.0
1994-10-18 00:00:00-04:00,4.392170572804819,4.392170572804819,4.312889490161111,4.3604583740234375,922303,0.0,0.0
1994-10-19 00:00:00-04:00,4.360457319011885,4.455594185182816,4.34460063776746,4.439737796783447,618258,0.0,0.0
1994-10-20 00:00:00-04:00,4.439737796783447,4.471450280737129,4.376313121721141,4.439737796783447,1579776,0.0,0.0
1994-10-21 00:00:00-04:00,4.439737796783447,4.487306669136497,4.376313121721141,4.439737796783447,839029,0.0,0.0
1994-10-24 00:00:00-04:00,4.423881994074191,4.519019153090178,4.423881994074191,4.439737796783447,628425,0.0,0.0
1994-10-25 00:00:00-04:00,4.455591808628959,4.519016742706299,4.408022961648506,4.519016742706299,1037046,0.0,0.0
1994-10-26 00:00:00-04:00,4.519016742706299,4.550728916900069,4.487304275667629,4.519016742706299,673450,0.0,0.0
1994-10-27 00:00:00-04:00,4.519016742706299,4.550728916900069,4.487304275667629,4.519016742706299,794972,0.0,0.0
1994-10-28 00:00:00-04:00,4.519017571576552,4.598298607292365,4.503161481571371,4.550729751586914,639076,0.0,0.0
1994-10-31 00:00:00-05:00,4.550728916900069,4.5665855896867535,4.503160655609414,4.519016742706299,493347,0.0,0.0
1994-11-01 00:00:00-05:00,4.503161185090625,4.550729451974352,4.455592332517029,4.4714484214782715,414915,0.0,0.0
1994-11-02 00:00:00-05:00,4.503161615155041,4.503161615155041,4.408023900921935,4.423880577087402,1375950,0.0,0.0
1994-11-03 00:00:00-05:00,4.408022406788608,4.408022406788608,4.360454444330471,4.392166614532471,887444,0.0,0.0
1994-11-04 00:00:00-05:00,4.439734917014037,4.439734917014037,4.328742027282715,4.328742027282715,599376,0.0,0.0
1994-11-07 00:00:00-05:00,4.360454121899102,4.3921662897561635,4.249460363020023,4.312885284423828,1548791,0.0,0.0
1994-11-08 00:00:00-05:00,4.3287458823969285,4.376314180569001,4.312889490161111,4.3604583740234375,964908,0.0,0.0
1994-11-09 00:00:00-05:00,4.3999924412577816,4.3999924412577816,4.35216677249526,4.3840508460998535,418788,0.038211,0.0
1994-11-10 00:00:00-05:00,4.384047879187112,4.399989463556542,4.368105411529541,4.368105411529541,393129,0.0,0.0
1994-11-11 00:00:00-05:00,4.352163827160112,4.384047879187112,4.320279775133111,4.368105411529541,638592,0.0,0.0
1994-11-14 00:00:00-05:00,4.3840499205063646,4.415933692949838,4.336223672982121,4.399991512298584,549993,0.0,0.0
1994-11-15 00:00:00-05:00,4.384048416988439,4.463757820760627,4.368105947375169,4.4159321784973145,1588491,0.0,0.0
1994-11-16 00:00:00-05:00,4.415933052232214,4.415933052232214,4.3362230438298015,4.352165222167969,601312,0.0,0.0
1994-11-17 00:00:00-05:00,4.368106730221918,4.368106730221918,4.288397312164307,4.288397312164307,1341575,0.0,0.0
1994-11-18 00:00:00-05:00,4.288397696704392,4.288397696704392,4.065209245123514,4.192745208740234,2407186,0.0,0.0
1994-11-21 00:00:00-05:00,4.20868599421451,4.20868599421451,3.921729803085327,3.921729803085327,2436235,0.0,0.0
1994-11-22 00:00:00-05:00,3.937671977275503,4.00144008517741,3.921729803085327,3.921729803085327,2441560,0.0,0.0
1994-11-23 00:00:00-05:00,3.921732306388471,3.985501043853758,3.921732306388471,3.9536163806915283,1370140,0.0,0.0
1994-11-25 00:00:00-05:00,3.985501673973934,3.985501673973934,3.9695591926574707,3.9695591926574707,341809,0.0,0.0
1994-11-28 00:00:00-05:00,3.985501673973934,3.985501673973934,3.9217329264266105,3.9695591926574707,1706623,0.0,0.0
1994-11-29 00:00:00-05:00,3.9536152339320334,4.033325249354724,3.937673348619296,4.001441478729248,815790,0.0,0.0
1994-11-30 00:00:00-05:00,4.113036155700684,4.208688070308047,4.081152086021715,4.113036155700684,1631096,0.0,0.0
1994-12-01 00:00:00-05:00,4.128976710092286,4.160860771749587,4.049267292022705,4.049267292022705,871467,0.0,0.0
1994-12-02 00:00:00-05:00,4.03332481954985,4.065208881207152,4.017383230365403,4.049267292022705,1240388,0.0,0.0
1994-12-05 00:00:00-05:00,4.049267669270627,4.097093324568028,4.017383604642863,4.0333251953125,548056,0.0,0.0
1994-12-06 00:00:00-05:00,4.065208881207152,4.144919182565141,4.03332481954985,4.049267292022705,837093,0.0,0.0
1994-12-07 00:00:00-05:00,4.049267241773783,4.081151008605957,4.033324769498765,4.081151008605957,548540,0.0,0.0
1994-12-08 00:00:00-05:00,4.049268898030286,4.049268898030286,3.9376744907547927,3.9536163806915283,719929,0.0,0.0
1994-12-09 00:00:00-05:00,3.921729803085327,3.937671977275503,3.826077935661865,3.921729803085327,755272,0.0,0.0
1994-12-12 00:00:00-05:00,3.921730156023147,3.921730156023147,3.8260782799914526,3.8420207500457764,1054959,0.0,0.0
1994-12-13 00:00:00-05:00,3.8420196884734246,3.8898450244160045,3.826077222824097,3.8260772228240967,1837343,0.0,0.0
1994-12-14 00:00:00-05:00,3.8420226824831993,3.9057905337680903,3.826080204410224,3.857964277267456,1794254,0.0,0.0
1994-12-15 00:00:00-05:00,3.857961270834722,3.873903442054707,3.7623094212321893,3.8260772228240967,2710747,0.0,0.0
1994-12-16 00:00:00-05:00,3.8260770949485265,3.9376711120413366,3.8101355131200303,3.8898448944091797,2513214,0.0,0.0
1994-12-19 00:00:00-05:00,3.85796114189352,3.8898448944091797,3.8420195600650233,3.8898448944091797,1176481,0.0,0.0
1994-12-20 00:00:00-05:00,3.889848847082581,3.9695591926574707,3.8739072490550157,3.9695591926574707,2261457,0.0,0.0
1994-12-21 00:00:00-05:00,3.953614259129382,4.065208312092432,3.937672377747272,3.9854989051818848,1885274,0.0,0.0
1994-12-22 00:00:00-05:00,3.969557318751479,4.033325152907071,3.7941954067867356,3.8739054203033447,1704202,0.0,0.0
1994-12-23 00:00:00-05:00,3.9057886149830536,4.049266725139751,3.9057886149830536,3.9854989051818848,1061737,0.0,0.0
1994-12-27 00:00:00-05:00,4.017383857216785,4.128977354356128,4.017383857216785,4.09709358215332,880182,0.0,0.0
1994-12-28 00:00:00-05:00,4.049267669270627,4.097093324568028,3.9854998344445955,4.0333251953125,835156,0.0,0.0
1994-12-29 00:00:00-05:00,4.00144100266659,4.081151008605957,4.00144100266659,4.081151008605957,620678,0.0,0.0
1994-12-30 00:00:00-05:00,4.081149956583991,4.113034009626691,4.0014399711919335,4.0173821449279785,561612,0.0,0.0
1995-01-03 00:00:00-05:00,4.033323729805244,4.065207782847945,3.9854983863146676,4.0173821449279785,777542,0.0,0.0
1995-01-04 00:00:00-05:00,4.0014404921345665,4.017382667946104,3.953614259129382,3.9854989051818848,1662566,0.0,0.0
1995-01-05 00:00:00-05:00,4.017383180512143,4.113035069867597,3.96955694140495,4.081151008605957,1577355,0.0,0.0
1995-01-06 00:00:00-05:00,4.065207646817957,4.2086857334943515,4.065207646817957,4.176801681518555,978948,0.0,0.0
1995-01-09 00:00:00-05:00,4.160862030816667,4.224629878997803,4.160862030816667,4.224629878997803,1213760,0.0,0.0
1995-01-10 00:00:00-05:00,4.224628227148405,4.272454462620923,4.128976345062256,4.128976345062256,1216181,0.0,0.0
1995-01-11 00:00:00-05:00,4.176803323699205,4.208687388210759,4.097093309635068,4.192745208740234,985242,0.0,0.0
1995-01-12 00:00:00-05:00,4.192745254368296,4.2565136785148665,4.192745254368296,4.24057149887085,964908,0.0,0.0
1995-01-13 00:00:00-05:00,4.240569927986313,4.240569927986313,4.1289755951058975,4.208685874938965,1257818,0.0,0.0
1995-01-16 00:00:00-05:00,4.240570086686478,4.336221954978835,4.224627617922084,4.320280075073242,1944824,0.0,0.0
1995-01-17 00:00:00-05:00,4.336224771830072,4.336224771830072,4.208688766448575,4.256515026092529,1167282,0.0,0.0
1995-01-18 00:00:00-05:00,4.2086886801262935,4.256514938789308,4.144920825958252,4.144920825958252,1128550,0.0,0.0
1995-01-19 00:00:00-05:00,4.144920672416314,4.144920672416314,4.04926874749273,4.065210342407227,1003155,0.0,0.0
1995-01-20 00:00:00-05:00,4.065209259940263,4.097093324568028,4.017383604642863,4.0333251953125,1333345,0.0,0.0
1995-01-23 00:00:00-05:00,3.921730201935735,4.0014404921345665,3.921730201935735,3.9854989051818848,1155178,0.0,0.0
1995-01-24 00:00:00-05:00,3.953615180957838,4.065209259940263,3.9376732958587044,4.0333251953125,2526770,0.0,0.0
1995-01-25 00:00:00-05:00,4.04926874749273,4.113036599298594,4.01738467437501,4.065210342407227,986210,0.0,0.0
1995-01-26 00:00:00-05:00,4.128976345062256,4.208686639373305,4.1130347572871555,4.128976345062256,1767626,0.0,0.0
1995-01-27 00:00:00-05:00,4.144919131129237,4.192744781377499,4.033324769498765,4.081151008605957,1175028,0.0,0.0
1995-01-30 00:00:00-05:00,4.049267923849109,4.128977354356128,4.049267923849109,4.09709358215332,1211339,0.0,0.0
1995-01-31 00:00:00-05:00,4.097092942864453,4.128976710092286,4.03332481954985,4.049267292022705,946994,0.0,0.0
1995-02-01 00:00:00-05:00,4.113034009626691,4.113034009626691,3.9854983863146676,4.0173821449279785,1482947,0.0,0.0
1995-02-02 00:00:00-05:00,4.001441478729248,4.017383658471487,3.889847103822081,4.001441478729248,1499408,0.0,0.0
1995-02-03 00:00:00-05:00,4.03332481954985,4.081151059250537,4.001441052322018,4.049267292022705,1323178,0.0,0.0
1995-02-06 00:00:00-05:00,4.049267723526463,4.049267723526463,3.969557413674272,4.001441478729248,1935625,0.0,0.0
1995-02-07 00:00:00-05:00,4.017382667946104,4.049266725139751,3.969556434940919,3.9854989051818848,1968063,0.0,0.0
1995-02-08 00:00:00-05:00,3.969557413674272,4.017383658471487,3.969557413674272,4.001441478729248,931986,0.0,0.0
1995-02-09 00:00:00-05:00,4.00913667678833,4.02517281240365,3.977062924679328,4.00913667678833,1613182,0.038211,0.0
1995-02-10 00:00:00-05:00,4.025176694874657,4.073286629003259,3.9770667607460553,3.993103504180908,946994,0.0,0.0
1995-02-13 00:00:00-05:00,3.9770637710107613,4.089319705963135,3.9770637710107613,4.089319705963135,628909,0.0,0.0
1995-02-14 00:00:00-05:00,4.105356584717392,4.169502920185983,4.057246685028076,4.057246685028076,561128,0.0,0.0
1995-02-15 00:00:00-05:00,4.057248050308802,4.153467289714113,4.041211905309045,4.1374311447143555,539825,0.0,0.0
1995-02-16 00:00:00-05:00,4.073283713158843,4.105356584717392,4.009137673865999,4.057246685028076,558223,0.0,0.0
1995-02-17 00:00:00-05:00,4.073283566935275,4.105356437342466,4.057246539380209,4.089319705963135,584367,0.0,0.0
1995-02-21 00:00:00-05:00,4.089318835743292,4.089318835743292,4.00913667678833,4.00913667678833,594050,0.0,0.0
1995-02-22 00:00:00-05:00,4.025174458135053,4.137430415095949,3.99310128526397,4.12139368057251,1050118,0.0,0.0
1995-02-23 00:00:00-05:00,4.169504530320747,4.233650594384834,4.15346749599697,4.185540676116943,1343512,0.0,0.0
1995-02-24 00:00:00-05:00,4.185541267385264,4.233651192449378,4.153468082734489,4.1695051193237305,552897,0.0,0.0
1995-02-27 00:00:00-05:00,4.169503854597543,4.185539997794869,4.07328462600708,4.07328462600708,693301,0.0,0.0
1995-02-28 00:00:00-05:00,4.089319705963135,4.089319705963135,4.041210400352349,4.089319705963135,683133,0.0,0.0
1995-03-01 00:00:00-05:00,4.089319640875076,4.089319640875076,3.912917375564575,3.912917375564575,1151789,0.0,0.0
1995-03-02 00:00:00-05:00,3.9449933366139525,3.977066525409824,3.800664727472383,3.8167011737823486,1911902,0.0,0.0
1995-03-03 00:00:00-05:00,3.816700942734771,3.896883761782537,3.800664497395587,3.832737684249878,959098,0.0,0.0
1995-03-06 00:00:00-05:00,3.8166987383098405,3.832735470562552,3.640296460584524,3.7044425010681152,2096847,0.0,0.0
1995-03-07 00:00:00-05:00,3.7044425010681152,3.7365156693977863,3.6723696289141956,3.7044425010681152,1999049,0.0,0.0
1995-03-08 00:00:00-05:00,3.752552378839101,3.816698715108504,3.736515646683875,3.8006622791290283,1529425,0.0,0.0
1995-03-09 00:00:00-05:00,3.768589392527206,3.880844740123118,3.768589392527206,3.848771572113037,1625286,0.0,0.0
1995-03-10 00:00:00-05:00,3.8327354323716194,3.8968814722160334,3.784625532268623,3.848771572113037,1990818,0.0,0.0
1995-03-13 00:00:00-05:00,3.8968841973787494,3.8968841973787494,3.8487742636315927,3.880847454071045,851133,0.0,0.0
1995-03-14 00:00:00-05:00,3.928957186479928,3.9449933366139525,3.7846279849864772,3.8167011737823486,2518056,0.0,0.0
1995-03-15 00:00:00-05:00,3.800664727472383,3.8167011737823486,3.7685918348524527,3.8167011737823486,1932720,0.0,0.0
1995-03-16 00:00:00-05:00,3.8327354323716194,3.880844740123118,3.8006622643615384,3.848771572113037,1470843,0.0,0.0
1995-03-17 00:00:00-05:00,3.880847454071045,3.8968841973787494,3.816701369368096,3.880847454071045,2000501,0.0,0.0
1995-03-20 00:00:00-05:00,3.8808445056678758,3.9449905416370057,3.8808445056678758,3.912917375564575,1126613,0.0,0.0
1995-03-21 00:00:00-05:00,3.912917375564575,3.9610272727610862,3.912917375564575,3.912917375564575,990568,0.0,0.0
1995-03-22 00:00:00-05:00,3.9129191234488836,3.944992303848267,3.9129191234488836,3.9449923038482666,778026,0.0,0.0
1995-03-23 00:00:00-05:00,3.928957387818202,3.9449935387739945,3.8487742636315927,3.880847454071045,3612715,0.0,0.0
1995-03-24 00:00:00-05:00,3.896882679010077,4.025175094604492,3.896882679010077,4.025175094604492,1645620,0.0,0.0
1995-03-27 00:00:00-05:00,4.041210869050182,4.15346622467041,4.025174135810918,4.15346622467041,1215697,0.0,0.0
1995-03-28 00:00:00-05:00,4.1534665572678,4.1534665572678,4.105357242224865,4.12139368057251,1264596,0.0,0.0
1995-03-29 00:00:00-05:00,4.025174458135053,4.12139368057251,4.009138315963202,4.12139368057251,4413981,0.0,0.0
1995-03-30 00:00:00-05:00,4.089321431932883,4.185540676116943,4.089321431932883,4.185540676116943,1923037,0.0,0.0
1995-03-31 00:00:00-05:00,4.169505787145585,4.217615127563477,4.121395854375794,4.217615127563477,2302126,0.0,0.0
1995-04-03 00:00:00-04:00,4.21761567364153,4.2817623576986605,4.21761567364153,4.265725612640381,1512964,0.0,0.0
1995-04-04 00:00:00-04:00,4.265723308495879,4.39401542260878,4.265723308495879,4.377979278564453,1799095,0.0,0.0
1995-04-05 00:00:00-04:00,4.361942075369159,4.394014952377146,4.265722851993603,4.313832759857178,3383229,0.0,0.0
1995-04-06 00:00:00-04:00,4.345906759356302,4.377979940824171,4.2817606925964355,4.2817606925964355,1082556,0.0,0.0
1995-04-07 00:00:00-04:00,4.313834154278505,4.313834154278505,4.185541123897609,4.249687194824219,3152290,0.0,0.0
1995-04-10 00:00:00-04:00,4.217611570713285,4.233648300170898,4.185538407973758,4.233648300170898,934891,0.0,0.0
1995-04-11 00:00:00-04:00,4.233648300170898,4.265721462910426,4.185538407973758,4.233648300170898,2243060,0.0,0.0
1995-04-12 00:00:00-04:00,4.217611570713285,4.233648300170898,4.185538407973758,4.233648300170898,1507154,0.0,0.0
1995-04-13 00:00:00-04:00,4.233650897953205,4.410053253173828,4.233650897953205,4.410053253173828,1682900,0.0,0.0
1995-04-17 00:00:00-04:00,4.426089421341621,4.490235490312778,4.426089421341621,4.458162307739258,2263394,0.0,0.0
1995-04-18 00:00:00-04:00,4.474198016661028,4.474198016661028,4.426088108977706,4.442124843597412,1345448,0.0,0.0
1995-04-19 00:00:00-04:00,4.442124686784209,4.538343906402588,4.410051811028606,4.538343906402588,1756006,0.0,0.0
1995-04-20 00:00:00-04:00,4.506269756419685,4.650598850697508,4.506269756419685,4.618525981903076,2124443,0.0,0.0
1995-04-21 00:00:00-04:00,4.634564674865066,4.634564674865066,4.570418605740839,4.586455345153809,1421944,0.0,0.0
1995-04-24 00:00:00-04:00,4.554382162503753,4.602491492215011,4.538345423090783,4.586455345153809,1462612,0.0,0.0
1995-04-25 00:00:00-04:00,4.554380640456174,4.570417078333976,4.490234000417614,4.538343906402588,2222241,0.0,0.0
1995-04-26 00:00:00-04:00,4.522307172349001,4.554380640456174,4.522307172349001,4.538343906402588,2222725,0.0,0.0
1995-04-27 00:00:00-04:00,4.538343321106068,4.554380053091445,4.490233421325684,4.490233421325684,1678543,0.0,0.0
1995-04-28 00:00:00-04:00,4.522308683677813,4.618528527803864,4.522308683677813,4.586455345153809,2011152,0.0,0.0
1995-05-01 00:00:00-04:00,4.586455345153809,4.602491492215011,4.554382162503753,4.586455345153809,1968063,0.0,0.0
1995-05-02 00:00:00-04:00,4.586455707293943,4.602491855621338,4.570418966614735,4.602491855621338,1708560,0.0,0.0
1995-05-03 00:00:00-04:00,4.602489577625503,4.666635916241382,4.602489577625503,4.650599479675293,1587038,0.0,0.0
1995-05-04 00:00:00-04:00,4.698711395263672,4.698711395263672,4.634565317248348,4.698711395263672,2110403,0.0,0.0
1995-05-05 00:00:00-04:00,4.666635768376634,4.698708640492566,4.63456260008495,4.682672500610352,1239904,0.0,0.0
1995-05-08 00:00:00-04:00,4.666638504343973,4.698711395263672,4.666638504343973,4.698711395263672,986210,0.0,0.0
1995-05-09 00:00:00-04:00,4.698708640492566,4.714745668902036,4.666635768376634,4.682672500610352,948931,0.0,0.0
1995-05-10 00:00:00-04:00,4.714747792257245,4.746820678817668,4.698710756625264,4.730783939361572,1136296,0.0,0.0
1995-05-11 00:00:00-04:00,4.690168915486962,4.7385214270543905,4.674051610077366,4.722403526306152,519007,0.038211,0.0
1995-05-12 00:00:00-04:00,4.722402786987534,4.770755290985107,4.690168181214851,4.770755290985107,1265080,0.0,0.0
1995-05-15 00:00:00-04:00,4.770754204343899,4.867458594974006,4.75463660745941,4.819106101989746,1246198,0.0,0.0
1995-05-16 00:00:00-04:00,4.93192840521202,4.9802809012914695,4.883576802140248,4.964163303375244,2764972,0.0,0.0
1995-05-17 00:00:00-04:00,4.964163303375244,4.996398201538469,4.948046300797471,4.964163303375244,1586554,0.0,0.0
1995-05-18 00:00:00-04:00,4.964162143764994,4.964162143764994,4.8513407707214355,4.8513407707214355,1148400,0.0,0.0
1995-05-19 00:00:00-04:00,4.883577363218221,4.883577363218221,4.7385204536526215,4.802989959716797,1223927,0.0,0.0
1995-05-22 00:00:00-04:00,4.819105631029145,4.931927607517897,4.802988631058149,4.899693012237549,2196581,0.0,0.0
1995-05-23 00:00:00-04:00,4.867458569131585,4.980280556047183,4.867458569131585,4.915811061859131,2517572,0.0,0.0
1995-05-24 00:00:00-04:00,4.883576463599707,4.931928063319637,4.8352239708721605,4.915811061859131,2212558,0.0,0.0
1995-05-25 00:00:00-04:00,4.883578609927698,4.915813222354202,4.738521663331085,4.754638671875,1404999,0.0,0.0
1995-05-26 00:00:00-04:00,4.754636163665112,4.754636163665112,4.6256968889703325,4.674049377441406,1250555,0.0,0.0
1995-05-30 00:00:00-04:00,4.6579321484218115,4.786871433258057,4.6418151471124345,4.786871433258057,1066579,0.0,0.0
1995-05-31 00:00:00-04:00,4.786872359948807,4.835224861583514,4.706285551785904,4.802989959716797,1970000,0.0,0.0
1995-06-01 00:00:00-04:00,4.786871503559182,4.851341593427931,4.786871503559182,4.819106101989746,1888179,0.0,0.0
1995-06-02 00:00:00-04:00,4.802988445519121,4.802988445519121,4.657931581684378,4.690166473388672,892770,0.0,0.0
1995-06-05 00:00:00-04:00,4.690167952017916,4.883577363218221,4.64181604572173,4.802989959716797,1920133,0.0,0.0
1995-06-06 00:00:00-04:00,4.80298902990584,4.80298902990584,4.738519536322318,4.786871433258057,1971452,0.0,0.0
1995-06-07 00:00:00-04:00,4.770755290985107,4.786872593871449,4.722402786987534,4.770755290985107,1186164,0.0,0.0
1995-06-08 00:00:00-04:00,4.754634032896843,4.867455959320068,4.754634032896843,4.867455959320068,1740998,0.0,0.0
1995-06-09 00:00:00-04:00,4.851340792159449,4.883575682935166,4.819105306045416,4.835223197937012,1915775,0.0,0.0
1995-06-12 00:00:00-04:00,4.819105631029145,4.948045500496427,4.819105631029145,4.899693012237549,1360457,0.0,0.0
1995-06-13 00:00:00-04:00,4.8996934650602135,4.94804595778776,4.8996934650602135,4.915811061859131,1492145,0.0,0.0
1995-06-14 00:00:00-04:00,4.899690837965139,4.915808426122197,4.835221378344043,4.867455959320068,1409356,0.0,0.0
1995-06-15 00:00:00-04:00,4.851341119317027,4.931927607517897,4.851341119317027,4.899693012237549,3013824,0.0,0.0
1995-06-16 00:00:00-04:00,4.948046300797471,4.9802809012914695,4.93192840521202,4.964163303375244,1770047,0.0,0.0
1995-06-19 00:00:00-04:00,4.931927248956092,5.076984405517578,4.931927248956092,5.076984405517578,1578324,0.0,0.0
1995-06-20 00:00:00-04:00,5.060869853205071,5.060869853205071,4.8674606909901845,4.948048114776611,2637156,0.0,0.0
1995-06-21 00:00:00-04:00,4.964163372318802,4.996398270929713,4.851341971353688,4.8835768699646,2746090,0.0,0.0
1995-06-22 00:00:00-04:00,4.899690837965139,4.915808426122197,4.8513389665011015,4.867455959320068,1732767,0.0,0.0
1995-06-23 00:00:00-04:00,4.851339784430924,4.931926250457764,4.851339784430924,4.931926250457764,2270172,0.0,0.0
1995-06-26 00:00:00-04:00,4.948048114776611,4.996400033243664,4.915813204795907,4.948048114776611,1206014,0.0,0.0
1995-06-27 00:00:00-04:00,4.948046300797471,5.012515799454695,4.948046300797471,4.964163303375244,1413229,0.0,0.0
1995-06-28 00:00:00-04:00,4.931930213282256,4.98028272708798,4.915813204795907,4.948048114776611,1116446,0.0,0.0
1995-06-29 00:00:00-04:00,4.9802800957767746,4.9802800957767746,4.867458119288023,4.899693012237549,1243777,0.0,0.0
1995-06-30 00:00:00-04:00,4.8835746685107555,4.98027872541206,4.8835746685107555,4.931926250457764,1591396,0.0,0.0
1995-07-03 00:00:00-04:00,4.94804595778776,4.94804595778776,4.883576463599707,4.915811061859131,136046,0.0,0.0
1995-07-05 00:00:00-04:00,4.867457733282259,5.093101370696286,4.867457733282259,5.012514591217041,3521695,0.0,0.0
1995-07-06 00:00:00-04:00,5.02863311933905,5.189807917994525,5.012516115744295,5.173690319061279,1891568,0.0,0.0
1995-07-07 00:00:00-04:00,5.141452010755943,5.350978288776465,5.125335016911531,5.318743705749512,2516119,0.0,0.0
1995-07-10 00:00:00-04:00,5.302630921322848,5.41545295715332,5.222044093066035,5.41545295715332,1927879,0.0,0.0
1995-07-11 00:00:00-04:00,5.383218324628408,5.399335928354489,5.286513892949255,5.30263090133667,1413229,0.0,0.0
1995-07-12 00:00:00-04:00,5.318746609679737,5.367098808288574,5.238159215106038,5.367098808288574,1097080,0.0,0.0
1995-07-13 00:00:00-04:00,5.350983137344668,5.43157056094015,5.350983137344668,5.41545295715332,1976294,0.0,0.0
1995-07-14 00:00:00-04:00,5.383213467141548,5.3993310563240895,5.286509122722558,5.318743705749512,1520710,0.0,0.0
1995-07-17 00:00:00-04:00,5.3187476107166995,5.350982217409954,5.286513004023445,5.334864616394043,2136063,0.0,0.0
1995-07-18 00:00:00-04:00,5.302628420555637,5.302628420555637,5.205924034118652,5.205924034118652,2191256,0.0,0.0
1995-07-19 00:00:00-04:00,5.093101370696286,5.1575717468209765,4.948045108099813,5.012514591217041,1731799,0.0,0.0
1995-07-20 00:00:00-04:00,5.06086785555161,5.141454652189704,5.044750258088617,5.09310245513916,1496987,0.0,0.0
1995-07-21 00:00:00-04:00,5.0769855823068095,5.286511973307848,5.0769855823068095,5.2381591796875,1382244,0.0,0.0
1995-07-24 00:00:00-04:00,5.205925942727626,5.286513357862523,5.205925942727626,5.270395755767822,1256365,0.0,0.0
1995-07-25 00:00:00-04:00,5.286511421203613,5.3026284220554105,5.254276228823242,5.286511421203613,2409607,0.0,0.0
1995-07-26 00:00:00-04:00,5.286509122722558,5.367095877959007,5.286509122722558,5.318743705749512,1513932,0.0,0.0
1995-07-27 00:00:00-04:00,5.318748525109678,5.41545295715332,5.318748525109678,5.41545295715332,1389990,0.0,0.0
1995-07-28 00:00:00-04:00,5.367097336222425,5.415449521569418,5.367097336222425,5.399332523345947,835640,0.0,0.0
1995-07-31 00:00:00-04:00,5.367095930709096,5.383213520050049,5.302626168683424,5.383213520050049,707825,0.0,0.0
1995-08-01 00:00:00-04:00,5.367095930709096,5.383213520050049,5.3348607520271925,5.383213520050049,937311,0.0,0.0
1995-08-02 00:00:00-04:00,5.399332523345947,5.431567115131179,5.399332523345947,5.399332523345947,1219570,0.0,0.0
1995-08-03 00:00:00-04:00,5.334864616394043,5.383217419441775,5.3187476107166995,5.334864616394043,1019132,0.0,0.0
1995-08-04 00:00:00-04:00,5.383216431620808,5.399334029679138,5.334863637445822,5.35098123550415,1010418,0.0,0.0
1995-08-07 00:00:00-04:00,5.367098808288574,5.3993340042534355,5.334863612323713,5.367098808288574,647791,0.0,0.0
1995-08-08 00:00:00-04:00,5.367098211477764,5.415450404709932,5.270393825013428,5.286511421203613,954741,0.0,0.0
1995-08-09 00:00:00-04:00,5.254276777560949,5.302628975842846,5.2381591796875,5.2381591796875,725254,0.0,0.0
1995-08-10 00:00:00-04:00,5.254275724010914,5.2703933186525775,5.173688941479258,5.222041130065918,935859,0.0,0.0
1995-08-11 00:00:00-04:00,5.222041944218038,5.222041944218038,5.141454553783924,5.1575727462768555,954256,0.0,0.0
1995-08-14 00:00:00-04:00,5.132958797430642,5.246304988861084,5.132958797430642,5.246304988861084,745104,0.038211,0.0
1995-08-15 00:00:00-04:00,5.213921070098877,5.246305442692758,5.181536697504996,5.213921070098877,841934,0.0,0.0
1995-08-16 00:00:00-04:00,5.1977310335627855,5.278692302243156,5.1977310335627855,5.262499809265137,1195847,0.0,0.0
1995-08-17 00:00:00-04:00,5.246307914391981,5.262499809265137,5.213923526540806,5.262499809265137,1035109,0.0,0.0
1995-08-18 00:00:00-04:00,5.47299617621015,5.47299617621015,5.343458113075521,5.408227443695068,1719211,0.0,0.0
1995-08-21 00:00:00-04:00,5.408232272487018,5.489194157575161,5.3758472792097605,5.392039775848389,1577840,0.0,0.0
1995-08-22 00:00:00-04:00,5.408232272487018,5.408232272487018,5.359654782571132,5.392039775848389,482696,0.0,0.0
1995-08-23 00:00:00-04:00,5.359650582186996,5.392035550083996,5.246304988861084,5.246304988861084,922303,0.0,0.0
1995-08-24 00:00:00-04:00,5.2139211463019555,5.262497406850443,5.10057494340991,5.149151802062988,1815556,0.0,0.0
1995-08-25 00:00:00-04:00,5.1815368453599735,5.197728733066659,5.149151873737407,5.165343761444092,1587038,0.0,0.0
1995-08-28 00:00:00-04:00,5.181537785769331,5.181537785769331,5.084383451373464,5.132960319519043,417820,0.0,0.0
1995-08-29 00:00:00-04:00,5.1005754470825195,5.116767336162738,5.084382959897651,5.1005754470825195,266282,0.0,0.0
1995-08-30 00:00:00-04:00,5.084383593671451,5.084383593671451,5.019614234963059,5.051998615264893,1141622,0.0,0.0
1995-08-31 00:00:00-04:00,5.051996151813241,5.051996151813241,4.873881548900575,4.906266212463379,2002922,0.0,0.0
1995-09-01 00:00:00-04:00,4.9386533578783505,5.1167683601379395,4.922460867453017,5.1167683601379395,1652883,0.0,0.0
1995-09-05 00:00:00-04:00,5.116767336162738,5.165344199612694,5.1005754470825195,5.1005754470825195,948931,0.0,0.0
1995-09-06 00:00:00-04:00,5.100572577454445,5.246303085815015,5.100572577454445,5.197726249694824,1338670,0.0,0.0
1995-09-07 00:00:00-04:00,5.181536697504996,5.213921070098877,5.181536697504996,5.213921070098877,1266048,0.0,0.0
1995-09-08 00:00:00-04:00,5.197728584749646,5.213921070098877,5.149151726806534,5.213921070098877,1047213,0.0,0.0
1995-09-11 00:00:00-04:00,5.230112957343526,5.294882300635869,5.197728584749646,5.213921070098877,1294129,0.0,0.0
1995-09-12 00:00:00-04:00,5.246305519369144,5.246305519369144,5.132959316477098,5.149151802062988,416368,0.0,0.0
1995-09-13 00:00:00-04:00,5.149152952379844,5.149152952379844,5.019614234963059,5.051998615264893,1294129,0.0,0.0
1995-09-14 00:00:00-04:00,5.051997640041658,5.100575098274242,4.987228592888459,5.019613265991211,1756975,0.0,0.0
1995-09-15 00:00:00-04:00,5.035806096447695,5.1005754470825195,4.987228933945415,5.1005754470825195,3015276,0.0,0.0
1995-09-18 00:00:00-04:00,5.0681911044681724,5.084383593671451,5.035806724166338,5.051998615264893,1094175,0.0,0.0
1995-09-19 00:00:00-04:00,4.792920696171934,4.9386515617370605,4.792920696171934,4.9386515617370605,3490226,0.0,0.0
1995-09-20 00:00:00-04:00,4.938652567025459,4.9710372436378085,4.906268189465445,4.922460079193115,1699845,0.0,0.0
1995-09-21 00:00:00-04:00,4.922457715505089,4.922457715505089,4.760535008300789,4.82530403137207,945542,0.0,0.0
1995-09-22 00:00:00-04:00,4.760536265033685,4.760536265033685,4.679574441480152,4.695766925811768,922303,0.0,0.0
1995-09-25 00:00:00-04:00,4.71195812218124,4.744342485943344,4.630996913723774,4.663381576538086,482212,0.0,0.0
1995-09-26 00:00:00-04:00,4.663380964505802,4.728149982581791,4.630996305941723,4.647188186645508,978948,0.0,0.0
1995-09-27 00:00:00-04:00,4.6471897718691935,4.728151595422726,4.614805401310506,4.695766925811768,2290022,0.0,0.0
1995-09-28 00:00:00-04:00,4.728150888528672,4.922458279039467,4.7119584066179545,4.841496467590332,1455350,0.0,0.0
1995-09-29 00:00:00-04:00,4.841498024985445,4.9386523495975405,4.825306135970636,4.857690811157227,1206982,0.0,0.0
1995-10-02 00:00:00-04:00,4.85769018167649,4.85769018167649,4.77672835467524,4.809113025665283,1000251,0.0,0.0
1995-10-03 00:00:00-04:00,4.79292132456552,4.809113512172459,4.663383225605379,4.728152275085449,809012,0.0,0.0
1995-10-04 00:00:00-04:00,4.71196059994866,4.776729660583651,4.663384028761691,4.6795759201049805,563065,0.0,0.0
1995-10-05 00:00:00-04:00,4.679573459366928,4.728150603114502,4.663381576538086,4.663381576538086,719445,0.0,0.0
1995-10-06 00:00:00-04:00,4.663381551308234,4.776727122914581,4.663381551308234,4.76053524017334,569359,0.0,0.0
1995-10-09 00:00:00-04:00,4.744342485943344,4.744342485943344,4.630996913723774,4.663381576538086,579041,0.0,0.0
1995-10-10 00:00:00-04:00,4.598612250909461,4.663381576538086,4.566227289042939,4.663381576538086,1053023,0.0,0.0
1995-10-11 00:00:00-04:00,4.695767198965655,4.76053654195522,4.663382826523161,4.7443437576293945,1099985,0.0,0.0
1995-10-12 00:00:00-04:00,4.728150603114502,4.728150603114502,4.598612250909461,4.663381576538086,896159,0.0,0.0
1995-10-13 00:00:00-04:00,4.679575247157141,4.857690811157227,4.679575247157141,4.857690811157227,2036328,0.0,0.0
1995-10-16 00:00:00-04:00,4.857690285172176,4.87388277053833,4.82530561349216,4.87388277053833,830315,0.0,0.0
1995-10-17 00:00:00-04:00,4.857688692433808,4.857688692433808,4.792919370310334,4.82530403137207,449290,0.0,0.0
1995-10-18 00:00:00-04:00,4.792920635592371,4.82530530520333,4.6471897718691935,4.695766925811768,667156,0.0,0.0
1995-10-19 00:00:00-04:00,4.711961361933084,4.711961361933084,4.533845743515458,4.614807605743408,1607857,0.0,0.0
1995-10-20 00:00:00-04:00,4.647190500214992,4.647190500214992,4.598613936763646,4.630998611450195,774637,0.0,0.0
1995-10-23 00:00:00-04:00,4.630996913723774,4.71195812218124,4.630996913723774,4.663381576538086,949899,0.0,0.0
1995-10-24 00:00:00-04:00,4.679573434049474,4.76053524017334,4.663381551308234,4.76053524017334,678776,0.0,0.0
1995-10-25 00:00:00-04:00,4.728152336457528,4.825306061464861,4.630998611450195,4.630998611450195,1861551,0.0,0.0
1995-10-26 00:00:00-04:00,4.631000687074496,4.631000687074496,4.469077241067312,4.550038814544678,2069734,0.0,0.0
1995-10-27 00:00:00-04:00,4.533845743515458,4.711961361933084,4.533845743515458,4.614807605743408,2118633,0.0,0.0
1995-10-30 00:00:00-05:00,4.6309974990080445,4.6471893838832825,4.566227866141361,4.582420349121094,1124677,0.0,0.0
1995-10-31 00:00:00-05:00,4.598612832100827,4.728151200677452,4.566227866141361,4.582420349121094,2135579,0.0,0.0
1995-11-01 00:00:00-05:00,4.679574690694401,4.760536518559617,4.6633828036050184,4.711959362030029,784805,0.0,0.0
1995-11-02 00:00:00-05:00,4.728151079507532,4.857689444764435,4.711958596942769,4.792920112609863,1051570,0.0,0.0
1995-11-03 00:00:00-05:00,4.776727630045101,4.857689444764435,4.760535745584818,4.792920112609863,1379823,0.0,0.0
1995-11-06 00:00:00-05:00,4.760536266995018,4.809112822853061,4.760536266995018,4.77672815322876,852101,0.0,0.0
1995-11-07 00:00:00-05:00,4.776727630045101,4.792920112609863,4.776727630045101,4.792920112609863,942637,0.0,0.0
1995-11-08 00:00:00-05:00,4.7767288379062665,4.79292132456552,4.711959788426196,4.728152275085449,475434,0.0,0.0
1995-11-09 00:00:00-05:00,4.695765324017712,4.711957503773666,4.647188186645508,4.647188186645508,2037296,0.0,0.0
1995-11-10 00:00:00-05:00,4.663383225605379,4.728152275085449,4.598613877072993,4.728152275085449,1365298,0.0,0.0
1995-11-13 00:00:00-05:00,4.670863628387451,4.687138901544574,4.622039612370364,4.670863628387451,1165829,0.038211,0.0
1995-11-14 00:00:00-05:00,4.6383159756521755,4.670865331532087,4.4755682945251465,4.4755682945251465,1713885,0.0,0.0
1995-11-15 00:00:00-05:00,4.524388452945109,4.556938083682627,4.4755647582777955,4.540663719177246,2329722,0.0,0.0
1995-11-16 00:00:00-05:00,4.540666657373387,4.556941032409668,4.508117005573486,4.556941032409668,2231924,0.0,0.0
1995-11-17 00:00:00-05:00,4.540666657373387,4.556941032409668,4.524391380609766,4.556941032409668,942637,0.0,0.0
1995-11-20 00:00:00-05:00,4.540663719177246,4.540663719177246,4.491839122783176,4.540663719177246,1130487,0.0,0.0
1995-11-21 00:00:00-05:00,4.508116006603354,4.670863628387451,4.508116006603354,4.670863628387451,3083541,0.0,0.0
1995-11-22 00:00:00-05:00,4.670863780993146,4.849886681783374,4.638314435918308,4.8173370361328125,3912887,0.0,0.0
1995-11-24 00:00:00-05:00,4.817338396311693,4.914987060258824,4.817338396311693,4.882437705993652,631330,0.0,0.0
1995-11-27 00:00:00-05:00,4.882437732805838,4.9312623656233345,4.882437732805838,4.914987087249756,1863487,0.0,0.0
1995-11-28 00:00:00-05:00,4.898712635040283,4.898712635040283,4.833613025429188,4.898712635040283,711698,0.0,0.0
1995-11-29 00:00:00-05:00,4.9149858236134225,4.963810443878174,4.882436477537898,4.963810443878174,688943,0.0,0.0
1995-11-30 00:00:00-05:00,4.963808759019821,5.028907729650154,4.93125942399247,4.996358394622803,1768110,0.0,0.0
1995-12-01 00:00:00-05:00,4.980086301122936,4.99636158016454,4.914987288987277,4.947536945343018,1165345,0.0,0.0
1995-12-04 00:00:00-05:00,4.882436142671361,4.882436142671361,4.768512236917675,4.866160869598389,2898596,0.0,0.0
1995-12-05 00:00:00-05:00,4.898711451151393,4.963810443878174,4.784787838159859,4.963810443878174,2425583,0.0,0.0
1995-12-06 00:00:00-05:00,4.947536742269484,4.947536742269484,4.898712710603607,4.914987087249756,1150337,0.0,0.0
1995-12-07 00:00:00-05:00,4.914985672508774,4.99635993692304,4.8173370361328125,4.8173370361328125,896643,0.0,0.0
1995-12-08 00:00:00-05:00,4.833612425793322,4.833612425793322,4.752238750457764,4.752238750457764,725254,0.0,0.0
1995-12-11 00:00:00-05:00,4.784789160637518,4.817338515709426,4.752239504989795,4.801063537597656,1151789,0.0,0.0
1995-12-12 00:00:00-05:00,4.801062505174355,4.817337479786343,4.784788131713867,4.784788131713867,1099017,0.0,0.0
1995-12-13 00:00:00-05:00,4.784789782395802,4.882438461452088,4.784789782395802,4.849888801574707,1208919,0.0,0.0
1995-12-14 00:00:00-05:00,4.849887128434571,4.882436777082798,4.75223848306564,4.784788131713867,1088366,0.0,0.0
1995-12-15 00:00:00-05:00,4.817339050966587,4.817339050966587,4.687141015060952,4.703415393829346,2567439,0.0,0.0
1995-12-18 00:00:00-05:00,4.622041812616892,4.63831649236988,4.491843172289563,4.508118152618408,1366267,0.0,0.0
1995-12-19 00:00:00-05:00,4.5406678127002404,4.5406678127002404,4.3779201134427925,4.508118152618408,3002204,0.0,0.0
1995-12-20 00:00:00-05:00,4.540665403983763,4.703413016907419,4.540665403983763,4.605764389038086,2126864,0.0,0.0
1995-12-21 00:00:00-05:00,4.622042655944824,4.654592321965598,4.573218006625708,4.622042655944824,1938530,0.0,0.0
1995-12-22 00:00:00-05:00,4.654590606689453,4.687140260715263,4.6057659753628375,4.654590606689453,367953,0.0,0.0
1995-12-26 00:00:00-05:00,4.703414124450354,4.768513124833954,4.703414124450354,4.752238750457764,913104,0.0,0.0
1995-12-27 00:00:00-05:00,4.735962917561661,4.75223789014307,4.670863628387451,4.670863628387451,358754,0.0,0.0
1995-12-28 00:00:00-05:00,4.670866704112118,4.670866704112118,4.605767672646482,4.622042655944824,368921,0.0,0.0
1995-12-29 00:00:00-05:00,4.491840578025723,4.589489201298371,4.491840578025723,4.573214530944824,1378855,0.0,0.0
1996-01-02 00:00:00-05:00,4.687141103339517,4.914987820753613,4.687141103339517,4.849888801574707,2556788,0.0,0.0
1996-01-03 00:00:00-05:00,4.8987135493565,5.06146125116902,4.8824385687721445,5.028911590576172,2666689,0.0,0.0
1996-01-04 00:00:00-05:00,4.980086839932518,4.980086839932518,4.83361382134809,4.849888801574707,2160754,0.0,0.0
1996-01-05 00:00:00-05:00,4.817337291778363,4.914985933336324,4.801062317801543,4.833611965179443,1980651,0.0,0.0
1996-01-08 00:00:00-05:00,4.83361382134809,4.849888801574707,4.817339141697327,4.849888801574707,283711,0.0,0.0
1996-01-09 00:00:00-05:00,4.882436142671361,4.882436142671361,4.833611525755292,4.866160869598389,814822,0.0,0.0
1996-01-10 00:00:00-05:00,4.849887187980199,4.882436837028063,4.638314920032721,4.719688892364502,1708560,0.0,0.0
1996-01-11 00:00:00-05:00,4.687140260715263,4.768513644340287,4.573216321337027,4.654590606689453,1194878,0.0,0.0
1996-01-12 00:00:00-05:00,4.703414871230303,4.801063537597656,4.670865215582581,4.801063537597656,2180604,0.0,0.0
1996-01-15 00:00:00-05:00,4.801062063019669,4.833611708670231,4.801062063019669,4.8173370361328125,807560,0.0,0.0
1996-01-16 00:00:00-05:00,4.81733638431315,4.81733638431315,4.719687761149737,4.768511772155762,2286149,0.0,0.0
1996-01-17 00:00:00-05:00,4.752237402396103,4.833611054648492,4.752237402396103,4.768511772155762,652632,0.0,0.0
1996-01-18 00:00:00-05:00,4.735964526878027,4.801063537597656,4.670865215582581,4.801063537597656,1667407,0.0,0.0
1996-01-19 00:00:00-05:00,4.752237402396103,4.784787043642468,4.703412790238714,4.768511772155762,2467220,0.0,0.0
1996-01-22 00:00:00-05:00,4.833612757578795,4.931262016296387,4.817338081509722,4.931262016296387,1042856,0.0,0.0
1996-01-23 00:00:00-05:00,4.931262322457728,5.028910685510531,4.882437690067616,5.012635707855225,1440826,0.0,0.0
1996-01-24 00:00:00-05:00,5.012634889811451,5.175383136925559,5.012634889811451,5.1591081619262695,2327786,0.0,0.0
1996-01-25 00:00:00-05:00,5.110283402945232,5.110283402945232,4.833611857273146,4.963810443878174,2856476,0.0,0.0
1996-01-26 00:00:00-05:00,4.947536970652692,5.0289109616704115,4.931262593255302,4.980086326599121,892770,0.0,0.0
1996-01-29 00:00:00-05:00,4.9963610238639555,5.142833709716797,4.9963610238639555,5.142833709716797,1481494,0.0,0.0
1996-01-30 00:00:00-05:00,5.142833219031233,5.224207493384147,5.142833219031233,5.191657543182373,1467454,0.0,0.0
1996-01-31 00:00:00-05:00,5.2730312432723725,5.305580588777818,5.142832658947681,5.224206924438477,1256365,0.0,0.0
1996-02-01 00:00:00-05:00,5.191658038526341,5.191658038526341,5.077734404253547,5.142833709716797,734937,0.0,0.0
1996-02-02 00:00:00-05:00,5.142830696409116,5.207930564880371,5.126556330442527,5.207930564880371,599376,0.0,0.0
1996-02-05 00:00:00-05:00,5.175383169233006,5.191657543182373,5.077733919779206,5.191657543182373,722349,0.0,0.0
1996-02-06 00:00:00-05:00,5.191657515996887,5.305581138803507,5.14283319210141,5.289306163787842,1495050,0.0,0.0
1996-02-07 00:00:00-05:00,5.321854154509665,5.370678460429842,5.273029848589488,5.30557918548584,1120319,0.0,0.0
1996-02-08 00:00:00-05:00,5.370682291117943,5.370682291117943,5.289307989109154,5.35440731048584,2223694,0.0,0.0
1996-02-09 00:00:00-05:00,5.354405390205498,5.419504688235258,5.354405390205498,5.403229713439941,1339639,0.0,0.0
1996-02-12 00:00:00-05:00,5.370681244012717,5.5008792602300565,5.370681244012717,5.468329906463623,1635453,0.0,0.0
1996-02-13 00:00:00-05:00,5.452056871315345,5.56597993809776,5.452056871315345,5.533430576324463,1567673,0.0,0.0
1996-02-14 00:00:00-05:00,5.500876819672458,5.517152391062151,5.38695323030667,5.4357781410217285,733969,0.0,0.0
1996-02-15 00:00:00-05:00,5.378235209914728,5.476319046214156,5.296499384129966,5.345541000366211,910199,0.038211,0.0
1996-02-16 00:00:00-05:00,5.361887654435065,5.378234455001343,5.2638044357299805,5.2638044357299805,1529909,0.0,0.0
1996-02-20 00:00:00-05:00,5.247458331402581,5.247458331402581,5.1657218930134485,5.198416709899902,989115,0.0,0.0
1996-02-21 00:00:00-05:00,5.231111216786316,5.427277087345072,5.231111216786316,5.4109296798706055,1459223,0.0,0.0
1996-02-22 00:00:00-05:00,5.459974868584728,5.541711346535817,5.459974868584728,5.509016513824463,980401,0.0,0.0
1996-02-23 00:00:00-05:00,5.509014483558722,5.558056110724892,5.443625446061471,5.476320266723633,1434532,0.0,0.0
1996-02-26 00:00:00-05:00,5.427278766967626,5.47632100456851,5.329195499420166,5.329195499420166,1582681,0.0,0.0
1996-02-27 00:00:00-05:00,5.329194194948706,5.410930029955374,5.263805768474175,5.394583225250244,1164861,0.0,0.0
1996-02-28 00:00:00-05:00,5.378237133193896,5.427278766967626,5.312848086886538,5.329195499420166,1562831,0.0,0.0
1996-02-29 00:00:00-05:00,5.296499384129966,5.443624232838701,5.296499384129966,5.345541000366211,1210371,0.0,0.0
1996-03-01 00:00:00-05:00,5.345543378885111,5.36189079284668,5.2638075167316805,5.36189079284668,859363,0.0,0.0
1996-03-04 00:00:00-05:00,5.345541829839739,5.361889239064112,5.263805991371938,5.296500205993652,718960,0.0,0.0
1996-03-05 00:00:00-05:00,5.263805991371938,5.312847011390994,5.231111776750224,5.296500205993652,873888,0.0,0.0
1996-03-06 00:00:00-05:00,5.312848550961974,5.4272792410385415,5.296501740827611,5.36189079284668,1901251,0.0,0.0
1996-03-07 00:00:00-05:00,5.378235816718108,5.410930029955374,5.345541603480842,5.394583225250244,754787,0.0,0.0
1996-03-08 00:00:00-05:00,5.2638044357299805,5.394581859394475,5.2474570313368485,5.2638044357299805,1368688,0.0,0.0
1996-03-11 00:00:00-05:00,5.247457106243422,5.476318355706811,5.247457106243422,5.459970951080322,1481978,0.0,0.0
1996-03-12 00:00:00-05:00,5.378237354806847,5.4926680396031085,5.263807273837765,5.443626403808594,1331892,0.0,0.0
1996-03-13 00:00:00-05:00,5.410931577394131,5.4599738170158245,5.3455431322195635,5.443626403808594,1612698,0.0,0.0
1996-03-14 00:00:00-05:00,5.443624847019646,5.492666468789047,5.394583225250244,5.394583225250244,947478,0.0,0.0
1996-03-15 00:00:00-05:00,5.394583225250244,5.394583225250244,5.329194194948706,5.394583225250244,1246682,0.0,0.0
1996-03-18 00:00:00-05:00,5.427276405710541,5.590748648443131,5.410929000289214,5.525359630584717,1603500,0.0,0.0
1996-03-19 00:00:00-05:00,5.574403287331211,5.590750093149826,5.476320037111325,5.558055877685547,1128066,0.0,0.0
1996-03-20 00:00:00-05:00,5.6070977378910625,5.6070977378910625,5.410930625399309,5.476320266723633,1063190,0.0,0.0
1996-03-21 00:00:00-05:00,5.443626403808594,5.476321230223056,5.410931577394131,5.443626403808594,710730,0.0,0.0
1996-03-22 00:00:00-05:00,5.476323211430135,5.5580590993820875,5.476323211430135,5.541712284088135,1558474,0.0,0.0
1996-03-25 00:00:00-05:00,5.607100752918738,5.607100752918738,5.509017445845436,5.541712284088135,1151789,0.0,0.0
1996-03-26 00:00:00-05:00,5.541707370385902,5.541707370385902,5.427276141827345,5.459970951080322,980885,0.0,0.0
1996-03-27 00:00:00-05:00,5.427276826150973,5.443624232838701,5.312846186990756,5.345541000366211,1159051,0.0,0.0
1996-03-28 00:00:00-05:00,5.3128463156114085,5.410929550458431,5.263805302014849,5.378235340118408,2621664,0.0,0.0
1996-03-29 00:00:00-05:00,5.378237133193896,5.427278766967626,5.312848086886538,5.329195499420166,1165829,0.0,0.0
1996-04-01 00:00:00-05:00,5.361889012012979,5.410930029955374,5.345541603480842,5.394583225250244,564033,0.0,0.0
1996-04-02 00:00:00-05:00,5.410932815672101,5.410932815672101,5.280155291567689,5.312849521636963,766407,0.0,0.0
1996-04-03 00:00:00-05:00,5.296498636751382,5.296498636751382,5.214762218673348,5.247457027435303,989599,0.0,0.0
1996-04-04 00:00:00-05:00,5.263807056939962,5.378237133193896,5.23111283569986,5.329195499420166,1404999,0.0,0.0
1996-04-08 00:00:00-04:00,5.2311144150354965,5.2311144150354965,5.133030514048187,5.182072162628174,795940,0.0,0.0
1996-04-09 00:00:00-04:00,5.231113458579778,5.247460269232702,5.100334746565807,5.16572380065918,1575903,0.0,0.0
1996-04-10 00:00:00-04:00,5.133031276069175,5.1493786959651295,5.067642200312786,5.08398962020874,1969032,0.0,0.0
1996-04-11 00:00:00-04:00,5.083984848093839,5.1003316488183374,4.871471004233622,5.0676374435424805,1454866,0.0,0.0
1996-04-12 00:00:00-04:00,5.067642200312786,5.100336436277268,5.051295082330546,5.08398962020874,1710012,0.0,0.0
1996-04-15 00:00:00-04:00,5.116680145008055,5.116680145008055,5.034944010553235,5.100332736968994,1653367,0.0,0.0
1996-04-16 00:00:00-04:00,5.165722244418423,5.182069653973703,5.116680619579624,5.1493754386901855,969265,0.0,0.0
1996-04-17 00:00:00-04:00,5.133028140809292,5.133028140809292,4.969555853181105,4.985903263092041,992504,0.0,0.0
1996-04-18 00:00:00-04:00,5.002250015305303,5.083986460152682,5.002250015305303,5.0512919425964355,722834,0.0,0.0
1996-04-19 00:00:00-04:00,5.051294234560633,5.133030414581299,5.051294234560633,5.133030414581299,803686,0.0,0.0
1996-04-22 00:00:00-04:00,5.116680271510771,5.214763514516127,5.116680271510771,5.198416709899902,1368203,0.0,0.0
1996-04-23 00:00:00-04:00,5.198416709899902,5.214763514516127,5.182069301456676,5.198416709899902,2083291,0.0,0.0
1996-04-24 00:00:00-04:00,5.198419479363296,5.231114313667957,5.116682997428968,5.133030414581299,2037296,0.0,0.0
1996-04-25 00:00:00-04:00,5.100334746565807,5.1984186296194785,5.100334746565807,5.16572380065918,2686055,0.0,0.0
1996-04-26 00:00:00-04:00,5.182072062210966,5.198419479363296,5.100335580276638,5.133030414581299,1143559,0.0,0.0
1996-04-29 00:00:00-04:00,5.116681905629546,5.13302931929366,4.904168245218451,4.936862468719482,2315682,0.0,0.0
1996-04-30 00:00:00-04:00,4.953207423163552,5.083984848093839,4.953207423163552,5.0676374435424805,1839764,0.0,0.0
1996-05-01 00:00:00-04:00,5.100333210024344,5.182069653973703,5.100333210024344,5.1493754386901855,2451243,0.0,0.0
1996-05-02 00:00:00-04:00,5.083985932756922,5.116680145008055,4.969555284137475,5.100332736968994,1700329,0.0,0.0
1996-05-03 00:00:00-04:00,5.133028085530289,5.165722301173011,4.985903209397467,5.0512919425964355,460909,0.0,0.0
1996-05-06 00:00:00-04:00,5.100334491965433,5.100334491965433,4.9205156588825645,4.936862468719482,1277668,0.0,0.0
1996-05-07 00:00:00-04:00,5.034946441650391,5.08398838753372,5.0185996295453466,5.034946441650391,1599626,0.0,0.0
1996-05-08 00:00:00-04:00,5.018597671815549,5.1493754386901855,5.018597671815549,5.1493754386901855,2242091,0.0,0.0
1996-05-09 00:00:00-04:00,5.116681331703221,5.214764595031738,5.100333919872759,5.214764595031738,1449540,0.0,0.0
1996-05-10 00:00:00-04:00,5.247458809431789,5.329194651439831,5.231112003326416,5.231112003326416,1878012,0.0,0.0
1996-05-13 00:00:00-04:00,5.247458020433815,5.4109296798706055,5.247458020433815,5.4109296798706055,1461160,0.0,0.0
1996-05-14 00:00:00-04:00,5.402390372538536,5.583017655154568,5.402390372538536,5.533755779266357,2235313,0.038211,0.0
1996-05-15 00:00:00-04:00,5.500914730853849,5.56659743421776,5.500914730853849,5.533755779266357,1707107,0.0,0.0
1996-05-16 00:00:00-04:00,5.484494222076693,5.533756100827461,5.468073393646793,5.500915050506592,1285414,0.0,0.0
1996-05-17 00:00:00-04:00,5.500917997394734,5.747227523098668,5.500917997394734,5.681544780731201,2451243,0.0,0.0
1996-05-20 00:00:00-04:00,5.697966365533509,5.763648509979248,5.648703847390205,5.763648509979248,2238218,0.0,0.0
1996-05-21 00:00:00-04:00,5.763645508868227,5.796487170529886,5.730804453745586,5.747225284576416,1746807,0.0,0.0
1996-05-22 00:00:00-04:00,5.747225284576416,5.812908001360716,5.665122343500304,5.747225284576416,1508606,0.0,0.0
1996-05-23 00:00:00-04:00,5.780066925226886,5.780066925226886,5.665122322906951,5.714383602142334,1445667,0.0,0.0
1996-05-24 00:00:00-04:00,5.747227865102736,5.780069541510428,5.5994421408859925,5.6322832107543945,1580260,0.0,0.0
1996-05-28 00:00:00-04:00,5.648700082008514,5.648700082008514,5.583017981345978,5.615859031677246,1570577,0.0,0.0
1996-05-29 00:00:00-04:00,5.599441204225312,5.681544168431981,5.599441204225312,5.66512393951416,1399189,0.0,0.0
1996-05-30 00:00:00-04:00,5.6651248871620865,5.697965957030488,5.6322832107543945,5.6322832107543945,1506186,0.0,0.0
1996-05-31 00:00:00-04:00,5.648699751979585,5.648699751979585,5.435231420951044,5.533755779266357,1597690,0.0,0.0
1996-06-03 00:00:00-04:00,5.500915050506592,5.56659775768726,5.484494222076693,5.500915050506592,1218117,0.0,0.0
1996-06-04 00:00:00-04:00,5.517336689991834,5.533757522640812,5.451653965935006,5.468074798583984,928112,0.0,0.0
1996-06-05 00:00:00-04:00,5.500913602886673,5.500913602886673,5.385969047204035,5.484492778778076,1413713,0.0,0.0
1996-06-06 00:00:00-04:00,5.517338957442034,5.533759796839453,5.4023942947387695,5.4023942947387695,1195847,0.0,0.0
1996-06-07 00:00:00-04:00,5.336712610999967,5.43523645401001,5.320292374857931,5.43523645401001,1698877,0.0,0.0
1996-06-10 00:00:00-04:00,5.4516531550632585,5.4516531550632585,5.271026448947017,5.3531293869018555,1046729,0.0,0.0
1996-06-11 00:00:00-04:00,5.385975139044444,5.484498982054486,5.369554296362952,5.43523645401001,792067,0.0,0.0
1996-06-12 00:00:00-04:00,5.468078139372994,5.500919824735979,5.43523645401001,5.43523645401001,650695,0.0,0.0
1996-06-13 00:00:00-04:00,5.4352343631943425,5.566600447573168,5.4352343631943425,5.5501790046691895,1413229,0.0,0.0
1996-06-14 00:00:00-04:00,5.550178880187716,5.599441388177106,5.533758650730461,5.566600322723389,1579776,0.0,0.0
1996-06-17 00:00:00-04:00,5.533756102579611,5.615859031677246,5.5173352741445125,5.615859031677246,880666,0.0,0.0
1996-06-18 00:00:00-04:00,5.599439606361416,5.763645487916732,5.599439606361416,5.714383602142334,1696940,0.0,0.0
1996-06-19 00:00:00-04:00,5.7143865983752775,5.82933126096432,5.7143865983752775,5.763648509979248,2340373,0.0,0.0
1996-06-20 00:00:00-04:00,5.763647757822453,5.780069201599888,5.648703110233702,5.697965621948242,1353195,0.0,0.0
1996-06-21 00:00:00-04:00,5.763645508868227,5.763645508868227,5.730804453745586,5.747225284576416,2302126,0.0,0.0
1996-06-24 00:00:00-04:00,5.763648509979248,5.812911028122553,5.747228277137481,5.763648509979248,1100469,0.0,0.0
1996-06-25 00:00:00-04:00,5.812907980230147,5.829328204462269,5.697963377910212,5.714383602142334,1057380,0.0,0.0
1996-06-26 00:00:00-04:00,5.714381283604584,5.747222931821778,5.484492778778076,5.484492778778076,1737124,0.0,0.0
1996-06-27 00:00:00-04:00,5.533758650730461,5.566600322723389,5.4844967492802805,5.566600322723389,919882,0.0,0.0
1996-06-28 00:00:00-04:00,5.599439626716003,5.747225284576416,5.599439626716003,5.747225284576416,847260,0.0,0.0
1996-07-01 00:00:00-04:00,5.730807437756379,5.780069955899683,5.681545526152408,5.763648509979248,559676,0.0,0.0
1996-07-02 00:00:00-04:00,5.74722526368461,5.780066925226886,5.697963377910212,5.714383602142334,504483,0.0,0.0
1996-07-03 00:00:00-04:00,5.697963419100304,5.796487191361321,5.697963419100304,5.780066967010498,609059,0.0,0.0
1996-07-05 00:00:00-04:00,5.7143845825183375,5.7143845825183375,5.566599506379732,5.583019733428955,399907,0.0,0.0
1996-07-08 00:00:00-04:00,5.583021302682147,5.6651248871620865,5.583021302682147,5.6322832107543945,541278,0.0,0.0
1996-07-09 00:00:00-04:00,5.615861743588992,5.632282579953747,5.5337587748436565,5.5501790046691895,826441,0.0,0.0
1996-07-10 00:00:00-04:00,5.615859481581938,5.615859481581938,5.435232173942002,5.451653003692627,865173,0.0,0.0
1996-07-11 00:00:00-04:00,5.468074798583984,5.484495631232963,5.369551015768285,5.468074798583984,1295581,0.0,0.0
1996-07-12 00:00:00-04:00,5.369551181793213,5.435233301341827,5.20534466984347,5.369551181793213,2332143,0.0,0.0
1996-07-15 00:00:00-04:00,5.353128099018745,5.353128099018745,5.25460496109954,5.27102518081665,1254429,0.0,0.0
1996-07-16 00:00:00-04:00,5.2053445043576145,5.2053445043576145,4.975455880167767,5.123240947723389,4029083,0.0,0.0
1996-07-17 00:00:00-04:00,5.221767421482502,5.254609099861977,5.123242992883403,5.188925743103027,1740029,0.0,0.0
1996-07-18 00:00:00-04:00,5.156082617487908,5.484495631232963,5.156082617487908,5.468074798583984,1925458,0.0,0.0
1996-07-19 00:00:00-04:00,5.4680745040275225,5.4680745040275225,5.205344228492158,5.2546067237854,1371592,0.0,0.0
1996-07-22 00:00:00-04:00,5.287448069820999,5.320289128606078,5.13966178894043,5.13966178894043,803686,0.0,0.0
1996-07-23 00:00:00-04:00,5.287447929382324,5.336709212981982,5.1889235425658,5.287447929382324,4105094,0.0,0.0
1996-07-24 00:00:00-04:00,5.254608279407696,5.303869576206599,5.238186836242676,5.238186836242676,1599626,0.0,0.0
1996-07-25 00:00:00-04:00,5.303867340087891,5.36955005235988,5.303867340087891,5.303867340087891,762050,0.0,0.0
1996-07-26 00:00:00-04:00,5.320287883758064,5.418811643599666,5.287446832657177,5.385970592498779,991052,0.0,0.0
1996-07-29 00:00:00-04:00,5.3695500680174595,5.5009154929445,5.353129238266835,5.451653003692627,1290255,0.0,0.0
1996-07-30 00:00:00-04:00,5.583017655154568,5.583017655154568,5.4680730759024465,5.533755779266357,1214728,0.0,0.0
1996-07-31 00:00:00-04:00,5.566599039923209,5.615860323482118,5.53375737549851,5.599440097808838,940216,0.0,0.0
1996-08-01 00:00:00-04:00,5.583020962561704,5.69796560990756,5.583020962561704,5.648703098297119,939248,0.0,0.0
1996-08-02 00:00:00-04:00,5.681544784710063,5.714385852647168,5.665124554011137,5.697965621948242,945542,0.0,0.0
1996-08-05 00:00:00-04:00,5.66512529331064,5.780069955899683,5.648703847390205,5.763648509979248,666672,0.0,0.0
1996-08-06 00:00:00-04:00,5.73080447434097,5.812908022251164,5.714383643451127,5.780066967010498,1289287,0.0,0.0
1996-08-07 00:00:00-04:00,5.763647988589462,5.97711706161499,5.763647988589462,5.97711706161499,2127348,0.0,0.0
1996-08-08 00:00:00-04:00,5.944274715942217,6.174163387877857,5.944274715942217,6.0427985191345215,2528707,0.0,0.0
1996-08-09 00:00:00-04:00,6.009953990312009,6.075636690103239,5.944271290520779,6.026374816894531,2078933,0.0,0.0
1996-08-12 00:00:00-04:00,6.009955734671896,6.1577413971920745,5.960693240626133,6.1249003410339355,2011152,0.0,0.0
1996-08-13 00:00:00-04:00,6.042799200119006,6.05922003801465,5.944275385823703,5.97711706161499,2489975,0.0,0.0
1996-08-14 00:00:00-04:00,5.97711706161499,5.993537292971355,5.895013478676052,5.97711706161499,1813136,0.0,0.0
1996-08-15 00:00:00-04:00,5.9606941687239825,6.009956670440063,5.927853107452393,5.927853107452393,1379823,0.0,0.0
1996-08-16 00:00:00-04:00,5.938410146765643,6.004392623901366,5.90541921285134,6.004392623901367,1839764,0.042342,0.0
1996-08-19 00:00:00-04:00,5.9878954178594705,5.9878954178594705,5.921913559123078,5.938409328460693,1134360,0.0,0.0
1996-08-20 00:00:00-04:00,5.888921610593554,5.921913146972656,5.872426451710996,5.921913146972656,720413,0.0,0.0
1996-08-21 00:00:00-04:00,5.921911156596962,6.0208845138549805,5.888919631306431,6.0208845138549805,1419039,0.0,0.0
1996-08-22 00:00:00-04:00,6.020888471430955,6.020888471430955,5.92191504911695,5.954905986785889,951352,0.0,0.0
1996-08-23 00:00:00-04:00,5.872426017354667,5.921912708956024,5.740461100213081,5.80644416809082,2439624,0.0,0.0
1996-08-26 00:00:00-04:00,5.806445318525759,5.806445318525759,5.707471306406308,5.7569580078125,1272826,0.0,0.0
1996-08-27 00:00:00-04:00,5.756960958490131,5.756960958490131,5.690979062334837,5.707474231719971,1424849,0.0,0.0
1996-08-28 00:00:00-04:00,5.707473206965771,5.740464149120025,5.674481655504247,5.723968982696533,1008965,0.0,0.0
1996-08-29 00:00:00-04:00,5.690976756684541,5.707471919386801,5.608498505944708,5.624994277954102,819179,0.0,0.0
1996-08-30 00:00:00-04:00,5.6249933919893165,5.657984321504732,5.493028455313579,5.641488552093506,933438,0.0,0.0
1996-09-03 00:00:00-04:00,5.542516027214269,5.641489440656362,5.493029320493222,5.624994277954102,930533,0.0,0.0
1996-09-04 00:00:00-04:00,5.624995697890508,5.674481807796366,5.624995697890508,5.657986640930176,562580,0.0,0.0
1996-09-05 00:00:00-04:00,5.657984128349969,5.723966594435299,5.657984128349969,5.690975666046143,1000251,0.0,0.0
1996-09-06 00:00:00-04:00,5.6909766832236475,5.75695855179524,5.6909766832236475,5.740462779998779,1507154,0.0,0.0
1996-09-09 00:00:00-04:00,5.7734535871544495,5.921913686464278,5.756957817462119,5.872426986694336,2012121,0.0,0.0
1996-09-10 00:00:00-04:00,5.855935077379257,5.921917590338835,5.855935077379257,5.888926029205322,1313010,0.0,0.0
1996-09-11 00:00:00-04:00,5.855933666229248,5.90542099600417,5.83943849894491,5.855933666229248,913104,0.0,0.0
1996-09-12 00:00:00-04:00,5.8559317595502165,5.872427530770869,5.8064456645024665,5.822940826416016,2001954,0.0,0.0
1996-09-13 00:00:00-04:00,5.83943849894491,5.888924610105228,5.822942722353269,5.855933666229248,865173,0.0,0.0
1996-09-16 00:00:00-04:00,5.872430857946014,5.921917590338835,5.872430857946014,5.888926029205322,1045276,0.0,0.0
1996-09-17 00:00:00-04:00,5.888926029205322,5.9549085421649,5.822944125553192,5.888926029205322,1133391,0.0,0.0
1996-09-18 00:00:00-04:00,5.888924610105228,5.90542099600417,5.855933666229248,5.855933666229248,473981,0.0,0.0
1996-09-19 00:00:00-04:00,5.855932979374279,5.921915468694311,5.806446874018292,5.905420303344727,1094175,0.0,0.0
1996-09-20 00:00:00-04:00,5.954907177292494,6.086872172965102,5.9384120098138995,6.070376396179199,2635704,0.0,0.0
1996-09-23 00:00:00-04:00,5.971398661498859,6.08686779737981,5.971398661498859,6.053876876831055,1392895,0.0,0.0
1996-09-24 00:00:00-04:00,6.053880071236653,6.136357720782342,6.037384297604639,6.1198625564575195,704920,0.0,0.0
1996-09-25 00:00:00-04:00,6.1198625564575195,6.136357720782342,6.0703752355614755,6.1198625564575195,649727,0.0,0.0
1996-09-26 00:00:00-04:00,6.10336446762085,6.169346318505461,6.020886240054643,6.10336446762085,1021069,0.0,0.0
1996-09-27 00:00:00-04:00,6.119862140976662,6.169348239898682,6.086870595952447,6.169348239898682,963939,0.0,0.0
1996-09-30 00:00:00-04:00,6.169349038533303,6.268322467803955,6.169349038533303,6.268322467803955,1768110,0.0,0.0
1996-10-01 00:00:00-04:00,6.268318640486261,6.268318640486261,6.23532772064209,6.23532772064209,954256,0.0,0.0
1996-10-02 00:00:00-04:00,6.2353319508221166,6.28481866881463,6.218836784362793,6.218836784362793,1090302,0.0,0.0
1996-10-03 00:00:00-04:00,6.185844960304988,6.218836510384697,6.169349185265133,6.202340126037598,894706,0.0,0.0
1996-10-04 00:00:00-04:00,6.1693487225694135,6.1693487225694135,6.020888586266838,6.13635778427124,2470125,0.0,0.0
1996-10-07 00:00:00-04:00,6.136357106484799,6.136357106484799,5.971401214599609,5.971401214599609,1144043,0.0,0.0
1996-10-08 00:00:00-04:00,6.004392623901366,6.037383557815669,5.971401080679946,6.004392623901367,1022521,0.0,0.0
1996-10-09 00:00:00-04:00,6.004393307250079,6.004393307250079,5.905419884936074,5.954905986785889,1005576,0.0,0.0
1996-10-10 00:00:00-04:00,5.954904074044766,5.954904074044766,5.806444597566776,5.921913146972656,1639811,0.0,0.0
1996-10-11 00:00:00-04:00,5.938410822605014,5.987896924454828,5.92191504911695,5.954905986785889,1007513,0.0,0.0
1996-10-14 00:00:00-04:00,5.954904488491274,5.9878954178594705,5.905418399092497,5.938409328460693,584367,0.0,0.0
1996-10-15 00:00:00-04:00,5.954904488491274,6.00439179650412,5.888922020447848,5.938409328460693,969265,0.0,0.0
1996-10-16 00:00:00-04:00,5.971402183357529,5.971402183357529,5.707472835384627,5.905420303344727,1663050,0.0,0.0
1996-10-17 00:00:00-04:00,5.905416003258483,6.037380276500246,5.905416003258483,6.0208845138549805,1874623,0.0,0.0
1996-10-18 00:00:00-04:00,6.0538760391455115,6.0538760391455115,5.987892988564449,6.0208845138549805,560160,0.0,0.0
1996-10-21 00:00:00-04:00,6.020887786204959,6.037383557815669,5.987896242983538,6.004392623901367,580010,0.0,0.0
1996-10-22 00:00:00-04:00,6.020888471430955,6.020888471430955,5.938410822605014,5.954905986785889,906326,0.0,0.0
1996-10-23 00:00:00-04:00,5.938408915162207,5.971399842234317,5.905417988090098,5.921913146972656,567422,0.0,0.0
1996-10-24 00:00:00-04:00,5.905422419079527,5.921917590338835,5.855935077379257,5.888926029205322,826441,0.0,0.0
1996-10-25 00:00:00-04:00,5.9549047457890945,6.070373917527491,5.7569579424130195,5.773453712463379,2550978,0.0,0.0
1996-10-28 00:00:00-05:00,5.773454398117241,5.789949560819501,5.592003343242448,5.624994277954102,1745839,0.0,0.0
1996-10-29 00:00:00-05:00,5.641489440656362,5.7239676913961945,5.608498505944708,5.624994277954102,2089100,0.0,0.0
1996-10-30 00:00:00-05:00,5.55901304157215,5.5755082079608105,5.410552888230595,5.493030548095703,2404765,0.0,0.0
1996-10-31 00:00:00-05:00,5.4765347723997735,5.5260220994875615,5.394057112534666,5.493030548095703,2327786,0.0,0.0
1996-11-01 00:00:00-05:00,5.493028703333054,5.5755063354991155,5.361063760698878,5.410551071166992,2334564,0.0,0.0
1996-11-04 00:00:00-05:00,5.4270477294921875,5.460038669600334,5.410552564091731,5.4270477294921875,1551211,0.0,0.0
1996-11-05 00:00:00-05:00,5.4765347723997735,5.542517265876221,5.460038996703845,5.493030548095703,2296800,0.0,0.0
1996-11-06 00:00:00-05:00,5.50952764815752,5.592005937155813,5.476536088835236,5.575509548187256,2064409,0.0,0.0
1996-11-07 00:00:00-05:00,5.592003343242448,5.624994277954102,5.526020864512009,5.624994277954102,1310106,0.0,0.0
1996-11-08 00:00:00-05:00,5.624993033518291,5.624993033518291,5.47653233689247,5.542514801025391,1996144,0.0,0.0
1996-11-11 00:00:00-05:00,5.592005937155813,5.592005937155813,5.5425185981723875,5.575509548187256,1163409,0.0,0.0
1996-11-12 00:00:00-05:00,5.559010733875482,5.740461753976369,5.526019805486325,5.690975666046143,2329238,0.0,0.0
1996-11-13 00:00:00-05:00,5.690978958866545,5.80644818900002,5.690978958866545,5.789951801300049,1741966,0.0,0.0
1996-11-14 00:00:00-05:00,5.783985525803832,5.833705167407612,5.734266496367669,5.750839710235596,1516353,0.042342,0.0
1996-11-15 00:00:00-05:00,5.800558521943693,5.883423363837704,5.701119854636251,5.73426628112793,1245714,0.0,0.0
1996-11-18 00:00:00-05:00,5.701117992401123,5.750837615898031,5.66797218890391,5.701117992401123,789646,0.0,0.0
1996-11-19 00:00:00-05:00,5.701120068631815,5.767412311935906,5.701120068631815,5.750839710235596,689427,0.0,0.0
1996-11-20 00:00:00-05:00,5.7508357338528215,5.89999271902756,5.7508357338528215,5.833701133728027,1819430,0.0,0.0
1996-11-21 00:00:00-05:00,5.8668479919433585,5.883420585194641,5.8005557824363185,5.866847991943359,1031720,0.0,0.0
1996-11-22 00:00:00-05:00,5.899997582712017,6.016008258703619,5.899997582712017,5.91657018661499,2449307,0.0,0.0
1996-11-25 00:00:00-05:00,5.933138449562123,6.09886800614351,5.933138449562123,6.0822954177856445,2048916,0.0,0.0
1996-11-26 00:00:00-05:00,6.0822989561202565,6.098871554119113,5.966287709290861,5.999433517456055,2635704,0.0,0.0
1996-11-27 00:00:00-05:00,6.032577565579057,6.2148803570513325,5.999431158280652,6.181734561920166,2104109,0.0,0.0
1996-11-29 00:00:00-05:00,6.18173816080757,6.198310761937779,6.148592346379556,6.165164947509766,319054,0.0,0.0
1996-12-02 00:00:00-05:00,6.148591041564941,6.16516363917822,6.082298814609431,6.148591041564941,954741,0.0,0.0
1996-12-03 00:00:00-05:00,6.165160856960454,6.314317841173093,6.165160856960454,6.264598846435547,1575903,0.0,0.0
1996-12-04 00:00:00-05:00,6.231456576365793,6.231456576365793,6.148592346379556,6.165164947509766,1491661,0.0,0.0
1996-12-05 00:00:00-05:00,6.1651601960763385,6.1651601960763385,6.016002615685693,6.0822954177856445,2597456,0.0,0.0
1996-12-06 00:00:00-05:00,6.049153634230755,6.132019087942184,6.016007207879146,6.098872661590576,1618508,0.0,0.0
1996-12-09 00:00:00-05:00,6.098869297042829,6.132015705108643,6.098869297042829,6.132015705108643,1069968,0.0,0.0
1996-12-10 00:00:00-05:00,6.148588766789,6.19830715340213,6.098869155841391,6.181734561920166,804170,0.0,0.0
1996-12-11 00:00:00-05:00,6.132015957553333,6.181734959531647,6.049150546144624,6.115442752838135,1137749,0.0,0.0
1996-12-12 00:00:00-05:00,6.098870253314518,6.132016666577519,5.949713230133057,5.949713230133057,1062706,0.0,0.0
1996-12-13 00:00:00-05:00,5.933140382721018,5.999431982086111,5.89999397087115,5.9662861824035645,1078683,0.0,0.0
1996-12-16 00:00:00-05:00,5.933142185211182,5.982860593755805,5.899995763291421,5.933142185211182,697658,0.0,0.0
1996-12-17 00:00:00-05:00,5.899996798544086,5.966289041848176,5.750839710235596,5.750839710235596,1148884,0.0,0.0
1996-12-18 00:00:00-05:00,5.783985228615306,5.933142921427501,5.767412015598932,5.817131042480469,779963,0.0,0.0
1996-12-19 00:00:00-05:00,5.850276742579289,5.949714784003554,5.850276742579289,5.933142185211182,813369,0.0,0.0
1996-12-20 00:00:00-05:00,6.165164902126202,6.165164902126202,6.032581033222541,6.098872661590576,2135579,0.0,0.0
1996-12-23 00:00:00-05:00,6.0822954375652385,6.0822954375652385,6.016002635249704,6.049149036407471,277901,0.0,0.0
1996-12-24 00:00:00-05:00,6.032578097970239,6.065723896026611,5.999431687746574,6.065723896026611,183492,0.0,0.0
1996-12-26 00:00:00-05:00,6.065723218485431,6.065723218485431,6.016003608703613,6.016003608703613,440091,0.0,0.0
1996-12-27 00:00:00-05:00,6.032577424131443,6.049150015224825,5.999431017610231,6.016003608703613,164610,0.0,0.0
1996-12-30 00:00:00-05:00,6.032579937788727,6.049152535787584,5.966287709290861,5.999433517456055,279838,0.0,0.0
1996-12-31 00:00:00-05:00,5.982857733661073,5.982857733661073,5.899992942810059,5.899992942810059,563549,0.0,0.0
1997-01-02 00:00:00-05:00,5.89999271902756,5.916565309268847,5.7508357338528215,5.833701133728027,743652,0.0,0.0
1997-01-03 00:00:00-05:00,5.817127820857622,5.850274228533333,5.7674088215112995,5.800555229187012,1418555,0.0,0.0
1997-01-06 00:00:00-05:00,5.800555229187012,5.833701636862723,5.7674088215112995,5.800555229187012,1517321,0.0,0.0
1997-01-07 00:00:00-05:00,5.783985228615306,5.817131042480469,5.750839414750143,5.817131042480469,1563315,0.0,0.0
1997-01-08 00:00:00-05:00,5.850274228533333,5.8668474323711886,5.750836229840689,5.800555229187012,1495050,0.0,0.0
1997-01-09 00:00:00-05:00,5.800557444129936,6.049152535787584,5.800557444129936,5.999433517456055,997830,0.0,0.0
1997-01-10 00:00:00-05:00,5.966284238444976,6.0822954177856445,5.883418847987159,6.0822954177856445,1946761,0.0,0.0
1997-01-13 00:00:00-05:00,6.0657235011442685,6.14858890914155,6.032577705245709,6.132015705108643,1785539,0.0,0.0
1997-01-14 00:00:00-05:00,6.148587627713649,6.148587627713649,6.016002635249704,6.049149036407471,627456,0.0,0.0
1997-01-15 00:00:00-05:00,6.049152825427818,6.049152825427818,5.883422552331541,5.933142185211182,1534266,0.0,0.0
1997-01-16 00:00:00-05:00,5.9662851427912,6.016003527568036,5.883419739772969,5.899992942810059,1298970,0.0,0.0
1997-01-17 00:00:00-05:00,5.899995763291421,5.966287994963434,5.850276742579289,5.933142185211182,1500860,0.0,0.0
1997-01-20 00:00:00-05:00,5.89999397087115,5.999431982086111,5.833702371506058,5.9662861824035645,1300423,0.0,0.0
1997-01-21 00:00:00-05:00,5.933140382721018,5.9662861824035645,5.883420764946215,5.9662861824035645,1788928,0.0,0.0
1997-01-22 00:00:00-05:00,5.9662874909560015,6.032579717027919,5.9662874909560015,5.982860088348389,1331892,0.0,0.0
1997-01-23 00:00:00-05:00,5.982858852256682,6.098870070872115,5.833702445704454,5.850275039672852,1312042,0.0,0.0
1997-01-24 00:00:00-05:00,5.80055643788213,5.850275447588686,5.767410023299511,5.78398323059082,901484,0.0,0.0
1997-01-27 00:00:00-05:00,5.833702145780643,5.933140153148016,5.717690933129609,5.767409324645996,1881401,0.0,0.0
1997-01-28 00:00:00-05:00,5.8999965770835425,5.8999965770835425,5.684547253558004,5.73426628112793,2170921,0.0,0.0
1997-01-29 00:00:00-05:00,5.750836778347864,5.899993790613228,5.750836778347864,5.866847991943359,1151789,0.0,0.0
1997-01-30 00:00:00-05:00,5.883419819120438,6.032577424131443,5.883419819120438,6.016003608703613,2362644,0.0,0.0
1997-01-31 00:00:00-05:00,6.065722236986355,6.098868025976998,6.049149036407471,6.049149036407471,1918196,0.0,0.0
1997-02-03 00:00:00-05:00,6.049152314420306,6.049152314420306,5.9662874909560015,5.982860088348389,1477137,0.0,0.0
1997-02-04 00:00:00-05:00,6.016003608703613,6.065723218485431,5.949712019995638,6.016003608703613,2382494,0.0,0.0
1997-02-05 00:00:00-05:00,6.049150987693591,6.098869993301071,5.9662861824035645,5.9662861824035645,692816,0.0,0.0
1997-02-06 00:00:00-05:00,5.999431297179895,6.132015705108643,5.9497122972484275,6.132015705108643,1847510,0.0,0.0
1997-02-07 00:00:00-05:00,6.165162015637771,6.3474654387155764,6.165162015637771,6.281173229217529,2293411,0.0,0.0
1997-02-10 00:00:00-05:00,6.34746710189005,6.463478345867278,6.330893279963707,6.446905136108398,2496269,0.0,0.0
1997-02-11 00:00:00-05:00,6.446906739281314,6.4634799531615075,6.297749038694805,6.39718770980835,1776825,0.0,0.0
1997-02-12 00:00:00-05:00,6.3806129471828275,6.44690517444509,6.364040349492862,6.413758754730225,1661113,0.0,0.0
1997-02-13 00:00:00-05:00,6.3911234017286676,6.44105339050293,6.3744796622888265,6.44105339050293,1065126,0.042342,0.0
1997-02-14 00:00:00-05:00,6.391122341156006,6.457696058322557,6.391122341156006,6.391122341156006,725738,0.0,0.0
1997-02-18 00:00:00-05:00,6.407763000738481,6.490981037377114,6.391119885228589,6.457693576812744,1194878,0.0,0.0
1997-02-19 00:00:00-05:00,6.474341176457765,6.490984916687012,6.407766830313438,6.490984916687012,858879,0.0,0.0
1997-02-20 00:00:00-05:00,6.490983531678361,6.574200985522814,6.391122341156006,6.391122341156006,1073841,0.0,0.0
1997-02-21 00:00:00-05:00,6.391128779436819,6.524276962672965,6.391128779436819,6.507633209228516,1014775,0.0,0.0
1997-02-24 00:00:00-05:00,6.457697129942772,6.507627733489665,6.42441026583572,6.44105339050293,1027847,0.0,0.0
1997-02-25 00:00:00-05:00,6.39112297672274,6.4743404388427725,6.39112297672274,6.474340438842773,621647,0.0,0.0
1997-02-26 00:00:00-05:00,6.44105339050293,6.457697129942772,6.257974100982567,6.44105339050293,1084008,0.0,0.0
1997-02-27 00:00:00-05:00,6.441054341200013,6.441054341200013,6.341193119366749,6.3578362464904785,469624,0.0,0.0
1997-02-28 00:00:00-05:00,6.291264701711768,6.374482825432817,6.291264701711768,6.324551582336426,765439,0.0,0.0
1997-03-03 00:00:00-05:00,6.324548799583727,6.3411925399594065,6.22468758687498,6.307905673980713,565001,0.0,0.0
1997-03-04 00:00:00-05:00,6.3079032471981575,6.324546366398215,6.224685192108154,6.224685192108154,907294,0.0,0.0
1997-03-05 00:00:00-05:00,6.2080471927636545,6.341195330035223,6.2080471927636545,6.324551582336426,1345933,0.0,0.0
1997-03-06 00:00:00-05:00,6.307908449410565,6.374482825432817,6.291264701711768,6.324551582336426,1514416,0.0,0.0
1997-03-07 00:00:00-05:00,6.341193119366749,6.4576980830964645,6.341193119366749,6.3578362464904785,1553148,0.0,0.0
1997-03-10 00:00:00-05:00,6.341193119366749,6.374480603159652,6.324549377470298,6.3578362464904785,1142106,0.0,0.0
1997-03-11 00:00:00-05:00,6.357838462961084,6.374482825432817,6.307908449410565,6.324551582336426,1556537,0.0,0.0
1997-03-12 00:00:00-05:00,6.324548981466233,6.407767070965166,6.307905855384592,6.341192722320557,2030034,0.0,0.0
1997-03-13 00:00:00-05:00,6.307905855384592,6.391123944883526,6.27461898844863,6.341192722320557,2900533,0.0,0.0
1997-03-14 00:00:00-05:00,6.341191131122299,6.407765463061379,6.341191131122299,6.391122341156006,2561145,0.0,0.0
1997-03-17 00:00:00-05:00,6.341195330035223,6.357838462961084,6.307908449410565,6.324551582336426,2103141,0.0,0.0
1997-03-18 00:00:00-05:00,6.324548799583727,6.3411925399594065,6.291261933605033,6.307905673980713,975559,0.0,0.0
1997-03-19 00:00:00-05:00,6.274618502133615,6.274618502133615,6.191400419084509,6.257974147796631,1536687,0.0,0.0
1997-03-20 00:00:00-05:00,6.241331023004919,6.324548491281389,6.241331023004919,6.257974147796631,1379823,0.0,0.0
1997-03-21 00:00:00-05:00,6.291262706964071,6.307906449385698,6.241332094471933,6.2746195793151855,2211106,0.0,0.0
1997-03-24 00:00:00-05:00,6.257970873402021,6.324545182052715,6.224684026462831,6.291258335113525,2488039,0.0,0.0
1997-03-25 00:00:00-05:00,6.2912612821597085,6.307905020811968,6.124825739954918,6.141469478607178,1513448,0.0,0.0
1997-03-26 00:00:00-05:00,6.14146781146365,6.14146781146365,6.024962902069092,6.024962902069092,2029550,0.0,0.0
1997-03-27 00:00:00-05:00,6.041605566053175,6.058249913705269,5.925101280212402,5.925101280212402,2410091,0.0,0.0
1997-03-31 00:00:00-05:00,5.791956901550294,5.908461887749208,5.791956901550294,5.791956901550293,3451494,0.0,0.0
1997-04-01 00:00:00-05:00,5.7253817544825365,5.7586692401521145,5.625520527019314,5.675451755523682,2197065,0.0,0.0
1997-04-02 00:00:00-05:00,5.708737884925682,5.758668492171922,5.642164151779148,5.658807277679443,1968547,0.0,0.0
1997-04-03 00:00:00-05:00,5.608877104800356,5.742025810950188,5.55894649368735,5.708738327026367,3696957,0.0,0.0
1997-04-04 00:00:00-05:00,5.708737792766395,5.925103958931407,5.708737792766395,5.891817092895508,3358537,0.0,0.0
1997-04-07 00:00:00-04:00,5.891818141686971,5.958392500382213,5.891818141686971,5.941748142242432,1653367,0.0,0.0
1997-04-08 00:00:00-04:00,5.908460218527124,5.925103958931407,5.8585302268596084,5.891817092895508,1733735,0.0,0.0
1997-04-09 00:00:00-04:00,5.908461388982535,5.991679492716638,5.908461388982535,5.95839262008667,1845574,0.0,0.0
1997-04-10 00:00:00-04:00,5.958390636682305,6.024964359781456,5.908459422199066,5.975033760070801,2581963,0.0,0.0
1997-04-11 00:00:00-04:00,5.925103696113857,6.008321164898694,5.875173091888428,5.875173091888428,2617790,0.0,0.0
1997-04-14 00:00:00-04:00,5.8418837315645975,5.85852808064405,5.791953143416007,5.825240612030029,1758911,0.0,0.0
1997-04-15 00:00:00-04:00,5.791955008330953,5.908459956447834,5.791955008330953,5.875173091888428,2507405,0.0,0.0
1997-04-16 00:00:00-04:00,5.908457992674535,6.041606021430861,5.891814873312766,6.024962902069092,2202875,0.0,0.0
1997-04-17 00:00:00-04:00,6.041606983225823,6.2080431215188305,6.024963861214549,6.158112525939941,3009951,0.0,0.0
1997-04-18 00:00:00-04:00,6.1581151672103545,6.20804578420493,6.10818455021578,6.1747589111328125,1800064,0.0,0.0
1997-04-21 00:00:00-04:00,6.141466349989186,6.15811008016271,6.041604583720336,6.074892044067383,1038498,0.0,0.0
1997-04-22 00:00:00-04:00,6.108183999417145,6.291262706964071,6.108183999417145,6.2746195793151855,1832018,0.0,0.0
1997-04-23 00:00:00-04:00,6.307906250346568,6.374480603159652,6.274619381326388,6.3578362464904785,1757943,0.0,0.0
1997-04-24 00:00:00-04:00,6.391126573131614,6.490987829778524,6.324551582336426,6.324551582336426,2057147,0.0,0.0
1997-04-25 00:00:00-04:00,6.307906250346568,6.4576980830964645,6.307906250346568,6.3578362464904785,1076262,0.0,0.0
1997-04-28 00:00:00-04:00,6.39112111997231,6.407764238697599,6.341189919479209,6.374477386474609,1526520,0.0,0.0
1997-04-29 00:00:00-04:00,6.441053695999272,6.507628042143598,6.391123704856851,6.490984916687012,1105311,0.0,0.0
1997-04-30 00:00:00-04:00,6.457698951740452,6.574203931141593,6.457698951740452,6.540916442871094,1402578,0.0,0.0
1997-05-01 00:00:00-04:00,6.507628042143598,6.540914907829432,6.441053695999272,6.490984916687012,1586070,0.0,0.0
1997-05-02 00:00:00-04:00,6.524270882487399,6.640775203704834,6.507627144553805,6.640775203704834,667156,0.0,0.0
1997-05-05 00:00:00-04:00,6.640772727505012,6.823851932190568,6.607485878822341,6.773921966552734,1822819,0.0,0.0
1997-05-06 00:00:00-04:00,6.690707578026126,6.840499401092529,6.690707578026126,6.840499401092529,1696940,0.0,0.0
1997-05-07 00:00:00-04:00,6.807210776751841,6.823853898502764,6.624131519311495,6.674062728881836,1740029,0.0,0.0
1997-05-08 00:00:00-04:00,6.67406373113306,6.907073003589949,6.67406373113306,6.823854923248291,2310356,0.0,0.0
1997-05-09 00:00:00-04:00,6.823859094172486,6.9736509926171255,6.823859094172486,6.923720359802246,1933689,0.0,0.0
1997-05-12 00:00:00-04:00,6.923715854072991,6.957003330802497,6.873785253751323,6.940359592437744,719445,0.0,0.0
1997-05-13 00:00:00-04:00,6.940364108998203,6.940364108998203,6.857145977791409,6.923720359802246,1057864,0.0,0.0
1997-05-14 00:00:00-04:00,6.890429647421868,7.006934597510016,6.8737859074742325,6.973647117614746,1760364,0.0,0.0
1997-05-15 00:00:00-04:00,6.9676309062071,7.101302158210521,6.9676309062071,7.001048564910889,2564534,0.042342,0.0
1997-05-16 00:00:00-04:00,6.950919180742413,7.001045958732255,6.8673747564886884,6.884083271026611,1256849,0.0,0.0
1997-05-19 00:00:00-04:00,6.867377798679688,6.934213738003252,6.800542476544434,6.9007954597473145,1061737,0.0,0.0
1997-05-20 00:00:00-04:00,6.900792402752571,6.9175015344785304,6.8673747564886884,6.884083271026611,1107247,0.0,0.0
1997-05-21 00:00:00-04:00,6.867378863740037,6.984341621398927,6.833961197489671,6.984341621398926,2855507,0.0,0.0
1997-05-22 00:00:00-04:00,7.017759361179772,7.067885548077898,6.950922799479982,7.051177024841309,1624802,0.0,0.0
1997-05-23 00:00:00-04:00,7.067885586047788,7.10130324988885,7.017759398880375,7.0845947265625,900516,0.0,0.0
1997-05-27 00:00:00-04:00,7.051177062721437,7.118013007591923,7.051177062721437,7.0845947265625,1144527,0.0,0.0
1997-05-28 00:00:00-04:00,7.067889312369289,7.201560655395895,7.067889312369289,7.184852123260498,1484883,0.0,0.0
1997-05-29 00:00:00-04:00,7.168133249660911,7.285095901880816,7.151424740192246,7.234969139099121,1577355,0.0,0.0
1997-05-30 00:00:00-04:00,7.168140262287729,7.351938983757036,7.1347225934698795,7.301812171936035,2250322,0.0,0.0
1997-06-02 00:00:00-04:00,7.335225497135166,7.435479052975769,7.285098102026828,7.385351657867432,1886242,0.0,0.0
1997-06-03 00:00:00-04:00,7.368646144866943,7.485608262865161,7.3352284850372085,7.368646144866943,1582197,0.0,0.0
1997-06-04 00:00:00-04:00,7.335227820524964,7.351936340332031,7.251682752736701,7.351936340332031,917461,0.0,0.0
1997-06-05 00:00:00-04:00,7.48560830522943,7.48560830522943,7.335228526550414,7.402063846588135,1334313,0.0,0.0
1997-06-06 00:00:00-04:00,7.3686439337768945,7.585860200461367,7.35193480028175,7.55244255065918,1319304,0.0,0.0
1997-06-09 00:00:00-04:00,7.519025046677631,7.652696893827213,7.502315911486892,7.635987758636475,1357068,0.0,0.0
1997-06-10 00:00:00-04:00,7.6526994791226395,7.869915841231335,7.635990338287087,7.786370754241943,3423413,0.0,0.0
1997-06-11 00:00:00-04:00,7.752948620993301,7.819783911435195,7.736238872600801,7.769657135009766,1944340,0.0,0.0
1997-06-12 00:00:00-04:00,7.786372093007131,8.003588492463356,7.719536135361721,7.986879348754883,2646355,0.0,0.0
1997-06-13 00:00:00-04:00,7.970168234142318,8.170675424780883,7.970168234142318,8.153966903686523,2238218,0.0,0.0
1997-06-16 00:00:00-04:00,8.120548102299944,8.15396637670544,8.087130445082686,8.137256622314453,2704453,0.0,0.0
1997-06-17 00:00:00-04:00,8.103841014211874,8.120550155639648,8.00358740002201,8.120550155639648,1920617,0.0,0.0
1997-06-18 00:00:00-04:00,8.087135314941406,8.10384384501735,8.020298725883187,8.087135314941406,1577840,0.0,0.0
1997-06-19 00:00:00-04:00,8.053715917549757,8.137260408054864,8.053715917549757,8.103842735290527,1407419,0.0,0.0
1997-06-20 00:00:00-04:00,8.10384384501735,8.170679816886958,8.070426167676851,8.087135314941406,3121789,0.0,0.0
1997-06-23 00:00:00-04:00,8.05371533802424,8.170678110065857,8.003588523890473,8.020297050476074,1614151,0.0,0.0
1997-06-24 00:00:00-04:00,8.120548116799718,8.295991897583008,8.037003047825038,8.295991897583008,1543949,0.0,0.0
1997-06-25 00:00:00-04:00,8.295995174507006,8.37118601315995,8.103842180590563,8.17067813873291,3258803,0.0,0.0
1997-06-26 00:00:00-04:00,8.137252151263885,8.220797174185192,7.920035955731546,8.011935234069824,1298002,0.0,0.0
1997-06-27 00:00:00-04:00,7.978522494689499,8.237510743534886,7.936749957577038,8.153966903686523,1695488,0.0,0.0
1997-06-30 00:00:00-04:00,8.18738563501981,8.287639243465076,7.986877800940919,8.254220962524414,1503281,0.0,0.0
1997-07-01 00:00:00-04:00,8.254220459461765,8.37118381843726,8.137257717674593,8.279284477233887,2139936,0.0,0.0
1997-07-02 00:00:00-04:00,8.254220082588764,8.270929221277829,8.179029884270417,8.245865821838379,1146463,0.0,0.0
1997-07-03 00:00:00-04:00,8.287638704388177,8.387892306312358,8.287638704388177,8.321056365966797,543699,0.0,0.0
1997-07-07 00:00:00-04:00,8.354474061796964,8.396246601832736,8.254220459461765,8.279284477233887,794488,0.0,0.0
1997-07-08 00:00:00-04:00,8.254220425621238,8.337764888161947,8.237511286237767,8.321056365966797,1111605,0.0,0.0
1997-07-09 00:00:00-04:00,8.30434801287675,8.321057153842316,8.12054993100902,8.145612716674805,1271374,0.0,0.0
1997-07-10 00:00:00-04:00,8.1790291713314,8.30434615760518,8.170674911309229,8.295991897583008,1668860,0.0,0.0
1997-07-11 00:00:00-04:00,8.295992965485752,8.337764888161947,8.287638704388177,8.321056365966797,683618,0.0,0.0
1997-07-14 00:00:00-04:00,8.321056405948799,8.371183824340067,8.287638744209609,8.354474067687988,1031720,0.0,0.0
1997-07-15 00:00:00-04:00,8.354474067687988,8.371183824340067,8.270929604745854,8.354474067687988,1451961,0.0,0.0
1997-07-16 00:00:00-04:00,8.321055844169058,8.529917913205967,8.321055844169058,8.463081359863281,1099017,0.0,0.0
1997-07-17 00:00:00-04:00,8.438020050376313,8.52991940147434,8.421310909125294,8.479792594909668,857911,0.0,0.0
1997-07-18 00:00:00-04:00,8.446372827725513,8.4965002426673,8.321055833341742,8.38789176940918,1121772,0.0,0.0
1997-07-21 00:00:00-04:00,8.35447295211469,8.35447295211469,8.270928500328253,8.295991897583008,749946,0.0,0.0
1997-07-22 00:00:00-04:00,8.287636923832322,8.38789050421754,8.287636923832322,8.346117973327637,1094175,0.0,0.0
1997-07-23 00:00:00-04:00,8.521562532081859,8.588398464288318,8.454726599875402,8.488144874572754,1702750,0.0,0.0
1997-07-24 00:00:00-04:00,8.5215649992269,8.61346435546875,8.471438807044935,8.61346435546875,1555085,0.0,0.0
1997-07-25 00:00:00-04:00,8.613462865243523,8.855742607679435,8.613462865243523,8.680298805236816,2674920,0.0,0.0
1997-07-28 00:00:00-04:00,8.755491148485593,8.780555172155257,8.688655809328043,8.730427742004395,833219,0.0,0.0
1997-07-29 00:00:00-04:00,8.70536168698738,8.989413952145995,8.688653165875659,8.981059074401855,2254679,0.0,0.0
1997-07-30 00:00:00-04:00,8.972705642932596,9.114731788635254,8.947642241760851,9.114731788635254,1907545,0.0,0.0
1997-07-31 00:00:00-04:00,9.089672347153346,9.139799171333339,9.022836375850488,9.098027229309082,1443731,0.0,0.0
1997-08-01 00:00:00-04:00,9.106379139179737,9.139796807594369,9.014479779553943,9.07296085357666,1564768,0.0,0.0
1997-08-04 00:00:00-04:00,9.056249270969438,9.10637668586944,8.880806096166689,8.981059074401855,2016478,0.0,0.0
1997-08-05 00:00:00-04:00,8.981061165294841,8.981061165294841,8.638527762122978,8.805617332458496,2026645,0.0,0.0
1997-08-06 00:00:00-04:00,8.797266602547992,9.064609899000292,8.747139155848807,8.763848304748535,4016011,0.0,0.0
1997-08-07 00:00:00-04:00,8.797259015973506,8.855740060906703,8.755486488342285,8.755486488342285,2832268,0.0,0.0
1997-08-08 00:00:00-04:00,8.671945214222417,8.680299475921453,8.40460205078125,8.40460205078125,2535001,0.0,0.0
1997-08-11 00:00:00-04:00,8.4213103115992,8.4213103115992,8.270929902575288,8.396246910095215,2179636,0.0,0.0
1997-08-12 00:00:00-04:00,8.429663773724126,8.513208848941103,8.404600991784978,8.454727172851562,1479558,0.0,0.0
1997-08-13 00:00:00-04:00,8.471437567913977,8.571691171990492,8.438019288429581,8.496500968933105,1292676,0.0,0.0
1997-08-14 00:00:00-04:00,8.529918516753982,8.554981300248423,8.379538112657377,8.471437454223633,946994,0.0,0.0
1997-08-15 00:00:00-04:00,8.317166328430176,8.384239775903076,8.317166328430176,8.317166328430176,1815556,0.046473,0.0
1997-08-18 00:00:00-04:00,8.31716298628625,8.451310446713904,8.308778963567967,8.342315673828125,1403062,0.0,0.0
1997-08-19 00:00:00-04:00,8.359083719264692,8.401005691017177,8.31716298628625,8.342315673828125,1102890,0.0,0.0
1997-08-20 00:00:00-04:00,8.342318664101452,8.375855386382723,8.317165967543685,8.367470741271973,1073841,0.0,0.0
1997-08-21 00:00:00-04:00,8.401011174093485,8.451315962622568,8.325552442831297,8.35070514678955,760113,0.0,0.0
1997-08-22 00:00:00-04:00,8.292014273997689,8.375856399536133,8.275245601135072,8.375856399536133,1933689,0.0,0.0
1997-08-25 00:00:00-04:00,8.359087726673517,8.375856399536133,8.292014273997689,8.375856399536133,1551211,0.0,0.0
1997-08-26 00:00:00-04:00,8.375852321289436,8.409389650685165,8.300394259229568,8.333930969238281,1130002,0.0,0.0
1997-08-27 00:00:00-04:00,8.325546946582858,8.350699633936147,8.292010236574145,8.333930969238281,743168,0.0,0.0
1997-08-28 00:00:00-04:00,8.300400633781315,8.300400633781315,8.048872947692871,8.048872947692871,1035109,0.0,0.0
1997-08-29 00:00:00-04:00,8.09917875742665,8.149484169381786,8.048872726084038,8.065641403198242,762050,0.0,0.0
1997-09-02 00:00:00-04:00,8.048875069161673,8.208175999651415,8.048875069161673,8.149486541748047,1199720,0.0,0.0
1997-09-03 00:00:00-04:00,8.149483874058006,8.514198407209832,8.099178463925854,8.476469039916992,1498278,0.0,1.5
1997-09-04 00:00:00-04:00,8.463889815515472,8.476465853627472,8.149480810681624,8.312973022460938,2880037,0.0,0.0
1997-09-05 00:00:00-04:00,8.325549573342208,8.37585496392043,8.224938792185766,8.237515449523926,766891,0.0,0.0
1997-09-08 00:00:00-04:00,8.275244182763986,8.300396878053098,8.224938792185766,8.237515449523926,1042533,0.0,0.0
1997-09-09 00:00:00-04:00,8.275246760989946,8.31297550598473,8.187211990356445,8.187211990356445,687491,0.0,0.0
1997-09-10 00:00:00-04:00,8.149479558066979,8.149479558066979,7.847646637738317,7.860223293304443,1423074,0.0,0.0
1997-09-11 00:00:00-04:00,7.822495584304802,7.87280159771807,7.545815917161731,7.596121311187744,2148328,0.0,0.0
1997-09-12 00:00:00-04:00,7.747037180228596,8.074022228185083,7.747037180228596,8.061446189880371,1855257,0.0,0.0
1997-09-15 00:00:00-04:00,8.048870029883158,8.19978683458211,7.835072410385237,7.89795446395874,953772,0.0,0.0
1997-09-16 00:00:00-04:00,7.897956653579679,8.237518474364355,7.897956653579679,8.21236515045166,1193587,0.0,0.0
1997-09-17 00:00:00-04:00,8.174634183346694,8.401009718523717,8.099176703933216,8.375856399536133,2231924,0.0,0.0
1997-09-18 00:00:00-04:00,8.363282963945968,8.627386701690316,8.363282963945968,8.564504623413086,1124838,0.0,0.0
1997-09-19 00:00:00-04:00,8.702838022080675,8.753143397630092,8.627379958756547,8.665108680725098,1915291,0.0,0.0
1997-09-22 00:00:00-04:00,8.715414056274515,8.76572005121096,8.639955992950387,8.665108680725098,1261045,0.0,0.0
1997-09-23 00:00:00-04:00,8.727997531423876,8.73742956444108,8.551927960002637,8.564504623413086,761404,0.0,0.0
1997-09-24 00:00:00-04:00,8.7028453940764,8.715421438923142,8.501623721428118,8.551928520202637,1526681,0.0,0.0
1997-09-25 00:00:00-04:00,8.551926394790591,8.790877381367665,8.551926394790591,8.740571975708008,1722600,0.0,0.0
1997-09-26 00:00:00-04:00,8.740573575446815,8.765726902267716,8.514199208546307,8.564504623413086,699433,0.0,0.0
1997-09-29 00:00:00-04:00,8.514192640521625,8.639956080672048,8.48903995249154,8.57707405090332,897288,0.0,0.0
1997-09-30 00:00:00-04:00,8.401005768784167,8.702838022080675,8.37585246162243,8.665108680725098,933438,0.0,0.0
1997-10-01 00:00:00-04:00,8.702838883691369,8.828602335015924,8.677685574039371,8.753144264221191,807560,0.0,0.0
1997-10-02 00:00:00-04:00,8.70284176104999,8.816028594970703,8.589654307741984,8.816028594970703,740424,0.0,0.0
1997-10-03 00:00:00-04:00,8.841181355727759,8.941792150759184,8.614807066907051,8.715417861938477,961519,0.0,0.0
1997-10-06 00:00:00-04:00,8.652536816135367,9.205896872838762,8.627384733826554,9.180744171142578,1008965,0.0,0.0
1997-10-07 00:00:00-04:00,9.15559759929035,9.306513910508743,9.092716112643247,9.268784523010254,1597690,0.0,0.0
1997-10-08 00:00:00-04:00,9.205896872838762,9.243626235076722,9.042404002119888,9.180744171142578,801427,0.0,0.0
1997-10-09 00:00:00-04:00,9.080132943999494,9.10528564453125,9.017251502363774,9.10528564453125,821116,0.0,0.0
1997-10-10 00:00:00-04:00,9.029829025268555,9.08013443459018,8.941794249261989,9.029829025268555,816920,0.0,0.0
1997-10-13 00:00:00-04:00,9.080134331067525,9.243627219192547,9.067558288574219,9.067558288574219,552897,0.0,0.0
1997-10-14 00:00:00-04:00,9.180744171142578,9.306507679623493,9.130439387137583,9.180744171142578,679422,0.0,0.0
1997-10-15 00:00:00-04:00,9.105285184433942,9.130438503082022,8.904062970960469,8.96694564819336,659410,0.0,0.0
1997-10-16 00:00:00-04:00,9.017257233287193,9.143020196487363,8.753153400158725,8.803458213806152,788194,0.0,0.0
1997-10-17 00:00:00-04:00,8.652532027144229,8.816024807373351,8.514192554076843,8.665108680725098,895675,0.0,0.0
1997-10-20 00:00:00-04:00,8.639959765664907,8.816028656969902,8.577077709076617,8.715417861938477,539664,0.0,0.0
1997-10-21 00:00:00-04:00,8.627384434285393,8.979522245805796,8.627384434285393,8.95436954498291,583237,0.0,0.0
1997-10-22 00:00:00-04:00,8.979519801186527,9.293928785570353,8.979519801186527,9.080130577087402,1005092,0.0,0.0
1997-10-23 00:00:00-04:00,8.95437007901482,8.992099442192975,8.539349561604668,8.878911972045898,1123870,0.0,0.0
1997-10-24 00:00:00-04:00,9.029824392884006,9.029824392884006,8.627381324768066,8.627381324768066,1182936,0.0,0.0
1997-10-27 00:00:00-05:00,8.35070284096519,8.388432196178329,7.583544652987613,7.596121311187744,2300996,0.0,0.0
1997-10-28 00:00:00-05:00,7.294289912022858,7.633851676314075,7.206255151137233,7.520664215087891,5481528,0.0,0.0
1997-10-29 00:00:00-05:00,7.583543764843339,8.325549168908188,7.583543764843339,8.22493839263916,4660735,0.0,0.0
1997-10-30 00:00:00-05:00,8.023719255616474,8.22494086873166,7.973413852337677,8.099177360534668,1348515,0.0,0.0
1997-10-31 00:00:00-05:00,8.111750219542499,8.111750219542499,7.759612534729265,7.835070610046387,2454310,0.0,0.0
1997-11-03 00:00:00-05:00,7.948262632738327,8.086602838024229,7.696735549843534,7.9356865882873535,2104754,0.0,0.0
1997-11-04 00:00:00-05:00,7.872803872861725,8.149483619961845,7.872803872861725,8.136907577514648,1600272,0.0,0.0
1997-11-05 00:00:00-05:00,8.136908350119441,8.27524792711122,8.048872947692871,8.048872947692871,1751003,0.0,0.0
1997-11-06 00:00:00-05:00,8.048870185362128,8.048870185362128,7.75961446762085,7.75961446762085,3053040,0.0,0.0
1997-11-07 00:00:00-05:00,7.545819628734655,7.847652141353515,7.47036150057994,7.67158317565918,1584134,0.0,0.0
1997-11-10 00:00:00-05:00,7.6967358850440855,7.747041303813895,7.57097233811956,7.67158317565918,1107732,0.0,0.0
1997-11-11 00:00:00-05:00,7.797343556093852,7.797343556093852,7.369747670196533,7.432629108428955,2693802,0.0,0.0
1997-11-12 00:00:00-05:00,7.319443515970628,7.520665779951797,6.97988168102502,6.992458343505859,2507243,0.0,0.0
1997-11-13 00:00:00-05:00,7.344595201025916,7.558393478393555,7.105644840966369,7.558393478393555,4464171,0.0,0.0
1997-11-14 00:00:00-05:00,7.475053608891374,7.7654702342212385,7.323532999879698,7.677082538604736,6951403,0.046473,0.0
1997-11-17 00:00:00-05:00,7.828605714202941,7.904366970334475,7.752845079942046,7.7907257080078125,5069679,0.0,0.0
1997-11-18 00:00:00-05:00,7.803350799332885,7.803350799332885,7.702336024234093,7.714962482452393,3316094,0.0,0.0
1997-11-19 00:00:00-05:00,7.714962510772589,7.828603744506837,7.651828975708383,7.828603744506836,3278976,0.0,0.0
1997-11-20 00:00:00-05:00,7.87911286326074,8.169529562928442,7.87911286326074,8.10639476776123,2054726,0.0,0.0
1997-11-21 00:00:00-05:00,8.18215368811609,8.283167839050293,8.106392453044972,8.283167839050293,1943372,0.0,0.0
1997-11-24 00:00:00-05:00,8.232664278664146,8.232664278664146,7.702339137957455,7.929621696472168,1188746,0.0,0.0
1997-11-25 00:00:00-05:00,7.90436784357807,8.00538203375225,7.752845936446093,7.879113674163818,1251039,0.0,0.0
1997-11-26 00:00:00-05:00,7.9296208822965895,8.106395081887515,7.9296208822965895,8.043261528015137,749784,0.0,0.0
1997-11-28 00:00:00-05:00,8.207407792176536,8.257915496826172,8.144274249637965,8.257915496826172,616805,0.0,0.0
1997-12-01 00:00:00-05:00,8.257919648790264,8.257919648790264,7.954876377879401,8.131651878356934,1271696,0.0,0.0
1997-12-02 00:00:00-05:00,8.14427775720435,8.232665501069729,8.106397117870381,8.220038414001465,1692906,0.0,0.0
1997-12-03 00:00:00-05:00,8.283167407854828,8.295794486999512,8.055885580084443,8.295794486999512,1472457,0.0,0.0
1997-12-04 00:00:00-05:00,8.321050350247718,8.485198706074636,8.321050350247718,8.447318077087402,819825,0.0,0.0
1997-12-05 00:00:00-05:00,8.422068768632954,8.573589484007845,8.396815212425318,8.49782943725586,880182,0.0,0.0
1997-12-08 00:00:00-05:00,8.523078406328564,8.535705488571926,8.34630298614502,8.34630298614502,787548,0.0,0.0
1997-12-09 00:00:00-05:00,8.358932614877334,8.485200366424586,8.295799050039095,8.472573280334473,872435,0.0,0.0
1997-12-10 00:00:00-05:00,8.106397887549198,8.182159173410449,7.980130114231916,8.081144332885742,1127097,0.0,0.0
1997-12-11 00:00:00-05:00,8.08114153596443,8.08114153596443,7.916993798399713,8.043261528015137,1261368,0.0,0.0
1997-12-12 00:00:00-05:00,8.131648032357418,8.29579636721947,8.05588740592968,8.232662200927734,1918841,0.0,0.0
1997-12-15 00:00:00-05:00,8.207411326933201,8.24529196626717,8.093770652672939,8.220038414001465,891156,0.0,0.0
1997-12-16 00:00:00-05:00,8.33368101097077,8.510455904424218,8.257920342347862,8.49782943725586,3292855,0.0,0.0
1997-12-17 00:00:00-05:00,8.49782391504227,8.49782391504227,8.232661436239438,8.245287895202637,2313584,0.0,0.0
1997-12-18 00:00:00-05:00,8.308425522589694,8.308425522589694,8.156904220581055,8.156904220581055,2697029,0.0,0.0
1997-12-19 00:00:00-05:00,7.980125427246094,7.980125427246094,7.752843568764974,7.980125427246094,1728087,0.0,0.0
1997-12-22 00:00:00-05:00,8.131650988530554,8.131650988530554,7.916995491347675,7.967502593994141,1003155,0.0,0.0
1997-12-23 00:00:00-05:00,7.980128171633433,8.005382342020162,7.8286068805374445,7.929621696472168,915686,0.0,0.0
1997-12-24 00:00:00-05:00,7.980126182015469,7.980126182015469,7.841231388871589,7.853858470916748,370535,0.0,0.0
1997-12-26 00:00:00-05:00,7.904369026621459,7.992756145317374,7.904369026621459,7.967502593994141,564517,0.0,0.0
1997-12-29 00:00:00-05:00,8.018007982092053,8.06851569580889,7.828606076733584,8.043261528015137,508356,0.0,0.0
1997-12-30 00:00:00-05:00,8.081140085228837,8.257915496826172,7.967499459911187,8.257915496826172,651341,0.0,0.0
1997-12-31 00:00:00-05:00,8.358934311882573,8.384187867318923,8.055891646646376,8.182159423828125,544506,0.0,0.0
1998-01-02 00:00:00-05:00,8.232660335016964,8.409435089949488,8.19477971945335,8.295794486999512,721704,0.0,0.0
1998-01-05 00:00:00-05:00,8.257919837400818,8.257919837400818,7.980130114231916,8.081144332885742,2415901,0.0,0.0
1998-01-06 00:00:00-05:00,8.081144148312733,8.283173202876931,8.043264128118167,8.131651878356934,2031809,0.0,0.0
1998-01-07 00:00:00-05:00,8.144275270976715,8.220035904646151,7.954873375867807,8.055888175964355,832412,0.0,0.0
1998-01-08 00:00:00-05:00,8.05588912883934,8.068516213546467,7.8538601266202726,7.879113674163818,1909804,0.0,0.0
1998-01-09 00:00:00-05:00,7.929619546646784,7.929619546646784,7.374040386178267,7.462428092956543,2494333,0.0,0.0
1998-01-12 00:00:00-05:00,7.411925299399995,7.5760737261903435,7.386671743114627,7.538193702697754,3064337,0.0,0.0
1998-01-13 00:00:00-05:00,7.752843100848249,7.752843100848249,7.651828947619936,7.714962482452393,1537333,0.0,0.0
1998-01-14 00:00:00-05:00,8.030633755333652,8.030633755333652,7.702337090043183,7.803351879119873,1332054,0.0,0.0
1998-01-15 00:00:00-05:00,7.803350827977539,7.828603744506837,7.76547020944263,7.828603744506836,737519,0.0,0.0
1998-01-16 00:00:00-05:00,7.9043709080916145,8.030638694763184,7.891743818488983,8.030638694763184,1397575,0.0,0.0
1998-01-20 00:00:00-05:00,7.9801290930040185,8.08114329873092,7.853861335845393,7.916995525360107,1166798,0.0,0.0
1998-01-21 00:00:00-05:00,7.853859383316763,7.980127109084281,7.7780987478562515,7.8412322998046875,1153241,0.0,0.0
1998-01-22 00:00:00-05:00,7.790723719244106,7.803350799332885,7.626575409312859,7.714962482452393,2005988,0.0,0.0
1998-01-23 00:00:00-05:00,7.576072211641111,7.601325762877985,7.475057384822815,7.512938022613525,2472707,0.0,0.0
1998-01-26 00:00:00-05:00,7.525561556130438,7.651829252700152,7.475053855632049,7.601322174072266,844678,0.0,0.0
1998-01-27 00:00:00-05:00,7.5760737261903435,7.778102176473283,7.475058879177952,7.538193702697754,2089584,0.0,0.0
1998-01-28 00:00:00-05:00,7.588696316629311,7.689711112037193,7.576069855872454,7.639204025268555,1089334,0.0,0.0
1998-01-29 00:00:00-05:00,7.828604188258681,8.081139586571036,7.803351270297963,7.980125427246094,2194483,0.0,0.0
1998-01-30 00:00:00-05:00,8.081141098650201,8.081141098650201,7.942246914524884,8.055888175964355,3025927,0.0,0.0
1998-02-02 00:00:00-05:00,8.182157096874905,8.510453224182129,8.182157096874905,8.510453224182129,3826063,0.0,0.0
1998-02-03 00:00:00-05:00,8.459946264845001,8.687228202819824,8.434693338051867,8.687228202819824,1809101,0.0,0.0
1998-02-04 00:00:00-05:00,8.661973030776513,8.661973030776513,8.434691151714906,8.560958862304688,1673540,0.0,0.0
1998-02-05 00:00:00-05:00,8.598841093431648,8.762989470682166,8.598841093431648,8.687228202819824,1899476,0.0,0.0
1998-02-06 00:00:00-05:00,8.687227057164625,8.914509587036589,8.661974133701799,8.901883125305176,1300745,0.0,0.0
1998-02-09 00:00:00-05:00,8.901885584267557,9.078659828561499,8.750363648541219,9.066033363342285,1502797,0.0,0.0
1998-02-10 00:00:00-05:00,9.015521971438837,9.028149052524132,8.838746567467878,8.952387809753418,2929098,0.0,0.0
1998-02-11 00:00:00-05:00,8.914508357811403,8.952388359653007,8.826120650396717,8.864001274108887,1066418,0.0,0.0
1998-02-12 00:00:00-05:00,8.843731187277715,9.09713363647461,8.69169071616614,9.09713363647461,1716790,0.046473,0.0
1998-02-13 00:00:00-05:00,9.071790019510017,9.071790019510017,8.90707858348996,8.995769500732422,878568,0.0,0.0
1998-02-17 00:00:00-05:00,9.021111506458032,9.071791862606382,8.919750794161335,9.059122085571289,744620,0.0,0.0
1998-02-18 00:00:00-05:00,9.084460417974883,9.084460417974883,8.86906801209923,8.995769500732422,1008642,0.0,0.0
1998-02-19 00:00:00-05:00,9.008443294607115,9.008443294607115,8.780381636517108,8.907082557678223,1095789,0.0,0.0
1998-02-20 00:00:00-05:00,8.9577636634773,8.983103224025967,8.86907208153621,8.919753074645996,1197138,0.0,0.0
1998-02-23 00:00:00-05:00,8.919753074645996,8.945093259198815,8.84373189698339,8.919753074645996,943444,0.0,0.0
1998-02-24 00:00:00-05:00,8.894412276578967,9.071793556213379,8.843731286965026,9.071793556213379,2319716,0.0,0.0
1998-02-25 00:00:00-05:00,9.097133046695648,9.401215841217018,9.097133046695648,9.287184715270996,2395566,0.0,0.0
1998-02-26 00:00:00-05:00,9.173152844135242,9.578596329225798,9.173152844135242,9.565926551818848,2359094,0.0,0.0
1998-02-27 00:00:00-05:00,9.477233553380053,9.679955577198495,9.477233553380053,9.65461540222168,2373941,0.0,0.0
1998-03-02 00:00:00-05:00,9.603933944337221,9.730635436840931,9.527914047241211,9.527914047241211,1295904,0.0,0.0
1998-03-03 00:00:00-05:00,9.426554871908548,9.692627050648321,9.426554871908548,9.66728687286377,1061253,0.0,0.0
1998-03-04 00:00:00-05:00,9.65461867648238,9.679958860053048,9.515247354841641,9.553257942199707,771733,0.0,0.0
1998-03-05 00:00:00-05:00,9.477235237264855,9.553256399706415,9.375874519348145,9.375874519348145,979594,0.0,0.0
1998-03-06 00:00:00-05:00,9.401213178741385,9.616604343189147,9.401213178741385,9.527914047241211,942798,0.0,0.0
1998-03-09 00:00:00-05:00,9.477234840393066,9.527915821233115,9.43922488476803,9.477234840393066,867917,0.0,0.0
1998-03-10 00:00:00-05:00,9.426554370771157,9.502574900083381,9.35053321745498,9.464564323425293,1284607,0.0,0.0
1998-03-11 00:00:00-05:00,9.464565000978684,9.717966783493402,9.426555045603473,9.578596115112305,1415973,0.0,0.0
1998-03-12 00:00:00-05:00,9.375877488032891,9.73064073707412,9.325197737031829,9.692630767822266,1295581,0.0,0.0
1998-03-13 00:00:00-05:00,9.692630767822266,9.819331705335482,9.65462017456619,9.692630767822266,1336250,0.0,0.0
1998-03-16 00:00:00-05:00,9.641944604248927,9.73063552500432,9.641944604248927,9.717965126037598,777220,0.0,0.0
1998-03-17 00:00:00-05:00,9.730636404760972,9.93335843852962,9.717966004648705,9.781316757202148,1982426,0.0,0.0
1998-03-18 00:00:00-05:00,9.781316757202148,9.920688038417353,9.730636404760972,9.781316757202148,1487304,0.0,0.0
1998-03-19 00:00:00-05:00,9.75597838300966,9.844668704161746,9.75597838300966,9.806658744812012,1954346,0.0,0.0
1998-03-20 00:00:00-05:00,9.908021197812765,9.984041753785304,9.81933086118022,9.933362007141113,1704525,0.0,0.0
1998-03-23 00:00:00-05:00,9.806658087965705,9.831998267169604,9.692627593550162,9.730637550354004,1200043,0.0,0.0
1998-03-24 00:00:00-05:00,9.730638955623299,9.920690639101247,9.730638955623299,9.895350456237793,562903,0.0,0.0
1998-03-25 00:00:00-05:00,9.895348943805802,9.984039258270162,9.654616931395081,9.793988227844238,1530554,0.0,0.0
1998-03-26 00:00:00-05:00,9.755977183107705,9.806657538676806,9.66728687286377,9.66728687286377,941184,0.0,0.0
1998-03-27 00:00:00-05:00,9.616603759417888,9.819325760715351,9.591263587256186,9.64194393157959,830476,0.0,0.0
1998-03-30 00:00:00-05:00,9.591267919353331,9.781319608408849,9.578598139551831,9.743309020996094,1255881,0.0,0.0
1998-03-31 00:00:00-05:00,9.781315872863434,9.895346967548384,9.679955177145207,9.717965126037598,1053830,0.0,0.0
1998-04-01 00:00:00-05:00,9.717965814955857,9.857337093450562,9.591264936326095,9.83199691772461,1749067,0.0,0.0
1998-04-02 00:00:00-05:00,9.882676049199226,10.414820297757057,9.882676049199226,10.300789833068848,2458506,0.0,0.0
1998-04-03 00:00:00-05:00,10.288125350379078,10.516187034893468,10.262785163210813,10.440166473388672,2048593,0.0,0.0
1998-04-06 00:00:00-04:00,10.41482210846683,10.440162285470253,10.224770468939164,10.288121223449707,2702194,0.0,0.0
1998-04-07 00:00:00-04:00,10.288122600858426,10.364143142046586,10.212101435666217,10.338802337646484,1125484,0.0,0.0
1998-04-08 00:00:00-04:00,10.338805100711394,10.516187034893468,10.224774570456306,10.440166473388672,1435339,0.0,0.0
1998-04-09 00:00:00-04:00,10.478172927135695,10.592203419138164,10.364142435133225,10.402153015136719,1594785,0.0,0.0
1998-04-13 00:00:00-04:00,10.414822792468547,10.427493193804379,10.262781720462584,10.402153015136719,818534,0.0,0.0
1998-04-14 00:00:00-04:00,10.402153584778585,10.566864443136259,10.376812780719208,10.541524887084961,1144204,0.0,0.0
1998-04-15 00:00:00-04:00,10.541521869259618,10.921625085277824,10.541521869259618,10.845603942871094,1655465,0.0,0.0
1998-04-16 00:00:00-04:00,10.794925492581488,10.858275623704607,10.541523720081065,10.554193496704102,1581551,0.0,0.0
1998-04-17 00:00:00-04:00,10.554193303653491,10.61754343361785,10.478172149289923,10.604873657226562,1273956,0.0,0.0
1998-04-20 00:00:00-04:00,10.554198347780686,10.782260671860412,10.554198347780686,10.71890926361084,1330440,0.0,0.0
1998-04-21 00:00:00-04:00,10.718902454862452,10.858273717269642,10.718902454862452,10.845603942871094,1006383,0.0,0.0
1998-04-22 00:00:00-04:00,10.858275518028735,10.946966449542701,10.262781046446284,10.288121223449707,1887856,0.0,0.0
1998-04-23 00:00:00-04:00,10.161426551225771,10.300797921959575,10.009384772241466,10.085405349731445,2491750,0.0,0.0
1998-04-24 00:00:00-04:00,10.060061956852289,10.174092467735772,9.882680052804012,9.895350456237793,1099017,0.0,0.0
1998-04-27 00:00:00-04:00,9.844666476400628,9.857336875986046,9.439223673729936,9.591264724731445,1982426,0.0,0.0
1998-04-28 00:00:00-04:00,9.591268114100956,9.591268114100956,9.325196492825686,9.502577781677246,2074092,0.0,0.0
1998-04-29 00:00:00-04:00,9.325190389005773,9.47723077021324,9.27450942993164,9.27450942993164,4112034,0.0,0.0
1998-04-30 00:00:00-04:00,9.325191911266055,9.55325345631201,9.299851739594283,9.337861061096191,4001971,0.0,0.0
1998-05-01 00:00:00-04:00,9.375874649876971,9.464565591290842,9.198494015057298,9.426555633544922,4251468,0.0,0.0
1998-05-04 00:00:00-04:00,9.451894547208564,9.603934981829063,9.337862817234301,9.464564323425293,1956928,0.0,0.0
1998-05-05 00:00:00-04:00,9.464568781460526,9.464568781460526,9.122475926419733,9.236506462097168,1560572,0.0,0.0
1998-05-06 00:00:00-04:00,9.287184715270996,9.401215841217018,9.249174131954303,9.287184715270996,1074164,0.0,0.0
1998-05-07 00:00:00-04:00,9.388545540768382,9.47723586279738,9.236503829853977,9.261844635009766,1142913,0.0,0.0
1998-05-08 00:00:00-04:00,9.274512008000984,9.489903803925278,9.274512008000984,9.350532531738281,833058,0.0,0.0
1998-05-11 00:00:00-04:00,9.337866796263889,9.50257894929972,9.312527233032798,9.451898574829102,1029945,0.0,0.0
1998-05-12 00:00:00-04:00,9.451895813376881,9.502576173040797,9.274513930549139,9.426555633544922,810142,0.0,0.0
1998-05-13 00:00:00-04:00,9.477234196205483,9.629275880383034,9.325193760035846,9.439224243164062,997668,0.0,0.0
1998-05-14 00:00:00-04:00,9.482444825817746,9.685821470568971,9.457022745223844,9.58413314819336,914395,0.046473,0.0
1998-05-15 00:00:00-04:00,9.634973025843765,9.634973025843765,9.469729877721504,9.596840858459473,1068031,0.0,0.0
1998-05-18 00:00:00-04:00,9.596841235568242,9.685818174356447,9.50786304473877,9.50786304473877,1398866,0.0,0.0
1998-05-19 00:00:00-04:00,9.520569802071902,9.685813503013131,9.469725682708498,9.634968757629395,1112896,0.0,0.0
1998-05-20 00:00:00-04:00,9.68581960530024,9.762085832394808,9.622264103044404,9.66039752960205,1068677,0.0,0.0
1998-05-21 00:00:00-04:00,9.647684753432477,9.73666169222068,9.469730249835434,9.50786304473877,1153564,0.0,0.0
1998-05-22 00:00:00-04:00,9.53328604767202,9.545996771039537,9.393464334505412,9.482441902160645,869853,0.0,0.0
1998-05-26 00:00:00-04:00,9.533290637292657,9.63497835125036,9.393468856811523,9.393468856811523,1697747,0.0,0.0
1998-05-27 00:00:00-04:00,9.355332941542034,9.380754392089903,9.062978747992549,9.27906608581543,930856,0.0,0.0
1998-05-28 00:00:00-04:00,9.32990887141298,9.32990887141298,9.101109605163158,9.202797889709473,900516,0.0,0.0
1998-05-29 00:00:00-04:00,9.228220713894574,9.304486302333505,9.113821079194935,9.164665222167969,1096435,0.0,0.0
1998-06-01 00:00:00-04:00,9.190085653492735,9.190085653492735,8.961287050947943,8.999419212341309,1223927,0.0,0.0
1998-06-02 00:00:00-04:00,9.024843696417083,9.126531984396225,8.8214671204588,8.872310638427734,1069645,0.0,0.0
1998-06-03 00:00:00-04:00,8.84688949584961,8.897733015562178,8.808756073539364,8.84688949584961,1252653,0.0,0.0
1998-06-04 00:00:00-04:00,8.846885612060078,8.846885612060078,8.719775303528538,8.796041488647461,830476,0.0,0.0
1998-06-05 00:00:00-04:00,8.745200498135217,8.973999777856411,8.694356978889083,8.935866355895996,1244261,0.0,0.0
1998-06-08 00:00:00-04:00,9.15195506226394,9.15195506226394,8.897733688354492,8.897733688354492,621647,0.0,0.0
1998-06-09 00:00:00-04:00,8.82146941285382,9.02484604166266,8.770624629630811,8.97400188446045,922141,0.0,0.0
1998-06-10 00:00:00-04:00,8.948573112487793,9.126527529588829,8.948573112487793,8.948573112487793,1905608,0.0,0.0
1998-06-11 00:00:00-04:00,8.94857778731606,9.024844005915895,8.821467422982998,8.84688949584961,2363935,0.0,0.0
1998-06-12 00:00:00-04:00,8.821462814558481,8.948573112487793,8.694352516629172,8.948573112487793,2569214,0.0,0.0
1998-06-15 00:00:00-04:00,8.935866355895996,9.228221130210999,8.885022210629208,8.935866355895996,2375878,0.0,0.0
1998-06-16 00:00:00-04:00,8.974001385216274,8.974001385216274,8.579958875810233,8.74520206451416,1835568,0.0,0.0
1998-06-17 00:00:00-04:00,8.796045531947781,9.177376632829821,8.719779311771372,9.05026626586914,1835891,0.0,0.0
1998-06-18 00:00:00-04:00,9.024846749379645,9.024846749379645,8.745203236817403,8.83418083190918,1625125,0.0,0.0
1998-06-19 00:00:00-04:00,8.821464728481294,8.834175448021803,8.338444865532615,8.465555191040039,3620462,0.0,0.0
1998-06-22 00:00:00-04:00,8.41471135898836,8.643509953008548,8.389289292986115,8.579955101013184,935375,0.0,0.0
1998-06-23 00:00:00-04:00,8.630805151960713,8.630805151960713,8.478273266298855,8.56725025177002,849519,0.0,0.0
1998-06-24 00:00:00-04:00,8.46556032009345,8.808758719908331,8.35116127083572,8.783336639404297,1176803,0.0,0.0
1998-06-25 00:00:00-04:00,8.79604668784412,8.80875741320018,8.427426262207074,8.541825294494629,1259431,0.0,0.0
1998-06-26 00:00:00-04:00,8.516408932590055,8.770629870510533,8.516408932590055,8.643519401550293,926337,0.0,0.0
1998-06-29 00:00:00-04:00,8.64351454952347,8.745202867609041,8.503692799145398,8.516404151916504,1008642,0.0,0.0
1998-06-30 00:00:00-04:00,8.541825160932394,8.999422534969009,8.529113809754339,8.96129035949707,1740352,0.0,0.0
1998-07-01 00:00:00-04:00,8.999422501081837,9.126533508300781,8.910445547253461,9.126533508300781,1914000,0.0,0.0
1998-07-02 00:00:00-04:00,9.164666460572,9.164666460572,8.618091536743927,8.757912635803223,1320434,0.0,0.0
1998-07-06 00:00:00-04:00,8.808756073539364,8.935866437872425,8.770622651229116,8.84688949584961,701370,0.0,0.0
1998-07-07 00:00:00-04:00,8.89772910945231,8.89772910945231,8.745196739214464,8.796041488647461,531918,0.0,0.0
1998-07-08 00:00:00-04:00,8.834179183348432,8.872311984113992,8.338448391251042,8.376581192016602,2765133,0.0,0.0
1998-07-09 00:00:00-04:00,8.37658139002548,8.770623888034933,8.1604934271769,8.630802154541016,8295399,0.0,0.0
1998-07-10 00:00:00-04:00,8.846889192453585,8.948577480432727,8.719778832479658,8.872310638427734,7186376,0.0,0.0
1998-07-13 00:00:00-04:00,9.050266763108443,9.050266763108443,8.78333466481491,8.897733688354492,2098299,0.0,0.0
1998-07-14 00:00:00-04:00,8.910446395690208,9.279066849274754,8.910446395690208,9.240933418273926,2787081,0.0,0.0
1998-07-15 00:00:00-04:00,9.253643448440274,9.457020674684523,9.050266848216735,9.355332374572754,4065555,0.0,0.0
1998-07-16 00:00:00-04:00,9.304486743732404,9.545996747321713,9.151954307577258,9.457019805908203,5874334,0.0,0.0
1998-07-17 00:00:00-04:00,9.431600315555045,9.431600315555045,9.228223678331034,9.291778564453125,1732606,0.0,0.0
1998-07-20 00:00:00-04:00,9.2409308106069,9.342619722573591,9.126531801927882,9.164665222167969,865012,0.0,0.0
1998-07-21 00:00:00-04:00,9.113820727755597,9.25364180252947,9.088398657249384,9.139242172241211,2564050,0.0,0.0
1998-07-22 00:00:00-04:00,9.190087293654488,9.291775579600557,9.075687658954847,9.164665222167969,1071259,0.0,0.0
1998-07-23 00:00:00-04:00,9.151956726630837,9.469733032292643,9.151956726630837,9.406177520751953,3393235,0.0,0.0
1998-07-24 00:00:00-04:00,9.457020253065833,9.533286474749513,9.24093168593105,9.253643035888672,2778366,0.0,0.0
1998-07-27 00:00:00-04:00,9.253647042787438,9.329913923515933,9.050270363567327,9.3172025680542,1762946,0.0,0.0
1998-07-28 00:00:00-04:00,9.457019227095874,9.53328544050561,9.139242398857718,9.202797889709473,1967256,0.0,0.0
1998-07-29 00:00:00-04:00,9.20279637395719,9.20279637395719,8.948575704462977,8.999419212341309,895997,0.0,0.0
1998-07-30 00:00:00-04:00,9.05026364423421,9.126529842318208,9.05026364423421,9.113819122314453,866303,0.0,0.0
1998-07-31 00:00:00-04:00,9.11381945264447,9.190085653492735,8.8723088775942,8.999419212341309,939571,0.0,0.0
1998-08-03 00:00:00-04:00,9.024848278664814,9.342624652956713,8.821471599444703,9.3172025680542,1791026,0.0,0.0
1998-08-04 00:00:00-04:00,9.304489863893075,9.418889542382463,8.923158645629883,8.923158645629883,1998242,0.0,0.0
1998-08-05 00:00:00-04:00,8.93586585509439,9.075687559752215,8.770622079227927,9.062976837158203,1667084,0.0,0.0
1998-08-06 00:00:00-04:00,9.113823200879542,9.533287791068132,9.088401123474803,9.469732284545898,2257423,0.0,0.0
1998-08-07 00:00:00-04:00,9.520574698283848,9.685818484206147,9.342620188994037,9.482441902160645,1648041,0.0,0.0
1998-08-10 00:00:00-04:00,9.406177520751953,9.431600226184884,9.342622635232084,9.406177520751953,1422105,0.0,0.0
1998-08-11 00:00:00-04:00,9.32991369350423,9.32991369350423,8.961293158494957,9.177380561828613,1747776,0.0,0.0
1998-08-12 00:00:00-04:00,9.177380788079896,9.444312992566768,9.177380788079896,9.3172025680542,1578324,0.0,0.0
1998-08-13 00:00:00-04:00,9.266350892461961,9.279062238486206,9.062974990258454,9.113819122314453,2115406,0.0,0.0
1998-08-14 00:00:00-04:00,9.169937750255329,9.208199246091814,8.69804952763675,8.800079345703125,3026573,0.046473,0.0
1998-08-17 00:00:00-04:00,8.774575055725833,9.029649692884114,8.685299246782142,8.96588134765625,1990495,0.0,0.0
1998-08-18 00:00:00-04:00,8.965878464989176,9.169938109107504,8.965878464989176,9.06790828704834,1518289,0.0,0.0
1998-08-19 00:00:00-04:00,9.157185834552358,9.157185834552358,8.77457332611084,8.77457332611084,1624802,0.0,0.0
1998-08-20 00:00:00-04:00,8.749067332551988,8.940372976951284,8.723559871423857,8.863850593566895,1102567,0.0,0.0
1998-08-21 00:00:00-04:00,8.81283187866211,8.81283187866211,8.63427972760606,8.81283187866211,1472779,0.0,0.0
1998-08-24 00:00:00-04:00,8.7745762555333,8.7745762555333,8.506748163956855,8.67254638671875,1588652,0.0,0.0
1998-08-25 00:00:00-04:00,8.800081182276793,8.86385014593843,8.68529792705849,8.787327766418457,1796836,0.0,0.0
1998-08-26 00:00:00-04:00,8.736315368789594,8.76182283599323,8.621532080434974,8.67254638671875,1170025,0.0,0.0
1998-08-27 00:00:00-04:00,8.468483033280362,8.468483033280362,8.111378644903187,8.213408470153809,1934334,0.0,0.0
1998-08-28 00:00:00-04:00,8.264423515030334,8.519498710361953,8.238916058309496,8.28993034362793,1905608,0.0,0.0
1998-08-31 00:00:00-04:00,8.289929261683763,8.41746715676583,8.111377716064453,8.111377716064453,2049884,0.0,0.0
1998-09-01 00:00:00-04:00,8.111379568729053,8.302685198800642,8.111379568729053,8.264424324035645,1973389,0.0,0.0
1998-09-02 00:00:00-04:00,8.315435814245152,8.570510301262594,8.23891346813992,8.379204750061035,1381114,0.0,0.0
1998-09-03 00:00:00-04:00,8.289927378125368,8.289927378125368,7.805285873797148,7.996592044830322,2609560,0.0,0.0
1998-09-04 00:00:00-04:00,8.060364539664448,8.213409932920216,7.98384278522158,8.136887550354004,1767142,0.0,0.0
1998-09-08 00:00:00-04:00,8.264423065731638,8.43022121134178,7.958332973599055,8.162392616271973,2585998,0.0,0.0
1998-09-09 00:00:00-04:00,8.060365948781486,8.289933136613168,7.996597599556634,8.277179718017578,2322621,0.0,0.0
1998-09-10 00:00:00-04:00,8.034852862470972,8.047606900267587,7.588472217680697,7.613980293273926,1346578,0.0,0.0
1998-09-11 00:00:00-04:00,7.524705384119871,7.958332075886011,7.422674946169407,7.8052873611450195,1929170,0.0,0.0
1998-09-14 00:00:00-04:00,7.856302711592435,8.238915148266138,7.856302711592435,8.034854888916016,1880432,0.0,0.0
1998-09-15 00:00:00-04:00,8.03485661394874,8.35370079837943,7.971088279561249,8.328192710876465,1558958,0.0,0.0
1998-09-16 00:00:00-04:00,8.353699473462644,8.391960342402212,8.009348512390492,8.162392616271973,1728087,0.0,0.0
1998-09-17 00:00:00-04:00,8.085868825483674,8.085868825483674,7.741517951838251,7.881809234619141,1254913,0.0,0.0
1998-09-18 00:00:00-04:00,7.881811849473755,7.8945652640723125,7.588475148104602,7.601229190826416,2067636,0.0,0.0
1998-09-21 00:00:00-04:00,7.499197482238326,7.550211755971583,7.1165850901925625,7.524704933166504,2625375,0.0,0.0
1998-09-22 00:00:00-04:00,7.550214466448486,7.932826995849609,7.550214466448486,7.932826995849609,2271624,0.0,0.0
1998-09-23 00:00:00-04:00,7.932821281951194,8.430216709407139,7.932821281951194,8.417463302612305,1953700,0.0,0.0
1998-09-24 00:00:00-04:00,8.340944308102905,8.506743059501058,7.983839981531787,8.085869789123535,1854288,0.0,0.0
1998-09-25 00:00:00-04:00,8.098621973747868,8.098621973747868,7.728763663214452,7.818039417266846,2296154,0.0,0.0
1998-09-28 00:00:00-04:00,7.652243399678919,8.085870762253796,7.652243399678919,7.9838409423828125,2225469,0.0,0.0
1998-09-29 00:00:00-04:00,8.034853048009921,8.085868572251405,7.728763671299194,7.920069217681885,1462774,0.0,0.0
1998-09-30 00:00:00-04:00,7.907319534965285,7.907319534965285,7.588475969871014,7.74152135848999,889219,0.0,0.0
1998-10-01 00:00:00-04:00,7.703262886339593,7.741524405585056,7.26963589425792,7.282388687133789,1332376,0.0,0.0
1998-10-02 00:00:00-04:00,7.282386832351044,7.537462096732901,7.282386832351044,7.511955261230469,1441148,0.0,0.0
1998-10-05 00:00:00-04:00,7.51195160220946,7.537458425287691,7.116585166404078,7.409921169281006,1693874,0.0,0.0
1998-10-06 00:00:00-04:00,7.409922527035162,7.652243671911033,7.320646117410403,7.39716911315918,1674185,0.0,0.0
1998-10-07 00:00:00-04:00,7.422676603504829,7.754274187605896,7.19310948013559,7.295139312744141,3672427,0.0,0.0
1998-10-08 00:00:00-04:00,7.1931098566471565,7.269632863232318,6.938035261774318,7.142095565795898,2141227,0.0,0.0
1998-10-09 00:00:00-04:00,7.167598776866308,7.7160098210300925,7.15484536762596,7.550210475921631,2614401,0.0,0.0
1998-10-12 00:00:00-04:00,7.601228302208426,7.856302845592769,7.601228302208426,7.66499662399292,3022700,0.0,0.0
1998-10-13 00:00:00-04:00,7.613982802159866,7.664997085787015,7.346154201408809,7.39716911315918,1644168,0.0,0.0
1998-10-14 00:00:00-04:00,7.397167285436456,7.652241781163447,7.371659835863757,7.588472843170166,2080870,0.0,0.0
1998-10-15 00:00:00-04:00,7.448182398626239,7.8052873611450195,7.384414081545728,7.8052873611450195,1527327,0.0,0.0
1998-10-16 00:00:00-04:00,8.060361158238296,8.340943738063048,8.034853708083597,8.149638175964355,2690897,0.0,0.0
1998-10-19 00:00:00-04:00,8.136886924112249,8.570513725280762,8.136886924112249,8.570513725280762,2097331,0.0,0.0
1998-10-20 00:00:00-04:00,8.621530901554278,8.96588134765625,8.621530901554278,8.96588134765625,2991714,0.0,0.0
1998-10-21 00:00:00-04:00,9.284723193072908,9.361246197796232,9.118925024501161,9.32298469543457,4734326,0.0,0.0
1998-10-22 00:00:00-04:00,9.322984660762355,9.539797746261126,8.863849774746416,9.42501449584961,2830332,0.0,0.0
1998-10-23 00:00:00-04:00,9.373996816604867,9.373996816604867,9.131675715601933,9.233705520629883,1315270,0.0,0.0
1998-10-26 00:00:00-05:00,9.182693609127107,9.271969403544157,9.029648223611726,9.042402267456055,1351420,0.0,0.0
1998-10-27 00:00:00-05:00,9.0806639768037,9.361246666509063,9.0806639768037,9.348492622375488,1456641,0.0,0.0
1998-10-28 00:00:00-05:00,9.297474150312146,9.501534395417947,9.20819838194379,9.386751174926758,1815556,0.0,0.0
1998-10-29 00:00:00-05:00,9.335738823791575,9.794873746579906,9.335738823791575,9.718351364135742,1800064,0.0,0.0
1998-10-30 00:00:00-05:00,9.794872530477033,10.330529769203887,9.794872530477033,10.31777572631836,3197316,0.0,0.0
1998-11-02 00:00:00-05:00,10.317776123249793,10.636619670174914,10.228500332109665,10.330530166625977,3613684,0.0,0.0
1998-11-03 00:00:00-05:00,10.356036729220948,10.547342338325079,10.330529272798849,10.39429759979248,4052968,0.0,0.0
1998-11-04 00:00:00-05:00,10.43256000114229,10.43256000114229,10.228500332109665,10.330530166625977,4017463,0.0,0.0
1998-11-05 00:00:00-05:00,10.279517696125763,10.279517696125763,9.998936195399692,10.088212013244629,2461733,0.0,0.0
1998-11-06 00:00:00-05:00,10.049946812156389,10.049946812156389,9.680088373050987,9.947916984558105,1553148,0.0,0.0
1998-11-09 00:00:00-05:00,9.947914526454806,10.075451779438543,9.68008598112741,9.858638763427734,1443408,0.0,0.0
1998-11-10 00:00:00-05:00,9.807627515073229,9.84588902173078,9.055157079959452,9.284724235534668,2733502,0.0,0.0
1998-11-11 00:00:00-05:00,9.386750701756027,9.450519014787092,9.208197917773614,9.2592134475708,1623511,0.0,0.0
1998-11-12 00:00:00-05:00,9.335740033353412,9.45052393595302,9.284725105114347,9.437769889831543,1911418,0.0,0.0
1998-11-13 00:00:00-05:00,9.430090715212172,9.596429620972451,9.353319978990198,9.455681800842285,1206821,0.046473,0.0
1998-11-16 00:00:00-05:00,9.622020969409528,9.724382800761331,9.417297306705924,9.506863594055176,2132512,0.0,0.0
1998-11-17 00:00:00-05:00,9.545246215435352,9.634812471064606,9.430088250697178,9.532450675964355,1418555,0.0,0.0
1998-11-18 00:00:00-05:00,9.545246485709967,9.570836305042679,9.34052225954575,9.36611270904541,1407904,0.0,0.0
1998-11-19 00:00:00-05:00,9.417292840127532,9.468473101361722,9.186978198655995,9.250954627990723,1582197,0.0,0.0
1998-11-20 00:00:00-05:00,9.366112823800526,9.813946010614952,9.327726833997254,9.609222412109375,2154138,0.0,0.0
1998-11-23 00:00:00-05:00,9.66040084583608,9.801147329450323,9.66040084583608,9.775557518005371,1062867,0.0,0.0
1998-11-24 00:00:00-05:00,9.775557749808495,10.018667265967798,9.76276284378262,9.967486381530762,1908190,0.0,0.0
1998-11-25 00:00:00-05:00,9.929104332934616,9.96749032653847,9.852332975893923,9.865128517150879,1225864,0.0,0.0
1998-11-27 00:00:00-05:00,9.813950972490117,9.87792744445271,9.813950972490117,9.8395414352417,565808,0.0,0.0
1998-11-30 00:00:00-05:00,9.852333405789883,9.9674907614592,9.391705243446708,9.596428871154785,2005343,0.0,0.0
1998-12-01 00:00:00-05:00,9.519658793134111,9.519658793134111,9.327729421052888,9.468477249145508,1829758,0.0,0.0
1998-12-02 00:00:00-05:00,9.46847671349025,9.46847671349025,9.22536770167509,9.455681800842285,934084,0.0,0.0
1998-12-03 00:00:00-05:00,9.36611547475989,9.506863303652827,9.327729474091951,9.378911018371582,1188100,0.0,0.0
1998-12-04 00:00:00-05:00,9.43008816062929,9.596427021328868,9.417293881614352,9.545246124267578,1208434,0.0,0.0
1998-12-07 00:00:00-05:00,9.545247964227766,9.685995143193548,9.430089978391408,9.596428871154785,667156,0.0,0.0
1998-12-08 00:00:00-05:00,9.596429631767588,9.622020087259397,9.08461989176432,9.161391258239746,1374336,0.0,0.0
1998-12-09 00:00:00-05:00,9.212573013835168,9.596430511571578,9.161392098159267,9.506863594055176,1529586,0.0,0.0
1998-12-10 00:00:00-05:00,9.455679144758616,9.468474053812512,9.212569571065416,9.340521812438965,1447926,0.0,0.0
1998-12-11 00:00:00-05:00,9.263753080206982,9.353319989511858,9.007848525288894,9.161391258239746,1301391,0.0,0.0
1998-12-14 00:00:00-05:00,9.00784698732357,9.186980145181721,8.905485182833196,8.943870544433594,1120642,0.0,0.0
1998-12-15 00:00:00-05:00,8.892690731115922,9.1358003616333,8.764738459834948,9.1358003616333,1353033,0.0,0.0
1998-12-16 00:00:00-05:00,9.263750945055438,9.289342024815992,8.8287126717972,9.059026718139648,2567600,0.0,0.0
1998-12-17 00:00:00-05:00,9.033437438446162,9.033437438446162,8.80312274817584,8.943870544433594,1998565,0.0,0.0
1998-12-18 00:00:00-05:00,8.943866510444026,8.95666141515089,8.329695330347008,8.611190795898438,3826709,0.0,0.0
1998-12-21 00:00:00-05:00,8.726353328013314,8.905487155723122,8.687967327742033,8.892691612243652,4879570,0.0,0.0
1998-12-22 00:00:00-05:00,8.931074881637294,9.059027135500239,8.854304159486503,8.918280601501465,1735188,0.0,0.0
1998-12-23 00:00:00-05:00,8.995051546857098,9.250956691100042,8.931075103254614,9.186980247497559,2056662,0.0,0.0
1998-12-24 00:00:00-05:00,9.238161120819347,9.263751572145242,9.148594856262207,9.148594856262207,493509,0.0,0.0
1998-12-28 00:00:00-05:00,9.199774558825379,9.340522347482043,9.161389199297984,9.22536563873291,746880,0.0,0.0
1998-12-29 00:00:00-05:00,9.212569751192609,9.545246215435352,9.212569751192609,9.532450675964355,654246,0.0,0.0
1998-12-30 00:00:00-05:00,9.494065612565851,9.698788578953698,9.494065612565851,9.622017860412598,1823626,0.0,0.0
1998-12-31 00:00:00-05:00,9.673202514648438,9.762769437994143,9.609226050806193,9.673202514648438,694269,0.0,0.0
1999-01-04 00:00:00-05:00,9.570837787524233,10.031467210201496,9.53245242241249,9.596428871154785,1652883,0.0,0.0
1999-01-05 00:00:00-05:00,9.55804526283035,10.121036009791684,9.55804526283035,9.941902160644531,1258140,0.0,0.0
1999-01-06 00:00:00-05:00,9.903509960901085,10.13382457103451,9.852329076464049,9.967486381530762,1415973,0.0,0.0
1999-01-07 00:00:00-05:00,9.929104332934616,10.069851505759047,9.826742523547024,9.865128517150879,1655788,0.0,0.0
1999-01-08 00:00:00-05:00,9.916311905809705,10.159421579085972,9.916311905809705,10.1210355758667,1886888,0.0,0.0
1999-01-11 00:00:00-05:00,10.108233498649225,10.185004825304778,9.903509960901085,9.967486381530762,1246844,0.0,0.0
1999-01-12 00:00:00-05:00,9.87792503655181,9.903515493065314,9.570838928222656,9.570838928222656,1193587,0.0,0.0
1999-01-13 00:00:00-05:00,9.417298526259346,9.494069909715199,9.135802823420647,9.430092811584473,2883911,0.0,0.0
1999-01-14 00:00:00-05:00,9.391704942780828,9.622019016579147,9.212571144104004,9.212571144104004,1644813,0.0,0.0
1999-01-15 00:00:00-05:00,9.314931053316082,9.570835527523403,9.276545697268432,9.558040618896484,923755,0.0,0.0
1999-01-19 00:00:00-05:00,9.494068188849266,9.62202047141678,9.494068188849266,9.570838928222656,1099017,0.0,0.0
1999-01-20 00:00:00-05:00,9.583634126852898,10.210600603966164,9.570838583972826,9.993082046508789,1610923,0.0,0.0
1999-01-21 00:00:00-05:00,10.031461804266792,10.044256709019876,9.634809044087204,9.698784828186035,1023490,0.0,0.0
1999-01-22 00:00:00-05:00,9.647608010535603,9.685993368614731,9.506860227189293,9.532450675964355,719767,0.0,0.0
1999-01-25 00:00:00-05:00,9.532451443245144,9.698789058588343,9.430089009738666,9.685994148254395,1039628,0.0,0.0
1999-01-26 00:00:00-05:00,9.724383566966761,10.00587862536383,9.724383566966761,9.941902160644531,1021230,0.0,0.0
1999-01-27 00:00:00-05:00,9.929100167675593,10.082642817345816,9.775557518005371,9.775557518005371,1546693,0.0,0.0
1999-01-28 00:00:00-05:00,9.775560161043385,9.877921955165965,9.519655675736931,9.545246124267578,1711626,0.0,0.0
1999-01-29 00:00:00-05:00,9.55804454749267,9.826744670936298,9.545249633606721,9.74997329711914,1738416,0.0,0.0
1999-02-01 00:00:00-05:00,9.877919879192051,10.04425807476656,9.73717212677002,9.73717212677002,1695165,0.0,0.0
1999-02-02 00:00:00-05:00,9.685995949225097,10.069852783120842,9.62202012532602,9.993082046508789,1991464,0.0,0.0
1999-02-03 00:00:00-05:00,9.954697278861804,10.172216493380947,9.92910682010468,10.1210355758667,1630935,0.0,0.0
1999-02-04 00:00:00-05:00,10.057055827561364,10.236189610493133,10.03146600733336,10.095441818237305,3128567,0.0,0.0
1999-02-05 00:00:00-05:00,10.044258472529934,10.466501116350496,10.031463565530396,10.172210693359375,3532347,0.0,0.0
1999-02-08 00:00:00-05:00,10.082639072849577,10.223386764526367,9.839529652741131,10.223386764526367,1954346,0.0,0.0
1999-02-09 00:00:00-05:00,10.287372611999285,10.517686712584945,10.197805702243535,10.32575798034668,2593422,0.0,0.0
1999-02-10 00:00:00-05:00,10.27457388672335,10.312959243181504,9.980283423154251,10.197802543640137,1447604,0.0,0.0
1999-02-11 00:00:00-05:00,10.138766323286672,10.138766323286672,9.946258586012236,9.959092140197754,1451477,0.046473,0.0
1999-02-12 00:00:00-05:00,9.959092647709804,10.228604252112525,9.93342490596051,10.113099098205566,935375,0.0,0.0
1999-02-16 00:00:00-05:00,10.215772072543079,10.421114678956341,10.151603021596133,10.241439819335938,2612465,0.0,0.0
1999-02-17 00:00:00-05:00,10.113103715387744,10.190107607862368,9.599748013956782,9.612582206726074,2496915,0.0,0.0
1999-02-18 00:00:00-05:00,9.728084090095225,9.805087961267303,9.676749229431152,9.676749229431152,1554116,0.0,0.0
1999-02-19 00:00:00-05:00,9.651079288978671,10.036095396957206,9.651079288978671,9.779417991638184,1621252,0.0,0.0
1999-02-22 00:00:00-05:00,9.80508865773702,10.254274567105067,9.80508865773702,10.21577262878418,1417909,0.0,0.0
1999-02-23 00:00:00-05:00,10.087433578206326,10.254274252358412,9.959094841193343,10.010430335998535,1363039,0.0,0.0
1999-02-24 00:00:00-05:00,10.036098281826234,10.190105401357124,10.010430533916157,10.074600219726562,1084815,0.0,0.0
1999-02-25 00:00:00-05:00,10.061766661806736,10.164437653447047,9.959095038096,10.074600219726562,1505056,0.0,0.0
1999-02-26 00:00:00-05:00,10.08743087802101,10.08743087802101,9.663912843209502,9.779417991638184,1852029,0.0,0.0
1999-03-01 00:00:00-05:00,9.753753853284923,10.13877010345459,9.625415103228367,10.13877010345459,1650301,0.0,0.0
1999-03-02 00:00:00-05:00,10.151603501050483,10.254274493071005,10.023264761024828,10.087433815002441,1982104,0.0,0.0
1999-03-03 00:00:00-05:00,10.241437467799155,10.241437467799155,10.036095540604858,10.202936172485352,1300100,0.0,0.0
1999-03-04 00:00:00-05:00,10.202938982889497,10.510951958523258,10.177271234920017,10.49811840057373,1187132,0.0,0.0
1999-03-05 00:00:00-05:00,10.472449582430174,10.677792821736556,10.472449582430174,10.664958000183105,1835891,0.0,0.0
1999-03-08 00:00:00-05:00,10.626454928208213,10.626454928208213,10.292774886293266,10.408279418945312,1712272,0.0,0.0
1999-03-09 00:00:00-05:00,10.356945192602751,10.652124602360857,10.241440013806411,10.613622665405273,2108305,0.0,0.0
1999-03-10 00:00:00-05:00,10.600784301757812,10.66495332483114,10.498113359184389,10.600784301757812,1069322,0.0,0.0
1999-03-11 00:00:00-05:00,10.6136230596228,10.767629549024514,10.472450128302677,10.741962432861328,1869781,0.0,0.0
1999-03-12 00:00:00-05:00,10.690626054514203,10.690626054514203,10.292775673676946,10.459615707397461,1662566,0.0,0.0
1999-03-15 00:00:00-05:00,10.408276982453515,10.421111167560662,10.215768630337612,10.254270553588867,1593494,0.0,0.0
1999-03-16 00:00:00-05:00,10.305609502353281,10.331277881216538,10.164437211027762,10.241439819335938,1891406,0.0,0.0
1999-03-17 00:00:00-05:00,10.267106842208726,10.510950088500977,10.267106842208726,10.510950088500977,3082411,0.0,0.0
1999-03-18 00:00:00-05:00,10.47244566974647,10.523781776428223,10.395443089899251,10.523781776428223,2390079,0.0,0.0
1999-03-19 00:00:00-05:00,10.510950088500977,10.639289437585717,10.459614601695208,10.510950088500977,1501506,0.0,0.0
1999-03-22 00:00:00-05:00,10.549449331463942,10.575117068326257,10.382608725823815,10.562283515930176,1508606,0.0,0.0
1999-03-23 00:00:00-05:00,10.54945398733043,10.575121735520877,10.164437764473718,10.21577262878418,1359489,0.0,0.0
1999-03-24 00:00:00-05:00,10.292773581667984,10.31844132256727,10.164434877171548,10.202936172485352,1280734,0.0,0.0
1999-03-25 00:00:00-05:00,10.267107963562012,10.35694475924875,10.202938282011155,10.267107963562012,1400157,0.0,0.0
1999-03-26 00:00:00-05:00,10.16443408760089,10.38260955226189,10.16443408760089,10.344107627868652,1122579,0.0,0.0
1999-03-29 00:00:00-05:00,10.30560745519559,10.639288729289015,10.292773900383681,10.587952613830566,1503765,0.0,0.0
1999-03-30 00:00:00-05:00,10.421111106872559,10.44677884486719,10.318440154894038,10.421111106872559,1812329,0.0,0.0
1999-03-31 00:00:00-05:00,10.421115170259082,10.600789406279818,10.190105438232422,10.190105438232422,1217472,0.0,0.0
1999-04-01 00:00:00-05:00,10.472448463291931,10.498116839514976,10.241438765917506,10.408279418945312,1321725,0.0,0.0
1999-04-05 00:00:00-04:00,10.408280302685732,10.780463572606712,10.408280302685732,10.69062614440918,1616087,0.0,0.0
1999-04-06 00:00:00-04:00,10.639286221257906,10.767624267404562,10.395442416610965,10.600784301757812,949899,0.0,0.0
1999-04-07 00:00:00-04:00,10.652125581271466,10.857467578384034,10.575122332354253,10.83180046081543,1325276,0.0,0.0
1999-04-08 00:00:00-04:00,10.831799582206228,10.883135077320349,10.703460212350508,10.857466697692871,1185195,0.0,0.0
1999-04-09 00:00:00-04:00,10.857467614918795,10.870301173746281,10.729128234221117,10.844634056091309,931502,0.0,0.0
1999-04-12 00:00:00-04:00,10.780465682805994,11.11414581836837,10.780465682805994,10.972972869873047,1751003,0.0,0.0
1999-04-13 00:00:00-04:00,11.024306870982988,11.858508264748094,10.998638493995704,11.704503059387207,2489814,0.0,0.0
1999-04-14 00:00:00-04:00,11.601830896034627,12.461700672750004,11.601830896034627,12.333362579345703,4208863,0.0,0.0
1999-04-15 00:00:00-04:00,12.115186131047672,13.475578554694915,12.115186131047672,12.846717834472656,6582159,0.0,0.0
1999-04-16 00:00:00-04:00,12.85954643212123,13.44990625407886,12.756875488513014,13.244563102722168,4046835,0.0,0.0
1999-04-19 00:00:00-04:00,13.347239510772473,14.15577510288195,13.347239510772473,13.860595703125,3349016,0.0,0.0
1999-04-20 00:00:00-04:00,13.347235511823165,13.655249640607245,13.231731003616883,13.29590129852295,4213059,0.0,0.0
1999-04-21 00:00:00-04:00,13.655253636859026,13.655253636859026,13.270236811307871,13.321572303771973,4143988,0.0,0.0
1999-04-22 00:00:00-04:00,13.32157521422297,13.924767698494746,13.090564815593781,13.886265754699707,3635632,0.0,0.0
1999-04-23 00:00:00-04:00,13.745088037054183,13.783589967497607,13.55258091311827,13.578248023986816,1809747,0.0,0.0
1999-04-26 00:00:00-04:00,13.449909037022218,13.757921931578332,13.449909037022218,13.591080665588379,1806842,0.0,0.0
1999-04-27 00:00:00-04:00,13.629580761139193,13.963261984119871,13.61674720829311,13.796422004699707,3698894,0.0,0.0
1999-04-28 00:00:00-04:00,13.963269950799564,14.399622373788501,13.95043639063135,14.32261848449707,3166976,0.0,0.0
1999-04-29 00:00:00-04:00,14.322619231020827,14.579298032610163,13.937603556919099,14.36112117767334,2355543,0.0,0.0
1999-04-30 00:00:00-04:00,14.36111495333972,14.36111495333972,14.104437527139567,14.207108497619629,3010435,0.0,0.0
1999-05-03 00:00:00-04:00,14.155776500060949,14.630629539489746,14.065939062721718,14.630629539489746,2114115,0.0,0.0
1999-05-04 00:00:00-04:00,14.579299846187185,15.156824061250877,14.579299846187185,14.669136047363281,2960729,0.0,0.0
1999-05-05 00:00:00-04:00,14.681960669938553,14.733294883995317,13.911927232840409,14.194272994995117,3544935,0.0,0.0
1999-05-06 00:00:00-04:00,14.18144016282203,14.258444022968984,13.886260805826357,14.219942092895508,2448500,0.0,0.0
1999-05-07 00:00:00-04:00,14.322610586820735,14.733294398875703,14.271275110313866,14.335445404052734,2509503,0.0,0.0
1999-05-10 00:00:00-04:00,14.373951042285228,14.502290410077752,14.19427744434467,14.296948432922363,2244512,0.0,0.0
1999-05-11 00:00:00-04:00,14.271283723531187,14.48945931432687,14.25845016269406,14.36112117767334,1810069,0.0,0.0
1999-05-12 00:00:00-04:00,14.361113443988192,14.450950849751491,14.091601226698291,14.142936706542969,2934262,0.0,0.0
1999-05-13 00:00:00-04:00,14.096631756964989,14.289560254638339,14.045184242045384,14.1995267868042,1283316,0.046473,0.0
1999-05-14 00:00:00-04:00,13.99374003974515,14.250977675236856,13.826535893400447,13.903706550598145,1215858,0.0,0.0
1999-05-17 00:00:00-04:00,13.852256975513539,13.916566058153785,13.620742504349433,13.65932846069336,1238129,0.0,0.0
1999-05-18 00:00:00-04:00,13.659330099731052,13.78794954734455,13.389230906712182,13.762225151062012,2361353,0.0,0.0
1999-05-19 00:00:00-04:00,13.762230248260854,14.070916783483392,13.427820574128143,13.839402198791504,1689678,0.0,0.0
1999-05-20 00:00:00-04:00,13.659329398318512,13.826534798319948,13.53070995730968,13.633605003356934,1938853,0.0,0.0
1999-05-21 00:00:00-04:00,13.685057947940843,13.762228622454844,13.556438467884291,13.646471977233887,1133876,0.0,0.0
1999-05-24 00:00:00-04:00,13.685059564630269,14.431049596526277,13.685059564630269,13.839402198791504,1494405,0.0,0.0
1999-05-25 00:00:00-04:00,13.839401540216883,13.865125944802976,13.67219607765729,13.710782051086426,1763914,0.0,0.0
1999-05-26 00:00:00-04:00,13.659330654213779,13.710778181967704,13.543574033492359,13.582159996032715,1884306,0.0,0.0
1999-05-27 00:00:00-04:00,13.453546205252422,13.517855325285028,13.273479148880908,13.466407775878906,3285108,0.0,0.0
1999-05-28 00:00:00-04:00,13.517849088095693,13.556435049071611,13.067682921775546,13.106268882751465,2825167,0.0,0.0
1999-06-01 00:00:00-04:00,13.05482462836232,13.659333523164435,12.8104485034785,13.556438446044922,2374909,0.0,0.0
1999-06-02 00:00:00-04:00,13.582162173242466,13.620746875068273,13.299200091787458,13.427818298339844,1579615,0.0,0.0
1999-06-03 00:00:00-04:00,13.427814894398017,13.633604986234067,13.427814894398017,13.595020294189453,1198429,0.0,0.0
1999-06-04 00:00:00-04:00,13.582162277512165,14.122360776219026,13.530713474216421,13.787952423095703,1042856,0.0,0.0
1999-06-07 00:00:00-04:00,13.813677166433994,13.993744198238163,13.80081559756227,13.890849113464355,566131,0.0,0.0
1999-06-08 00:00:00-04:00,13.890847241289759,14.148084918554414,13.890847241289759,14.019465446472168,1158729,0.0,0.0
1999-06-09 00:00:00-04:00,14.032327116203856,14.34101230330886,14.032327116203856,14.3024263381958,2217077,0.0,0.0
1999-06-10 00:00:00-04:00,13.993744198238163,14.122362420755422,13.787954028690544,13.890849113464355,1952086,0.0,0.0
1999-06-11 00:00:00-04:00,13.839399853247087,13.980880893974591,13.350647627788383,13.427818298339844,1913032,0.0,0.0
1999-06-14 00:00:00-04:00,13.376373929669485,13.607888529942855,13.324927648386682,13.414959907531738,1914646,0.0,0.0
1999-06-15 00:00:00-04:00,13.556435018886836,13.78794951732727,13.530710622660301,13.697916030883789,1033173,0.0,0.0
1999-06-16 00:00:00-04:00,13.710783036258077,14.07091712494035,13.710783036258077,14.04519271850586,1765528,0.0,0.0
1999-06-17 00:00:00-04:00,14.019468639562179,14.186674118041992,13.955159522323857,14.186674118041992,1163893,0.0,0.0
1999-06-18 00:00:00-04:00,14.199537580283119,14.392466224607107,14.096642472230364,14.379603385925293,1539269,0.0,0.0
1999-06-21 00:00:00-04:00,14.353875060366137,14.353875060366137,13.86512410701321,14.019465446472168,1322371,0.0,0.0
1999-06-22 00:00:00-04:00,14.07091224032643,14.225254824654183,13.787950202275725,13.800811767578125,1308492,0.0,0.0
1999-06-23 00:00:00-04:00,13.813671999789394,13.813671999789394,13.466400901840505,13.685053825378418,1509897,0.0,0.0
1999-06-24 00:00:00-04:00,13.672195054672239,13.787952966298377,13.299200717832218,13.402095794677734,1931107,0.0,0.0
1999-06-25 00:00:00-04:00,13.453539997735556,13.479264394019367,13.106268882751465,13.106268882751465,2404281,0.0,0.0
1999-06-28 00:00:00-04:00,13.24775055573506,13.24775055573506,13.119131101700878,13.144855499267578,1668375,0.0,0.0
1999-06-29 00:00:00-04:00,13.09340557207654,13.09340557207654,12.758996066377483,12.849029541015625,2990746,0.0,0.0
1999-06-30 00:00:00-04:00,12.861895369637164,13.685057210459478,12.694691194784125,13.299200057983398,4096864,0.0,0.0
1999-07-01 00:00:00-04:00,13.299195170048238,13.299195170048238,13.016233193311225,13.119128227233887,922787,0.0,0.0
1999-07-02 00:00:00-04:00,13.170578316125706,13.170578316125706,13.041960132055706,13.157716751098633,626488,0.0,0.0
1999-07-06 00:00:00-04:00,13.170582752951873,13.170582752951873,12.81044994257703,13.016240119934082,1009934,0.0,0.0
1999-07-07 00:00:00-04:00,13.016232134970554,13.016232134970554,12.861889596636043,12.964784622192383,764632,0.0,0.0
1999-07-08 00:00:00-04:00,12.964784622192385,13.041956524809278,12.874751158105767,12.964784622192383,1146141,0.0,0.0
1999-07-09 00:00:00-04:00,12.964790618173176,12.990513753009106,12.707552935314556,12.797586441040039,1608664,0.0,0.0
1999-07-12 00:00:00-04:00,12.810446338949934,12.810446338949934,12.566070255357337,12.604656219482422,2190610,0.0,0.0
1999-07-13 00:00:00-04:00,12.578931116716122,12.59179268044234,12.463173242481641,12.488896369934082,1369817,0.0,0.0
1999-07-14 00:00:00-04:00,12.540347099304201,12.604656194786877,12.488898302638423,12.5403470993042,1904317,0.0,0.0
1999-07-15 00:00:00-04:00,12.553206443786621,12.578930837567691,12.386001051458342,12.553206443786621,2970089,0.0,0.0
1999-07-16 00:00:00-04:00,12.3474192992673,12.939066561123216,12.3474192992673,12.926203727722168,2334564,0.0,0.0
1999-07-19 00:00:00-04:00,12.964791621778744,13.119134243441591,12.964791621778744,12.977654457092285,1752617,0.0,0.0
1999-07-20 00:00:00-04:00,12.926209153975647,12.964795136577134,12.604662255063957,12.630385398864746,1203593,0.0,0.0
1999-07-21 00:00:00-04:00,12.681834525474514,12.797592487628954,12.681834525474514,12.75900650024414,1054475,0.0,0.0
1999-07-22 00:00:00-04:00,12.784720206011512,13.016234692451798,12.37314002291725,12.386001586914062,2555335,0.0,0.0
1999-07-23 00:00:00-04:00,12.437453644063913,12.70755289345068,12.437453644063913,12.643243789672852,1413068,0.0,0.0
1999-07-26 00:00:00-04:00,12.604654346260538,12.79758287131447,12.591792782430145,12.668963432312012,3092740,0.0,0.0
1999-07-27 00:00:00-04:00,12.668967946866632,13.041963566060149,12.668967946866632,12.977654457092285,2786758,0.0,0.0
1999-07-28 00:00:00-04:00,12.939075998237765,13.32493340989928,12.913351579573337,13.222038269042969,2037619,0.0,0.0
1999-07-29 00:00:00-04:00,13.016234743148187,13.170577312409678,13.00337317910128,13.067682266235352,1910127,0.0,0.0
1999-07-30 00:00:00-04:00,13.119133032071707,13.312061608060977,13.06768549626789,13.234890937805176,2387174,0.0,0.0
1999-08-02 00:00:00-04:00,13.183435364469759,13.222021309522928,12.488892154209926,12.74613094329834,2016639,0.0,0.0
1999-08-03 00:00:00-04:00,12.759001073170735,12.759001073170735,12.42459143624511,12.656105995178223,2247740,0.0,0.0
1999-08-04 00:00:00-04:00,12.6303787645219,12.758998216666985,12.4888977472322,12.720412254333496,1181645,0.0,0.0
1999-08-05 00:00:00-04:00,12.746141059429918,12.746141059429918,12.218802770238943,12.244525909423828,2007602,0.0,0.0
1999-08-06 00:00:00-04:00,12.218793197951348,12.424583217813396,12.09017506898711,12.180207252502441,1975648,0.0,0.0
1999-08-09 00:00:00-04:00,12.12876607154109,12.321694632480526,12.115904505318394,12.15449047088623,1217795,0.0,0.0
1999-08-10 00:00:00-04:00,11.935842514038086,12.14163143872306,11.832947418245526,11.935842514038086,2619566,0.0,0.0
1999-08-11 00:00:00-04:00,11.94870190805508,12.257387139211527,11.910115937435545,12.167353630065918,991859,0.0,0.0
1999-08-12 00:00:00-04:00,12.244524416308254,12.70755353417448,12.244524416308254,12.656105995178223,2274852,0.0,0.0
1999-08-13 00:00:00-04:00,12.794368910921946,13.155499968746595,12.781471690745436,13.013628005981445,2033101,0.05267,0.0
1999-08-16 00:00:00-04:00,12.962029369927235,12.962029369927235,12.61379699651321,12.781464576721191,994441,0.0,0.0
1999-08-17 00:00:00-04:00,12.768570434376016,12.923339568394576,12.729877515665699,12.910442352294922,1473748,0.0,0.0
1999-08-18 00:00:00-04:00,12.962034384698283,12.962034384698283,12.678289236909885,12.729879379272461,827894,0.0,0.0
1999-08-19 00:00:00-04:00,12.678289922567005,12.987830793482805,12.523518216697495,12.897547721862793,2420096,0.0,0.0
1999-08-20 00:00:00-04:00,13.103906631469727,13.103906631469727,12.910443294214797,13.103906631469727,2075383,0.0,0.0
1999-08-23 00:00:00-04:00,13.129699432028499,13.968039951244494,13.116802217840403,13.929347038269043,2389757,0.0,0.0
1999-08-24 00:00:00-04:00,13.92934915458762,13.92934915458762,13.632705560724684,13.67139720916748,2587935,0.0,0.0
1999-08-25 00:00:00-04:00,13.722987011831716,13.774577140808105,13.542420925208747,13.774577140808105,1888824,0.0,0.0
1999-08-26 00:00:00-04:00,13.748787586294787,13.748787586294787,13.465041114895254,13.47793960571289,2067959,0.0,0.0
1999-08-27 00:00:00-04:00,13.490832155700616,13.490832155700616,13.15549564835669,13.348958969116211,1769724,0.0,0.0
1999-08-30 00:00:00-04:00,13.323163638666427,13.3876509844332,13.219983377275087,13.232880592346191,1759718,0.0,0.0
1999-08-31 00:00:00-04:00,13.258676625889581,13.323163973275946,13.103904959504247,13.129700660705566,1600917,0.0,0.0
1999-09-01 00:00:00-04:00,13.078116264785088,13.091013485836832,12.742779624556793,12.858857154846191,3744726,0.0,0.0
1999-09-02 00:00:00-04:00,12.381649687617479,12.678293421720394,12.381649687617479,12.626703262329102,2316489,0.0,0.0
1999-09-03 00:00:00-04:00,12.845955938600303,13.219985396069553,12.755672878493144,13.103906631469727,1801355,0.0,0.0
1999-09-07 00:00:00-04:00,13.052322592008055,13.052322592008055,12.523522471718502,12.665395736694336,1360134,0.0,0.0
1999-09-08 00:00:00-04:00,12.665395736694336,12.716985899375363,12.484830802516766,12.665395736694336,1705816,0.0,0.0
1999-09-09 00:00:00-04:00,12.600903658582888,12.79436701419727,12.549313515113157,12.742776870727539,1433725,0.0,0.0
1999-09-10 00:00:00-04:00,12.768574675379735,13.000729723927806,12.665393101077308,12.69118881225586,1378532,0.0,0.0
1999-09-13 00:00:00-04:00,12.588003251552436,12.588003251552436,12.175280937932952,12.459027290344238,1922392,0.0,0.0
1999-09-14 00:00:00-04:00,12.4590292688297,12.691185527706216,12.29136163600366,12.342951774597168,1751003,0.0,0.0
1999-09-15 00:00:00-04:00,12.484827681163408,12.56221227063187,12.38164738159764,12.39454460144043,1044792,0.0,0.0
1999-09-16 00:00:00-04:00,12.38164665199406,12.40744109015967,12.1236959182797,12.149490356445312,902130,0.0,0.0
1999-09-17 00:00:00-04:00,12.149483120618253,12.26556183446584,11.865738117727348,12.123688697814941,1439212,0.0,0.0
1999-09-20 00:00:00-04:00,11.91733354262578,12.007616613102414,11.620691164563635,11.659382820129395,2818712,0.0,0.0
1999-09-21 00:00:00-04:00,11.60779385060028,11.891540309273633,11.388536031887421,11.685179710388184,3063046,0.0,0.0
1999-09-22 00:00:00-04:00,11.710974350856036,11.73677006136491,11.311150366056598,11.362740516662598,2985259,0.0,0.0
1999-09-23 00:00:00-04:00,11.453024750565488,11.453024750565488,11.246664127371426,11.311151504516602,2270979,0.0,0.0
1999-09-24 00:00:00-04:00,11.259561570671897,11.401434819517457,11.233767127470104,11.336947441101074,1612860,0.0,0.0
1999-09-27 00:00:00-04:00,11.427227109788497,11.44012559937117,11.11768749762586,11.130584716796875,1884306,0.0,0.0
1999-09-28 00:00:00-04:00,10.962912746337727,11.414326725868616,10.937118315147492,11.298249244689941,2277757,0.0,0.0
1999-09-29 00:00:00-04:00,11.607789480573674,11.814150001769828,11.504609219975595,11.569096565246582,2820971,0.0,0.0
1999-09-30 00:00:00-04:00,11.556205289963913,11.659385603594883,11.272458792272793,11.336947441101074,1638358,0.0,0.0
1999-10-01 00:00:00-04:00,11.246659264254257,11.298249397744916,10.833938196328985,10.859732627868652,2232247,0.0,0.0
1999-10-04 00:00:00-04:00,10.80814389347644,11.594894483861198,10.782348188186232,11.478816986083984,1610600,0.0,0.0
1999-10-05 00:00:00-04:00,10.988709552176335,11.207967320971413,10.859733572030654,11.053196907043457,3816058,0.0,0.0
1999-10-06 00:00:00-04:00,11.091888177583286,11.594892265601725,10.962912216630066,11.569096565246582,3044325,0.0,0.0
1999-10-07 00:00:00-04:00,11.81415206841261,11.943128051927523,11.5433041545662,11.723870277404785,2708649,0.0,0.0
1999-10-08 00:00:00-04:00,11.685173873295174,12.020509043768241,11.633583749344616,11.930227279663086,1028977,0.0,0.0
1999-10-11 00:00:00-04:00,11.839945556605482,12.072100504892221,11.736765297275548,11.814149856567383,702015,0.0,0.0
1999-10-12 00:00:00-04:00,11.504611871854442,11.646485080482195,11.44012451171875,11.44012451171875,1833309,0.0,0.0
1999-10-13 00:00:00-04:00,11.324042883764282,11.491711756417619,11.233761110502353,11.246658325195312,2151233,0.0,0.0
1999-10-14 00:00:00-04:00,11.19507122039795,11.427226229233526,11.040300791037044,11.19507122039795,1306232,0.0,0.0
1999-10-15 00:00:00-04:00,11.207963169607115,11.285348983113556,10.911319668517368,11.040295600891113,1459223,0.0,0.0
1999-10-18 00:00:00-04:00,11.091885541820567,11.220861472125259,11.066089847595249,11.207962989807129,2079579,0.0,0.0
1999-10-19 00:00:00-04:00,11.24666269004752,11.259559909745915,11.00160916371945,11.09189224243164,1950150,0.0,0.0
1999-10-20 00:00:00-04:00,11.040298730291621,11.117684565733272,10.756552360887333,10.859732627868652,1003801,0.0,0.0
1999-10-21 00:00:00-04:00,10.730759175475356,10.730759175475356,9.544184061780156,9.918212890625,9089725,0.0,0.0
1999-10-22 00:00:00-04:00,10.421212417591237,10.627572870848862,10.214851964333613,10.343827247619629,5062901,0.0,0.0
1999-10-25 00:00:00-04:00,10.395425796508789,10.57599198587202,10.305143337033144,10.395425796508789,1920778,0.0,0.0
1999-10-26 00:00:00-04:00,10.34383483656194,10.704965894713144,10.266448974609375,10.266448974609375,2002761,0.0,0.0
1999-10-27 00:00:00-04:00,10.421217239483326,10.524396878647893,10.227753907436208,10.434114456176758,1990173,0.0,0.0
1999-10-28 00:00:00-04:00,10.575992176431905,10.911328211623243,10.575992176431905,10.769454956054688,1601563,0.0,0.0
1999-10-29 00:00:00-04:00,10.808141471298768,10.91132172851323,10.730756913593526,10.78234577178955,1496341,0.0,0.0
1999-11-01 00:00:00-05:00,10.937120256022894,10.937120256022894,10.511500632152794,10.524397850036621,1470843,0.0,0.0
1999-11-02 00:00:00-05:00,10.550193447529477,10.57598851823716,10.369627952575684,10.369627952575684,3075633,0.0,0.0
1999-11-03 00:00:00-05:00,10.369631183798889,10.38252904077464,9.647367708511684,10.098782539367676,6831979,0.0,0.0
1999-11-04 00:00:00-05:00,10.09877695620761,10.163264299816342,9.67315807460868,9.853723526000977,3317385,0.0,0.0
1999-11-05 00:00:00-05:00,9.724752361193126,10.047191122705575,9.724752361193126,10.008498191833496,4063619,0.0,0.0
1999-11-08 00:00:00-05:00,10.034287608810258,10.034287608810258,9.879516607806286,9.982697486877441,1608341,0.0,0.0
1999-11-09 00:00:00-05:00,9.879522323608398,9.892420179156424,9.621572199912672,9.879522323608398,2012766,0.0,0.0
1999-11-10 00:00:00-05:00,9.647362350687773,9.776337672786903,9.595772857053726,9.660260200500488,2597940,0.0,0.0
1999-11-11 00:00:00-05:00,9.724749754196116,9.866622949086077,9.69895468559846,9.763442039489746,2287763,0.0,0.0
1999-11-12 00:00:00-05:00,9.850427627563477,9.966924360493364,9.708043440089636,9.850427627563477,1083847,0.05267,0.0
1999-11-15 00:00:00-05:00,9.88926008601212,10.329357650771437,9.863371993967455,10.225805282592773,2006311,0.0,0.0
1999-11-16 00:00:00-05:00,10.355241928239675,10.97655650768367,10.355241928239675,10.911836624145508,4251468,0.0,0.0
1999-11-17 00:00:00-05:00,10.873010198011615,10.9636175750841,10.730625355479146,10.769457817077637,2381042,0.0,0.0
1999-11-18 00:00:00-05:00,10.717678636113808,10.79534354687951,10.601182544958046,10.665903091430664,3549131,0.0,0.0
1999-11-19 00:00:00-05:00,10.510573181869303,10.562348719838136,10.057530690304807,10.148139953613281,3672427,0.0,0.0
1999-11-22 00:00:00-05:00,10.148139953613281,10.432908281175271,10.096363140651823,10.148139953613281,2710908,0.0,0.0
1999-11-23 00:00:00-05:00,10.251692533915291,10.251692533915291,9.539768511600142,9.74687385559082,5423108,0.0,0.0
1999-11-24 00:00:00-05:00,9.695096945422385,9.941034084524636,9.4750478926732,9.78570556640625,3288659,0.0,0.0
1999-11-26 00:00:00-05:00,9.837481739112379,9.915145360675295,9.78570556640625,9.78570556640625,908908,0.0,0.0
1999-11-29 00:00:00-05:00,9.656265134640927,9.824537377187708,9.526824702875606,9.78570556640625,2196743,0.0,0.0
1999-11-30 00:00:00-05:00,9.785709490784775,10.12225474833989,9.785709490784775,10.031646728515625,2861317,0.0,0.0
1999-12-01 00:00:00-05:00,9.992809327151749,10.199913998700032,9.733928487716394,9.811592102050781,5528652,0.0,0.0
1999-12-02 00:00:00-05:00,9.526825478747256,9.630377832592893,9.35855258499993,9.4491605758667,5394704,0.0,0.0
1999-12-03 00:00:00-05:00,9.552713055851354,10.018699291806179,9.53976869270156,9.99281120300293,4694303,0.0,0.0
1999-12-06 00:00:00-05:00,9.785704735571834,10.044585577122751,9.7727610122424,9.86336898803711,5005772,0.0,0.0
1999-12-07 00:00:00-05:00,9.863370096208063,9.863370096208063,9.423271978629304,9.562420845031738,2208362,0.0,0.0
1999-12-08 00:00:00-05:00,9.449160442996972,9.643321422475505,9.33266436530691,9.578600883483887,1493436,0.0,0.0
1999-12-09 00:00:00-05:00,9.552712929712335,9.578601018173746,9.293832045098243,9.4491605758667,1857516,0.0,0.0
1999-12-10 00:00:00-05:00,9.682152607647534,9.876314212024225,9.397384294549818,9.695096969604492,3365800,0.0,0.0
1999-12-13 00:00:00-05:00,9.64331903696735,9.720983282047369,9.539766072697827,9.682150840759277,1821366,0.0,0.0
1999-12-14 00:00:00-05:00,9.708043440089636,9.876316357100269,9.682154710552846,9.850427627563477,3439390,0.0,0.0
1999-12-15 00:00:00-05:00,9.863370869510172,10.199916027723551,9.863370869510172,10.186971664428711,4004230,0.0,0.0
1999-12-16 00:00:00-05:00,10.186973269692578,10.419967383240527,10.135197720843454,10.329358100891113,3709868,0.0,0.0
1999-12-17 00:00:00-05:00,10.458799817208773,10.549407829875545,10.303470611572266,10.303470611572266,3946132,0.0,0.0
1999-12-20 00:00:00-05:00,10.407020830939011,10.536461269601876,10.044586965186678,10.148139953613281,1693551,0.0,0.0
1999-12-21 00:00:00-05:00,10.174027524041277,10.368188503077468,9.979867182501406,10.342300415039062,1862035,0.0,0.0
1999-12-22 00:00:00-05:00,10.303468384096899,10.316412747391741,10.122251760443541,10.186971664428711,1235547,0.0,0.0
1999-12-23 00:00:00-05:00,10.238749860087001,10.549406971077305,10.238749860087001,10.523519515991211,1068677,0.0,0.0
1999-12-27 00:00:00-05:00,10.588238818161358,10.743567364699972,10.394077816239895,10.665903091430664,1747130,0.0,0.0
1999-12-28 00:00:00-05:00,10.717680200305281,11.313107019765905,10.717680200305281,11.183667182922363,1657724,0.0,0.0
1999-12-29 00:00:00-05:00,11.183667586995268,11.338996161815421,11.054226470481963,11.261332511901855,1555085,0.0,0.0
1999-12-30 00:00:00-05:00,11.28721784865884,11.364881483974719,11.080113121159453,11.222497940063477,1261691,0.0,0.0
1999-12-31 00:00:00-05:00,11.313105541049708,11.442546635967206,11.196609448118926,11.403714179992676,436056,0.0,0.0
2000-01-03 00:00:00-05:00,11.300162387553371,11.313106115204189,10.65296006760156,10.976561546325684,1874623,0.0,0.0
2000-01-04 00:00:00-05:00,10.924779434334885,11.028331749352871,10.640009930539335,10.756505966186523,2575992,0.0,0.0
2000-01-05 00:00:00-05:00,10.743562698364258,11.028332214161937,10.614122299136277,10.743562698364258,2105077,0.0,0.0
2000-01-06 00:00:00-05:00,10.795342098625534,11.338992576073398,10.588237397691607,11.326048851013184,3865441,0.0,0.0
2000-01-07 00:00:00-05:00,11.804980352358601,11.856755256652832,11.584930634144534,11.856755256652832,3168590,0.0,0.0
2000-01-10 00:00:00-05:00,11.960309397606977,11.960309397606977,11.442547527578245,11.610819816589355,2364904,0.0,0.0
2000-01-11 00:00:00-05:00,11.662598730893764,11.856758500087993,11.4813814163208,11.4813814163208,1776179,0.0,0.0
2000-01-12 00:00:00-05:00,11.429604380627055,11.675541600141736,11.261332083061419,11.300163269042969,1923037,0.0,0.0
2000-01-13 00:00:00-05:00,11.183664600428909,11.36488058516269,11.041279792785645,11.041279792785645,2607623,0.0,0.0
2000-01-14 00:00:00-05:00,11.118944696952036,11.222497052512105,10.937727437225575,11.041279792785645,1708076,0.0,0.0
2000-01-18 00:00:00-05:00,10.950672816031174,11.080113917517973,10.808287986893559,10.976561546325684,1144204,0.0,0.0
2000-01-19 00:00:00-05:00,11.028338769412581,11.041282498281081,10.627072974545168,10.769457817077637,3661130,0.0,0.0
2000-01-20 00:00:00-05:00,10.769454660051561,10.873007010629548,10.186971094309612,10.481449127197266,3474249,0.0,0.0
2000-01-21 00:00:00-05:00,10.264634963306744,10.290523048349899,9.837481241346554,9.979866027832031,3411310,0.0,0.0
2000-01-24 00:00:00-05:00,9.928085342303486,9.992805848379433,9.669204592991685,9.772757530212402,3640150,0.0,0.0
2000-01-25 00:00:00-05:00,9.682157831807341,9.733934670075897,9.216172024859956,9.513885498046875,4015204,0.0,0.0
2000-01-26 00:00:00-05:00,9.78570921102958,10.238751209688875,9.436218958853438,10.199918746948242,4757565,0.0,0.0
2000-01-27 00:00:00-05:00,9.941034599213145,10.407020815190618,9.656265634585768,9.915145874023438,2965570,0.0,0.0
2000-01-28 00:00:00-05:00,9.759816764875966,9.876313463676283,9.708040595963878,9.733928680419922,2299059,0.0,0.0
2000-01-31 00:00:00-05:00,9.785706306806674,9.785706306806674,9.591545325720055,9.74687385559082,1554116,0.0,0.0
2000-02-01 00:00:00-05:00,9.682153986998193,9.850426891433663,9.487993629953355,9.539769172668457,1249426,0.0,0.0
2000-02-02 00:00:00-05:00,9.733934126652304,9.91515018174056,9.617437362670898,9.617437362670898,1602854,0.0,0.0
2000-02-03 00:00:00-05:00,9.617433685570031,9.785706583095864,9.397385247455109,9.487993240356445,2486909,0.0,0.0
2000-02-04 00:00:00-05:00,9.578604749578346,9.656269682713758,9.371499961208123,9.63038158416748,3446491,0.0,0.0
2000-02-07 00:00:00-05:00,9.578599053590798,9.604487774238729,9.267942055770035,9.332662582397461,2160270,0.0,0.0
2000-02-08 00:00:00-05:00,9.332664770091736,9.475048942054796,9.151448145550162,9.190279960632324,2301964,0.0,0.0
2000-02-09 00:00:00-05:00,9.216171204248019,9.293835498490653,8.853737831115723,8.853737831115723,3051749,0.0,0.0
2000-02-10 00:00:00-05:00,8.905509908657141,9.19027951372821,8.232419621662274,8.323027610778809,9597758,0.0,0.0
2000-02-11 00:00:00-05:00,8.462377806674839,8.514374578641725,7.955415201889646,8.098404884338379,4442546,0.05267,0.0
2000-02-14 00:00:00-05:00,8.137406001019276,8.566373962885756,8.098408564374237,8.553375244140625,4426730,0.0,0.0
2000-02-15 00:00:00-05:00,8.60536832057271,9.099331620041694,8.462378624308338,8.969341278076172,5153598,0.0,0.0
2000-02-16 00:00:00-05:00,8.969337168081587,9.151324203646496,8.72235531141861,8.839346885681152,2475612,0.0,0.0
2000-02-17 00:00:00-05:00,8.813355746893619,8.826353824085349,8.546874998013278,8.69636344909668,1319143,0.0,0.0
2000-02-18 00:00:00-05:00,8.657359261435747,8.670358607932727,8.267388469589568,8.449374198913574,1882692,0.0,0.0
2000-02-22 00:00:00-05:00,8.397383830786964,8.54037352802804,8.215396710587559,8.475378036499023,1428883,0.0,0.0
2000-02-23 00:00:00-05:00,8.319388454534083,8.34538652144747,7.695434208408229,7.760430335998535,4071043,0.0,0.0
2000-02-24 00:00:00-05:00,7.968414097829986,7.968414097829986,7.409455988642968,7.435453414916992,6152235,0.0,0.0
2000-02-25 00:00:00-05:00,7.591441169923183,7.604440522162207,7.30546246291407,7.357458591461182,3733430,0.0,0.0
2000-02-28 00:00:00-05:00,7.357461391486303,7.877423515043614,7.318463960132491,7.721435070037842,4469012,0.0,0.0
2000-02-29 00:00:00-05:00,7.6694363954586064,8.072406092219857,7.6694363954586064,7.968413829803467,4536793,0.0,0.0
2000-03-01 00:00:00-05:00,7.929419089279208,7.955417161564545,7.69543579850649,7.864424228668213,1891406,0.0,0.0
2000-03-02 00:00:00-05:00,7.812425441301185,7.812425441301185,7.292464128878312,7.474450588226318,2973317,0.0,0.0
2000-03-03 00:00:00-05:00,7.643436488084736,7.981411259499281,7.526444900954438,7.669434547424316,5303684,0.0,0.0
2000-03-06 00:00:00-05:00,7.799427116266337,8.072406498754624,7.591441940754679,7.760430335998535,4168195,0.0,0.0
2000-03-07 00:00:00-05:00,7.877422883709964,7.929419027878007,7.240469797549102,7.2534685134887695,3590767,0.0,0.0
2000-03-08 00:00:00-05:00,7.305461666075941,7.617439043534388,7.279464244842529,7.279464244842529,3356762,0.0,0.0
2000-03-09 00:00:00-05:00,7.27946616932152,7.526447498173417,7.0974790509401515,7.461452007293701,2440753,0.0,0.0
2000-03-10 00:00:00-05:00,7.52644929871233,7.669439028732126,7.383460208897281,7.487452507019043,1719050,0.0,0.0
2000-03-13 00:00:00-05:00,7.383457660675049,7.435453151586195,7.305462823797018,7.383457660675049,2476580,0.0,0.0
2000-03-14 00:00:00-05:00,7.435452784281849,7.513447617307009,7.30546246291407,7.357458591461182,2593744,0.0,0.0
2000-03-15 00:00:00-05:00,7.357458648871556,8.085405094415785,7.357458648871556,7.955414772033691,3192797,0.0,0.0
2000-03-16 00:00:00-05:00,8.111405325245904,9.086333963797445,8.059409182406197,8.93034553527832,4140437,0.0,0.0
2000-03-17 00:00:00-05:00,8.930344456996952,8.930344456996952,8.358386314615737,8.423381805419922,2523059,0.0,0.0
2000-03-20 00:00:00-05:00,8.605369567871094,8.787356713205401,8.501377279225597,8.605369567871094,2458183,0.0,0.0
2000-03-21 00:00:00-05:00,8.605363690789696,9.112326071806034,8.371381201136982,8.87834358215332,3164394,0.0,0.0
2000-03-22 00:00:00-05:00,8.878349866109051,9.047337659456137,8.696362716256171,8.735360145568848,2846147,0.0,0.0
2000-03-23 00:00:00-05:00,8.683364135704803,8.891348706077117,8.592369925859916,8.8133544921875,4931858,0.0,0.0
2000-03-24 00:00:00-05:00,8.761356581877743,8.878348207758679,8.644365596201395,8.80035400390625,2157043,0.0,0.0
2000-03-27 00:00:00-05:00,8.82634940889541,8.995337772155052,8.436378479003906,8.436378479003906,2468189,0.0,0.0
2000-03-28 00:00:00-05:00,8.735356297962996,9.047333674435631,8.527371807117522,8.644363403320312,3062723,0.0,0.0
2000-03-29 00:00:00-05:00,8.81335453399131,8.943344250885913,8.644366749659923,8.93034553527832,2858735,0.0,0.0
2000-03-30 00:00:00-05:00,8.99534005831996,9.957268596526394,8.943343280915013,9.450305938720703,4195307,0.0,0.0
2000-03-31 00:00:00-05:00,9.437307246746668,9.58029565437745,9.203323364257812,9.203323364257812,2999138,0.0,0.0
2000-04-03 00:00:00-04:00,9.255320138257868,9.268319491809022,8.99533946928038,9.203323364257812,2334886,0.0,0.0
2000-04-04 00:00:00-04:00,9.229321872815538,9.957267730292667,9.203323166272524,9.77528190612793,4736262,0.0,0.0
2000-04-05 00:00:00-04:00,9.645288578581594,9.892269811981706,9.307313180953072,9.476300239562988,2008893,0.0,0.0
2000-04-06 00:00:00-04:00,9.489303448764463,9.749284777355497,9.346313750049626,9.411309242248535,1285575,0.0,0.0
2000-04-07 00:00:00-04:00,9.411307833235362,9.450304610552624,9.151327183771917,9.177325248718262,1594139,0.0,0.0
2000-04-10 00:00:00-04:00,9.125329655474955,9.541299359283643,9.008338036234017,9.46330451965332,2254195,0.0,0.0
2000-04-11 00:00:00-04:00,9.411309329292706,9.697288729367374,9.333315122055417,9.372312545776367,1693551,0.0,0.0
2000-04-12 00:00:00-04:00,9.320317943205058,10.048264637558614,9.320317943205058,9.736287117004395,3640473,0.0,0.0
2000-04-13 00:00:00-04:00,9.788283889705776,10.1002607900067,9.788283889705776,10.035265922546387,2611496,0.0,0.0
2000-04-14 00:00:00-04:00,9.775285207450368,9.775285207450368,8.631368621823603,8.72236156463623,5024169,0.0,0.0
2000-04-17 00:00:00-04:00,8.77435392967946,9.437305471146596,8.77435392967946,9.060333251953125,3223783,0.0,0.0
2000-04-18 00:00:00-04:00,9.11232927505374,9.25531894465309,8.943341541909462,9.008337020874023,5063547,0.0,0.0
2000-04-19 00:00:00-04:00,9.099332892930047,9.151329677194582,8.566372096214238,8.579371452331543,2690574,0.0,0.0
2000-04-20 00:00:00-04:00,8.865347956307849,9.28131764161987,8.8523492437505,9.164326667785645,2709617,0.0,0.0
2000-04-24 00:00:00-04:00,9.073333148374635,9.619293200568647,9.073333148374635,9.528300285339355,2388465,0.0,0.0
2000-04-25 00:00:00-04:00,9.320310215178743,9.645286182854832,9.242315419556798,9.619287490844727,2256777,0.0,0.0
2000-04-26 00:00:00-04:00,9.645291895417268,9.710286743324106,9.255320247157986,9.437307357788086,2291313,0.0,0.0
2000-04-27 00:00:00-04:00,9.437307043727833,9.879274171481805,9.333314138169413,9.77528190612793,2196097,0.0,0.0
2000-04-28 00:00:00-04:00,9.72328400277073,9.801278832922629,9.4373059465013,9.76228141784668,2408477,0.0,0.0
2000-05-01 00:00:00-04:00,9.710288002826783,9.749285428792819,9.489304082830097,9.684289932250977,2613756,0.0,0.0
2000-05-02 00:00:00-04:00,9.736286384001945,9.944271595448033,9.593296671171135,9.866276741027832,1556698,0.0,0.0
2000-05-03 00:00:00-04:00,9.775286349538975,9.801284427695016,9.593299162241856,9.658294677734375,1578001,0.0,0.0
2000-05-04 00:00:00-04:00,9.606291171084324,9.61928988011385,9.463301530533462,9.476300239562988,1684191,0.0,0.0
2000-05-05 00:00:00-04:00,9.48930417067528,9.697289377411767,9.463306099858803,9.645293235778809,690718,0.0,0.0
2000-05-08 00:00:00-04:00,9.567294407124056,9.8272749898486,9.567294407124056,9.697284698486328,1484722,0.0,0.0
2000-05-09 00:00:00-04:00,9.541299639060435,9.681039010385783,9.424308016388984,9.528300285339355,1203270,0.0,0.0
2000-05-10 00:00:00-04:00,9.476304094242838,9.593295724119034,9.32031632141559,9.411309242248535,1417587,0.0,0.0
2000-05-11 00:00:00-04:00,9.515297307708494,9.7752785212749,9.489299250372284,9.541296005249023,986372,0.0,0.0
2000-05-12 00:00:00-04:00,9.694214684290266,9.7594512809609,9.472409484507141,9.655072212219238,2482713,0.05267,0.0
2000-05-15 00:00:00-04:00,9.707263555328355,10.216111897865805,9.707263555328355,10.085638046264648,1577033,0.0,0.0
2000-05-16 00:00:00-04:00,10.411817045035368,10.724954771796494,10.333533416577039,10.607528686523438,3315771,0.0,0.0
2000-05-17 00:00:00-04:00,10.398772895013972,10.555341480873757,10.333536305531931,10.346583366394043,2461733,0.0,0.0
2000-05-18 00:00:00-04:00,10.281347449992925,10.294395155110445,10.098684076448409,10.242205619812012,1649332,0.0,0.0
2000-05-19 00:00:00-04:00,10.111733698253788,10.203065081045079,9.876880102308313,9.968212127685547,1482785,0.0,0.0
2000-05-22 00:00:00-04:00,10.09867874138121,10.09867874138121,9.8768730122485,9.981252670288086,1169380,0.0,0.0
2000-05-23 00:00:00-04:00,10.02040218743345,10.02040218743345,9.681170126272026,9.70726490020752,1086429,0.0,0.0
2000-05-24 00:00:00-04:00,9.70726225869431,9.968209927040899,9.668119787149422,9.916020393371582,2026968,0.0,0.0
2000-05-25 00:00:00-04:00,10.229158748280064,10.25525287383069,9.537646428785107,9.576788902282715,2804833,0.0,0.0
2000-05-26 00:00:00-04:00,9.55069226087109,9.759450379062486,9.47240860913507,9.498502731323242,2056017,0.0,0.0
2000-05-30 00:00:00-04:00,9.55069044377873,9.837733444265512,9.55069044377873,9.772496223449707,1258140,0.0,0.0
2000-05-31 00:00:00-04:00,9.65506954343894,9.707259705969577,9.498500983603929,9.511548042297363,1279443,0.0,0.0
2000-06-01 00:00:00-04:00,9.563735374234584,10.307436134629452,9.524592924568065,10.190010070800781,2133481,0.0,0.0
2000-06-02 00:00:00-04:00,10.190014512195075,10.568388906018487,9.981256403212702,10.216109275817871,2782562,0.0,0.0
2000-06-05 00:00:00-04:00,10.216109347503403,10.268298232529478,9.968208770054478,10.033445358276367,1072550,0.0,0.0
2000-06-06 00:00:00-04:00,10.033448948108752,10.033448948108752,9.746406443543911,9.902975082397461,989599,0.0,0.0
2000-06-07 00:00:00-04:00,9.850781259058554,9.916017838041013,9.237552790006859,9.276695251464844,2843242,0.0,0.0
2000-06-08 00:00:00-04:00,9.263650462614809,9.341934762127481,9.080987097085242,9.172318458557129,2609237,0.0,0.0
2000-06-09 00:00:00-04:00,9.211462820863568,9.459363474844467,9.18536804900168,9.198415756225586,1509252,0.0,0.0
2000-06-12 00:00:00-04:00,9.341932473032939,9.420216753363272,9.211458672482385,9.276695251464844,1477298,0.0,0.0
2000-06-13 00:00:00-04:00,9.224510159442636,9.237556580973308,8.976608872782842,9.028799057006836,1319143,0.0,0.0
2000-06-14 00:00:00-04:00,9.02879535171161,9.381074291905287,9.002699949015863,9.276695251464844,1805551,0.0,0.0
2000-06-15 00:00:00-04:00,9.341936680173008,9.381078516672877,9.10708309083009,9.198415756225586,1510543,0.0,0.0
2000-06-16 00:00:00-04:00,9.08098971132148,9.198416515688226,8.911373358921956,9.041847229003906,1607695,0.0,0.0
2000-06-19 00:00:00-04:00,8.92442067492287,8.950515447792185,8.68956707651309,8.702614784240723,1483431,0.0,0.0
2000-06-20 00:00:00-04:00,8.820038761540529,8.820038761540529,8.49385324115578,8.51994800567627,1841378,0.0,0.0
2000-06-21 00:00:00-04:00,8.402523574296765,8.58518696262864,8.272049725488282,8.31119155883789,2237088,0.0,0.0
2000-06-22 00:00:00-04:00,8.350331805559595,8.428616742555812,8.219857981542154,8.28509521484375,3280912,0.0,0.0
2000-06-23 00:00:00-04:00,8.324237929360681,8.55909081953304,8.285095459705735,8.441664695739746,1351420,0.0,0.0
2000-06-26 00:00:00-04:00,8.663468088088836,8.754799427397565,8.44166294792075,8.454710006713867,1332376,0.0,0.0
2000-06-27 00:00:00-04:00,8.532995238563998,9.067938203020393,8.506900475482851,8.9635591506958,2874550,0.0,0.0
2000-06-28 00:00:00-04:00,8.872227994144115,9.028797229961324,8.637375104296957,8.66999340057373,1764560,0.0,0.0
2000-06-29 00:00:00-04:00,8.624328501097883,8.650423912553208,8.24595403119761,8.532997131347656,2238057,0.0,0.0
2000-06-30 00:00:00-04:00,8.480806702500011,8.663470721819357,8.350332861976076,8.402523040771484,2405572,0.0,0.0
2000-07-03 00:00:00-04:00,8.298143054827028,8.741754063772197,8.259000585686042,8.728706359863281,951836,0.0,0.0
2000-07-05 00:00:00-04:00,8.702615340028022,9.015752634458119,8.67652056549218,8.806994438171387,2073446,0.0,0.0
2000-07-06 00:00:00-04:00,8.767847586885004,8.872226633026159,8.598231315612793,8.598231315612793,852424,0.0,0.0
2000-07-07 00:00:00-04:00,8.715658216798854,8.806989555749,8.428615213449621,8.611278533935547,2947818,0.0,0.0
2000-07-10 00:00:00-04:00,8.62432662794845,8.976606252466336,8.585184804438526,8.859179496765137,1404999,0.0,0.0
2000-07-11 00:00:00-04:00,8.806990208516925,9.263648864871776,8.806990208516925,9.146222114562988,1785862,0.0,0.0
2000-07-12 00:00:00-04:00,9.185368280764532,9.211463053284838,8.96356239304897,9.107083320617676,1403708,0.0,0.0
2000-07-13 00:00:00-04:00,9.159273600892748,9.433269036420457,9.159273600892748,9.420221328735352,1535073,0.0,0.0
2000-07-14 00:00:00-04:00,9.341934983353784,9.394124517598131,9.133176203790583,9.38107681274414,1718404,0.0,0.0
2000-07-17 00:00:00-04:00,9.394125181557166,9.394125181557166,9.067940248182952,9.17884349822998,1026072,0.0,0.0
2000-07-18 00:00:00-04:00,9.185367098657952,9.498504328602559,9.172319392783997,9.472410202026367,1626093,0.0,0.0
2000-07-19 00:00:00-04:00,9.602882241185105,9.602882241185105,8.29814274337983,8.754800796508789,10427265,0.0,0.0
2000-07-20 00:00:00-04:00,8.75480306437196,8.767850771171073,8.428618748010885,8.676519393920898,5382116,0.0,0.0
2000-07-21 00:00:00-04:00,8.66346953183184,8.689564296352332,8.428616651147424,8.51994800567627,3140509,0.0,0.0
2000-07-24 00:00:00-04:00,8.467760177408069,8.480807240995981,8.285096789076194,8.31119155883789,1518935,0.0,0.0
2000-07-25 00:00:00-04:00,8.311186468792163,8.311186468792163,8.167665644292674,8.180712699890137,2607623,0.0,0.0
2000-07-26 00:00:00-04:00,8.115482394616606,8.141577170585,7.958913738806246,8.037198066711426,4022628,0.0,0.0
2000-07-27 00:00:00-04:00,7.8545318036769505,8.154621940435568,7.8545318036769505,8.115479469299316,3458756,0.0,0.0
2000-07-28 00:00:00-04:00,8.115479870335442,8.16767004862475,7.828437423966294,7.945864200592041,3308025,0.0,0.0
2000-07-31 00:00:00-04:00,8.024148376944096,8.337286228786779,8.01110067193215,8.193764686584473,3821222,0.0,0.0
2000-08-01 00:00:00-04:00,8.23290560529801,8.245952666280195,8.05024225344719,8.089384078979492,2531128,0.0,0.0
2000-08-02 00:00:00-04:00,8.128530075430787,8.193767336416347,8.050245747799728,8.06329345703125,1051570,0.0,0.0
2000-08-03 00:00:00-04:00,8.128523351568559,8.337282028486904,7.919765317235709,7.958907127380371,2008893,0.0,0.0
2000-08-04 00:00:00-04:00,7.919768430696605,8.167669015215589,7.906720727128673,8.089384078979492,1647073,0.0,0.0
2000-08-07 00:00:00-04:00,8.089380277774843,8.285091241228894,7.9458594614825895,8.245948791503906,2166725,0.0,0.0
2000-08-08 00:00:00-04:00,8.376426211963745,8.559090200358334,8.298142563488529,8.389473915100098,2998170,0.0,0.0
2000-08-09 00:00:00-04:00,8.454712618322565,8.46775968114584,8.272049240695875,8.324238777160645,1730669,0.0,0.0
2000-08-10 00:00:00-04:00,8.350332509165913,8.350332509165913,8.154622077941895,8.154622077941895,1043501,0.0,0.0
2000-08-11 00:00:00-04:00,8.180715131048176,8.741752825349716,8.167668071573368,8.598231315612793,3215714,0.0,0.0
2000-08-14 00:00:00-04:00,8.620768034357729,8.791086684055083,8.502854577048822,8.633869171142578,2351025,0.05267,0.0
2000-08-15 00:00:00-04:00,8.633866645953042,8.908997535705566,8.568359690689833,8.908997535705566,4443191,0.0,0.0
2000-08-16 00:00:00-04:00,8.908999905525805,9.35445015890171,8.777985314900256,9.275840759277344,4231134,0.0,0.0
2000-08-17 00:00:00-04:00,9.223439122809907,9.223439122809907,8.81729341272554,8.882801055908203,3489742,0.0,0.0
2000-08-18 00:00:00-04:00,8.489756048707347,8.7255823905328,8.463553121837853,8.646973609924316,3690825,0.0,0.0
2000-08-21 00:00:00-04:00,8.80419064581656,8.80419064581656,8.489755542144202,8.660074234008789,2024386,0.0,0.0
2000-08-22 00:00:00-04:00,8.646967706294761,8.882794532361093,8.529054293261597,8.830388069152832,1478266,0.0,0.0
2000-08-23 00:00:00-04:00,8.830392408251019,8.830392408251019,8.43734858042039,8.568363189697266,2279048,0.0,0.0
2000-08-24 00:00:00-04:00,8.48974935853301,8.52905339523988,8.332531921208044,8.398038864135742,2330690,0.0,0.0
2000-08-25 00:00:00-04:00,8.437348365783691,8.450449503753537,8.332536681028483,8.437348365783691,1837182,0.0,0.0
2000-08-28 00:00:00-04:00,8.437347602626472,8.738681491666636,8.398042901773819,8.633869171142578,2412673,0.0,0.0
2000-08-29 00:00:00-04:00,9.433064624389196,9.681992819912224,9.079324692908983,9.603384017944336,9502865,0.0,0.0
2000-08-30 00:00:00-04:00,9.433057572171874,9.5902750585708,9.171027782924718,9.341347694396973,4401877,0.0,0.0
2000-08-31 00:00:00-04:00,9.354450359189919,9.721291866044941,9.341349222471374,9.554247856140137,3836715,0.0,0.0
2000-09-01 00:00:00-04:00,9.564071962269562,9.852304660434571,9.564071962269562,9.839202880859375,2618275,0.0,0.0
2000-09-05 00:00:00-04:00,9.839203103803156,10.06192819963671,9.69508675145516,10.035724639892578,4749496,0.0,0.0
2000-09-06 00:00:00-04:00,10.061929708056226,10.219147218596376,9.944016252526591,9.957118034362793,3771839,0.0,0.0
2000-09-07 00:00:00-04:00,9.904712140725168,9.917813277237208,9.629581176232909,9.668885231018066,3814444,0.0,0.0
2000-09-08 00:00:00-04:00,9.616479985401845,9.629581121839882,9.22343556827616,9.275840759277344,3428093,0.0,0.0
2000-09-11 00:00:00-04:00,9.380652700961354,9.47891380130354,9.197232281438815,9.236536979675293,3197962,0.0,0.0
2000-09-12 00:00:00-04:00,9.315144106768228,9.537869201122177,9.19723131494768,9.406854629516602,3322226,0.0,0.0
2000-09-13 00:00:00-04:00,9.275839649838591,9.459260700025284,9.21033268498531,9.43305778503418,2963957,0.0,0.0
2000-09-14 00:00:00-04:00,9.433058975926937,9.577175349196711,9.419957194152847,9.459261894226074,2041492,0.0,0.0
2000-09-15 00:00:00-04:00,9.459260542416612,9.459260542416612,8.88279642221726,8.895896911621094,3561073,0.0,0.0
2000-09-18 00:00:00-04:00,8.843490947734072,8.843490947734072,8.306330924121418,8.332533836364746,5473136,0.0,0.0
2000-09-19 00:00:00-04:00,7.860886183136631,7.873987325654286,7.349928719961357,7.480942726135254,14293029,0.0,0.0
2000-09-20 00:00:00-04:00,7.494040999689984,7.70366498891663,7.37612754607806,7.533345699310303,4271157,0.0,0.0
2000-09-21 00:00:00-04:00,7.5857522589576325,7.651259237575245,7.454737656473313,7.507143497467041,5079362,0.0,0.0
2000-09-22 00:00:00-04:00,7.232013717944234,7.559550601504171,7.087897953757287,7.17960786819458,8765668,0.0,0.0
2000-09-25 00:00:00-04:00,7.153401865644839,7.441634560508091,7.100995393193308,7.258213520050049,5112607,0.0,0.0
2000-09-26 00:00:00-04:00,7.232013002689826,7.258215924973154,6.9437808575732225,7.153404235839844,3426802,0.0,0.0
2000-09-27 00:00:00-04:00,7.127202331128598,7.153405257152996,6.68175258871383,6.852071285247803,6520188,0.0,0.0
2000-09-28 00:00:00-04:00,6.904476151523661,7.271317063490248,6.891374367757428,7.153404235839844,4276644,0.0,0.0
2000-09-29 00:00:00-04:00,7.153400852161153,7.310618311494621,7.009284525147723,7.114096164703369,3208290,0.0,0.0
2000-10-02 00:00:00-04:00,6.996184859849025,7.061693122222641,6.930677887973467,7.035489559173584,2891334,0.0,0.0
2000-10-03 00:00:00-04:00,7.074793406895229,7.546446515771228,7.074793406895229,7.42853307723999,3467794,0.0,0.0
2000-10-04 00:00:00-04:00,7.363029862479013,7.7036686014287525,7.349928719961357,7.480942726135254,3851239,0.0,0.0
2000-10-05 00:00:00-04:00,7.4809404548044025,7.598854573158739,7.336825349868457,7.44163703918457,1852029,0.0,0.0
2000-10-06 00:00:00-04:00,7.454738164722682,7.638158620705975,6.969983134607411,7.153404235839844,3180855,0.0,0.0
2000-10-09 00:00:00-04:00,7.15340215083307,7.494040041230383,7.140300370885622,7.42853307723999,1691937,0.0,0.0
2000-10-10 00:00:00-04:00,7.46783625558546,7.46783625558546,7.284415245056152,7.284415245056152,2475612,0.0,0.0
2000-10-11 00:00:00-04:00,7.297520394757647,7.507143766237486,7.245113906638569,7.323723316192627,2135740,0.0,0.0
2000-10-12 00:00:00-04:00,7.323720089063493,7.363024131272444,6.943777573049862,7.114096164703369,2482390,0.0,0.0
2000-10-13 00:00:00-04:00,7.074793361991909,7.087895141856201,6.8913723153854916,6.956880569458008,3304151,0.0,0.0
2000-10-16 00:00:00-04:00,7.009286402894081,7.048591100881361,6.838967765613218,6.90447473526001,2021158,0.0,0.0
2000-10-17 00:00:00-04:00,6.943780344820756,6.943780344820756,6.681751141336611,6.721054553985596,1667084,0.0,0.0
2000-10-18 00:00:00-04:00,6.183893698999784,6.721053129684897,6.183893698999784,6.393517017364502,5905319,0.0,0.0
2000-10-19 00:00:00-04:00,6.498329844052194,6.524532763555463,6.341111681783514,6.485228061676025,4425762,0.0,0.0
2000-10-20 00:00:00-04:00,6.432822715255781,6.86517055417476,6.419720933190541,6.786562442779541,2972348,0.0,0.0
2000-10-23 00:00:00-04:00,6.73415541937119,7.0747939827435085,6.73415541937119,6.969981670379639,2929743,0.0,0.0
2000-10-24 00:00:00-04:00,7.074792122494419,7.14029907459228,6.9961827475788505,7.114096164703369,2052466,0.0,0.0
2000-10-25 00:00:00-04:00,6.983085141560073,7.035490987801672,6.891374588012695,6.891374588012695,2654102,0.0,0.0
2000-10-26 00:00:00-04:00,6.917578926683565,7.127202334992391,6.9044771410396475,6.943781852722168,2757709,0.0,0.0
2000-10-27 00:00:00-04:00,6.96998413351154,7.00928884519406,6.865172429357127,6.943781852722168,1964029,0.0,0.0
2000-10-30 00:00:00-05:00,6.943780627086275,7.598854307674553,6.943780627086275,7.572651386260986,4623294,0.0,0.0
2000-10-31 00:00:00-05:00,7.756069500159422,7.978795251496375,7.638156702126771,7.91328763961792,3722456,0.0,0.0
2000-11-01 00:00:00-05:00,7.808475976811573,8.004997521948985,7.782273061109986,7.91328763961792,2331013,0.0,0.0
2000-11-02 00:00:00-05:00,7.651259007640497,7.873984147795078,7.625056087931079,7.729868412017822,3721487,0.0,0.0
2000-11-03 00:00:00-05:00,7.677462337592894,7.742969312236739,7.5988535808708475,7.703665256500244,1301714,0.0,0.0
2000-11-06 00:00:00-05:00,7.625054228807452,7.9525916131893455,7.572649047415007,7.887084007263184,2208685,0.0,0.0
2000-11-07 00:00:00-05:00,7.834681741213865,7.913290516900881,7.70366711506884,7.860884666442871,3054654,0.0,0.0
2000-11-08 00:00:00-05:00,7.887082822594331,8.096706742922416,7.808474094439607,8.031198501586914,1686127,0.0,0.0
2000-11-09 00:00:00-05:00,8.253926323482611,8.253926323482611,7.834679632651211,7.978796005249023,2318425,0.0,0.0
2000-11-10 00:00:00-05:00,7.926390632462987,7.952593552172404,7.716767274787652,7.729868412017822,2033101,0.0,0.0
2000-11-13 00:00:00-05:00,7.673533422042485,7.910451911030268,7.660370959646637,7.778830528259277,2026645,0.05267,0.0
2000-11-14 00:00:00-05:00,7.739346592426014,8.028913715146855,7.739346592426014,7.884130477905273,3214100,0.0,0.0
2000-11-15 00:00:00-05:00,7.976264942561297,8.147373107530477,7.949940659353551,8.002589225769043,3274457,0.0,0.0
2000-11-16 00:00:00-05:00,8.002592190819142,8.002592190819142,7.805159669491254,7.870970726013184,2124766,0.0,0.0
2000-11-17 00:00:00-05:00,7.713022915710038,8.081562919093416,7.713022915710038,7.936779022216797,2455601,0.0,0.0
2000-11-20 00:00:00-05:00,7.949938783791928,7.949938783791928,7.7919924735707236,7.897290229797363,2036005,0.0,0.0
2000-11-21 00:00:00-05:00,7.910452152849612,8.147371297317417,7.910452152849612,8.121047019958496,1758750,0.0,0.0
2000-11-22 00:00:00-05:00,8.081562189243234,8.147373222308559,8.002589338507446,8.094724655151367,1552180,0.0,0.0
2000-11-24 00:00:00-05:00,8.121047916859638,8.331642158989359,8.094723636593423,8.305317878723145,893092,0.0,0.0
2000-11-27 00:00:00-05:00,8.265832901000977,8.318480820420298,8.055237982135303,8.265832901000977,1372722,0.0,0.0
2000-11-28 00:00:00-05:00,8.305315671510309,8.305315671510309,8.05523475132374,8.173693656921387,1054152,0.0,0.0
2000-11-29 00:00:00-05:00,8.252666336766323,8.555395126342773,8.200017795254126,8.555395126342773,2555981,0.0,0.0
2000-11-30 00:00:00-05:00,8.555397355506082,8.700181206507654,8.384289875126978,8.476425170898438,2876487,0.0,0.0
2000-12-01 00:00:00-05:00,8.581720356188034,8.897612264940976,8.542233624504899,8.818638801574707,2746090,0.0,0.0
2000-12-04 00:00:00-05:00,8.739667944329062,9.318802051680066,8.739667944329062,9.226667404174805,4245659,0.0,0.0
2000-12-05 00:00:00-05:00,9.226669268443514,9.43726418008711,9.0818853882331,9.331966400146484,3870282,0.0,0.0
2000-12-06 00:00:00-05:00,9.226666174191827,9.266152909457011,8.779153514531897,8.831801414489746,2921674,0.0,0.0
2000-12-07 00:00:00-05:00,8.831802685058786,8.96342472271997,8.739668036580994,8.779154777526855,2529191,0.0,0.0
2000-12-08 00:00:00-05:00,8.897615965011415,8.897615965011415,8.765993903490896,8.805480003356934,2110887,0.0,0.0
2000-12-11 00:00:00-05:00,8.752836345170932,8.923944589814054,8.647539163309924,8.792323112487793,1870427,0.0,0.0
2000-12-12 00:00:00-05:00,8.818640698490741,9.068721657644081,8.765992143746619,8.871289253234863,1425010,0.0,0.0
2000-12-13 00:00:00-05:00,8.81864063936155,8.897614119185732,8.344803649841536,8.384289741516113,4205313,0.0,0.0
2000-12-14 00:00:00-05:00,8.265830706956905,8.357965351782017,8.094722583370972,8.16053295135498,2770943,0.0,0.0
2000-12-15 00:00:00-05:00,7.897291298374553,8.20002084892419,7.897291298374553,8.015750885009766,3449719,0.0,0.0
2000-12-18 00:00:00-05:00,8.015749895264111,8.344803685742995,8.002587432490948,8.200019836425781,5570289,0.0,0.0
2000-12-19 00:00:00-05:00,8.265833576889198,8.357968253703861,8.01575253595076,8.213184356689453,3400981,0.0,0.0
2000-12-20 00:00:00-05:00,8.134210154209233,8.1473719698564,7.884129174537358,8.042074203491211,2929743,0.0,0.0
2000-12-21 00:00:00-05:00,8.01575003631554,8.278992814035867,7.989425758543507,8.239506721496582,1931107,0.0,0.0
2000-12-22 00:00:00-05:00,8.200018856651266,8.555396233739383,8.18685639545081,8.542234420776367,2620857,0.0,0.0
2000-12-26 00:00:00-05:00,8.529073699082502,8.634370809208827,8.265830923766693,8.608046531677246,1878173,0.0,0.0
2000-12-27 00:00:00-05:00,8.660697764023247,8.739670621030882,8.357968154708454,8.700183868408203,3942259,0.0,0.0
2000-12-28 00:00:00-05:00,8.844968845979853,8.844968845979853,8.542239199623,8.765995979309082,2583739,0.0,0.0
2000-12-29 00:00:00-05:00,8.818638801574707,8.897612264940976,8.779152718128952,8.818638801574707,2665721,0.0,0.0
2001-01-02 00:00:00-05:00,8.687017128360619,8.70017893961999,8.371125879287442,8.555395126342773,3059495,0.0,0.0
2001-01-03 00:00:00-05:00,8.489589583054512,8.844967763707729,8.318481402085776,8.700183868408203,3682433,0.0,0.0
2001-01-04 00:00:00-05:00,8.844964426470177,9.331963851722781,8.779154061246503,9.279315948486328,4168518,0.0,0.0
2001-01-05 00:00:00-05:00,9.318801795721205,9.318801795721205,8.858127274373164,8.93709945678711,3934190,0.0,0.0
2001-01-08 00:00:00-05:00,8.937105765189735,8.950268237041342,8.700187106002465,8.792323112487793,2331013,0.0,0.0
2001-01-09 00:00:00-05:00,8.871286388928796,8.95025919554673,8.805475392628532,8.844962120056152,1699038,0.0,0.0
2001-01-10 00:00:00-05:00,8.89761241905184,8.910774231015935,8.4632609559637,8.752828598022461,3144705,0.0,0.0
2001-01-11 00:00:00-05:00,8.818640746439348,8.818640746439348,8.502749416257052,8.634370803833008,2974931,0.0,0.0
2001-01-12 00:00:00-05:00,8.687019136414577,8.687019136414577,8.015749752847658,8.16053295135498,6883299,0.0,0.0
2001-01-16 00:00:00-05:00,8.213182389187574,8.489587649892995,8.107885270487904,8.423776626586914,3623367,0.0,0.0
2001-01-17 00:00:00-05:00,8.502749465096743,8.502749465096743,8.331641336146395,8.397452354431152,1610923,0.0,0.0
2001-01-18 00:00:00-05:00,8.397454320143474,8.397454320143474,8.12104901582539,8.265832901000977,2340373,0.0,0.0
2001-01-19 00:00:00-05:00,8.318479576647626,8.318479576647626,8.107885337507518,8.186858177185059,2534678,0.0,0.0
2001-01-22 00:00:00-05:00,8.107885337507518,8.278993480927646,8.055236777722492,8.186858177185059,3186665,0.0,0.0
2001-01-23 00:00:00-05:00,8.16053687541155,8.371131839644091,8.068401538044949,8.226347923278809,3960011,0.0,0.0
2001-01-24 00:00:00-05:00,8.423775823126826,8.555397208947362,8.357965454335316,8.436938285827637,5906610,0.0,0.0
2001-01-25 00:00:00-05:00,8.713341865569756,9.029233779790992,8.660693321239116,8.989747047424316,4219515,0.0,0.0
2001-01-26 00:00:00-05:00,9.002913361794969,9.002913361794969,8.68702131233957,8.910778045654297,2218691,0.0,0.0
2001-01-29 00:00:00-05:00,8.844968047973895,9.026079191057772,8.826014872837037,8.929205894470215,1577678,0.0,0.0
2001-01-30 00:00:00-05:00,9.023969049527976,9.186126285402901,8.81758646472248,9.158748626708984,2358448,0.0,0.0
2001-01-31 00:00:00-05:00,9.266155011116252,9.455689957255244,9.181917185250303,9.331439018249512,3457788,0.0,0.0
2001-02-01 00:00:00-05:00,9.325120054335018,9.470430268418854,9.226140670726462,9.308272361755371,2464961,0.0,0.0
2001-02-02 00:00:00-05:00,9.350395439266974,9.47043416385641,9.299852340738333,9.352500915527344,1999856,0.0,0.0
2001-02-05 00:00:00-05:00,9.255627029113462,9.312487849295096,9.200872333296484,9.217720031738281,2432684,0.0,0.0
2001-02-06 00:00:00-05:00,9.165065488749844,9.23456106512611,9.06608678342915,9.17138385772705,1881078,0.0,0.0
2001-02-07 00:00:00-05:00,9.22403499159022,9.415676045384298,9.213505021161138,9.379875183105469,1374336,0.0,0.0
2001-02-08 00:00:00-05:00,9.34197102068652,9.419890491757629,9.295640173975197,9.403042793273926,1124838,0.0,0.0
2001-02-09 00:00:00-05:00,9.424102644817252,9.424102644817252,9.234567011156475,9.278792381286621,1421137,0.0,0.0
2001-02-12 00:00:00-05:00,9.278790022947891,9.5925758933764,9.278790022947891,9.438841819763184,1717113,0.0,0.0
2001-02-13 00:00:00-05:00,9.438844252295514,9.567306817969618,9.39672565460205,9.39672565460205,2116051,0.0,0.0
2001-02-14 00:00:00-05:00,9.398828283178219,9.514655364099955,9.213504953703444,9.261941909790039,3162135,0.0,0.0
2001-02-15 00:00:00-05:00,9.196405509161227,9.623456954956055,9.17949243886672,9.623456954956055,3484900,0.05267,0.0
2001-02-16 00:00:00-05:00,9.570602161653408,9.593858118248336,9.302109972504013,9.441641807556152,2151233,0.0,0.0
2001-02-20 00:00:00-05:00,9.280969054779145,9.428956774555168,9.232343495669591,9.314794540405273,1711303,0.0,0.0
2001-02-21 00:00:00-05:00,9.316906929114364,9.352847356857348,9.259826145115452,9.323249816894531,3127276,0.0,0.0
2001-02-22 00:00:00-05:00,9.312680285950877,9.344392126260194,9.272512562261799,9.340164184570312,2290345,0.0,0.0
2001-02-23 00:00:00-05:00,9.306340032236921,9.352850654506689,9.094928586103832,9.1900634765625,2359739,0.0,0.0
2001-02-26 00:00:00-05:00,9.192179101093451,9.513524910057553,9.171038083576821,9.439530372619629,3681142,0.0,0.0
2001-02-27 00:00:00-05:00,9.270397314436872,9.354962002266381,9.228115295898565,9.342277526855469,3014631,0.0,0.0
2001-02-28 00:00:00-05:00,9.395131341605468,9.407815817442271,8.984992364098149,9.164691925048828,1979844,0.0,0.0
2001-03-01 00:00:00-05:00,9.111841279107095,9.211204108025598,8.99345043168315,9.154123306274414,2450436,0.0,0.0
2001-03-02 00:00:00-05:00,9.1964031240892,9.352847356857348,9.1964031240892,9.323249816894531,3350952,0.0,0.0
2001-03-05 00:00:00-05:00,9.376104479971698,9.828525501701945,9.376104479971698,9.80949878692627,4032956,0.0,0.0
2001-03-06 00:00:00-05:00,9.989199836536688,10.006112257479284,9.672082019879069,9.724935531616211,4416724,0.0,0.0
2001-03-07 00:00:00-05:00,9.756646751693518,10.147758444543921,9.756646751693518,10.13084602355957,3985187,0.0,0.0
2001-03-08 00:00:00-05:00,10.141416089222364,10.327457923944644,10.03359607157217,10.249236106872559,5091305,0.0,0.0
2001-03-09 00:00:00-05:00,10.168895882493906,10.20060706537823,10.027249779015218,10.086444854736328,3145674,0.0,0.0
2001-03-12 00:00:00-05:00,10.086449339980707,10.086449339980707,9.714364353982836,9.716479301452637,2974931,0.0,0.0
2001-03-13 00:00:00-05:00,9.851778260888075,9.851778260888075,9.534660573209337,9.6509370803833,3420670,0.0,0.0
2001-03-14 00:00:00-05:00,9.524092147309744,9.680537060195931,9.524092147309744,9.587515830993652,3778617,0.0,0.0
2001-03-15 00:00:00-05:00,9.58751492010729,9.771443064713702,9.52409124244911,9.614998817443848,3726652,0.0,0.0
2001-03-16 00:00:00-05:00,9.428955764020117,9.614998192660181,9.287309646554748,9.29153823852539,2856153,0.0,0.0
2001-03-19 00:00:00-05:00,9.291543651362476,9.509298043624943,9.175267065724906,9.302114486694336,4609416,0.0,0.0
2001-03-20 00:00:00-05:00,9.323250773298767,9.48815220668984,9.1604642868042,9.1604642868042,4995443,0.0,0.0
2001-03-21 00:00:00-05:00,9.15412734736051,9.15412734736051,8.720733449185285,8.815868377685547,3000752,0.0,0.0
2001-03-22 00:00:00-05:00,8.667874903043709,8.689015912146811,8.217568220458464,8.460691452026367,4030374,0.0,0.0
2001-03-23 00:00:00-05:00,8.572740080119274,8.572740080119274,8.266192518183798,8.483946800231934,3150192,0.0,0.0
2001-03-26 00:00:00-05:00,8.667875899117055,8.75244059600015,8.528344051647004,8.650962829589844,3820254,0.0,0.0
2001-03-27 00:00:00-05:00,8.773582608399185,8.883516922114106,8.545258095994077,8.868718147277832,2311647,0.0,0.0
2001-03-28 00:00:00-05:00,8.80529087351785,8.837002706913305,8.625590701194529,8.811633110046387,2194806,0.0,0.0
2001-03-29 00:00:00-05:00,7.980792072870223,8.551603569795757,7.980792072870223,8.494522094726562,7477833,0.0,0.0
2001-03-30 00:00:00-05:00,8.329615079909944,8.458576715535205,8.283104475430987,8.395153045654297,2870677,0.0,0.0
2001-04-02 00:00:00-04:00,8.41417970975218,8.667873737123566,8.152029149726467,8.367669105529785,2524027,0.0,0.0
2001-04-03 00:00:00-04:00,8.308475106032658,8.308475106032658,8.075922054738372,8.107634544372559,3333200,0.0,0.0
2001-04-04 00:00:00-04:00,8.213338877726985,8.509314906934987,8.160485387856804,8.378239631652832,3367736,0.0,0.0
2001-04-05 00:00:00-04:00,8.515656358826657,8.82643177907355,8.479716587719189,8.763008117675781,2513698,0.0,0.0
2001-04-06 00:00:00-04:00,8.65730586349975,8.689017055952363,8.39726887936455,8.551599502563477,2435266,0.0,0.0
2001-04-09 00:00:00-04:00,8.87928806277827,9.039960935294925,8.691131938033026,8.896201133728027,3869314,0.0,0.0
2001-04-10 00:00:00-04:00,8.87928750806776,9.234459372812138,8.784152628736464,9.128753662109375,3943873,0.0,0.0
2001-04-11 00:00:00-04:00,9.027276888306432,9.027276888306432,8.667877041859507,8.76512622833252,3370318,0.0,0.0
2001-04-12 00:00:00-04:00,8.78415273246004,9.027276000097796,8.691131497702258,9.001906394958496,1947890,0.0,0.0
2001-04-16 00:00:00-04:00,8.984995566665166,9.086473361788578,8.794725107529485,9.020936012268066,1374013,0.0,0.0
2001-04-17 00:00:00-04:00,8.968080133129002,9.027275222602736,8.879286848165473,8.932140350341797,1553471,0.0,0.0
2001-04-18 00:00:00-04:00,8.934257337147365,9.77778962987646,8.87929016889924,9.69533920288086,4971881,0.0,0.0
2001-04-19 00:00:00-04:00,9.471240885650818,9.608657796021944,9.418387376831063,9.593859672546387,3850916,0.0,0.0
2001-04-20 00:00:00-04:00,9.646711535124565,9.672081140361076,9.44375664549144,9.572717666625977,2398471,0.0,0.0
2001-04-23 00:00:00-04:00,9.598088677872303,9.703794405712959,9.560034589819542,9.66151237487793,2029227,0.0,0.0
2001-04-24 00:00:00-04:00,9.640370794730227,9.68688141637603,9.462784843969255,9.502952575683594,2045366,0.0,0.0
2001-04-25 00:00:00-04:00,9.502950583336268,9.543118957382125,9.259827344366398,9.460668563842773,2461410,0.0,0.0
2001-04-26 00:00:00-04:00,9.492379083333837,9.872919808849083,9.467009484715215,9.756643295288086,2545007,0.0,0.0
2001-04-27 00:00:00-04:00,9.66151209553486,9.881380081176758,9.653055559461741,9.881380081176758,1743903,0.0,0.0
2001-04-30 00:00:00-04:00,9.894063378759249,9.936346054077148,9.729162571901906,9.936346054077148,2368454,0.0,0.0
2001-05-01 00:00:00-04:00,9.809493679916962,9.936340331308205,9.701673082643119,9.934226036071777,3079829,0.0,0.0
2001-05-02 00:00:00-04:00,9.91520680404286,9.91520680404286,9.705908988214585,9.843326568603516,1516353,0.0,0.0
2001-05-03 00:00:00-04:00,9.87292297341755,9.932118071748658,9.750304183587096,9.91943359375,1886888,0.0,0.0
2001-05-04 00:00:00-04:00,9.851782872996568,9.906750034007368,9.67208261400969,9.891950607299805,1312042,0.0,0.0
2001-05-07 00:00:00-04:00,9.925777671779002,9.93211991195341,9.87081050567889,9.877153396606445,1578647,0.0,0.0
2001-05-08 00:00:00-04:00,9.851784706115723,9.932120840423412,9.773562218228324,9.851784706115723,1538624,0.0,0.0
2001-05-09 00:00:00-04:00,9.735507724926096,9.849670006330486,9.703795871632678,9.786246299743652,1488918,0.0,0.0
2001-05-10 00:00:00-04:00,9.750307210254686,9.900409299260916,9.750307210254686,9.83698558807373,3430676,0.0,0.0
2001-05-11 00:00:00-04:00,9.872924566477005,9.946918451330276,9.828528235565042,9.927891731262207,2843888,0.0,0.0
2001-05-14 00:00:00-04:00,9.980933599621428,10.023369241340529,9.887574404098679,10.019125938415527,1608018,0.05267,0.0
2001-05-15 00:00:00-04:00,9.908794876404768,9.938499964180235,9.792095850774404,9.930012702941895,2850666,0.0,0.0
2001-05-16 00:00:00-04:00,9.951228879951332,10.502896160969325,9.940619642578948,10.41165828704834,3284786,0.0,0.0
2001-05-17 00:00:00-04:00,10.367106372027397,10.587773261370286,10.364983739777534,10.439247131347656,3317708,0.0,0.0
2001-05-18 00:00:00-04:00,10.58776933647142,10.606865182229948,10.39892893852753,10.483800888061523,2446563,0.0,0.0
2001-05-21 00:00:00-04:00,10.430755701276464,10.59625629201113,10.29071689060498,10.566551208496094,2391048,0.0,0.0
2001-05-22 00:00:00-04:00,10.5644272383268,10.668395670571485,10.528357530763559,10.598376274108887,3724715,0.0,0.0
2001-05-23 00:00:00-04:00,10.418025860429122,10.598378352313745,10.418025860429122,10.464705467224121,3457465,0.0,0.0
2001-05-24 00:00:00-04:00,10.396805515250968,10.492286031010634,10.297080390539225,10.394682884216309,2291313,0.0,0.0
2001-05-25 00:00:00-04:00,10.36497534005214,10.46894374274778,10.303443873140303,10.348001480102539,2052789,0.0,0.0
2001-05-29 00:00:00-04:00,10.343761011658296,10.577159012199681,10.343761011658296,10.502896308898926,2251613,0.0,0.0
2001-05-30 00:00:00-04:00,10.290719321355676,10.411661662267987,10.152802456391724,10.19523811340332,4136887,0.0,0.0
2001-05-31 00:00:00-04:00,10.142190516335605,10.492286856873015,10.142190516335605,10.471068382263184,2866159,0.0,0.0
2001-06-01 00:00:00-04:00,10.471068382263184,10.502896094177931,10.348004756359543,10.471068382263184,3170204,0.0,0.0
2001-06-04 00:00:00-04:00,10.473193202157342,10.500776310550242,10.369224744817132,10.485923767089844,1688064,0.0,0.0
2001-06-05 00:00:00-04:00,10.485921723172801,10.608986003924063,10.411658367228808,10.56230640411377,3471667,0.0,0.0
2001-06-06 00:00:00-04:00,10.534724239055013,10.56230799935473,10.290717618814089,10.297082901000977,3328359,0.0,0.0
2001-06-07 00:00:00-04:00,10.29708335292561,10.48804509250031,10.29708335292561,10.485923767089844,2584061,0.0,0.0
2001-06-08 00:00:00-04:00,10.51350474522441,10.524113982596793,10.311934460087503,10.41165828704834,2634090,0.0,0.0
2001-06-11 00:00:00-04:00,10.396808608321637,10.398929933752912,10.218577431930969,10.258891105651855,2514667,0.0,0.0
2001-06-12 00:00:00-04:00,10.237676254968799,10.250406823726172,10.089150122623085,10.18463134765625,2469157,0.0,0.0
2001-06-13 00:00:00-04:00,10.227060122340387,10.280104337412196,10.163406019266786,10.16552734375,2452373,0.0,0.0
2001-06-14 00:00:00-04:00,10.131581562874203,10.131581562874203,9.927888642110812,9.951229095458984,2737052,0.0,0.0
2001-06-15 00:00:00-04:00,9.806943854387889,9.91091161346856,9.792091317376364,9.79421329498291,5531234,0.0,0.0
2001-06-18 00:00:00-04:00,9.796337248037,9.845139480496481,9.652055141303755,9.69236946105957,3236371,0.0,0.0
2001-06-19 00:00:00-04:00,9.686003021464833,9.724195358477958,9.378342347437641,9.503528594970703,4896354,0.0,0.0
2001-06-20 00:00:00-04:00,9.484439878451877,9.675401706982484,9.456856104092173,9.52475357055664,3104360,0.0,0.0
2001-06-21 00:00:00-04:00,9.524748314528363,9.770876902839856,9.484434644669832,9.756024360656738,2546298,0.0,0.0
2001-06-22 00:00:00-04:00,9.756022943838543,9.756022943838543,9.463214793155352,9.537477493286133,2179313,0.0,0.0
2001-06-25 00:00:00-04:00,9.50565146387806,9.57991416694293,9.338028907775879,9.338028907775879,1386601,0.0,0.0
2001-06-26 00:00:00-04:00,9.229819269997202,9.367735460299969,9.091902426577029,9.329543113708496,3026250,0.0,0.0
2001-06-27 00:00:00-04:00,9.357128630093552,9.386833721559036,9.144949032130079,9.197993278503418,1916259,0.0,0.0
2001-06-28 00:00:00-04:00,9.219209706328845,9.357125882006587,9.187381992240747,9.231940269470215,1874945,0.0,0.0
2001-06-29 00:00:00-04:00,8.699369427649776,8.879722568477952,8.646324539904404,8.741805076599121,7272877,0.0,0.0
2001-07-02 00:00:00-04:00,8.741807714637703,9.0388599593949,8.620865360205853,9.013398170471191,4472240,0.0,0.0
2001-07-03 00:00:00-04:00,9.015517002495,9.191626178229258,9.01339502421267,9.16616439819336,2695416,0.0,0.0
2001-07-05 00:00:00-04:00,9.21921052665039,9.367735300455832,9.147069138489728,9.335908889770508,3766997,0.0,0.0
2001-07-06 00:00:00-04:00,9.293471776288184,9.293471776288184,8.932766173185442,8.964593887329102,2768038,0.0,0.0
2001-07-09 00:00:00-04:00,9.017636480525907,9.21920804812436,8.975200842275763,9.136457443237305,3704704,0.0,0.0
2001-07-10 00:00:00-04:00,9.127973108006392,9.208601107747985,9.043101151210415,9.049467086791992,3058204,0.0,0.0
2001-07-11 00:00:00-04:00,9.049464842207273,9.108875001293425,8.943374432688373,9.036733627319336,1991787,0.0,0.0
2001-07-12 00:00:00-04:00,9.034612096512067,9.431388040215937,9.01763757789946,9.397439002990723,3734075,0.0,0.0
2001-07-13 00:00:00-04:00,9.397439321957402,9.484433896079096,9.2149648734716,9.425023078918457,1730024,0.0,0.0
2001-07-16 00:00:00-04:00,9.442000469552825,9.442000469552825,9.125853055824667,9.14707088470459,1931429,0.0,0.0
2001-07-17 00:00:00-04:00,9.200114398382441,9.516261764514493,9.123729050303025,9.431389808654785,4109452,0.0,0.0
2001-07-18 00:00:00-04:00,9.399563396685139,9.452607634340357,9.295594940526222,9.431389808654785,1899476,0.0,0.0
2001-07-19 00:00:00-04:00,9.473825572699361,9.590525248151483,9.36137116054014,9.384710311889648,2615047,0.0,0.0
2001-07-20 00:00:00-04:00,9.155557262163992,9.39531994626176,9.155557262163992,9.352884292602539,1952409,0.0,0.0
2001-07-23 00:00:00-04:00,9.399564779125967,9.399564779125967,9.049468317912632,9.134340286254883,1747776,0.0,0.0
2001-07-24 00:00:00-04:00,9.134337523660234,9.197990337710069,8.850016613671514,8.920035362243652,2460119,0.0,0.0
2001-07-25 00:00:00-04:00,8.847893881143035,9.017637764547892,8.847893881143035,9.009150505065918,1340123,0.0,0.0
2001-07-26 00:00:00-04:00,8.996416778460388,9.096141879022031,8.879718471138714,9.079167366027832,980239,0.0,0.0
2001-07-27 00:00:00-04:00,9.017632302436072,9.074921105959403,8.926395787782097,8.981562614440918,1696456,0.0,0.0
2001-07-30 00:00:00-04:00,9.070681114549327,9.2001106475158,9.017635592285819,9.077046394348145,1677413,0.0,0.0
2001-07-31 00:00:00-04:00,9.102513308445454,9.30408367827979,9.102513308445454,9.268013954162598,2087648,0.0,0.0
2001-08-01 00:00:00-04:00,9.270138115459906,9.270138115459906,9.081298255568022,9.119490623474121,1661275,0.0,0.0
2001-08-02 00:00:00-04:00,9.155558297966818,9.231943005689073,9.060077086755236,9.11312198638916,2282598,0.0,0.0
2001-08-03 00:00:00-04:00,9.183137840997349,9.229817439028778,8.98581086493912,9.185259819030762,1861066,0.0,0.0
2001-08-06 00:00:00-04:00,9.155554442227293,9.176772262521755,8.752412591046237,8.803336143493652,1955314,0.0,0.0
2001-08-07 00:00:00-04:00,8.80333692681086,9.060074077387902,8.74817006664273,8.951862335205078,2756418,0.0,0.0
2001-08-08 00:00:00-04:00,8.837285623912573,8.928522850326075,8.718465292999115,8.72695255279541,1440826,0.0,0.0
2001-08-09 00:00:00-04:00,8.80545746834102,8.807579446305642,8.635713599750812,8.803336143493652,1759395,0.0,0.0
2001-08-10 00:00:00-04:00,8.752411924166312,9.043098064715439,8.656930760440426,8.975200653076172,1520549,0.0,0.0
2001-08-13 00:00:00-04:00,8.975198332438138,9.007025378784194,8.869108613362643,8.92215347290039,1805874,0.0,0.0
2001-08-14 00:00:00-04:00,8.824159316457854,8.841202741065134,8.668639870279927,8.74533462524414,2075706,0.05267,0.0
2001-08-15 00:00:00-04:00,8.798592094403565,8.943460513465112,8.751723671493528,8.819896697998047,2485618,0.0,0.0
2001-08-16 00:00:00-04:00,8.798591753954122,8.815635173862878,8.704854255992698,8.785809516906738,1158729,0.0,0.0
2001-08-17 00:00:00-04:00,8.741073454387504,8.755986286999223,8.489685236241002,8.51098918914795,2656684,0.0,0.0
2001-08-20 00:00:00-04:00,8.510986836348259,8.51737795487671,8.308597700259869,8.383162498474121,2832914,0.0,0.0
2001-08-21 00:00:00-04:00,8.457728304829574,8.681421431943289,8.423641458280684,8.555727005004883,2228696,0.0,0.0
2001-08-22 00:00:00-04:00,8.628155643897445,8.804979570491286,8.61111223164954,8.798587799072266,3868346,0.0,0.0
2001-08-23 00:00:00-04:00,8.798592698021727,8.798592698021727,8.630291039611595,8.689942359924316,1903026,0.0,0.0
2001-08-24 00:00:00-04:00,8.724024109353834,8.93493419895513,8.694198466612967,8.866761207580566,1881723,0.0,0.0
2001-08-27 00:00:00-04:00,8.883812332588729,8.934942616112949,8.853986661750604,8.881682395935059,1492791,0.0,0.0
2001-08-28 00:00:00-04:00,8.881680370670752,8.909375442771305,8.78368166658204,8.80711555480957,1829435,0.0,0.0
2001-08-29 00:00:00-04:00,8.809247402245436,8.862506958135922,8.702726323158757,8.764508247375488,3594640,0.0,0.0
2001-08-30 00:00:00-04:00,8.764506776976816,8.777289015784604,8.35546792167455,8.430032730102539,2220305,0.0,0.0
2001-08-31 00:00:00-04:00,8.468379652544963,8.647334265192143,8.412988861038881,8.643073081970215,1741966,0.0,0.0
2001-09-04 00:00:00-04:00,8.643071969298026,8.873156160609303,8.564246647524252,8.717636108398438,2001147,0.0,0.0
2001-09-05 00:00:00-04:00,8.717640207714968,8.717640207714968,8.502468743043186,8.666510581970215,1966611,0.0,0.0
2001-09-06 00:00:00-04:00,8.574903206393133,8.617511119674084,8.387426814112146,8.453469276428223,2811288,0.0,0.0
2001-09-07 00:00:00-04:00,8.302211924733415,8.351211624599918,8.031649590603502,8.057214736938477,2881006,0.0,0.0
2001-09-10 00:00:00-04:00,7.967731494728061,8.091295298834837,7.829255518705584,7.9932966232299805,3039806,0.0,0.0
2001-09-17 00:00:00-04:00,7.775998833797751,7.807955753361725,7.243396623105223,7.307309150695801,4582626,0.0,0.0
2001-09-18 00:00:00-04:00,7.499043169365973,7.552303369779471,7.36056651713719,7.5203471183776855,3282849,0.0,0.0
2001-09-19 00:00:00-04:00,7.605565654964972,7.605565654964972,7.158179324243161,7.364829063415527,4152702,0.0,0.0
2001-09-20 00:00:00-04:00,7.39678353821407,7.39678353821407,6.740617034483185,6.84287691116333,3584958,0.0,0.0
2001-09-21 00:00:00-04:00,6.497748023336196,6.802396286735254,6.476444081960581,6.608529567718506,5864005,0.0,0.0
2001-09-24 00:00:00-04:00,7.136872938564224,7.153916358947754,6.870571298434629,7.153916358947754,5210082,0.0,0.0
2001-09-25 00:00:00-04:00,7.077223225309831,7.222091019831874,7.030354136527915,7.20078706741333,4342811,0.0,0.0
2001-09-26 00:00:00-04:00,7.134741828024228,7.147524064497778,6.904657636890276,6.945135593414307,3952910,0.0,0.0
2001-09-27 00:00:00-04:00,7.026089614162928,7.026089614162928,6.710789038569357,6.715050220489502,6078967,0.0,0.0
2001-09-28 00:00:00-04:00,6.770444212023497,7.222091019831874,6.753400787781248,7.20078706741333,5368883,0.0,0.0
2001-10-01 00:00:00-04:00,7.200784887589198,7.200784887589198,6.923831622681922,6.985612869262695,2440431,0.0,0.0
2001-10-02 00:00:00-04:00,7.051658767516193,7.3179598377950414,7.045266990983877,7.281743049621582,2744153,0.0,0.0
2001-10-03 00:00:00-04:00,7.281744387406245,7.648175488121361,7.179485124862755,7.616218566894531,3485546,0.0,0.0
2001-10-04 00:00:00-04:00,7.722736328759456,7.861212326212276,7.616215271400584,7.671606063842773,3534283,0.0,0.0
2001-10-05 00:00:00-04:00,7.724868509404457,7.797301426848051,7.61621683804907,7.758954048156738,2173181,0.0,0.0
2001-10-08 00:00:00-04:00,7.601302360680014,7.778125711803553,7.503303679404206,7.652431964874268,2455278,0.0,0.0
2001-10-09 00:00:00-04:00,7.652430845951265,7.726994977783679,7.550170996746614,7.722734451293945,2738989,0.0,0.0
2001-10-10 00:00:00-04:00,7.722738350508869,8.025256212837974,7.616217265263653,7.9677348136901855,3061432,0.0,0.0
2001-10-11 00:00:00-04:00,8.202079070349004,8.434293913271121,8.140297151695751,8.3341646194458,5057091,0.0,0.0
2001-10-12 00:00:00-04:00,8.383159338405259,8.383159338405259,8.187161394727609,8.32137680053711,4166581,0.0,0.0
2001-10-15 00:00:00-04:00,8.351206589446463,8.510987182224518,8.332033233081926,8.487552642822266,3098873,0.0,0.0
2001-10-16 00:00:00-04:00,8.479029563933837,8.713374920131205,8.417247666006194,8.630289077758789,4947674,0.0,0.0
2001-10-17 00:00:00-04:00,8.734681220530968,8.734681220530968,8.334164071559597,8.340555191040039,2616661,0.0,0.0
2001-10-18 00:00:00-04:00,8.340551385838634,8.412985570363496,8.114728436458158,8.155205726623535,3710513,0.0,0.0
2001-10-19 00:00:00-04:00,8.148819414251806,8.148819414251806,8.008212799629847,8.093428611755371,2609237,0.0,0.0
2001-10-22 00:00:00-04:00,8.093427468276941,8.287294921739658,8.031645554176794,8.255338668823242,3105651,0.0,0.0
2001-10-23 00:00:00-04:00,8.361859378108202,8.361859378108202,8.212730422705208,8.238295555114746,2399439,0.0,0.0
2001-10-24 00:00:00-04:00,8.291552319686247,8.402333867211476,8.1935536619636,8.323509216308594,1869136,0.0,0.0
2001-10-25 00:00:00-04:00,8.255336702531904,8.389552801658994,8.078512713510431,8.370379447937012,1699684,0.0,0.0
2001-10-26 00:00:00-04:00,8.404469523307107,8.585554122924805,8.357600429243291,8.585554122924805,1653205,0.0,0.0
2001-10-29 00:00:00-05:00,8.553597493774761,8.555727429963486,8.238296770610702,8.25747013092041,1650946,0.0,0.0
2001-10-30 00:00:00-05:00,8.212730781477907,8.229774203828807,7.925125160553966,7.959211349487305,2527900,0.0,0.0
2001-10-31 00:00:00-05:00,7.9890402062329855,8.172255415328845,7.946431636810302,7.946431636810303,2808061,0.0,0.0
2001-11-01 00:00:00-05:00,8.027387156978449,8.223384598423841,7.831389059764422,8.204211235046387,2419128,0.0,0.0
2001-11-02 00:00:00-05:00,8.22338132087737,8.398074737020591,8.118991520634907,8.355466842651367,2109596,0.0,0.0
2001-11-05 00:00:00-05:00,8.351203453045192,8.521635627872765,8.317116624618789,8.47902774810791,1933689,0.0,0.0
2001-11-06 00:00:00-05:00,8.44708067477047,8.666512722549168,8.417254341969729,8.651599884033203,1765528,0.0,0.0
2001-11-07 00:00:00-05:00,8.621767416052853,8.766635157146423,8.574898344556654,8.664375305175781,1560572,0.0,0.0
2001-11-08 00:00:00-05:00,8.664383070470558,8.937076034865584,8.579166560082669,8.591949462890625,2081193,0.0,0.0
2001-11-09 00:00:00-05:00,8.649466465668155,8.721900041721485,8.540815445819565,8.564249992370605,1992755,0.0,0.0
2001-11-12 00:00:00-05:00,8.617510250305926,8.638814860565775,8.372513134235056,8.50246810913086,2136386,0.0,0.0
2001-11-13 00:00:00-05:00,8.558092655484941,8.859766140917841,8.558092655484941,8.82125473022461,2315520,0.05267,0.0
2001-11-14 00:00:00-05:00,8.985998613852225,9.114370436582163,8.98385956642745,9.045905113220215,4158189,0.0,0.0
2001-11-15 00:00:00-05:00,9.082276888926666,9.197811126708984,8.98813773401359,9.197811126708984,3594318,0.0,0.0
2001-11-16 00:00:00-05:00,9.195672525237725,9.195672525237725,8.943208936483312,8.98599910736084,3693730,0.0,0.0
2001-11-19 00:00:00-05:00,8.98599978513809,9.050185704869413,8.900418778354258,8.990279197692871,2963634,0.0,0.0
2001-11-20 00:00:00-05:00,8.990278183961504,8.990278183961504,8.814836777621592,8.911115646362305,1822335,0.0,0.0
2001-11-21 00:00:00-05:00,8.913256038097714,8.913256038097714,8.718559238175814,8.814837455749512,1028331,0.0,0.0
2001-11-23 00:00:00-05:00,8.782742882203369,8.90683527254402,8.782742882203369,8.883299827575684,824666,0.0,0.0
2001-11-26 00:00:00-05:00,8.932512748489854,8.964605051045272,8.825535991867762,8.891860961914062,1954023,0.0,0.0
2001-11-27 00:00:00-05:00,8.891859700506105,8.979580404576973,8.810558114609524,8.943208694458008,2272270,0.0,0.0
2001-11-28 00:00:00-05:00,8.932510665030863,8.938928465471204,8.827673639223068,8.904696464538574,1675799,0.0,0.0
2001-11-29 00:00:00-05:00,8.88544502272455,8.930374255721116,8.825537842056546,8.889723777770996,3187956,0.0,0.0
2001-11-30 00:00:00-05:00,8.900418416747991,9.030929957185606,8.827674992010126,8.962465286254883,1823948,0.0,0.0
2001-12-03 00:00:00-05:00,8.932514726156452,8.973165204584642,8.836235162878511,8.898282051086426,1915937,0.0,0.0
2001-12-04 00:00:00-05:00,8.846928310676137,9.199948770601846,8.846928310676137,9.187111854553223,2280339,0.0,0.0
2001-12-05 00:00:00-05:00,9.274836798902921,9.6171608884926,9.264139582711945,9.523021697998047,3809602,0.0,0.0
2001-12-06 00:00:00-05:00,9.510185627848392,9.751952087191585,9.482372072969309,9.617161750793457,2816453,0.0,0.0
2001-12-07 00:00:00-05:00,9.520884597799569,9.766929840565782,9.520884597799569,9.68134880065918,2943622,0.0,0.0
2001-12-10 00:00:00-05:00,9.585068369156685,9.713439570624043,9.48023130621806,9.505905151367188,2686701,0.0,0.0
2001-12-11 00:00:00-05:00,9.44599121601861,9.709153190709717,9.413898934786415,9.61501407623291,3227010,0.0,0.0
2001-12-12 00:00:00-05:00,9.563670762068309,9.595763060059879,9.396787519643485,9.411764144897461,2626666,0.0,0.0
2001-12-13 00:00:00-05:00,9.328319549560547,9.381806913463077,9.26413365915991,9.328319549560547,2232892,0.0,0.0
2001-12-14 00:00:00-05:00,9.274830183833613,9.306923785238249,8.985995015499853,9.180691719055176,3005916,0.0,0.0
2001-12-17 00:00:00-05:00,9.182830877367483,9.35827154134738,9.182830877367483,9.30478286743164,2061181,0.0,0.0
2001-12-18 00:00:00-05:00,9.264138255066362,9.499486197574983,9.261999207279064,9.416044235229492,3715678,0.0,0.0
2001-12-19 00:00:00-05:00,9.416046099297184,9.503766833156915,9.371116208261938,9.413907051086426,2990423,0.0,0.0
2001-12-20 00:00:00-05:00,9.392509023566104,9.413904109004868,8.98599910736084,8.98599910736084,3937740,0.0,0.0
2001-12-21 00:00:00-05:00,9.071580064781937,9.232044851248059,9.071580064781937,9.20637035369873,3243794,0.0,0.0
2001-12-24 00:00:00-05:00,9.221346882728815,9.375392549264166,9.172138252825086,9.247020721435547,780447,0.0,0.0
2001-12-26 00:00:00-05:00,9.247020136169398,9.405345204850926,9.225625052410022,9.274833679199219,1206498,0.0,0.0
2001-12-27 00:00:00-05:00,9.317623444630438,9.394645600237766,9.21064738699847,9.2427396774292,1761655,0.0,0.0
2001-12-28 00:00:00-05:00,9.317621844773251,9.356132586677742,9.253435957785504,9.315482139587402,2181250,0.0,0.0
2001-12-31 00:00:00-05:00,9.242739252458243,9.381807594126732,8.861903951597014,8.945345878601074,11958143,0.0,0.0
2002-01-02 00:00:00-05:00,9.035207655128755,9.03734670249547,8.851208750022165,9.003114700317383,6394955,0.0,0.0
2002-01-03 00:00:00-05:00,9.060882396635927,9.152881851686402,8.941068739326234,9.045905113220215,4946706,0.0,0.0
2002-01-04 00:00:00-05:00,9.045903843916895,9.238461550992485,9.045903843916895,9.217065811157227,4620712,0.0,0.0
2002-01-07 00:00:00-05:00,9.217063413596241,9.285528050968491,9.161435689927085,9.180691719055176,2830977,0.0,0.0
2002-01-08 00:00:00-05:00,9.18069556936607,9.182835275405113,8.998835703243257,9.060882568359375,3000106,0.0,0.0
2002-01-09 00:00:00-05:00,9.07157560638525,9.219203400809121,9.07157560638525,9.129343032836914,4708827,0.0,0.0
2002-01-10 00:00:00-05:00,9.157159349169824,9.167857219121302,9.071578365278866,9.073718070983887,5451188,0.0,0.0
2002-01-11 00:00:00-05:00,9.135767382597876,9.199952648469264,9.065162997422886,9.067302703857422,2953305,0.0,0.0
2002-01-14 00:00:00-05:00,9.178554994412943,9.178554994412943,8.896138191223145,8.896138191223145,3431967,0.0,0.0
2002-01-15 00:00:00-05:00,8.898277197196494,8.985997226708895,8.782742969718475,8.842649459838867,4321186,0.0,0.0
2002-01-16 00:00:00-05:00,8.825538056300786,8.825538056300786,8.47037701158732,8.472516059875488,6119313,0.0,0.0
2002-01-17 00:00:00-05:00,8.558093964287844,8.609442958780797,8.515303794117457,8.579489707946777,8307664,0.0,0.0
2002-01-18 00:00:00-05:00,8.590185791033553,8.718556933387609,8.558092182228036,8.5645112991333,3403563,0.0,0.0
2002-01-22 00:00:00-05:00,8.600886982419713,8.686468003119193,8.558096142783018,8.575212478637695,1905931,0.0,0.0
2002-01-23 00:00:00-05:00,8.57521106825617,8.718559534244914,8.434002308540816,8.665071487426758,4695271,0.0,0.0
2002-01-24 00:00:00-05:00,8.611579560412013,8.82339194597304,8.570928452403132,8.729252815246582,7061466,0.0,0.0
2002-01-25 00:00:00-05:00,8.729257251837316,8.894001472912345,8.564514347909961,8.853349685668945,5714242,0.0,0.0
2002-01-28 00:00:00-05:00,8.9752981945927,9.035204672559173,8.964600326995766,8.994553565979004,2944268,0.0,0.0
2002-01-29 00:00:00-05:00,8.994556236288334,9.03520735493703,8.827673667102252,8.857626914978027,4817277,0.0,0.0
2002-01-30 00:00:00-05:00,8.889725294234427,9.221351587706648,8.793446374238908,9.063026428222656,6626378,0.0,0.0
2002-01-31 00:00:00-05:00,9.056606053543458,9.499487115823985,9.03948971814762,9.463114738464355,6869743,0.0,0.0
2002-02-01 00:00:00-05:00,9.46311167295754,9.585065029216565,9.324042645421063,9.349717140197754,5761043,0.0,0.0
2002-02-04 00:00:00-05:00,9.339019777410343,9.416042607356538,9.092974662780762,9.092974662780762,2940395,0.0,0.0
2002-02-05 00:00:00-05:00,9.157161108018451,9.285532279224784,8.98599910736084,8.98599910736084,6240350,0.0,0.0
2002-02-06 00:00:00-05:00,9.028787323374827,9.208506779328056,9.028787323374827,9.176414489746094,4354431,0.0,0.0
2002-02-07 00:00:00-05:00,9.167858813252787,9.306927853935582,9.08227781448078,9.221346855163574,4045544,0.0,0.0
2002-02-08 00:00:00-05:00,9.242741724151173,9.324043308868486,9.135765642830313,9.204230308532715,3436808,0.0,0.0
2002-02-11 00:00:00-05:00,9.24274420117896,9.600044250488281,9.24274420117896,9.600044250488281,4257278,0.0,0.0
2002-02-12 00:00:00-05:00,9.60003933774978,9.602179701828861,9.394645390706192,9.565807342529297,2749640,0.0,0.0
2002-02-13 00:00:00-05:00,9.499479921032037,9.841803735381319,9.48450264497387,9.68775749206543,4143019,0.0,0.0
2002-02-14 00:00:00-05:00,9.689912012699747,9.722125257728164,9.619041551525797,9.709239959716797,3242180,0.05267,0.0
2002-02-15 00:00:00-05:00,9.750042305713963,9.803731917937423,9.63192489440012,9.664138793945312,2823876,0.0,0.0
2002-02-19 00:00:00-05:00,9.610449213304017,9.610449213304017,9.466561210725636,9.477298736572266,3234757,0.0,0.0
2002-02-20 00:00:00-05:00,9.460117446288912,9.56749666591661,9.342000701331777,9.449379920959473,5239454,0.0,0.0
2002-02-21 00:00:00-05:00,9.481592818238145,9.921848528413266,9.481592818238145,9.84668254852295,5039339,0.0,0.0
2002-02-22 00:00:00-05:00,10.082916165167852,10.13660576673768,10.001307547706226,10.085063934326172,6391082,0.0,0.0
2002-02-25 00:00:00-05:00,10.136605462679585,10.353511631610889,10.136605462679585,10.334183692932129,4399295,0.0,0.0
2002-02-26 00:00:00-05:00,10.437275079542509,10.682099768167168,10.40506050449794,10.641295433044434,8436770,0.0,0.0
2002-02-27 00:00:00-05:00,10.641294505084957,10.67350841626448,10.383583876704597,10.525324821472168,6572153,0.0,0.0
2002-02-28 00:00:00-05:00,10.555387934898325,10.750818455228359,10.439418284546818,10.737933158874512,4864400,0.0,0.0
2002-03-01 00:00:00-05:00,10.630553477154736,10.834573745727539,10.490959687628246,10.834573745727539,5682611,0.0,0.0
2002-03-04 00:00:00-05:00,10.98490528333924,11.489588193472894,10.952690721054044,11.448783874511719,7877417,0.0,0.0
2002-03-05 00:00:00-05:00,11.300600219731923,11.356436942881322,10.952690618552873,11.06436538696289,5924363,0.0,0.0
2002-03-06 00:00:00-05:00,11.064368322302109,11.425163315147838,11.051483022934685,11.37791633605957,4454811,0.0,0.0
2002-03-07 00:00:00-05:00,11.41442902211787,11.453084933418152,11.167457174289556,11.178194046020508,7559493,0.0,0.0
2002-03-08 00:00:00-05:00,11.210403205759105,11.37147206916845,11.188926828459973,11.255501747131348,4360240,0.0,0.0
2002-03-11 00:00:00-05:00,11.221140546423,11.399391576892377,11.171746463081611,11.36717700958252,3692761,0.0,0.0
2002-03-12 00:00:00-05:00,11.210403750526009,11.526098843918362,11.210403750526009,11.511066436767578,4652343,0.0,0.0
2002-03-13 00:00:00-05:00,11.511062719522092,11.511062719522092,11.307041157484395,11.315630912780762,3256705,0.0,0.0
2002-03-14 00:00:00-05:00,11.296301632540978,11.360729417014028,11.289858986304758,11.332810401916504,2852280,0.0,0.0
2002-03-15 00:00:00-05:00,11.281271272430955,11.414421081542969,11.251203821742589,11.414421081542969,4848262,0.0,0.0
2002-03-18 00:00:00-05:00,11.392945891986662,11.455226586150442,11.296304848816947,11.36932373046875,3621107,0.0,0.0
2002-03-19 00:00:00-05:00,11.33925372171131,11.61843989038581,11.33925372171131,11.54327392578125,2841306,0.0,0.0
2002-03-20 00:00:00-05:00,11.478849046215036,11.629179691308693,11.382208011662765,11.46381664276123,4015850,0.0,0.0
2002-03-21 00:00:00-05:00,11.463816944187608,11.48958753484952,10.899001142310002,10.999937057495117,6977547,0.0,0.0
2002-03-22 00:00:00-05:00,10.856046422925518,10.909736021855922,10.630550504051076,10.791619300842285,6133192,0.0,0.0
2002-03-25 00:00:00-05:00,10.759407674930861,10.798064220743054,10.458745725397751,10.518877983093262,4703018,0.0,0.0
2002-03-26 00:00:00-05:00,10.480224162022976,10.731491444601158,10.460895553563878,10.660621643066406,4131722,0.0,0.0
2002-03-27 00:00:00-05:00,10.662766782318021,10.776589319871077,10.626258003263294,10.740079879760742,4222420,0.0,0.0
2002-03-28 00:00:00-05:00,10.802360477065381,10.862492738753872,10.686390831928033,10.742227554321289,4075884,0.0,0.0
2002-04-01 00:00:00-05:00,10.742225578797202,10.742225578797202,10.480220205861754,10.510286331176758,4429312,0.0,0.0
2002-04-02 00:00:00-05:00,10.510289096942433,10.544650769804932,10.439418642455273,10.512436866760254,4115584,0.0,0.0
2002-04-03 00:00:00-05:00,10.319153212822002,10.34062958839841,9.921850180493038,10.070033073425293,5650012,0.0,0.0
2002-04-04 00:00:00-05:00,10.147346900867584,10.398614811649209,10.102247701767201,10.362105369567871,7258353,0.0,0.0
2002-04-05 00:00:00-05:00,10.45874810362219,10.65632641662067,10.450157684704369,10.615521430969238,5344998,0.0,0.0
2002-04-08 00:00:00-04:00,10.561830645995498,10.673504750534333,10.415794210662602,10.652029037475586,2157365,0.0,0.0
2002-04-09 00:00:00-04:00,10.770142238000487,10.87752208999319,10.740076117422465,10.856045722961426,3782813,0.0,0.0
2002-04-10 00:00:00-04:00,10.834574683241645,10.9956435390171,10.813098968016048,10.974167823791504,1972098,0.0,0.0
2002-04-11 00:00:00-04:00,10.9312153636846,11.124498116308795,10.909739649183164,10.952691078186035,4147215,0.0,0.0
2002-04-12 00:00:00-04:00,10.980608377535283,10.99564144143098,10.765849944136452,10.815244674682617,2111210,0.0,0.0
2002-04-15 00:00:00-04:00,10.737933289714897,10.7916229065843,10.58760196584719,10.688538551330566,2373618,0.0,0.0
2002-04-16 00:00:00-04:00,10.888261832372583,10.999935255015858,10.823834044163961,10.989197731018066,3749245,0.0,0.0
2002-04-17 00:00:00-04:00,10.899002012835835,10.907592430761133,10.68424288681466,10.722899436950684,2782562,0.0,0.0
2002-04-18 00:00:00-04:00,10.737933158874512,10.780884587424419,10.697128839013157,10.737933158874512,4537439,0.0,0.0
2002-04-19 00:00:00-04:00,10.823838638432974,10.920479700710544,10.791624730655201,10.899003982543945,2753513,0.0,0.0
2002-04-22 00:00:00-04:00,10.896854328980107,10.952690389908282,10.684242322870784,10.720751762390137,3539770,0.0,0.0
2002-04-23 00:00:00-04:00,10.770145773493587,10.813097860601536,10.632700416859336,10.675652503967285,4049417,0.0,0.0
2002-04-24 00:00:00-04:00,10.6992780895664,10.800214026734054,10.630555397741762,10.671359062194824,1828790,0.0,0.0
2002-04-25 00:00:00-04:00,10.619815618836624,10.684242760933833,10.362105067280915,10.647734642028809,3270261,0.0,0.0
2002-04-26 00:00:00-04:00,10.716455771819763,10.750816777085,10.523173051404285,10.662765502929688,4729162,0.0,0.0
2002-04-29 00:00:00-04:00,10.662765339789672,10.66491310916574,10.456597328186035,10.456597328186035,3619493,0.0,0.0
2002-04-30 00:00:00-04:00,10.46518749693181,10.907590297766156,10.46518749693181,10.727192878723145,3651447,0.0,0.0
2002-05-01 00:00:00-04:00,10.694980461237202,10.716456172963806,10.321300300760978,10.482368469238281,4372828,0.0,0.0
2002-05-02 00:00:00-04:00,10.54465107005096,10.806656519393004,10.540355530293011,10.72934341430664,3323517,0.0,0.0
2002-05-03 00:00:00-04:00,10.783032244255137,10.85604980423651,10.583306847583772,10.763704299926758,3559136,0.0,0.0
2002-05-06 00:00:00-04:00,10.763704075303853,10.763704075303853,10.456598792679717,10.544650077819824,3404854,0.0,0.0
2002-05-07 00:00:00-04:00,10.737929646910137,10.808799414733143,10.694978232407987,10.699273109436035,4927985,0.0,0.0
2002-05-08 00:00:00-04:00,10.888261405710303,11.085838317871094,10.888261405710303,11.085838317871094,4356690,0.0,0.0
2002-05-09 00:00:00-04:00,11.012825203087205,11.070810365714353,10.926922335730366,11.008529663085938,3148901,0.0,0.0
2002-05-10 00:00:00-04:00,11.008525124507894,11.274826679957677,10.89899881546655,11.135232925415039,4585854,0.0,0.0
2002-05-13 00:00:00-04:00,11.135236311304062,11.203959655442215,11.051480561955236,11.199664115905762,4005521,0.0,0.0
2002-05-14 00:00:00-04:00,11.435897338511815,11.637770480677302,11.410125427055716,11.603408813476562,3882870,0.0,0.0
2002-05-15 00:00:00-04:00,11.571197871952553,11.635624358094129,11.523950900707828,11.586230278015137,4727548,0.0,0.0
2002-05-16 00:00:00-04:00,11.586233295386426,11.629320507968195,11.364332890613959,11.465588569641113,2195129,0.05267,0.0
2002-05-17 00:00:00-04:00,11.409567954019801,11.51513269625667,11.364326868982713,11.41818618774414,2308420,0.0,0.0
2002-05-20 00:00:00-04:00,11.351402897259366,11.428960392413225,11.24368422767293,11.304006576538086,1496664,0.0,0.0
2002-05-21 00:00:00-04:00,11.357865722140476,11.416032841026677,11.073487172612165,11.118729591369629,1882692,0.0,0.0
2002-05-22 00:00:00-04:00,11.075644346639919,11.456968161520749,11.075644346639919,11.431116104125977,3881902,0.0,0.0
2002-05-23 00:00:00-04:00,11.431113083869283,11.71979873613838,11.383716773641186,11.668094635009766,3882547,0.0,0.0
2002-05-24 00:00:00-04:00,11.66809374510681,11.66809374510681,11.413877070881972,11.41818618774414,3434226,0.0,0.0
2002-05-28 00:00:00-04:00,11.444037583085878,11.469889630202807,11.219983413395536,11.271687507629395,2192869,0.0,0.0
2002-05-29 00:00:00-04:00,11.256607195547211,11.286768361780045,10.944223403930664,10.944223403930664,3975827,0.0,0.0
2002-05-30 00:00:00-04:00,10.793419075523683,10.823580245955828,10.672774393795105,10.75033187866211,4898614,0.0,0.0
2002-05-31 00:00:00-04:00,10.728787526676804,10.933452692112096,10.722323850770866,10.847277641296387,3970017,0.0,0.0
2002-06-03 00:00:00-04:00,10.849432381794383,10.97007772021675,10.71801491316005,10.739559173583984,2652488,0.0,0.0
2002-06-04 00:00:00-04:00,10.718015748591,10.774029636397996,10.394859774785237,10.59090805053711,2801605,0.0,0.0
2002-06-05 00:00:00-04:00,10.590908277970813,11.103648862021155,10.590908277970813,10.95284366607666,4006167,0.0,0.0
2002-06-06 00:00:00-04:00,10.987315456011503,11.008859724119942,10.653387921221055,10.674931526184082,2315843,0.0,0.0
2002-06-07 00:00:00-04:00,10.491810501529416,10.601683092196089,10.362548201062747,10.586603164672852,4575525,0.0,0.0
2002-06-10 00:00:00-04:00,10.588751362377046,10.754638433599984,10.534892044240136,10.627530097961426,2250645,0.0,0.0
2002-06-11 00:00:00-04:00,10.707245211098526,10.797729395617202,10.487498758454251,10.519814491271973,3825741,0.0,0.0
2002-06-12 00:00:00-04:00,10.42717362821163,10.547818954325274,10.369005192033866,10.491805076599121,2280339,0.0,0.0
2002-06-13 00:00:00-04:00,10.448718808350183,10.52412173414405,10.321610450744629,10.321610450744629,2702194,0.0,0.0
2002-06-14 00:00:00-04:00,10.125563009820608,10.147106608523028,9.9316692952084,10.108327865600586,3726329,0.0,0.0
2002-06-17 00:00:00-04:00,10.108330974364923,10.39055372939675,10.048008614188236,10.3840913772583,3793464,0.0,0.0
2002-06-18 00:00:00-04:00,10.384089166511355,10.470264232622489,10.274215277495747,10.343155860900879,4289232,0.0,0.0
2002-06-19 00:00:00-04:00,10.2979099084531,10.360386126227706,10.082471999300454,10.132022857666016,5319500,0.0,0.0
2002-06-20 00:00:00-04:00,10.017844922391868,10.20958408908517,9.989837645656612,10.054469108581543,4141405,0.0,0.0
2002-06-21 00:00:00-04:00,9.935980572590703,10.054471393836126,9.85626850528511,9.907973289489746,4646856,0.0,0.0
2002-06-24 00:00:00-04:00,9.856263930348405,9.955364997051923,9.593430349326198,9.899351119995117,3557845,0.0,0.0
2002-06-25 00:00:00-04:00,9.91012347394105,9.994143291093614,9.720538256329927,9.739927291870117,5008999,0.0,0.0
2002-06-26 00:00:00-04:00,9.739932371714445,9.739932371714445,9.580508235004068,9.71623420715332,3936449,0.0,0.0
2002-06-27 00:00:00-04:00,9.78086315085849,9.834722481240327,9.563271270435209,9.763628005981445,3590122,0.0,0.0
2002-06-28 00:00:00-04:00,9.640827657041125,10.05015865377502,9.640827657041125,9.836875915527344,4759179,0.0,0.0
2002-07-01 00:00:00-04:00,9.890737299478413,9.910127005072525,9.586970329284668,9.586970329284668,3451978,0.0,0.0
2002-07-02 00:00:00-04:00,9.640828991420149,9.67745317780697,9.343525719284646,9.533109664916992,4553254,0.0,0.0
2002-07-03 00:00:00-04:00,9.533112578665804,9.619287668320164,9.12593595977305,9.393078804016113,4108161,0.0,0.0
2002-07-05 00:00:00-04:00,9.479248931284124,9.759317660258462,9.403845352844414,9.729156494140625,1914000,0.0,0.0
2002-07-08 00:00:00-04:00,9.770086343543834,9.869187384439053,9.653750166020338,9.683911323547363,2418483,0.0,0.0
2002-07-09 00:00:00-04:00,9.683912029558872,9.985524289963287,9.660214543898466,9.679603576660156,3000106,0.0,0.0
2002-07-10 00:00:00-04:00,9.759317059505827,9.759317059505827,9.212105659822218,9.233649253845215,2984614,0.0,0.0
2002-07-11 00:00:00-04:00,9.156093268883255,9.190563555423122,8.832937316725335,9.074227333068848,4312794,0.0,0.0
2002-07-12 00:00:00-04:00,9.102234606668784,9.300436764837466,9.037603150979127,9.074227333068848,3591736,0.0,0.0
2002-07-15 00:00:00-04:00,9.048375592218411,9.091463455031636,8.507627721715522,8.975127220153809,4220160,0.0,0.0
2002-07-16 00:00:00-04:00,8.617496747997501,8.639041002146993,8.186622275327366,8.238327026367188,9605181,0.0,0.0
2002-07-17 00:00:00-04:00,8.348201621094187,8.617498212271547,8.29649686126876,8.363282203674316,7912921,0.0,0.0
2002-07-18 00:00:00-04:00,7.971185815424741,8.251254538498074,7.777292135077441,7.857004165649414,8923823,0.0,0.0
2002-07-19 00:00:00-04:00,7.701889591237843,7.906555410433936,7.529539497509043,7.54031229019165,6067025,0.0,0.0
2002-07-22 00:00:00-04:00,7.540311543852705,7.680345235108566,7.219308879489107,7.316256046295166,4814372,0.0,0.0
2002-07-23 00:00:00-04:00,7.400276526306709,7.572626602976324,7.260242835050848,7.316256046295166,6062506,0.0,0.0
2002-07-24 00:00:00-04:00,7.163297242609301,7.755751230684211,7.062042253819095,7.734207630157471,5163604,0.0,0.0
2002-07-25 00:00:00-04:00,7.809611164569162,8.003504910521634,7.5424683754145,7.932409763336182,7303540,0.0,0.0
2002-07-26 00:00:00-04:00,7.992732660528907,8.057363466134113,7.902248471649115,7.977652072906494,5880466,0.0,0.0
2002-07-29 00:00:00-04:00,8.009965873788222,8.490392031817297,8.009965873788222,8.40206241607666,4155930,0.0,0.0
2002-07-30 00:00:00-04:00,8.26202767433623,8.427914091389459,8.117684189929246,8.22540283203125,3531056,0.0,0.0
2002-07-31 00:00:00-04:00,8.283572785631783,8.294344253925578,8.033665171924133,8.270646095275879,5219443,0.0,0.0
2002-08-01 00:00:00-04:00,8.236173054822995,8.326656534086895,7.971184301668054,8.033661842346191,4789842,0.0,0.0
2002-08-02 00:00:00-04:00,8.055208750561052,8.074597791326255,7.475682139337451,7.564011096954346,4311503,0.0,0.0
2002-08-05 00:00:00-04:00,7.475684793354569,7.59202106868323,7.311952184023994,7.324878215789795,2426552,0.0,0.0
2002-08-06 00:00:00-04:00,7.359344721174897,7.77729260971345,7.359344721174897,7.594171047210693,3476186,0.0,0.0
2002-08-07 00:00:00-04:00,7.723437431178649,7.753598612093237,7.3356492089235905,7.637262344360352,3258319,0.0,0.0
2002-08-08 00:00:00-04:00,7.701889358421975,7.816071010229095,7.572627123605334,7.7751383781433105,4615871,0.0,0.0
2002-08-09 00:00:00-04:00,7.734206397463165,7.941025460072826,7.615714955588327,7.83115291595459,4389289,0.0,0.0
2002-08-12 00:00:00-04:00,7.744975532605465,7.861311717656162,7.648029043302369,7.8052978515625,1614796,0.0,0.0
2002-08-13 00:00:00-04:00,7.891475322443031,7.994885517802055,7.779447555541991,7.779447555541992,3981959,0.0,0.0
2002-08-14 00:00:00-04:00,7.777291010772014,7.992728918015384,7.5360017217946496,7.990574359893799,4544217,0.0,0.0
2002-08-15 00:00:00-04:00,7.994907230756433,8.096629133967758,7.856393163365059,8.029536247253418,3623689,0.05267,0.0
2002-08-16 00:00:00-04:00,8.029532964518244,8.105283074387712,7.8672110149985635,8.06416130065918,2710586,0.0,0.0
2002-08-19 00:00:00-04:00,8.040357793007733,8.44940921014756,8.029536059056351,8.43858814239502,3744081,0.0,0.0
2002-08-20 00:00:00-04:00,8.406121297687948,8.406121297687948,8.15939194084542,8.30223560333252,2921997,0.0,0.0
2002-08-21 00:00:00-04:00,8.356343747488355,8.466722891461542,8.144242712618189,8.375822067260742,2870677,0.0,0.0
2002-08-22 00:00:00-04:00,8.354178267867654,8.505679179271981,8.323878218826527,8.440750122070312,2015026,0.0,0.0
2002-08-23 00:00:00-04:00,8.440749235467761,8.440749235467761,8.15506261294613,8.191855430603027,2534033,0.0,0.0
2002-08-26 00:00:00-04:00,8.245967750766969,8.254625007147405,8.066331179820711,8.200517654418945,3795401,0.0,0.0
2002-08-27 00:00:00-04:00,8.300078502674074,8.371499725481355,8.235149391541,8.28925609588623,4540344,0.0,0.0
2002-08-28 00:00:00-04:00,8.267608501031878,8.267608501031878,8.05550743799502,8.087972640991211,2773848,0.0,0.0
2002-08-29 00:00:00-04:00,7.867209953354457,8.159389289821897,7.867209953354457,8.150732040405273,4065878,0.0,0.0
2002-08-30 00:00:00-04:00,8.096626662508326,8.274099318584348,8.07931282574366,8.126927375793457,2422033,0.0,0.0
2002-09-03 00:00:00-04:00,8.126925609640756,8.126925609640756,7.804444894077143,7.947288513183594,3593995,0.0,0.0
2002-09-04 00:00:00-04:00,7.9472903756512645,8.118270262577742,7.830419144155018,8.09229850769043,2812902,0.0,0.0
2002-09-05 00:00:00-04:00,7.921317994434208,8.170212460144153,7.856390277846347,8.079312324523926,3876092,0.0,0.0
2002-09-06 00:00:00-04:00,8.159390957225996,8.289248392615244,8.124761952482928,8.287084579467773,4413820,0.0,0.0
2002-09-09 00:00:00-04:00,8.170214471846814,8.393136573413159,8.100957113435923,8.375822067260742,3006239,0.0,0.0
2002-09-10 00:00:00-04:00,8.345521053903214,8.416943550109863,8.261113678875162,8.416943550109863,2215786,0.0,0.0
2002-09-11 00:00:00-04:00,8.475382156037213,8.527325020623516,8.38664579059497,8.406124114990234,1451154,0.0,0.0
2002-09-12 00:00:00-04:00,8.38664196880615,8.38664196880615,8.2351417385518,8.287084579467773,2318425,0.0,0.0
2002-09-13 00:00:00-04:00,8.18103574826134,8.19835025485761,7.94296361425842,8.118271827697754,3513304,0.0,0.0
2002-09-16 00:00:00-04:00,8.118272872878084,8.124764980939016,7.878035561872986,7.973264694213867,3782490,0.0,0.0
2002-09-17 00:00:00-04:00,8.083643669009838,8.092300923223112,7.746013419487599,7.778478622436523,2906181,0.0,0.0
2002-09-18 00:00:00-04:00,7.7481783656835095,7.7893001591205335,7.46681991852296,7.750342845916748,3635632,0.0,0.0
2002-09-19 00:00:00-04:00,7.542571274975047,7.704893994536138,7.434356572733659,7.436521053314209,3292209,0.0,0.0
2002-09-20 00:00:00-04:00,7.542566667225253,7.592345692973876,7.447337574244549,7.564209461212158,4358949,0.0,0.0
2002-09-23 00:00:00-04:00,7.529581599698007,7.733025341662881,7.477638757608613,7.70488977432251,5150693,0.0,0.0
2002-09-24 00:00:00-04:00,7.596680045583673,7.5988438601797785,7.250392431114046,7.298007011413574,7328393,0.0,0.0
2002-09-25 00:00:00-04:00,7.391069736073971,7.464655401653913,7.250390513184136,7.44517707824707,3620785,0.0,0.0
2002-09-26 00:00:00-04:00,7.499276995176369,7.823920726776124,7.438676938536133,7.823920726776123,3763447,0.0,0.0
2002-09-27 00:00:00-04:00,7.791462416707593,7.800119668972018,7.44301051130965,7.503610610961914,4630073,0.0,0.0
2002-09-30 00:00:00-04:00,7.304496182952772,7.544732780493754,7.142174193597988,7.453832626342773,4322154,0.0,0.0
2002-10-01 00:00:00-04:00,7.4538353663079775,7.71355104446411,7.293677797807707,7.713551044464111,3867377,0.0,0.0
2002-10-02 00:00:00-04:00,7.704889878211909,7.756832721001678,7.551224496869477,7.5836896896362305,2934262,0.0,0.0
2002-10-03 00:00:00-04:00,7.5750319475570524,7.720039401811657,7.40188826120624,7.4235310554504395,3409373,0.0,0.0
2002-10-04 00:00:00-04:00,7.5209236171771074,7.551223660966884,6.934399723049884,7.1248579025268555,4243722,0.0,0.0
2002-10-07 00:00:00-04:00,7.070755806554277,7.1832988142627645,6.914925847990322,6.953883171081543,2675081,0.0,0.0
2002-10-08 00:00:00-04:00,7.018808893937525,7.068587930834484,6.685507660058699,6.934401512145996,5051927,0.0,0.0
2002-10-09 00:00:00-04:00,6.7742441216390725,6.839173185492738,6.42579218956975,6.458256721496582,4408333,0.0,0.0
2002-10-10 00:00:00-04:00,6.495047665549596,6.854320560068203,6.425790328391604,6.830513954162598,4935409,0.0,0.0
2002-10-11 00:00:00-04:00,6.927908102833124,7.3737529156185895,6.9105935988766864,7.300166606903076,3441004,0.0,0.0
2002-10-14 00:00:00-04:00,7.187624242844561,7.2698671439676765,6.990673243414576,7.051273345947266,3078861,0.0,0.0
2002-10-15 00:00:00-04:00,7.347783067449654,7.689741611480712,7.328304745090361,7.689741611480713,4704631,0.0,0.0
2002-10-16 00:00:00-04:00,7.575031821153601,7.68541026981673,7.341287382141437,7.345616340637207,4245336,0.0,0.0
2002-10-17 00:00:00-04:00,7.748178778909358,8.046851085267901,7.743850484410946,8.044687271118164,7519147,0.0,0.0
2002-10-18 00:00:00-04:00,8.155062603241737,8.323877334594727,7.925647114045317,8.323877334594727,5831729,0.0,0.0
2002-10-21 00:00:00-04:00,8.22432165465474,8.871446480415042,8.181035390059334,8.86495304107666,4787259,0.0,0.0
2002-10-22 00:00:00-04:00,8.678823265624429,8.711287795639034,8.3325358337336,8.362835884094238,6381076,0.0,0.0
2002-10-23 00:00:00-04:00,8.323879471818417,8.7221097946167,8.297907711788488,8.7221097946167,6488557,0.0,0.0
2002-10-24 00:00:00-04:00,8.808680376070756,8.808680376070756,8.36283555806248,8.416943550109863,3371932,0.0,0.0
2002-10-25 00:00:00-04:00,8.416943443407357,8.564115394498012,8.30439983399755,8.557621955871582,2614401,0.0,0.0
2002-10-28 00:00:00-05:00,8.657182776181653,8.657182776181653,8.380153268437704,8.486204147338867,4258247,0.0,0.0
2002-10-29 00:00:00-05:00,8.408286326096974,8.464558131703077,8.211334673376268,8.40395736694336,3673073,0.0,0.0
2002-10-30 00:00:00-05:00,8.427766682455687,8.538145840792938,8.28059469340564,8.449409484863281,2554690,0.0,0.0
2002-10-31 00:00:00-05:00,8.449407374110448,8.538143707872814,8.356342747427362,8.440750122070312,2433330,0.0,0.0
2002-11-01 00:00:00-05:00,8.408289862576979,8.529490110675164,8.254624405768089,8.527325630187988,4179169,0.0,0.0
2002-11-04 00:00:00-05:00,8.635537409568508,8.910403687789467,8.592251811646294,8.687480926513672,3487160,0.0,0.0
2002-11-05 00:00:00-05:00,8.657182190599203,8.787040346494498,8.594418259101761,8.717782974243164,1793608,0.0,0.0
2002-11-06 00:00:00-05:00,8.754568379824754,8.873604699667704,8.6030682147504,8.871440887451172,2788049,0.0,0.0
2002-11-07 00:00:00-05:00,8.871443394089557,8.893086185758474,8.56844164593061,8.592248916625977,2794827,0.0,0.0
2002-11-08 00:00:00-05:00,8.613893077681857,8.847636863741862,8.598743054485299,8.689643859863281,4135596,0.0,0.0
2002-11-11 00:00:00-05:00,8.678825657822372,8.678825657822372,8.27843078761015,8.31305980682373,3584312,0.0,0.0
2002-11-12 00:00:00-05:00,8.419106627817209,8.639864871061205,8.321713716279271,8.544635772705078,3250250,0.0,0.0
2002-11-13 00:00:00-05:00,8.501353476980706,8.711290753532245,8.397467745098341,8.633376121520996,2942008,0.0,0.0
2002-11-14 00:00:00-05:00,8.857247866761952,8.913760504597088,8.783347291096689,8.91158676147461,3176659,0.05267,0.0
2002-11-15 00:00:00-05:00,8.900719827644048,9.074604567012297,8.868115686331327,9.033306121826172,3170526,0.0,0.0
2002-11-18 00:00:00-05:00,9.172417322466243,9.183285373134213,9.03765657181413,9.063738822937012,2644419,0.0,0.0
2002-11-19 00:00:00-05:00,9.063737576814558,9.063737576814558,8.922456951855757,8.983316421508789,3997452,0.0,0.0
2002-11-20 00:00:00-05:00,9.037652501551689,9.18110682527087,8.942015839705668,9.170239448547363,4024242,0.0,0.0
2002-11-21 00:00:00-05:00,9.21588650762899,9.678854409295436,9.159373858744113,9.620168685913086,3585280,0.0,0.0
2002-11-22 00:00:00-05:00,9.6201685066487,9.759276048196213,9.54409350535395,9.557134628295898,3824772,0.0,0.0
2002-11-25 00:00:00-05:00,9.557131850633795,9.681025158774323,9.470189495172814,9.672330856323242,4185947,0.0,0.0
2002-11-26 00:00:00-05:00,9.672330856323242,9.754926395083595,9.567999895960101,9.672330856323242,3656934,0.0,0.0
2002-11-27 00:00:00-05:00,9.702767607058254,9.96142111788116,9.702767607058254,9.894041061401367,3449396,0.0,0.0
2002-11-29 00:00:00-05:00,9.911426350295649,10.08531112874734,9.902732044468056,10.041839599609375,2041170,0.0,0.0
2002-12-02 00:00:00-05:00,10.367876047783314,10.407000098242115,10.000544053261569,10.050536155700684,6615081,0.0,0.0
2002-12-03 00:00:00-05:00,10.026620168693197,10.028794580618246,9.661462810996936,9.672330856323242,2832268,0.0,0.0
2002-12-04 00:00:00-05:00,9.5853926549364,9.648425873236418,9.400640487670898,9.400640487670898,5338220,0.0,0.0
2002-12-05 00:00:00-05:00,9.459329527792576,9.459329527792576,9.202849746275648,9.222412109375,3848334,0.0,0.0
2002-12-06 00:00:00-05:00,9.128945095157055,9.357169458491093,9.109383408301342,9.250664710998535,2737375,0.0,0.0
2002-12-09 00:00:00-05:00,9.27023069826405,9.368040508957145,8.955063819885254,8.955063819885254,3114365,0.0,0.0
2002-12-10 00:00:00-05:00,8.9594060795482,9.128943342617681,8.86811621793004,8.922455787658691,4734326,0.0,0.0
2002-12-11 00:00:00-05:00,8.933321766231858,9.144157443918514,8.802908558852875,9.065909385681152,4557773,0.0,0.0
2002-12-12 00:00:00-05:00,9.172416233424041,9.281094050999789,9.074606465225896,9.226755142211914,2698643,0.0,0.0
2002-12-13 00:00:00-05:00,9.076780136249331,9.259359229678948,8.998532048929512,9.026788711547852,2647646,0.0,0.0
2002-12-16 00:00:00-05:00,9.052869872168316,9.278920469719198,9.052869872168316,9.265878677368164,2242253,0.0,0.0
2002-12-17 00:00:00-05:00,9.281092342877761,9.389770140452098,9.172414545303424,9.1941499710083,2083775,0.0,0.0
2002-12-18 00:00:00-05:00,9.196326233643308,9.298483498397339,9.08547466241552,9.185458183288574,2945882,0.0,0.0
2002-12-19 00:00:00-05:00,9.18110929231346,9.337606115872525,9.091993835415279,9.146332740783691,3004948,0.0,0.0
2002-12-20 00:00:00-05:00,9.237621551406347,9.43324173628754,9.226754172221282,9.402812004089355,3391944,0.0,0.0
2002-12-23 00:00:00-05:00,9.394120387910618,9.476715972415999,9.315872291563519,9.346302032470703,2154783,0.0,0.0
2002-12-24 00:00:00-05:00,9.322389572392588,9.45280211896055,9.294132918491277,9.318042755126953,865657,0.0,0.0
2002-12-26 00:00:00-05:00,9.346301582983903,9.574525297862133,9.305004461767489,9.313698768615723,1405321,0.0,0.0
2002-12-27 00:00:00-05:00,9.31369918344012,9.31369918344012,9.10286340381775,9.139814376831055,1308492,0.0,0.0
2002-12-30 00:00:00-05:00,9.183284675317609,9.307176696837333,9.031135322778283,9.250664710998535,1561540,0.0,0.0
2002-12-31 00:00:00-05:00,9.168068244732607,9.404986891048868,9.1224236441327,9.359341621398926,1527650,0.0,0.0
2003-01-02 00:00:00-05:00,9.45497538887432,9.72666983402451,9.39846275694913,9.691892623901367,2333273,0.0,0.0
2003-01-03 00:00:00-05:00,9.667987059280378,9.667987059280378,9.535399407276909,9.624515533447266,1656433,0.0,0.0
2003-01-06 00:00:00-05:00,9.624511934025103,9.91576870650621,9.615817632110017,9.85273551940918,2281307,0.0,0.0
2003-01-07 00:00:00-05:00,9.839696092156354,9.841869835418963,9.65059715455787,9.715804100036621,2447209,0.0,0.0
2003-01-08 00:00:00-05:00,9.717980089800554,9.717980089800554,9.411508290773842,9.4288969039917,4620712,0.0,0.0
2003-01-09 00:00:00-05:00,9.428896238452975,9.548441440524828,9.402813320467251,9.509317398071289,3515886,0.0,0.0
2003-01-10 00:00:00-05:00,9.324565893734695,9.50497125050715,9.31369851226114,9.4288969039917,3217328,0.0,0.0
2003-01-13 00:00:00-05:00,9.476711764472205,9.533224402085184,9.32456245844494,9.444108963012695,1896248,0.0,0.0
2003-01-14 00:00:00-05:00,9.444115381510928,9.452808352724968,9.259362479410758,9.448461532592773,1887856,0.0,0.0
2003-01-15 00:00:00-05:00,9.448456778298493,9.496275120943068,9.27892017364502,9.27892017364502,2184155,0.0,0.0
2003-01-16 00:00:00-05:00,9.28543983529078,9.487580580233207,9.274572456173445,9.294134140014648,2652488,0.0,0.0
2003-01-17 00:00:00-05:00,9.294133837501406,9.352820225214838,9.183282961242657,9.213712692260742,1794577,0.0,0.0
2003-01-21 00:00:00-05:00,9.183283813740113,9.261531891921921,8.981142387562077,8.989836692810059,2373618,0.0,0.0
2003-01-22 00:00:00-05:00,8.989831342667093,8.989831342667093,8.422532778941916,8.439921379089355,6035394,0.0,0.0
2003-01-23 00:00:00-05:00,8.737704033215268,8.950712843686594,8.509480355499566,8.946365356445312,7972956,0.0,0.0
2003-01-24 00:00:00-05:00,8.946360659483194,8.946360659483194,8.496434771130975,8.561641693115234,4249209,0.0,0.0
2003-01-27 00:00:00-05:00,8.56164887015817,8.650764357920538,8.413846969604492,8.413846969604492,5336606,0.0,0.0
2003-01-28 00:00:00-05:00,8.442100056664005,8.63554719088856,8.39645612181282,8.596423149108887,4309889,0.0,0.0
2003-01-29 00:00:00-05:00,8.57903691106813,8.78117705320197,8.402977684502625,8.737706184387207,3896749,0.0,0.0
2003-01-30 00:00:00-05:00,8.709446510060683,8.71379332748716,8.487743433161926,8.502958297729492,2922320,0.0,0.0
2003-01-31 00:00:00-05:00,8.400802111268497,8.757265939559575,8.39428154979031,8.5333890914917,4315376,0.0,0.0
2003-02-03 00:00:00-05:00,8.650768376961445,8.74857888737177,8.587735115332721,8.692066192626953,4049094,0.0,0.0
2003-02-04 00:00:00-05:00,8.563817922725105,8.592074578222087,8.463834429470282,8.548603057861328,2002438,0.0,0.0
2003-02-05 00:00:00-05:00,8.602942325429558,8.705100235395511,8.27038835839668,8.468181610107422,3156970,0.0,0.0
2003-02-06 00:00:00-05:00,8.413847564022257,8.50948362239561,8.3421193494042,8.394285202026367,3213454,0.0,0.0
2003-02-07 00:00:00-05:00,8.476874127541429,8.552949108135081,8.157361350007555,8.23778247833252,2470125,0.0,0.0
2003-02-10 00:00:00-05:00,8.270388839717643,8.270388839717643,8.053032554043515,8.248653411865234,3171818,0.0,0.0
2003-02-11 00:00:00-05:00,8.302991434817262,8.357331006634848,8.116065555772764,8.181272506713867,1962415,0.0,0.0
2003-02-12 00:00:00-05:00,8.183445352598099,8.283428842438267,8.013907432556152,8.013907432556152,1907545,0.0,0.0
2003-02-13 00:00:00-05:00,8.068497073937031,8.077231649803739,7.861053081586876,8.013906478881836,2426875,0.05267,0.0
2003-02-14 00:00:00-05:00,8.009543221269073,8.077236053101501,7.828302857716023,8.068501472473145,3830582,0.0,0.0
2003-02-18 00:00:00-05:00,8.210433245338303,8.452816227764638,8.192964092562692,8.406959533691406,3563978,0.0,0.0
2003-02-19 00:00:00-05:00,8.516142100944535,8.540162693988748,8.317432640624977,8.439715385437012,4244690,0.0,0.0
2003-02-20 00:00:00-05:00,8.52706016221631,8.559814659641198,8.439715059799637,8.48338794708252,4218546,0.0,0.0
2003-02-21 00:00:00-05:00,8.485572843015234,8.666813850402832,8.393860768969425,8.666813850402832,3171818,0.0,0.0
2003-02-24 00:00:00-05:00,8.666810640100817,8.675545216129189,8.45499901982246,8.468100547790527,4637819,0.0,0.0
2003-02-25 00:00:00-05:00,8.337086433784053,8.494307518005371,8.254108265917669,8.494307518005371,4009394,0.0,0.0
2003-02-26 00:00:00-05:00,8.476838107464586,8.518327190165287,8.376391456006928,8.389492988586426,3287690,0.0,0.0
2003-02-27 00:00:00-05:00,8.42006156473335,8.57728260479926,8.402592410915128,8.546711921691895,2591162,0.0,0.0
2003-02-28 00:00:00-05:00,8.540163674150593,8.682098731176376,8.529244610469016,8.61440658569336,2609883,0.0,0.0
2003-03-03 00:00:00-05:00,8.625326183560048,8.712671318394143,8.509594165568345,8.513961791992188,2719946,0.0,0.0
2003-03-04 00:00:00-05:00,8.529245157653774,8.531429642679429,8.216986802295892,8.232272148132324,3317385,0.0,0.0
2003-03-05 00:00:00-05:00,8.232268425531428,8.356735620964937,8.186412408758052,8.332715034484863,2942331,0.0,0.0
2003-03-06 00:00:00-05:00,8.265023929712674,8.284676222678115,8.107802897393077,8.142741203308105,2498206,0.0,0.0
2003-03-07 00:00:00-05:00,7.992074116137784,8.278130121389314,7.893811259640051,8.238824844360352,4738199,0.0,0.0
2003-03-10 00:00:00-05:00,8.18860028091331,8.19733418850171,7.8981780251955955,7.961502552032471,3730525,0.0,0.0
2003-03-11 00:00:00-05:00,7.957132732325792,7.9898872265075775,7.679812110022234,7.723484992980957,3946778,0.0,0.0
2003-03-12 00:00:00-05:00,7.721302985730854,7.740955281833682,7.5378781946921665,7.692915439605713,3363218,0.0,0.0
2003-03-13 00:00:00-05:00,7.992076132941522,8.19733715057373,7.895997737557466,8.19733715057373,3635632,0.0,0.0
2003-03-14 00:00:00-05:00,8.275941154821952,8.337083186542996,8.092517076105757,8.11435317993164,3191183,0.0,0.0
2003-03-17 00:00:00-05:00,8.107807361212723,8.668999671936035,8.022646033844845,8.668999671936035,3768288,0.0,0.0
2003-03-18 00:00:00-05:00,8.64716032258949,8.778178330966087,8.537979097041786,8.699567794799805,3466180,0.0,0.0
2003-03-19 00:00:00-05:00,8.605673854218335,8.664631433561304,8.470288862040938,8.625326156616211,4315699,0.0,0.0
2003-03-20 00:00:00-05:00,8.627506887489407,8.638425277464775,8.413512090024652,8.590385437011719,3186665,0.0,0.0
2003-03-21 00:00:00-05:00,8.75634319716839,9.116642088250789,8.703935719111351,9.055500030517578,4687525,0.0,0.0
2003-03-24 00:00:00-05:00,8.86552343716334,8.898277939225453,8.564182824770912,8.612222671508789,3901268,0.0,0.0
2003-03-25 00:00:00-05:00,8.666815704909423,8.880811262289184,8.363291195030659,8.834955215454102,3675977,0.0,0.0
2003-03-26 00:00:00-05:00,8.76725980042968,8.808748205237265,8.668996303239963,8.714852333068848,3075311,0.0,0.0
2003-03-27 00:00:00-05:00,8.673364641832748,8.863340901181365,8.533612717507651,8.760709762573242,2280984,0.0,0.0
2003-03-28 00:00:00-05:00,8.640609947579435,8.640609947579435,8.398226908829685,8.420063018798828,4305370,0.0,0.0
2003-03-31 00:00:00-05:00,8.385127578364541,8.503043409729692,8.223538843447848,8.426616668701172,4881184,0.0,0.0
2003-04-01 00:00:00-05:00,8.426614636892818,8.446266934640484,8.32398350633024,8.417880058288574,4015204,0.0,0.0
2003-04-02 00:00:00-05:00,8.636244430604549,9.10354079319783,8.636244430604549,8.979073524475098,5545759,0.0,0.0
2003-04-03 00:00:00-05:00,8.97034153015933,8.972525343800093,8.83277269733222,8.854609489440918,3597868,0.0,0.0
2003-04-04 00:00:00-05:00,8.854602548018814,8.994354412781004,8.791276707126226,8.911376953125,2735438,0.0,0.0
2003-04-07 00:00:00-04:00,9.171235044450217,9.313171506651662,8.955056311012315,8.963790893554688,3565269,0.0,0.0
2003-04-08 00:00:00-04:00,8.96378891739426,8.994359613478196,8.845873087292224,8.880810737609863,3609810,0.0,0.0
2003-04-09 00:00:00-04:00,8.893913507607593,8.970340252655356,8.751977067712723,8.75416088104248,2935230,0.0,0.0
2003-04-10 00:00:00-04:00,8.77817743372751,8.821849650623076,8.673363172169388,8.800013542175293,2729951,0.0,0.0
2003-04-11 00:00:00-04:00,8.887360746579969,8.996541986747639,8.68209979997698,8.734506607055664,2489491,0.0,0.0
2003-04-14 00:00:00-04:00,8.734505543843788,8.924481792733603,8.520510043418177,8.900461196899414,2635704,0.0,0.0
2003-04-15 00:00:00-04:00,8.900462327197761,9.009644240089852,8.800015666372289,8.985624313354492,3312221,0.0,0.0
2003-04-16 00:00:00-04:00,9.105718738915629,9.131922465614394,8.880805602568634,8.911376953125,3870605,0.0,0.0
2003-04-17 00:00:00-04:00,9.033662253470895,9.372124296946135,9.005274706714784,9.34592056274414,5430208,0.0,0.0
2003-04-21 00:00:00-04:00,9.291330540509586,9.389593373709534,9.247658319564982,9.295698165893555,2897790,0.0,0.0
2003-04-22 00:00:00-04:00,9.295699816524428,9.621059735138445,9.208354686976227,9.570836067199707,3426480,0.0,0.0
2003-04-23 00:00:00-04:00,9.570835963204885,9.570835963204885,9.391779424193151,9.450736999511719,3320290,0.0,0.0
2003-04-24 00:00:00-04:00,9.389588998593652,9.531524658751907,9.385222047393663,9.43326187133789,1869136,0.0,0.0
2003-04-25 00:00:00-04:00,9.400511861305741,9.42889873596587,9.147211113326222,9.184331893920898,2038588,0.0,0.0
2003-04-28 00:00:00-04:00,9.199620168751737,9.494409394831232,9.199620168751737,9.472573280334473,2109919,0.0,0.0
2003-04-29 00:00:00-04:00,9.44418692924245,9.564285901795978,9.380861723139967,9.520613670349121,2635704,0.0,0.0
2003-04-30 00:00:00-04:00,9.520608241013251,9.706216127039434,9.417977816276112,9.625422477722168,3627240,0.0,0.0
2003-05-01 00:00:00-04:00,9.553365577389739,9.553365577389739,9.330636166579248,9.45728588104248,2808383,0.0,0.0
2003-05-02 00:00:00-04:00,9.378678791024145,9.581755963414327,9.378678791024145,9.531532287597656,3038515,0.0,0.0
2003-05-05 00:00:00-04:00,9.607958200958471,9.749893280306335,9.487859235960332,9.570836067199707,2039233,0.0,0.0
2003-05-06 00:00:00-04:00,9.570833574678199,9.738973022896245,9.542446700631247,9.677831649780273,2816130,0.0,0.0
2003-05-07 00:00:00-04:00,9.640707310961659,9.645074934980368,9.498772301184035,9.5664644241333,2307129,0.0,0.0
2003-05-08 00:00:00-04:00,9.542449754667546,9.553367476418657,9.324087253853225,9.420166969299316,2354575,0.0,0.0
2003-05-09 00:00:00-04:00,9.42235004820615,9.559918171024442,9.38741172816699,9.51842975616455,3148901,0.0,0.0
2003-05-12 00:00:00-04:00,9.514061314979218,9.714955307887214,9.42453304748536,9.708404541015625,2818389,0.0,0.0
2003-05-13 00:00:00-04:00,9.72155607224516,9.72155607224516,9.460707120176314,9.568115234375,3373546,0.05267,0.0
2003-05-14 00:00:00-04:00,9.583460526626974,9.611955691203251,9.342339291237248,9.443171501159668,2216109,0.0,0.0
2003-05-15 00:00:00-04:00,9.497968834456668,9.594416618347168,9.41467219302022,9.594416618347168,4407687,0.0,0.0
2003-05-16 00:00:00-04:00,9.502356753316286,9.598805261461838,9.38837337956122,9.530853271484375,1979844,0.0,0.0
2003-05-19 00:00:00-04:00,9.508936921924507,9.524281621936314,9.250280013788613,9.276583671569824,2072155,0.0,0.0
2003-05-20 00:00:00-04:00,9.30507271806003,9.355488471419994,9.206432056510868,9.331377029418945,4396067,0.0,0.0
2003-05-21 00:00:00-04:00,9.261232835062069,9.272192458702266,9.04422378540039,9.04422378540039,4861818,0.0,0.0
2003-05-22 00:00:00-04:00,9.118751101640896,9.37083255099873,9.105599284179407,9.32699203491211,3512012,0.0,0.0
2003-05-23 00:00:00-04:00,9.337956453949946,9.357684863578362,9.191092178381028,9.329188346862793,3064014,0.0,0.0
2003-05-27 00:00:00-04:00,9.326991876659543,9.583457035910056,9.20643130287815,9.56592082977295,3218619,0.0,0.0
2003-05-28 00:00:00-04:00,9.565920939623293,9.688673034534718,9.493583919794796,9.533040046691895,2579543,0.0,0.0
2003-05-29 00:00:00-04:00,9.535238568630852,9.62730269439241,9.217397170554927,9.296309471130371,4301820,0.0,0.0
2003-05-30 00:00:00-04:00,9.316038628353763,9.61634385545148,9.316038628353763,9.60099983215332,5509609,0.0,0.0
2003-06-02 00:00:00-04:00,9.765392439062394,9.982401459809976,9.697440487468329,9.837729454040527,4442223,0.0,0.0
2003-06-03 00:00:00-04:00,9.870610301738317,9.918834534953854,9.752241913317192,9.833346366882324,4233716,0.0,0.0
2003-06-04 00:00:00-04:00,9.85307567221136,10.1687247585518,9.820196121325178,10.138036727905273,4280517,0.0,0.0
2003-06-05 00:00:00-04:00,10.1161167959576,10.458070197518191,10.0635088398441,10.425189971923828,6365260,0.0,0.0
2003-06-06 00:00:00-04:00,10.499715460377574,10.578627708855297,10.153378444806343,10.170914649963379,6018287,0.0,0.0
2003-06-09 00:00:00-04:00,10.00651674172799,10.10515742095511,9.842116284411949,9.879380226135254,4130754,0.0,0.0
2003-06-10 00:00:00-04:00,9.907877039523806,9.975829014707685,9.809236357287116,9.892532348632812,4218869,0.0,0.0
2003-06-11 00:00:00-04:00,9.907879002091265,10.162152091401516,9.890342787367253,10.124887466430664,3252186,0.0,0.0
2003-06-12 00:00:00-04:00,10.159955216111017,10.234483761944379,10.070083331854098,10.205987930297852,3922570,0.0,0.0
2003-06-13 00:00:00-04:00,10.2366791560033,10.2366791560033,10.010901928008543,10.070086479187012,3483609,0.0,0.0
2003-06-16 00:00:00-04:00,10.219143847248322,10.653162128362439,10.208183544288316,10.620281219482422,5407292,0.0,0.0
2003-06-17 00:00:00-04:00,10.740841536698507,10.795641022253745,10.609320612232334,10.758377075195312,4740781,0.0,0.0
2003-06-18 00:00:00-04:00,10.71891460298385,10.71891460298385,10.504098479371935,10.576434135437012,2936199,0.0,0.0
2003-06-19 00:00:00-04:00,10.543554852820918,10.602738695525353,10.227905217724748,10.265169143676758,4913461,0.0,0.0
2003-06-20 00:00:00-04:00,10.368199649259685,10.6027442994054,10.300246994264548,10.532599449157715,5393736,0.0,0.0
2003-06-23 00:00:00-04:00,10.508489505278037,10.543561935424805,10.38135295808999,10.543561935424805,4573589,0.0,0.0
2003-06-24 00:00:00-04:00,10.521639595145103,10.60055187524046,10.383542767613621,10.493143081665039,3773775,0.0,0.0
2003-06-25 00:00:00-04:00,10.530409557001201,10.55452168432011,10.339704734041481,10.37916088104248,4682361,0.0,0.0
2003-06-26 00:00:00-04:00,10.379161535058822,10.497529983520508,10.289289606894753,10.497529983520508,2420096,0.0,0.0
2003-06-27 00:00:00-04:00,10.53259415592896,10.53259415592896,10.238865104684654,10.295857429504395,2289054,0.0,0.0
2003-06-30 00:00:00-04:00,10.352854981421642,10.433959458663196,10.247638380533388,10.372583389282227,2838401,0.0,0.0
2003-07-01 00:00:00-04:00,10.328739429587216,10.379155177382255,10.083234574856759,10.359427452087402,4877957,0.0,0.0
2003-07-02 00:00:00-04:00,10.359427251194258,10.506291452415542,10.34627475985712,10.479987144470215,2243544,0.0,0.0
2003-07-03 00:00:00-04:00,10.412041908251929,10.53479474977828,10.381353866552686,10.442729949951172,1551211,0.0,0.0
2003-07-07 00:00:00-04:00,10.504106300228687,10.675082718694242,10.493145321862574,10.60713005065918,3117270,0.0,0.0
2003-07-08 00:00:00-04:00,10.572053611607629,10.732071015242648,10.543558452303223,10.707958221435547,2097331,0.0,0.0
2003-07-09 00:00:00-04:00,10.707957659280217,10.80659832525601,10.633429785845633,10.664117813110352,2389111,0.0,0.0
2003-07-10 00:00:00-04:00,10.565478697116351,10.716726651242233,10.499718247684841,10.552326202392578,3154065,0.0,0.0
2003-07-11 00:00:00-04:00,10.644391927843262,10.867976936319184,10.609319505051284,10.83071231842041,3336751,0.0,0.0
2003-07-14 00:00:00-04:00,10.91620231950057,10.979769911668837,10.721113128136881,10.758377075195312,3195379,0.0,0.0
2003-07-15 00:00:00-04:00,10.828525222172875,10.90305313896138,10.675084321861524,10.725500106811523,2308420,0.0,0.0
2003-07-16 00:00:00-04:00,10.795641940113496,10.828522848754869,10.576441280338813,10.646585464477539,2028259,0.0,0.0
2003-07-17 00:00:00-04:00,11.00388072287674,11.661483242536042,10.981960796324904,11.481738090515137,12118234,0.0,0.0
2003-07-18 00:00:00-04:00,11.343644529558604,11.560653686523438,11.31953307573632,11.560653686523438,10391438,0.0,0.0
2003-07-21 00:00:00-04:00,11.442282285610517,12.121804711514352,11.440089415872944,11.902604103088379,11688311,0.0,0.0
2003-07-22 00:00:00-04:00,12.034127552060738,12.16564713524588,11.867534190784204,12.071390151977539,8273773,0.0,0.0
2003-07-23 00:00:00-04:00,12.099882353822089,12.099882353822089,11.768889968968423,11.832457542419434,6767426,0.0,0.0
2003-07-24 00:00:00-04:00,11.832460756818909,11.994669713369785,11.628603463487508,11.665868759155273,4208218,0.0,0.0
2003-07-25 00:00:00-04:00,11.720665328341592,11.944248937117331,11.575992628928072,11.896024703979492,5083558,0.0,0.0
2003-07-28 00:00:00-04:00,11.896026890656554,12.05604430705404,11.836843697756086,11.8850679397583,3767320,0.0,0.0
2003-07-29 00:00:00-04:00,11.90479117244187,11.990279323787627,11.694358073267347,11.74039077758789,3466180,0.0,0.0
2003-07-30 00:00:00-04:00,11.700935330562679,11.832454836771184,11.65271110678222,11.74039077758789,2466897,0.0,0.0
2003-07-31 00:00:00-04:00,11.83026743997034,12.049468042830217,11.652715167567163,11.88945198059082,5023201,0.0,0.0
2003-08-01 00:00:00-04:00,11.90918202231668,11.97932552712702,11.814925043075204,11.867533683776855,3018181,0.0,0.0
2003-08-04 00:00:00-04:00,11.880682391783708,12.056043132022353,11.78204239710515,11.974939346313477,4223388,0.0,0.0
2003-08-05 00:00:00-04:00,11.924525784902146,11.970558515816375,11.672445573612608,11.683405876159668,3787332,0.0,0.0
2003-08-06 00:00:00-04:00,11.694361556607124,11.716282155566816,11.301992416381836,11.301992416381836,6147071,0.0,0.0
2003-08-07 00:00:00-04:00,11.258155239621663,11.385291782570542,11.106907245162493,11.352412223815918,4202731,0.0,0.0
2003-08-08 00:00:00-04:00,11.47297460683755,11.56503873486649,11.407214129828647,11.547502517700195,1774565,0.0,0.0
2003-08-11 00:00:00-04:00,11.584762717424711,11.83026832870266,11.582571197036454,11.788619995117188,3823481,0.0,0.0
2003-08-12 00:00:00-04:00,11.869725121094845,12.16345500946045,11.869725121094845,12.16345500946045,6117699,0.0,0.0
2003-08-13 00:00:00-04:00,12.198525062767255,12.43307037975015,12.154685207566812,12.3410062789917,6723207,0.0,0.0
2003-08-14 00:00:00-04:00,12.380595840844126,12.624732482639027,12.286019701900509,12.470772743225098,7568208,0.058866,0.0
2003-08-15 00:00:00-04:00,12.47077416889483,12.510363240400894,12.30361670068337,12.45097827911377,2576961,0.0,0.0
2003-08-18 00:00:00-04:00,12.481771428578574,12.706113584063822,12.472974307631066,12.703914642333984,4514200,0.0,0.0
2003-08-19 00:00:00-04:00,12.70391617118199,12.866673083508974,12.67752345113509,12.842480659484863,5086463,0.0,0.0
2003-08-20 00:00:00-04:00,12.725908065375188,12.813884681212738,12.657724630968879,12.78529167175293,3559136,0.0,0.0
2003-08-21 00:00:00-04:00,12.756695426060903,13.117401587646244,12.756695426060903,13.07341194152832,5328860,0.0,0.0
2003-08-22 00:00:00-04:00,13.108610452973913,13.19658844041864,12.767698628935683,12.802889823913574,5117449,0.0,0.0
2003-08-25 00:00:00-04:00,12.747901016936154,12.802886738075475,12.35420249532296,12.578544616699219,3078861,0.0,0.0
2003-08-26 00:00:00-04:00,12.530159582701177,12.598343027949857,12.36080450258205,12.543355941772461,4178201,0.0,0.0
2003-08-27 00:00:00-04:00,12.56974362094553,12.609332678024309,12.481765681835684,12.574141502380371,3037870,0.0,0.0
2003-08-28 00:00:00-04:00,12.618131732107106,12.855670147640431,12.470770200568648,12.780888557434082,3243149,0.0,0.0
2003-08-29 00:00:00-04:00,12.829282549576968,13.146000596480517,12.820485427842215,13.091014862060547,3083380,0.0,0.0
2003-09-02 00:00:00-04:00,13.185586019452055,13.194383137844312,12.868868092886492,12.943648338317871,3882225,0.0,0.0
2003-09-03 00:00:00-04:00,13.047022677427918,13.064618269709337,12.67971824287648,12.706110954284668,5347903,0.0,0.0
2003-09-04 00:00:00-04:00,12.756697595403164,12.8116819543459,12.503762503322264,12.728104591369629,3418410,0.0,0.0
2003-09-05 00:00:00-04:00,12.580741530773425,12.613732412978816,12.371794763380652,12.40038776397705,4399941,0.0,0.0
2003-09-08 00:00:00-04:00,12.426786494606743,12.644530484813673,12.341008805257635,12.532360076904297,3525246,0.0,0.0
2003-09-09 00:00:00-04:00,12.415783960739462,12.512559027617769,12.29261618617714,12.299214363098145,3129858,0.0,0.0
2003-09-10 00:00:00-04:00,12.325608960217044,12.343204550779944,11.903317494762922,12.028685569763184,3377742,0.0,0.0
2003-09-11 00:00:00-04:00,12.149657206206717,12.222238526230916,12.030887281066004,12.096870422363281,5798484,0.0,0.0
2003-09-12 00:00:00-04:00,12.096869775714932,12.305815250296908,12.0770752405923,12.253029823303223,2339405,0.0,0.0
2003-09-15 00:00:00-04:00,12.308014327301922,12.325609919233882,12.070475867262266,12.10126781463623,2922965,0.0,0.0
2003-09-16 00:00:00-04:00,12.158450114378887,12.415783057663704,12.123258937341411,12.40038776397705,2782885,0.0,0.0
2003-09-17 00:00:00-04:00,12.356397123448057,12.49276121604083,12.200237151263321,12.239826202392578,3797015,0.0,0.0
2003-09-18 00:00:00-04:00,12.270625093982888,12.490569356373248,12.151856519239633,12.468574523925781,3081120,0.0,0.0
2003-09-19 00:00:00-04:00,12.486168735761456,12.635730600972757,12.426783777954915,12.477370262145996,3329973,0.0,0.0
2003-09-22 00:00:00-04:00,12.477369882011725,12.477369882011725,12.156254039417401,12.182646751403809,3165362,0.0,0.0
2003-09-23 00:00:00-04:00,12.277218398312435,12.40478538292709,12.195838642765855,12.334403038024902,2498529,0.0,0.0
2003-09-24 00:00:00-04:00,12.3388116915921,12.40479485179754,11.97150574905513,11.984702110290527,4251146,0.0,0.0
2003-09-25 00:00:00-04:00,11.991299354946928,12.03088843109276,11.663583912728726,11.685577392578125,5884340,0.0,0.0
2003-09-26 00:00:00-04:00,11.58000217782891,11.70316996606274,11.52501646136539,11.639387130737305,4628136,0.0,0.0
2003-09-29 00:00:00-04:00,11.676778349664575,11.795546912583175,11.593199619519064,11.733963012695312,3021732,0.0,0.0
2003-09-30 00:00:00-04:00,11.700975449960172,11.898924916506601,11.553613836591671,11.753762245178223,4011331,0.0,0.0
2003-10-01 00:00:00-04:00,11.744961031247149,12.046283721923828,11.705371959582962,12.046283721923828,4317313,0.0,0.0
2003-10-02 00:00:00-04:00,12.055078849261928,12.18484616655283,12.006691311430298,12.138657569885254,2262264,0.0,0.0
2003-10-03 00:00:00-04:00,12.360800096690777,12.657722132044293,12.264025025958288,12.294816970825195,4623617,0.0,0.0
2003-10-06 00:00:00-04:00,12.334409316216869,12.512562855642665,12.283822826337124,12.420186996459961,2069250,0.0,0.0
2003-10-07 00:00:00-04:00,12.426783190926,12.510361916184962,12.257426799122065,12.464173316955566,2694124,0.0,0.0
2003-10-08 00:00:00-04:00,12.508172203186042,12.701721154016465,12.503772963340454,12.63573932647705,2965570,0.0,0.0
2003-10-09 00:00:00-04:00,12.800683504525018,13.042621163617524,12.787487151124997,12.868866920471191,4844066,0.0,0.0
2003-10-10 00:00:00-04:00,12.866671624298068,13.018433809441344,12.829281490462604,12.871070861816406,2985582,0.0,0.0
2003-10-13 00:00:00-04:00,12.910656852371513,13.084411103280294,12.910656852371513,13.003032684326172,1227155,0.0,0.0
2003-10-14 00:00:00-04:00,12.950243423405787,12.994231712919245,12.901855898732753,12.98983383178711,2235475,0.0,0.0
2003-10-15 00:00:00-04:00,13.086613707445272,13.163594265969566,12.921657882373934,13.115206718444824,4881507,0.0,0.0
2003-10-16 00:00:00-04:00,13.115205865007304,13.115205865007304,12.646728427588984,12.714910507202148,7006918,0.0,0.0
2003-10-17 00:00:00-04:00,12.714907664455028,12.877664500942334,12.525755412163631,12.569745063781738,3637568,0.0,0.0
2003-10-20 00:00:00-04:00,12.668720786181881,12.820481584328423,12.45097685570712,12.470772743225098,4346362,0.0,0.0
2003-10-21 00:00:00-04:00,12.5367564977862,12.582943744888839,12.336606795572314,12.387194633483887,3881256,0.0,0.0
2003-10-22 00:00:00-04:00,12.41578532595494,12.591739889260602,12.193643519123595,12.41138744354248,6443047,0.0,0.0
2003-10-23 00:00:00-04:00,12.41359096448568,12.840280497861116,12.41359096448568,12.725911140441895,6159336,0.0,0.0
2003-10-24 00:00:00-04:00,12.59613638835443,12.734700796874849,12.58294003592916,12.675315856933594,3455529,0.0,0.0
2003-10-27 00:00:00-05:00,12.855668834892327,13.073411344709212,12.833674012837458,12.98763370513916,3466825,0.0,0.0
2003-10-28 00:00:00-05:00,13.014031012111445,13.19658374786377,12.948047883497818,13.19658374786377,4184979,0.0,0.0
2003-10-29 00:00:00-05:00,13.141602216518871,13.354946966336643,13.130604799244384,13.346148490905762,3286077,0.0,0.0
2003-10-30 00:00:00-05:00,13.412127568682907,13.427524218998503,13.178988350967666,13.368139266967773,3945164,0.0,0.0
2003-10-31 00:00:00-05:00,13.36153786748901,13.36153786748901,13.216375288207688,13.284557342529297,2395889,0.0,0.0
2003-11-03 00:00:00-05:00,13.28456508050789,13.343950052809376,13.029430947832443,13.091014862060547,6231958,0.0,0.0
2003-11-04 00:00:00-05:00,13.091011605998064,13.368140505123913,13.060219656542742,13.200983047485352,3281558,0.0,0.0
2003-11-05 00:00:00-05:00,13.110810445936448,13.271368407523694,13.091014552951194,13.233978271484375,1674185,0.0,0.0
2003-11-06 00:00:00-05:00,13.394534719668066,13.5243020642346,13.33295081385226,13.508905410766602,3292209,0.0,0.0
2003-11-07 00:00:00-05:00,13.51549883837507,13.592479370596795,13.227373947305233,13.242769241333008,2932003,0.0,0.0
2003-11-10 00:00:00-05:00,13.12399892669431,13.16358798084238,12.908454007352255,12.937047004699707,3180209,0.0,0.0
2003-11-11 00:00:00-05:00,12.95904555959842,12.98763856817049,12.844676233366068,12.895262718200684,2214172,0.0,0.0
2003-11-12 00:00:00-05:00,12.954645692015026,13.337346743852706,12.954645692015026,13.282361030578613,2509503,0.0,0.0
2003-11-13 00:00:00-05:00,13.275740760908317,13.403710387848824,13.172041259047928,13.207342147827148,2355221,0.058866,0.0
2003-11-14 00:00:00-05:00,13.147771885978138,13.392679031866788,13.092612631123046,13.134533882141113,2090553,0.0,0.0
2003-11-17 00:00:00-05:00,13.134534917769509,13.134534917769509,12.796960360103466,12.93596076965332,2234183,0.0,0.0
2003-11-18 00:00:00-05:00,12.993327713080646,13.066136742416127,12.774896550170032,12.799166679382324,2149619,0.0,0.0
2003-11-19 00:00:00-05:00,12.790338970527902,13.0131832291008,12.686640821202412,12.971261978149414,2430425,0.0,0.0
2003-11-20 00:00:00-05:00,12.929340608545557,13.172041870615137,12.838879105564965,13.008769989013672,2925225,0.0,0.0
2003-11-21 00:00:00-05:00,13.017598281020254,13.050694657224778,12.91610598725016,12.980090141296387,1350129,0.0,0.0
2003-11-24 00:00:00-05:00,13.09923474381858,13.348555069628016,13.08820261856743,13.335315704345703,2721560,0.0,0.0
2003-11-25 00:00:00-05:00,13.41253642847608,13.70598383585264,13.40150430552333,13.648618698120117,4016495,0.0,0.0
2003-11-26 00:00:00-05:00,13.611111602330277,13.655238739197445,13.405918446360953,13.63317584991455,2400731,0.0,0.0
2003-11-28 00:00:00-05:00,13.633176842659847,13.754526138305664,13.602287708773396,13.754526138305664,747202,0.0,0.0
2003-12-01 00:00:00-05:00,13.754524277217579,13.944272176360482,13.754524277217579,13.915590286254883,3260255,0.0,0.0
2003-12-02 00:00:00-05:00,13.90014516828989,13.90014516828989,13.796445655126076,13.858223915100098,2208685,0.0,0.0
2003-12-03 00:00:00-05:00,13.851606257053513,14.003846040442482,13.84719313568387,13.897940635681152,2275497,0.0,0.0
2003-12-04 00:00:00-05:00,13.878079564493666,13.893524807127152,13.772174180368237,13.83836555480957,4599087,0.0,0.0
2003-12-05 00:00:00-05:00,13.84718907472941,14.120779428287102,13.84718907472941,13.995017051696777,2830977,0.0,0.0
2003-12-08 00:00:00-05:00,13.988402660761462,14.217864605788776,13.968545651329592,14.206833839416504,2787404,0.0,0.0
2003-12-09 00:00:00-05:00,14.209040589158144,14.456153677101,14.206834707409215,14.374518394470215,4456425,0.0,0.0
2003-12-10 00:00:00-05:00,14.319353432518986,14.319353432518986,13.9354445878523,14.021492958068848,4194016,0.0,0.0
2003-12-11 00:00:00-05:00,14.021495288170767,14.361275705457173,14.021495288170767,14.35906982421875,3090481,0.0,0.0
2003-12-12 00:00:00-05:00,14.352453218207541,14.378927869886558,14.215657330605804,14.343626976013184,1702266,0.0,0.0
2003-12-15 00:00:00-05:00,14.53779316912872,14.738574648670632,14.495873253951798,14.546619415283203,4175619,0.0,0.0
2003-12-16 00:00:00-05:00,14.546615205875792,14.729744140116045,14.546615205875792,14.678997993469238,5899187,0.0,0.0
2003-12-17 00:00:00-05:00,14.678992376144379,14.678992376144379,14.365688014256195,14.456148147583008,4122685,0.0,0.0
2003-12-18 00:00:00-05:00,14.456151628503845,14.782695429355245,14.270816838810699,14.729742050170898,5791060,0.0,0.0
2003-12-19 00:00:00-05:00,14.738567873940362,14.826822145106453,14.601771987841179,14.720916748046875,4131400,0.0,0.0
2003-12-22 00:00:00-05:00,14.62162969583651,14.817997971449309,14.592947803398713,14.795933723449707,3545580,0.0,0.0
2003-12-23 00:00:00-05:00,14.69443735921052,14.826820106055122,14.623834223647576,14.7584228515625,2382978,0.0,0.0
2003-12-24 00:00:00-05:00,14.738566937422362,14.738566937422362,14.645898192794583,14.709883689880371,1162924,0.0,0.0
2003-12-26 00:00:00-05:00,14.71209285244969,14.893015902988177,14.703267967246093,14.870951652526855,784643,0.0,0.0
2003-12-29 00:00:00-05:00,14.89301024980637,15.014360864677508,14.870946007720331,15.012153625488281,1818139,0.0,0.0
2003-12-30 00:00:00-05:00,15.012155335561511,15.045251702460662,14.879773942868487,14.919487953186035,1748421,0.0,0.0
2003-12-31 00:00:00-05:00,14.921689912642147,15.012151390103284,14.890800793301862,14.976850509643555,1578324,0.0,0.0
2004-01-02 00:00:00-05:00,14.727536957155573,14.968031020343956,14.723123835745282,14.789315223693848,2612465,0.0,0.0
2004-01-05 00:00:00-05:00,14.824617440930968,14.996715608251597,14.824617440930968,14.963619232177734,2585998,0.0,0.0
2004-01-06 00:00:00-05:00,14.846682190338122,14.910667704582549,14.667966371761647,14.672379493713379,3432612,0.0,0.0
2004-01-07 00:00:00-05:00,14.787106560493013,14.948171199505062,14.678993935237695,14.919487953186035,4455134,0.0,0.0
2004-01-08 00:00:00-05:00,14.9305113244442,15.029797650345762,14.793715533048333,14.992289543151855,3126630,0.0,0.0
2004-01-09 00:00:00-05:00,14.992306444226028,14.992306444226028,14.595159334608898,14.645905494689941,3451333,0.0,0.0
2004-01-12 00:00:00-05:00,14.630457631231108,14.667965770529333,14.458359465184019,14.562060356140137,3662421,0.0,0.0
2004-01-13 00:00:00-05:00,14.893011712725114,15.109235601543292,14.749596841680503,14.848884582519531,5234935,0.0,0.0
2004-01-14 00:00:00-05:00,15.113655017096999,15.336498000348088,15.113655017096999,15.279132843017578,4937668,0.0,0.0
2004-01-15 00:00:00-05:00,15.223970052285228,15.351939704443387,15.142334778338347,15.345320701599121,2770943,0.0,0.0
2004-01-16 00:00:00-05:00,15.387245024182546,15.513007461581479,15.274719236807943,15.435785293579102,2510794,0.0,0.0
2004-01-20 00:00:00-05:00,15.420340511052283,15.433578519778404,15.113654995124083,15.290164947509766,4401232,0.0,0.0
2004-01-21 00:00:00-05:00,15.2901629376751,15.621118545532227,15.168812276467175,15.621118545532227,4043930,0.0,0.0
2004-01-22 00:00:00-05:00,15.543891281565715,15.663036032333856,15.433572772195854,15.607876777648926,3287368,0.0,0.0
2004-01-23 00:00:00-05:00,15.6056732470868,15.941041946411133,15.294574677811626,15.941041946411133,8014915,0.0,0.0
2004-01-26 00:00:00-05:00,15.885885555972797,16.029299122367753,15.532865665659806,15.768946647644043,4604574,0.0,0.0
2004-01-27 00:00:00-05:00,15.766731841108218,15.766731841108218,14.99670833735696,15.005533218383789,7579182,0.0,0.0
2004-01-28 00:00:00-05:00,15.135713056518385,15.188665069760217,14.643691544805165,14.793724060058594,5911452,0.0,0.0
2004-01-29 00:00:00-05:00,14.870951714067608,14.870951714067608,14.370105179576615,14.562060356140137,5716502,0.0,0.0
2004-01-30 00:00:00-05:00,14.584123345423569,14.712093011216815,14.345835142736307,14.678997993469238,8086247,0.0,0.0
2004-02-02 00:00:00-05:00,14.694440334411691,14.809171981020127,14.469390162530148,14.557645797729492,5169414,0.0,0.0
2004-02-03 00:00:00-05:00,14.506897495991288,14.506897495991288,14.264197568791003,14.354659080505371,4325059,0.0,0.0
2004-02-04 00:00:00-05:00,14.222278368113578,14.308326771163479,14.0943087043955,14.14284896850586,5696813,0.0,0.0
2004-02-05 00:00:00-05:00,14.191392648321873,14.482634303082559,14.149471377563726,14.405410766601562,6846827,0.0,0.0
2004-02-06 00:00:00-05:00,14.264205460913349,14.725336800200589,14.264205460913349,14.648113250732422,4867305,0.0,0.0
2004-02-09 00:00:00-05:00,14.661350216684328,14.736366512931317,14.451745220322739,14.663556098937988,3464889,0.0,0.0
2004-02-10 00:00:00-05:00,14.628248586138604,14.692234089864792,14.420849546421545,14.515724182128906,4248564,0.0,0.0
2004-02-11 00:00:00-05:00,14.577500685783278,14.994505954625708,14.520135549974343,14.950377464294434,4195953,0.0,0.0
2004-02-12 00:00:00-05:00,14.868512879619022,14.979141596366317,14.777797004977279,14.824261665344238,2862608,0.058866,0.0
2004-02-13 00:00:00-05:00,14.9348902932381,14.97029180929558,14.66495611701099,14.742395401000977,3356439,0.0,0.0
2004-02-17 00:00:00-05:00,14.93489322956659,15.156150705245958,14.864090183531145,14.99463176727295,3090158,0.0,0.0
2004-02-18 00:00:00-05:00,14.945954003172892,15.041095419585488,14.77558673914521,14.837538719177246,2542102,0.0,0.0
2004-02-19 00:00:00-05:00,14.934891218467081,15.06322070053506,14.833112194026702,14.844175338745117,2274206,0.0,0.0
2004-02-20 00:00:00-05:00,14.879574381889919,14.879574381889919,14.560963494874263,14.67380428314209,2820649,0.0,0.0
2004-02-23 00:00:00-05:00,14.762308607562014,14.846385499866292,14.512287290216902,14.56981372833252,3522664,0.0,0.0
2004-02-24 00:00:00-05:00,14.552111375176537,14.569812130067447,14.262264408343786,14.319790840148926,3727943,0.0,0.0
2004-02-25 00:00:00-05:00,14.319794618382298,14.682658146205732,14.231292182697077,14.603005409240723,5138751,0.0,0.0
2004-02-26 00:00:00-05:00,14.514495491288463,14.70920240224125,14.514495491288463,14.591936111450195,6714816,0.0,0.0
2004-02-27 00:00:00-05:00,14.60964249367174,14.855239695244034,14.567604719705827,14.709209442138672,7493326,0.0,0.0
2004-03-01 00:00:00-05:00,14.952588160300214,15.043302654742648,14.85744677455567,14.939312934875488,4596828,0.0,0.0
2004-03-02 00:00:00-05:00,14.941531318907911,15.129600724050505,14.91276741027832,14.91276741027832,3528151,0.0,0.0
2004-03-03 00:00:00-05:00,14.802140776596223,14.941533446423382,14.585308794070444,14.879581451416016,2506598,0.0,0.0
2004-03-04 00:00:00-05:00,14.934892126256765,14.959230501268344,14.802137105808002,14.859664916992188,2665076,0.0,0.0
2004-03-05 00:00:00-05:00,14.824264054641711,15.00790791749546,14.757886541470818,14.819838523864746,3508139,0.0,0.0
2004-03-08 00:00:00-05:00,14.757888731841508,14.89064377788684,14.598583221435547,14.598583221435547,3156325,0.0,0.0
2004-03-09 00:00:00-05:00,14.569811995017872,14.671590994167095,14.293240256386778,14.357405662536621,3871896,0.0,0.0
2004-03-10 00:00:00-05:00,14.603001125327774,14.788857003016822,14.03879451751709,14.03879451751709,9417655,0.0,0.0
2004-03-11 00:00:00-05:00,14.118454507125659,14.248996105483391,13.837455738036391,13.846306800842285,6191290,0.0,0.0
2004-03-12 00:00:00-05:00,14.034374363510384,14.30430858730373,14.018885686710664,14.273332595825195,5866265,0.0,0.0
2004-03-15 00:00:00-05:00,14.275541427407799,14.310942941637085,13.981268894352969,14.076410293579102,4406719,0.0,0.0
2004-03-16 00:00:00-05:00,14.160491181414272,14.366261349057224,14.158279096946211,14.308734893798828,3652738,0.0,0.0
2004-03-17 00:00:00-05:00,14.30873068995881,14.702568785308468,14.30873068995881,14.649466514587402,3975827,0.0,0.0
2004-03-18 00:00:00-05:00,14.569809951415975,14.711414607248416,14.308726920586247,14.66495132446289,3956138,0.0,0.0
2004-03-19 00:00:00-05:00,14.680437907657685,14.824256001756051,14.47024369856639,14.514494895935059,3102100,0.0,0.0
2004-03-22 00:00:00-05:00,14.38174402569633,14.403870311723947,14.076409723662543,14.178187370300293,4121071,0.0,0.0
2004-03-23 00:00:00-05:00,14.248994000612157,14.399448424876294,14.213592478860283,14.3153715133667,5152630,0.0,0.0
2004-03-24 00:00:00-05:00,14.260059587991444,14.547693255640802,14.191468617057907,14.392814636230469,5868524,0.0,0.0
2004-03-25 00:00:00-05:00,14.476888965843152,14.73797212187037,14.456976120814812,14.680445671081543,3099841,0.0,0.0
2004-03-26 00:00:00-05:00,14.680441569372327,14.815408640389448,14.479097004685713,14.735755920410156,3651124,0.0,0.0
2004-03-29 00:00:00-05:00,14.890652624539362,15.182711992384302,14.886227090476314,15.120759963989258,3163748,0.0,0.0
2004-03-30 00:00:00-05:00,15.0101277200358,15.10084365594482,14.837546914322912,15.067655563354492,3731170,0.0,0.0
2004-03-31 00:00:00-05:00,15.034462821792186,15.129604269953854,14.881794905009917,14.968085289001465,3193766,0.0,0.0
2004-04-01 00:00:00-05:00,14.930465863212337,15.156148842055268,14.864088356244325,14.903915405273438,3114688,0.0,0.0
2004-04-02 00:00:00-05:00,15.231376910223958,15.510162182853826,15.156149700389578,15.450422286987305,3996484,0.0,0.0
2004-04-05 00:00:00-04:00,15.377407073490362,15.558838844299316,15.273415958440514,15.558838844299316,3176336,0.0,0.0
2004-04-06 00:00:00-04:00,15.476975209489616,15.963742790874056,15.443787129904795,15.866389274597168,5609021,0.0,0.0
2004-04-07 00:00:00-04:00,15.866385435052859,15.899574868727148,15.505735367607425,15.598663330078125,3870605,0.0,0.0
2004-04-08 00:00:00-04:00,15.631848980484612,15.839831144205728,15.536707594856264,15.592021942138672,3698571,0.0,0.0
2004-04-12 00:00:00-04:00,15.605303870769994,15.866388410393835,15.605303870769994,15.766822814941406,1621897,0.0,0.0
2004-04-13 00:00:00-04:00,15.766821164534363,15.824347614033446,15.381832692013557,15.450422286987305,4733035,0.0,0.0
2004-04-14 00:00:00-04:00,15.361907562670735,15.873013078378419,15.355271314649459,15.65396785736084,3899008,0.0,0.0
2004-04-15 00:00:00-04:00,15.653983816436792,15.930557090134453,15.653983816436792,15.782313346862793,4483537,0.0,0.0
2004-04-16 00:00:00-04:00,15.784522325416289,16.275714010292468,15.700444052220277,16.08100700378418,6663496,0.0,0.0
2004-04-19 00:00:00-04:00,16.083218989458175,16.100919750134096,15.791159843607643,15.93055248260498,3304474,0.0,0.0
2004-04-20 00:00:00-04:00,15.985862884266405,16.12967965617406,15.636274650269458,15.667250633239746,7073408,0.0,0.0
2004-04-21 00:00:00-04:00,15.565473181368993,15.665038744863745,15.39510459184741,15.45484447479248,5479592,0.0,0.0
2004-04-22 00:00:00-04:00,15.543350812339233,15.974802604295185,15.490248529436618,15.96816635131836,6954630,0.0,0.0
2004-04-23 00:00:00-04:00,15.488036447604873,15.56547710658521,15.122960806567292,15.3552827835083,6654781,0.0,0.0
2004-04-26 00:00:00-04:00,15.454847889561918,15.463697588710351,15.151724240324723,15.178276062011719,4724966,0.0,0.0
2004-04-27 00:00:00-04:00,15.153933916467382,15.38183031930487,15.140658688793877,15.171634674072266,4239526,0.0,0.0
2004-04-28 00:00:00-04:00,15.134026641646813,15.156152937321703,14.633985163332909,14.695937156677246,6027970,0.0,0.0
2004-04-29 00:00:00-04:00,14.669382038437071,14.671595484780664,14.326434067262925,14.41714859008789,6986907,0.0,0.0
2004-04-30 00:00:00-04:00,14.448126766237586,14.558755512292134,14.191467748481983,14.282183647155762,5339834,0.0,0.0
2004-05-03 00:00:00-04:00,14.310935920934046,14.43926532546853,14.248983982485663,14.425990104675293,4339583,0.0,0.0
2004-05-04 00:00:00-04:00,14.403872885767804,14.647256627083332,14.248992942258278,14.603005409240723,6434655,0.0,0.0
2004-05-05 00:00:00-04:00,14.603001760521089,14.682654477583997,14.48130855814892,14.56760025024414,4687202,0.0,0.0
2004-05-06 00:00:00-04:00,14.536627710033907,14.536627710033907,14.244567224300406,14.370684623718262,4346684,0.0,0.0
2004-05-07 00:00:00-04:00,14.326423436716482,14.501216099997809,13.996749577625591,14.1582670211792,4956066,0.0,0.0
2004-05-10 00:00:00-04:00,13.839665823485431,13.93923140208268,13.063051313761234,13.487865447998047,12201185,0.0,0.0
2004-05-11 00:00:00-04:00,13.695842585016925,13.903824725711186,13.516624337603433,13.824172019958496,6360742,0.0,0.0
2004-05-12 00:00:00-04:00,14.04543295531205,14.083047915528196,13.6361075439518,14.067559242248535,6415289,0.0,0.0
2004-05-13 00:00:00-04:00,13.936624156182072,14.147448421281545,13.801252555862941,13.909994125366211,3717291,0.058866,0.0
2004-05-14 00:00:00-04:00,13.890024281611648,14.182958775701895,13.736897476273294,13.996545791625977,3392912,0.0,0.0
2004-05-17 00:00:00-04:00,13.703614171452827,13.73468301174535,13.519419844645805,13.597092628479004,5023847,0.0,0.0
2004-05-18 00:00:00-04:00,13.947724178243506,13.967696706682977,13.723583471744567,13.938846588134766,5063869,0.0,0.0
2004-05-19 00:00:00-04:00,14.12969573730272,14.37602625055584,13.852293667486947,13.86338996887207,4047481,0.0,0.0
2004-05-20 00:00:00-04:00,13.863393219325651,13.863393219325651,13.56379984269913,13.659226417541504,4606833,0.0,0.0
2004-05-21 00:00:00-04:00,13.747991630403606,13.836760680038754,13.585989993348791,13.785717964172363,4930890,0.0,0.0
2004-05-24 00:00:00-04:00,14.036493632724701,14.311675734957158,14.025397326806589,14.222908020019531,6490816,0.0,0.0
2004-05-25 00:00:00-04:00,14.202932257079286,14.504744360903949,14.047588093243824,14.455923080444336,5411165,0.0,0.0
2004-05-26 00:00:00-04:00,14.5358131586542,14.582415720210726,14.371591420599637,14.427071571350098,2808061,0.0,0.0
2004-05-27 00:00:00-04:00,14.535813047204329,14.804336209703864,14.43151025529691,14.551346778869629,4492897,0.0,0.0
2004-05-28 00:00:00-04:00,14.531371926486424,14.54024814798809,14.431507945127981,14.491425514221191,2059245,0.0,0.0
2004-06-01 00:00:00-04:00,14.493644394476037,14.586852235430854,14.389342984270616,14.500303268432617,3053040,0.0,0.0
2004-06-02 00:00:00-04:00,14.513619902947635,14.673402839261104,14.464797263173894,14.611265182495117,3739562,0.0,0.0
2004-06-03 00:00:00-04:00,14.49143031427233,14.810996253432855,14.451485254979039,14.62458324432373,4368955,0.0,0.0
2004-06-04 00:00:00-04:00,14.8465026685604,14.966340569039764,14.72666613428447,14.773268699645996,4202731,0.0,0.0
2004-06-07 00:00:00-04:00,14.937500286541482,15.206025016034781,14.9175277453787,15.166078567504883,3182469,0.0,0.0
2004-06-08 00:00:00-04:00,15.01294894208225,15.31698123964992,14.939714944837657,15.245965957641602,4932181,0.0,0.0
2004-06-09 00:00:00-04:00,15.234855551271144,15.323624571637922,15.068415175061473,15.070633888244629,4139792,0.0,0.0
2004-06-10 00:00:00-04:00,15.117242770419125,15.174942994199721,15.035132594981379,15.143874168395996,2055371,0.0,0.0
2004-06-14 00:00:00-04:00,14.968557121849594,15.092832433138655,14.913076974581033,15.017379760742188,2081515,0.0,0.0
2004-06-15 00:00:00-04:00,15.037350571599353,15.387985226308402,15.037350571599353,15.257052421569824,3112429,0.0,0.0
2004-06-16 00:00:00-04:00,15.259273785726995,15.312535222117004,15.174944885863631,15.274808883666992,2656684,0.0,0.0
2004-06-17 00:00:00-04:00,15.20379575180023,15.237084666504671,15.092835435192448,15.157193183898926,2911023,0.0,0.0
2004-06-18 00:00:00-04:00,15.077304080030911,15.301443463107713,15.021823912973945,15.223772048950195,2067636,0.0,0.0
2004-06-21 00:00:00-04:00,15.245963935481461,15.28369028671803,15.086180938359645,15.101716041564941,2190287,0.0,0.0
2004-06-22 00:00:00-04:00,15.052890096393815,15.143877882204956,14.882010829466168,15.07286262512207,3523632,0.0,0.0
2004-06-23 00:00:00-04:00,15.04623092896447,15.148313642018888,14.961900662021256,15.123902320861816,4713023,0.0,0.0
2004-06-24 00:00:00-04:00,15.17051177026847,15.243745760393182,15.061770142591685,15.141661643981934,4469335,0.0,0.0
2004-06-25 00:00:00-04:00,15.11724067999309,15.305873688847676,15.05732175058471,15.1305570602417,2438494,0.0,0.0
2004-06-28 00:00:00-04:00,15.46787928816989,15.46787928816989,14.9374877867398,14.95080280303955,5388249,0.0,0.0
2004-06-29 00:00:00-04:00,14.944148622446521,15.048451428290191,14.873134730967735,14.948587417602539,3971631,0.0,0.0
2004-06-30 00:00:00-04:00,15.03069068408479,15.201569873672184,14.75772881639792,15.159404754638672,4727225,0.0,0.0
2004-07-01 00:00:00-04:00,15.210444816234775,15.261486146413256,14.941920422125557,15.079510688781738,4445451,0.0,0.0
2004-07-02 00:00:00-04:00,15.012945804358747,15.012945804358747,14.648995975641961,14.722229957580566,3524600,0.0,0.0
2004-07-06 00:00:00-04:00,14.666755593013972,14.666755593013972,14.351628294292684,14.42042350769043,5089691,0.0,0.0
2004-07-07 00:00:00-04:00,14.486997706993424,14.575765445770708,14.402667398812206,14.42929744720459,3553649,0.0,0.0
2004-07-08 00:00:00-04:00,14.269508697991448,14.333866444051177,14.127479553222654,14.127479553222656,4209832,0.0,0.0
2004-07-09 00:00:00-04:00,14.17186427045668,14.469238963214975,14.17186427045668,14.44926643371582,4297624,0.0,0.0
2004-07-12 00:00:00-04:00,14.45370217077127,14.602388816642563,14.39156450880128,14.53137493133545,2404926,0.0,0.0
2004-07-13 00:00:00-04:00,14.606826491614335,14.75995192051687,14.593511474527727,14.71778678894043,2841951,0.0,0.0
2004-07-14 00:00:00-04:00,14.675621876327622,14.846501119296283,14.58241538912743,14.66452693939209,3207322,0.0,0.0
2004-07-15 00:00:00-04:00,14.835399066518557,14.906414286121581,14.695590073004588,14.830960273742676,3591736,0.0,0.0
2004-07-16 00:00:00-04:00,15.057328710687353,15.088397546556118,14.779927902500662,14.791024208068848,2526932,0.0,0.0
2004-07-19 00:00:00-04:00,14.722225518047066,14.777705666463946,14.484769827045254,14.680060386657715,4210154,0.0,0.0
2004-07-20 00:00:00-04:00,14.68006265744335,14.826530599809093,14.677843942996649,14.706692695617676,3460370,0.0,0.0
2004-07-21 00:00:00-04:00,14.762175239794143,14.877574367549764,14.509185737616928,14.53581714630127,4734003,0.0,0.0
2004-07-22 00:00:00-04:00,14.591292953493058,14.759953497822536,14.196274362095204,14.660089492797852,9446381,0.0,0.0
2004-07-23 00:00:00-04:00,14.813219024322168,14.9197405679858,14.609050796844828,14.711134910583496,5039339,0.0,0.0
2004-07-26 00:00:00-04:00,14.713351249694824,14.895326833347502,14.573540806947209,14.713351249694824,3562364,0.0,0.0
2004-07-27 00:00:00-04:00,14.80211339922071,15.028472732441799,14.704468143078165,14.984088897705078,4255342,0.0,0.0
2004-07-28 00:00:00-04:00,14.984099917942183,15.272597105214006,14.935277253963694,15.225993156433105,4132691,0.0,0.0
2004-07-29 00:00:00-04:00,15.22598008608947,15.5100382329199,15.221541293300717,15.40351676940918,4937991,0.0,0.0
2004-07-30 00:00:00-04:00,15.379120363387882,15.452354367466212,15.214898533072468,15.243748664855957,2312938,0.0,0.0
2004-08-02 00:00:00-04:00,15.068426042963061,15.15719512735336,14.981877039559825,15.126126289367676,4938314,0.0,0.0
2004-08-03 00:00:00-04:00,15.068421776906176,15.201574682692542,14.96855778066805,15.128340721130371,4266961,0.0,0.0
2004-08-04 00:00:00-04:00,15.101712839487508,15.214891869199409,14.857599599477336,14.979656219482422,6611853,0.0,0.0
2004-08-05 00:00:00-04:00,14.979647887876041,14.981866601113554,14.438161632082554,14.486984252929688,4075561,0.0,0.0
2004-08-06 00:00:00-04:00,14.447049675966817,14.469242291317252,13.949946841470183,14.047592163085938,8146604,0.0,0.0
2004-08-09 00:00:00-04:00,14.08087490286391,14.28948047722046,13.969914607244744,14.11416244506836,3634663,0.0,0.0
2004-08-10 00:00:00-04:00,14.169644650857137,14.431511696977257,14.140794532620962,14.418196678161621,3205385,0.0,0.0
2004-08-11 00:00:00-04:00,14.28060587473575,14.515842898249872,14.162988046080457,14.44926643371582,3502652,0.0,0.0
2004-08-12 00:00:00-04:00,14.358277520579826,14.39156506713969,14.136355534101494,14.176301956176758,2770943,0.0,0.0
2004-08-13 00:00:00-04:00,14.09387116029574,14.19858377762536,13.824291547866604,13.857709884643555,5607407,0.077456,0.0
2004-08-16 00:00:00-04:00,13.953508938735789,14.361219433276709,13.875531004597313,14.330028533935547,3095645,0.0,0.0
2004-08-17 00:00:00-04:00,14.588460735260103,14.633018944157975,14.243132216053331,14.3032865524292,3969694,0.0,0.0
2004-08-18 00:00:00-04:00,14.27878983780904,14.350082750187251,14.1384300735153,14.292157173156738,3634341,0.0,0.0
2004-08-19 00:00:00-04:00,14.287691366373933,14.314427390730657,13.877753622989822,13.951273918151855,5850126,0.0,0.0
2004-08-20 00:00:00-04:00,13.953511393557815,14.203038632186091,13.924547920655824,14.142884254455566,2980740,0.0,0.0
2004-08-23 00:00:00-04:00,14.125060654117876,14.249824261050373,14.069362517339352,14.154024124145508,2271947,0.0,0.0
2004-08-24 00:00:00-04:00,14.298839221174715,14.481528402852144,14.27878822042438,14.336713790893555,3275103,0.0,0.0
2004-08-25 00:00:00-04:00,14.287695845279657,14.37235743440302,14.10946157050093,14.370128631591797,3585926,0.0,0.0
2004-08-26 00:00:00-04:00,14.459251517363278,14.84468229427828,14.425833179203847,14.679815292358398,5999890,0.0,0.0
2004-08-27 00:00:00-04:00,14.637476888447123,14.773380333001024,14.532764330926712,14.751100540161133,2442367,0.0,0.0
2004-08-30 00:00:00-04:00,14.626346622199424,14.817948303435433,14.568419671304106,14.615206718444824,2633445,0.0,0.0
2004-08-31 00:00:00-04:00,14.58177882897278,14.615198521493106,14.396862290957399,14.48375129699707,3810893,0.0,0.0
2004-09-01 00:00:00-04:00,14.403552876946096,14.512721730461708,14.370133168365532,14.488214492797852,2552753,0.0,0.0
2004-09-02 00:00:00-04:00,14.50380831781675,15.05633484534986,14.494897219050031,15.038511276245117,5312076,0.0,0.0
2004-09-03 00:00:00-04:00,14.971676756342953,15.040742245636013,14.904838699372641,14.993956565856934,2379428,0.0,0.0
2004-09-07 00:00:00-04:00,15.116488448663437,15.417258960452704,15.105349917655314,15.301407814025879,3726329,0.0,0.0
2004-09-08 00:00:00-04:00,15.239024673696726,15.283584284131043,15.06524658203125,15.06524658203125,2973639,0.0,0.0
2004-09-09 00:00:00-04:00,15.094208636880841,15.198921242738633,14.831312720608762,14.871416091918945,4234362,0.0,0.0
2004-09-10 00:00:00-04:00,14.873639980179167,14.982808794968292,14.766699968114272,14.92711067199707,2794505,0.0,0.0
2004-09-13 00:00:00-04:00,14.949387568665863,15.105343394285077,14.84467499846817,14.846903800964355,3796046,0.0,0.0
2004-09-14 00:00:00-04:00,14.933797290192079,14.998406522124,14.833540923332324,14.873642921447754,3379356,0.0,0.0
2004-09-15 00:00:00-04:00,14.753339056173159,14.811264635496974,14.581787007181024,14.615206718444824,2732211,0.0,0.0
2004-09-16 00:00:00-04:00,14.637479178412336,14.722140758564112,14.57955225659446,14.710999488830566,3578179,0.0,0.0
2004-09-17 00:00:00-04:00,14.80457986775062,14.922659821320108,14.711005780420647,14.76002025604248,2553399,0.0,0.0
2004-09-20 00:00:00-04:00,14.704318390578287,14.91374355539898,14.695405922695617,14.777838706970215,2583416,0.0,0.0
2004-09-21 00:00:00-04:00,14.809030074917187,14.993949387900411,14.771155514132166,14.891464233398438,2054080,0.0,0.0
2004-09-22 00:00:00-04:00,14.815717681901326,14.862503347398889,14.56618910348656,14.610747337341309,2952982,0.0,0.0
2004-09-23 00:00:00-04:00,14.530540888083944,14.575100490198905,14.316660832845004,14.399093627929688,3814121,0.0,0.0
2004-09-24 00:00:00-04:00,14.358998212668412,14.55282735873056,14.358998212668412,14.441431045532227,1816525,0.0,0.0
2004-09-27 00:00:00-04:00,14.325572675304885,14.383499612438293,14.227543740067897,14.281014442443848,3371287,0.0,0.0
2004-09-28 00:00:00-04:00,14.336713294196523,14.572874546168933,14.18744245227449,14.510491371154785,5584490,0.0,0.0
2004-09-29 00:00:00-04:00,14.459248325014654,15.107574914739974,14.416917524977647,14.944936752319336,8208898,0.0,0.0
2004-09-30 00:00:00-04:00,14.951617402642695,15.183320982989306,14.837992357763042,15.143218994140625,4920239,0.0,0.0
2004-10-01 00:00:00-04:00,15.147684420456953,15.38830063606996,15.123178546783784,15.303640365600586,5481528,0.0,0.0
2004-10-04 00:00:00-04:00,15.472956336528473,15.577668946768373,15.372699961414245,15.43953800201416,5502508,0.0,0.0
2004-10-05 00:00:00-04:00,15.44399238706981,15.484094383683077,15.354874553088447,15.397205352783203,3624980,0.0,0.0
2004-10-06 00:00:00-04:00,15.39943860568545,15.666789441740965,15.31477698183212,15.637825965881348,4707214,0.0,0.0
2004-10-07 00:00:00-04:00,15.617773825696773,15.729170113580896,15.528657344018043,15.539795875549316,4245659,0.0,0.0
2004-10-08 00:00:00-04:00,15.450677711404756,15.539794183379353,15.350421337540517,15.361559867858887,3599805,0.0,0.0
2004-10-11 00:00:00-04:00,15.372706296013543,15.508609864992069,15.3704788633185,15.426177024841309,2242898,0.0,0.0
2004-10-12 00:00:00-04:00,15.283580130884566,15.426167279441401,15.19891853995142,15.348189353942871,2308097,0.0,0.0
2004-10-13 00:00:00-04:00,15.343736066665342,15.417257772137475,15.058561714781993,15.23456859588623,3966144,0.0,0.0
2004-10-14 00:00:00-04:00,15.205606758644278,15.223430328997454,14.840225623761292,15.00509262084961,5043858,0.0,0.0
2004-10-15 00:00:00-04:00,14.989491696905631,15.13876249428084,14.938248438849772,15.107571601867676,3852207,0.0,0.0
2004-10-18 00:00:00-04:00,15.051877713691097,15.051877713691097,14.826856367270882,14.976128578186035,3455851,0.0,0.0
2004-10-19 00:00:00-04:00,15.12317288659982,15.432854485205702,14.991724235898756,15.038511276245117,5017391,0.0,0.0
2004-10-20 00:00:00-04:00,15.083070905102497,15.187783526023782,14.882558134420401,15.172188758850098,5726830,0.0,0.0
2004-10-21 00:00:00-04:00,14.922656826248678,15.154361822969305,14.423601070795208,14.753334999084473,13330865,0.0,0.0
2004-10-22 00:00:00-04:00,15.011777025124445,15.094209834397454,14.704322849781999,14.733284950256348,5318854,0.0,0.0
2004-10-25 00:00:00-04:00,14.648622777518426,15.034054883677008,14.639711678845002,14.969444274902344,4308921,0.0,0.0
2004-10-26 00:00:00-04:00,14.993948464111337,15.198917388916016,14.891463315923557,15.198917388916016,3144060,0.0,0.0
2004-10-27 00:00:00-04:00,15.127628698179818,15.33482650188174,15.027372315807902,15.283584594726562,2805156,0.0,0.0
2004-10-28 00:00:00-04:00,15.227881456960164,15.25907235453312,15.087523103667388,15.196690559387207,2381687,0.0,0.0
2004-10-29 00:00:00-04:00,15.227891495994355,15.352656540108985,15.132091308710512,15.247943878173828,2894885,0.0,0.0
2004-11-01 00:00:00-05:00,15.312553147322005,15.368251313390832,15.196700577858689,15.247943878173828,3277685,0.0,0.0
2004-11-02 00:00:00-05:00,15.247942205641236,15.472962278111154,15.060796717355057,15.303640365600586,6095428,0.0,0.0
2004-11-03 00:00:00-05:00,15.521962465752935,15.550925921146149,15.4194787139425,15.546469688415527,4570361,0.0,0.0
2004-11-04 00:00:00-05:00,15.42840194319623,15.929686686779846,15.419490842296424,15.885127067565918,4617807,0.0,0.0
2004-11-05 00:00:00-05:00,15.918545364813111,16.123514382977415,15.918545364813111,16.016572952270508,5916939,0.0,0.0
2004-11-08 00:00:00-05:00,15.951959732291723,16.18366336464775,15.929681301787564,16.163612365722656,3857372,0.0,0.0
2004-11-09 00:00:00-05:00,16.163613586109612,16.48666388273699,16.132422683791876,16.464384078979492,5552537,0.0,0.0
2004-11-10 00:00:00-05:00,16.515802276244074,16.520273638326604,16.26989800511247,16.325786590576172,3245731,0.077456,0.0
2004-11-11 00:00:00-05:00,16.430850141352593,16.582864037096392,16.32354710544497,16.571687698364258,3836392,0.0,0.0
2004-11-12 00:00:00-05:00,16.598513809603897,16.705816850012962,16.49791574697925,16.672285079956055,3826709,0.0,0.0
2004-11-15 00:00:00-05:00,16.710294124144827,16.710294124144827,16.45321208324462,16.52027702331543,2041492,0.0,0.0
2004-11-16 00:00:00-05:00,16.408490600105242,16.493439553911873,16.3436620769867,16.412961959838867,2697352,0.0,0.0
2004-11-17 00:00:00-05:00,16.509096274847213,16.681229268326305,16.509096274847213,16.558277130126953,2639577,0.0,0.0
2004-11-18 00:00:00-05:00,16.587336094175942,16.732643642285453,16.529212524441352,16.672285079956055,3214745,0.0,0.0
2004-11-19 00:00:00-05:00,16.752756480140828,16.752756480140828,16.321306733753065,16.43531608581543,4304402,0.0,0.0
2004-11-22 00:00:00-05:00,16.374969435947033,16.56051378209401,16.24083956697872,16.459917068481445,2741571,0.0,0.0
2004-11-23 00:00:00-05:00,16.542623372681245,16.609686899676323,16.29001283357746,16.49344253540039,3958397,0.0,0.0
2004-11-24 00:00:00-05:00,16.48002986514045,16.73040543352904,16.473324888093423,16.694637298583984,2086034,0.0,0.0
2004-11-26 00:00:00-05:00,16.636517329511932,16.766175803804217,16.634282336864946,16.763940811157227,1039951,0.0,0.0
2004-11-29 00:00:00-05:00,16.766177683791998,16.766177683791998,16.352611790517237,16.65216827392578,3350307,0.0,0.0
2004-11-30 00:00:00-05:00,16.59851534340835,16.67675660618009,16.49121229308383,16.636518478393555,3329327,0.0,0.0
2004-12-01 00:00:00-05:00,16.636503997893,17.30714988708496,16.636503997893,17.30714988708496,6845858,0.0,0.0
2004-12-02 00:00:00-05:00,17.30269428384808,17.30269428384808,17.025493257187716,17.190919876098633,3206676,0.0,0.0
2004-12-03 00:00:00-05:00,17.135034734321223,17.320579062434643,16.991963530233264,17.09479522705078,2551139,0.0,0.0
2004-12-06 00:00:00-05:00,17.094799818309433,17.150687043919827,16.9763190101136,17.076915740966797,3054976,0.0,0.0
2004-12-07 00:00:00-05:00,17.090325749609487,17.211042908506503,16.864541889325796,16.871248245239258,2514344,0.0,0.0
2004-12-08 00:00:00-05:00,16.87794551697821,16.951716768547925,16.757228423054457,16.92936134338379,2754804,0.0,0.0
2004-12-09 00:00:00-05:00,16.929371780805173,17.255753757801276,16.618638886317378,17.24010467529297,3692438,0.0,0.0
2004-12-10 00:00:00-05:00,17.211032600224932,17.380930518214505,17.146202696920533,17.16855812072754,2419128,0.0,0.0
2004-12-13 00:00:00-05:00,17.170803741467065,17.474831638041042,17.148449680049268,17.44353485107422,2399439,0.0,0.0
2004-12-14 00:00:00-05:00,17.443530508403114,17.653666615534597,17.41446872194496,17.644723892211914,4597796,0.0,0.0
2004-12-15 00:00:00-05:00,17.57095326431513,17.870508358332806,17.519537420112595,17.834741592407227,4017786,0.0,0.0
2004-12-16 00:00:00-05:00,17.83473608567578,18.060519832874746,17.71625535557639,17.995691299438477,4305048,0.0,0.0
2004-12-17 00:00:00-05:00,17.97333392843555,18.067224230265577,17.81014236399684,17.85038185119629,4046190,0.0,0.0
2004-12-20 00:00:00-05:00,17.906272814280303,18.21253557610272,17.88391876220703,17.88391876220703,2954919,0.0,0.0
2004-12-21 00:00:00-05:00,17.883919100205524,18.10746788252407,17.81908918264612,18.09405517578125,3176659,0.0,0.0
2004-12-22 00:00:00-05:00,18.0180468265128,18.409257179995098,18.0180468265128,18.30866050720215,3277039,0.0,0.0
2004-12-23 00:00:00-05:00,18.310897480549556,18.532211268985694,18.295248405304505,18.331016540527344,2894885,0.0,0.0
2004-12-27 00:00:00-05:00,18.362321671653287,18.362321671653287,17.973346120588896,18.11865234375,2281307,0.0,0.0
2004-12-28 00:00:00-05:00,18.11864725724806,18.27960251759081,18.04040599605985,18.252777099609375,2331659,0.0,0.0
2004-12-29 00:00:00-05:00,18.25277987969086,18.25277987969086,18.067234165862295,18.11641502380371,2496915,0.0,0.0
2004-12-30 00:00:00-05:00,18.116407021647163,18.11864201375646,17.92639002933028,17.995691299438477,2715104,0.0,0.0
2004-12-31 00:00:00-05:00,17.997935167914243,18.062765109550533,17.897338453756127,17.950990676879883,1736156,0.0,0.0
2005-01-03 00:00:00-05:00,17.995692538200423,18.147705041536618,17.620129888159457,17.63130760192871,4329578,0.0,0.0
2005-01-04 00:00:00-05:00,17.62684267856217,17.69614260252265,17.15291955246293,17.278106689453125,4761761,0.0,0.0
2005-01-05 00:00:00-05:00,17.31387324438649,17.33175731605915,16.889129638671875,16.889129638671875,4860204,0.0,0.0
2005-01-06 00:00:00-05:00,17.009842168459578,17.16632742178936,16.886890059226264,16.911481857299805,5745228,0.0,0.0
2005-01-07 00:00:00-05:00,16.956191362809903,17.03443261335378,16.7929997556854,16.82206153869629,4434154,0.0,0.0
2005-01-10 00:00:00-05:00,16.699119846814135,16.967378286163843,16.699119846814135,16.819835662841797,4095895,0.0,0.0
2005-01-11 00:00:00-05:00,16.788535890198066,16.85336583874772,16.4755679958368,16.77288818359375,5631937,0.0,0.0
2005-01-12 00:00:00-05:00,16.772873220050663,16.93829974590433,16.654392524583262,16.90029525756836,4084921,0.0,0.0
2005-01-13 00:00:00-05:00,16.889132207454015,17.072442937809395,16.826538635192996,16.933841705322266,3382583,0.0,0.0
2005-01-14 00:00:00-05:00,16.96065892498187,17.235624887514792,16.96065892498187,17.20209312438965,2536615,0.0,0.0
2005-01-18 00:00:00-05:00,17.157388439808432,17.188685222051635,16.84665561031263,17.114913940429688,2862931,0.0,0.0
2005-01-19 00:00:00-05:00,17.0903200269259,17.213272137881177,17.02549148272779,17.038904190063477,2654424,0.0,0.0
2005-01-20 00:00:00-05:00,16.866772192108364,16.933837108820388,16.67899152629628,16.750526428222656,3512335,0.0,0.0
2005-01-21 00:00:00-05:00,16.766181159918645,16.822068379990036,16.480037327023886,16.504629135131836,3481995,0.0,0.0
2005-01-24 00:00:00-05:00,16.5985127127851,16.68793167784608,16.319075350459077,16.33472442626953,3339333,0.0,0.0
2005-01-25 00:00:00-05:00,16.442035201561975,16.692409501649866,16.406267051198732,16.468860626220703,2859703,0.0,0.0
2005-01-26 00:00:00-05:00,16.5649847302935,16.623108314298378,16.44426895222399,16.513568878173828,3947101,0.0,0.0
2005-01-27 00:00:00-05:00,16.417440373575303,16.649931931936145,16.039642623409303,16.506860733032227,4174005,0.0,0.0
2005-01-28 00:00:00-05:00,16.49120403645564,16.67674825665573,16.453199544270998,16.50238037109375,4387998,0.0,0.0
2005-01-31 00:00:00-05:00,16.705811806756756,16.705811806756756,16.547091598539946,16.6275691986084,6407865,0.0,0.0
2005-02-01 00:00:00-05:00,17.135031029785576,17.43905744477141,17.014313910300086,17.37422752380371,7492358,0.0,0.0
2005-02-02 00:00:00-05:00,17.322812760750793,17.42564581794035,17.16632887044233,17.224451065063477,17842805,0.0,0.0
2005-02-03 00:00:00-05:00,17.213278965855928,17.859335176534795,17.204337616161016,17.678260803222656,8390292,0.0,0.0
2005-02-04 00:00:00-05:00,17.557536909390432,18.080640718903588,17.557536909390432,18.058286666870117,4874083,0.0,0.0
2005-02-07 00:00:00-05:00,17.90627297002525,18.219242087814468,17.883918917757548,18.07393455505371,5549632,0.0,0.0
2005-02-08 00:00:00-05:00,18.10746725970686,18.279598825288247,17.948747024180165,18.16111946105957,3075633,0.0,0.0
2005-02-09 00:00:00-05:00,18.118651680373326,18.176775268491657,18.011348606025688,18.018054962158203,3286077,0.0,0.0
2005-02-10 00:00:00-05:00,18.051578488210893,18.056048472429485,17.812380659676148,17.995691299438477,2717041,0.0,0.0
2005-02-11 00:00:00-05:00,17.986724363146614,18.258061678835904,17.912723277049533,18.226667404174805,2921351,0.077456,0.0
2005-02-14 00:00:00-05:00,18.204236684647558,18.280481082761245,18.083144914372124,18.14369010925293,2104754,0.0,0.0
2005-02-15 00:00:00-05:00,18.067449912450652,18.242361041553238,18.018115862651047,18.11454200744629,2267106,0.0,0.0
2005-02-16 00:00:00-05:00,18.11454420922437,18.30290985107422,17.89029900306573,18.30290985107422,2601491,0.0,0.0
2005-02-17 00:00:00-05:00,18.231153236665072,18.287213161176577,17.982239606615646,18.16387939453125,3628854,0.0,0.0
2005-02-18 00:00:00-05:00,18.107826992901373,18.210979071779448,17.99346099088723,18.11903953552246,2958792,0.0,0.0
2005-02-22 00:00:00-05:00,17.984487087362822,18.269278969075977,17.688482665957412,17.72212028503418,3414215,0.0,0.0
2005-02-23 00:00:00-05:00,17.737817877871233,17.85218247685815,17.657089519611436,17.832000732421875,2559208,0.0,0.0
2005-02-24 00:00:00-05:00,17.77145025935064,18.16387939453125,17.67053880589276,18.16387939453125,3784427,0.0,0.0
2005-02-25 00:00:00-05:00,18.16388841125531,18.62807552942834,18.074189450378046,18.61237907409668,5465713,0.0,0.0
2005-02-28 00:00:00-05:00,18.556307586718976,19.116920608487806,18.545095050180755,18.892675399780273,6498240,0.0,0.0
2005-03-01 00:00:00-05:00,18.832126942179862,19.24922301372095,18.780549559094887,19.020492553710938,6042818,0.0,0.0
2005-03-02 00:00:00-05:00,18.836617431373597,19.208864875033164,18.8097084433308,19.11916732788086,3895781,0.0,0.0
2005-03-03 00:00:00-05:00,19.094498878858722,19.25147026498796,19.05637735512122,19.06983184814453,4540989,0.0,0.0
2005-03-04 00:00:00-05:00,19.11691958005883,19.608016781591147,19.072070816832888,19.583351135253906,4731744,0.0,0.0
2005-03-07 00:00:00-05:00,19.50934765635887,19.715654441360392,19.24025509104211,19.307527542114258,5484110,0.0,0.0
2005-03-08 00:00:00-05:00,19.27389588790061,19.468988803309532,19.197651457745295,19.318744659423828,2725433,0.0,0.0
2005-03-09 00:00:00-05:00,19.285104994503005,19.285104994503005,18.95994835265752,18.971160888671875,4509035,0.0,0.0
2005-03-10 00:00:00-05:00,18.97564467018745,19.072069435111796,18.610124584374393,18.942007064819336,5051282,0.0,0.0
2005-03-11 00:00:00-05:00,18.950980037573338,19.119163944103985,18.84782663414161,18.892675399780273,3468116,0.0,0.0
2005-03-14 00:00:00-05:00,18.910620031214513,19.049653035013804,18.796255442433335,18.964439392089844,2123152,0.0,0.0
2005-03-15 00:00:00-05:00,18.99806983586071,19.11243577027761,18.737945075066946,18.78727912902832,2559208,0.0,0.0
2005-03-16 00:00:00-05:00,18.64599892063679,18.762606776951806,18.46436058283699,18.61684799194336,3835101,0.0,0.0
2005-03-17 00:00:00-05:00,18.74243753623333,18.968924775697424,18.728983040098885,18.823165893554688,3675655,0.0,0.0
2005-03-18 00:00:00-05:00,18.825397519165143,18.989097480344743,18.73121471739117,18.881460189819336,4846971,0.0,0.0
2005-03-21 00:00:00-05:00,18.881472871106883,18.98014102890407,18.702076346067884,18.850078582763672,2498851,0.0,0.0
2005-03-22 00:00:00-05:00,18.850068472190138,19.20661799438517,18.728975296020508,18.728975296020508,4036507,0.0,0.0
2005-03-23 00:00:00-05:00,18.728982426663702,18.731224382441116,18.110064580633313,18.125761032104492,6435301,0.0,0.0
2005-03-24 00:00:00-05:00,18.298431749609733,18.569767762107144,18.269279421790394,18.403825759887695,3894812,0.0,0.0
2005-03-28 00:00:00-05:00,18.406065190772825,18.4105504819121,18.087637130171228,18.112302780151367,4070074,0.0,0.0
2005-03-29 00:00:00-05:00,18.09660699483529,18.222184107220254,17.670540214369844,17.710905075073242,5237195,0.0,0.0
2005-03-30 00:00:00-05:00,17.710902176088954,17.930662086791546,17.663810076395595,17.81629753112793,4510004,0.0,0.0
2005-03-31 00:00:00-05:00,17.863390789574822,18.060727036509924,17.769207957314265,17.861148834228516,3391944,0.0,0.0
2005-04-01 00:00:00-05:00,17.984487474403778,18.19527825530197,17.843212508373153,17.876850128173828,5325310,0.0,0.0
2005-04-04 00:00:00-04:00,17.798356346371627,18.00690508498267,17.719869979907607,17.8947811126709,5136169,0.0,0.0
2005-04-05 00:00:00-04:00,17.892547338111978,18.096610879802967,17.892547338111978,18.0091552734375,2548557,0.0,0.0
2005-04-06 00:00:00-04:00,18.136957764548505,18.26702007708869,18.038291088616734,18.047260284423828,2301641,0.0,0.0
2005-04-07 00:00:00-04:00,18.085388336823247,18.181814474390812,17.950840687361417,17.982234954833984,3438099,0.0,0.0
2005-04-08 00:00:00-04:00,18.047269027515807,18.123512060609453,17.894781580814406,18.042783737182617,4425116,0.0,0.0
2005-04-11 00:00:00-04:00,18.141456696826005,18.186305470618926,17.914968111322864,17.937393188476562,5066129,0.0,0.0
2005-04-12 00:00:00-04:00,17.84993530421254,18.50921785441651,17.816299073315843,18.468852996826172,5376629,0.0,0.0
2005-04-13 00:00:00-04:00,18.358970822537202,18.435213859936955,17.930662155151367,17.930662155151367,3934190,0.0,0.0
2005-04-14 00:00:00-04:00,17.95084699166094,17.95084699166094,16.914834420706814,17.10544204711914,10518931,0.0,0.0
2005-04-15 00:00:00-04:00,17.132347240266604,17.30725975946678,17.033679135261316,17.098711013793945,7057270,0.0,0.0
2005-04-18 00:00:00-04:00,17.150294252153596,17.349873881752128,16.997808120500647,17.305025100708008,4950579,0.0,0.0
2005-04-19 00:00:00-04:00,17.379025694360877,17.60775628372917,17.36108590494819,17.531513214111328,5761043,0.0,0.0
2005-04-20 00:00:00-04:00,17.883578044529894,18.033823611927634,17.668303327404864,17.672788619995117,8077855,0.0,0.0
2005-04-21 00:00:00-04:00,17.93963172311806,18.065208808334447,17.381260704372952,18.042783737182617,7426836,0.0,0.0
2005-04-22 00:00:00-04:00,17.872362872261533,18.047274058358752,17.68848110299731,17.890302658081055,3980991,0.0,0.0
2005-04-25 00:00:00-04:00,18.042791514149332,18.235642515431472,17.874607549560768,18.0091552734375,3767966,0.0,0.0
2005-04-26 00:00:00-04:00,17.917213315643263,18.051761031566308,17.524784088134766,17.524784088134766,5078394,0.0,0.0
2005-04-27 00:00:00-04:00,17.41265806540187,17.46199212627851,17.053865146392567,17.367809295654297,4948319,0.0,0.0
2005-04-28 00:00:00-04:00,17.18841348604072,17.289323566916742,16.926045343042887,17.09423065185547,7070503,0.0,0.0
2005-04-29 00:00:00-04:00,17.26688858106447,17.37452584685571,16.921550340068553,17.23773765563965,4857300,0.0,0.0
2005-05-02 00:00:00-04:00,17.23549628058054,17.535985810036546,17.177193042588602,17.365558624267578,2943622,0.0,0.0
2005-05-03 00:00:00-04:00,17.365570569945245,17.459753425572586,17.22653893266413,17.31623649597168,3171495,0.0,0.0
2005-05-04 00:00:00-04:00,17.379021266879715,17.692965430849135,17.30277821668556,17.677268981933594,2520477,0.0,0.0
2005-05-05 00:00:00-04:00,17.677263601075232,17.782657561606765,17.370046777372444,17.464229583740234,3733107,0.0,0.0
2005-05-06 00:00:00-04:00,17.5023567438828,17.71538944943289,17.5023567438828,17.668298721313477,2850989,0.0,0.0
2005-05-09 00:00:00-04:00,17.692964206070823,17.83648109436035,17.61447782538301,17.83648109436035,2279371,0.0,0.0
2005-05-10 00:00:00-04:00,17.805075984772497,17.805075984772497,17.461981110889287,17.529254913330078,3709222,0.0,0.0
2005-05-11 00:00:00-04:00,17.529262305110553,17.63017236106699,17.266894226904125,17.589807510375977,2567600,0.0,0.0
2005-05-12 00:00:00-04:00,17.62580704861842,17.634806313654003,17.00715951223887,17.067899703979492,3149547,0.077456,0.0
2005-05-13 00:00:00-04:00,17.029652724248535,17.205123121489674,16.883427854856972,17.08814239501953,5155858,0.0,0.0
2005-05-16 00:00:00-04:00,17.17588139513973,17.39409486073096,17.101643695873076,17.385095596313477,1881078,0.0,0.0
2005-05-17 00:00:00-04:00,17.400845201842028,17.688796760724305,17.32435837196703,17.668550491333008,5494439,0.0,0.0
2005-05-18 00:00:00-04:00,17.675295978051533,17.992493012884307,17.569563633107276,17.862014770507812,5681320,0.0,0.0
2005-05-19 00:00:00-04:00,17.87326605742845,17.907009838979928,17.724790648745056,17.871015548706055,3658548,0.0,0.0
2005-05-20 00:00:00-04:00,17.87325955332145,17.87325955332145,17.70678706008072,17.785524368286133,2325526,0.0,0.0
2005-05-23 00:00:00-04:00,17.787777034602566,17.945251682382484,17.75628238203223,17.837268829345703,4284713,0.0,0.0
2005-05-24 00:00:00-04:00,17.837270529535115,17.837270529535115,17.637054208055094,17.71354103088379,2576638,0.0,0.0
2005-05-25 00:00:00-04:00,17.625809451989912,17.628058576091266,17.432341846485926,17.49308204650879,2598909,0.0,0.0
2005-05-26 00:00:00-04:00,17.632550536855934,17.790023778645903,17.601055888497942,17.69329071044922,2562436,0.0,0.0
2005-05-27 00:00:00-04:00,17.727040696152606,17.79003001494953,17.60781081522068,17.637056350708008,2991714,0.0,0.0
2005-05-31 00:00:00-04:00,17.64829665774902,17.704537194127607,17.396338113022,17.414335250854492,4722383,0.0,0.0
2005-06-01 00:00:00-04:00,17.45708662048522,17.83052429283737,17.412094446872217,17.73154067993164,3957752,0.0,0.0
2005-06-02 00:00:00-04:00,17.666302177869586,17.666302177869586,17.400846000046805,17.45708656311035,3804438,0.0,0.0
2005-06-03 00:00:00-04:00,17.299611518619553,17.322106910618885,16.97566430153085,16.977914810180664,5911775,0.0,0.0
2005-06-06 00:00:00-04:00,16.971166886483363,17.06565086134293,16.910426693742046,17.016159057617188,4301497,0.0,0.0
2005-06-07 00:00:00-04:00,17.058899806294416,17.33785344562168,17.040902663280246,17.121889114379883,4714637,0.0,0.0
2005-06-08 00:00:00-04:00,17.214123329043737,17.268113371201075,16.962164720905978,16.975662231445312,3148578,0.0,0.0
2005-06-09 00:00:00-04:00,16.998157355144418,17.070145917601906,16.696708365941905,16.723703384399414,5759107,0.0,0.0
2005-06-10 00:00:00-04:00,16.78219672376695,16.878931202613636,16.647220217025506,16.752952575683594,4861173,0.0,0.0
2005-06-13 00:00:00-04:00,16.770956984016482,17.047660258363234,16.761957715378944,16.87668800354004,3536220,0.0,0.0
2005-06-14 00:00:00-04:00,16.93292987289744,17.029663008156586,16.732712073546296,16.833946228027344,3909337,0.0,0.0
2005-06-15 00:00:00-04:00,16.83618512369376,16.83618512369376,16.48974257713353,16.56623077392578,5012550,0.0,0.0
2005-06-16 00:00:00-04:00,16.68770970231704,16.791192918333056,16.608973767346377,16.741701126098633,4804043,0.0,0.0
2005-06-17 00:00:00-04:00,16.791186927907926,16.87667158723775,16.714698758606556,16.79343605041504,6939138,0.0,0.0
2005-06-20 00:00:00-04:00,16.73720674335585,16.739457252299268,16.60222883403673,16.66971778869629,6323624,0.0,0.0
2005-06-21 00:00:00-04:00,16.685470856604883,16.93742960452091,16.651725676607622,16.87668800354004,5972455,0.0,0.0
2005-06-22 00:00:00-04:00,16.865429628945108,16.901423909379474,16.757448172570076,16.829435348510742,3102100,0.0,0.0
2005-06-23 00:00:00-04:00,16.75970055130774,16.802443594510343,16.404260079062492,16.411008834838867,3766997,0.0,0.0
2005-06-24 00:00:00-04:00,16.431255159541173,16.47399820289302,16.09381182983078,16.107309341430664,4395099,0.0,0.0
2005-06-27 00:00:00-04:00,15.949832510074286,16.084810365849478,15.80360626882982,15.927335739135742,3410664,0.0,0.0
2005-06-28 00:00:00-04:00,16.082568093083562,16.44700793632146,16.066821453305742,16.420011520385742,3188601,0.0,0.0
2005-06-29 00:00:00-04:00,16.440260993450227,16.518998362450418,16.291785524156218,16.37727165222168,2026000,0.0,0.0
2005-06-30 00:00:00-04:00,16.15229622642086,16.35476298899515,16.02181801540931,16.051063537597656,4800170,0.0,0.0
2005-07-01 00:00:00-04:00,16.051062298458376,16.278274934975595,16.008319272383737,16.197288513183594,2827427,0.0,0.0
2005-07-05 00:00:00-04:00,16.228784238488174,16.38400695442764,16.10730390523205,16.32776641845703,1842992,0.0,0.0
2005-07-06 00:00:00-04:00,16.330021001352968,16.38401104300395,16.132053822157445,16.179296493530273,3061109,0.0,0.0
2005-07-07 00:00:00-04:00,15.954330614481325,16.32101797420722,15.882342062309434,16.300771713256836,4269866,0.0,0.0
2005-07-08 00:00:00-04:00,16.30078279200542,16.647225511166955,16.222045432669933,16.60898208618164,2634736,0.0,0.0
2005-07-11 00:00:00-04:00,16.611228041469086,16.901430130004883,16.611228041469086,16.901430130004883,3910305,0.0,0.0
2005-07-12 00:00:00-04:00,16.86092479684289,16.86992405663966,16.66295770044564,16.71919822692871,2492073,0.0,0.0
2005-07-13 00:00:00-04:00,16.707952246019556,16.815933675656474,16.707952246019556,16.759693145751953,2743185,0.0,0.0
2005-07-14 00:00:00-04:00,16.791198010561725,16.89467987303231,16.73045781350291,16.795696258544922,2930712,0.0,0.0
2005-07-15 00:00:00-04:00,16.79569264965519,16.85643283366277,16.748451361482395,16.822689056396484,2356189,0.0,0.0
2005-07-18 00:00:00-04:00,16.822687927177583,17.02965297868426,16.8046907855342,16.939668655395508,2999138,0.0,0.0
2005-07-19 00:00:00-04:00,17.070152893240344,17.274868893340955,17.011661816109505,17.20962905883789,3722456,0.0,0.0
2005-07-20 00:00:00-04:00,17.164643607159256,17.51333554271293,17.029665636967767,17.445846557617188,3610779,0.0,0.0
2005-07-21 00:00:00-04:00,17.547070153724487,17.731539857387585,17.30636127435041,17.340105056762695,4667836,0.0,0.0
2005-07-22 00:00:00-04:00,17.340101863296827,17.43458582157892,17.11513966216949,17.254615783691406,3804761,0.0,0.0
2005-07-25 00:00:00-04:00,17.24336780548791,17.41208944678264,17.101641183623332,17.142133712768555,2590194,0.0,0.0
2005-07-26 00:00:00-04:00,17.310861897989216,17.40984412704125,17.15338721124088,17.380599975585938,3976149,0.0,0.0
2005-07-27 00:00:00-04:00,17.436834288789424,17.468328937863358,17.286108412941232,17.41208839416504,2739312,0.0,0.0
2005-07-28 00:00:00-04:00,17.430081471168933,17.69328839397034,17.394088581277874,17.670791625976562,3059495,0.0,0.0
2005-07-29 00:00:00-04:00,17.652791254298982,17.700032515825338,17.529060447637608,17.585302352905273,2656361,0.0,0.0
2005-08-01 00:00:00-04:00,17.772030834009747,17.92950549790001,17.75853332223135,17.787778854370117,6380753,0.0,0.0
2005-08-02 00:00:00-04:00,17.81702661926194,17.81702661926194,17.713543374445553,17.760786056518555,4778867,0.0,0.0
2005-08-03 00:00:00-04:00,17.727043615151317,17.958754658507626,17.619062105851473,17.79903221130371,5033852,0.0,0.0
2005-08-04 00:00:00-04:00,17.760785979989546,17.810277785784756,17.62805719994138,17.711294174194336,3521695,0.0,0.0
2005-08-05 00:00:00-04:00,17.682036137052222,17.77202041946226,17.61229811044531,17.646041870117188,2133481,0.0,0.0
2005-08-08 00:00:00-04:00,17.682046375311483,17.781029974232542,17.682046375311483,17.71354103088379,2219336,0.0,0.0
2005-08-09 00:00:00-04:00,17.713540879519698,17.884513052532682,17.713540879519698,17.839519500732422,4885703,0.0,0.0
2005-08-10 00:00:00-04:00,17.92950257776109,18.13871674610872,17.90925492846283,17.978994369506836,3872864,0.0,0.0
2005-08-11 00:00:00-04:00,17.981238117088356,18.12071418762207,17.974489364315932,18.12071418762207,3068533,0.0,0.0
2005-08-12 00:00:00-04:00,18.071034338572584,18.127499212193722,17.847432938470085,18.021345138549805,2621825,0.099143,0.0
2005-08-15 00:00:00-04:00,18.00101309318952,18.12297657436893,17.91066848634198,18.057477951049805,1846542,0.0,0.0
2005-08-16 00:00:00-04:00,17.958098931047722,17.960357024718036,17.732239507752677,17.759342193603516,3860277,0.0,0.0
2005-08-17 00:00:00-04:00,17.7412802367804,17.870020826009316,17.628350480805132,17.811296463012695,2102818,0.0,0.0
2005-08-18 00:00:00-04:00,17.727726801240685,17.795484924938343,17.648675425184727,17.711915969848633,1775856,0.0,0.0
2005-08-19 00:00:00-04:00,17.84291736885689,17.944555265183926,17.770643045516906,17.856470108032227,2470125,0.0,0.0
2005-08-22 00:00:00-04:00,17.95584721826158,18.080068832856487,17.729986324251655,17.83839988708496,2585352,0.0,0.0
2005-08-23 00:00:00-04:00,17.763867367872063,17.845176850647245,17.580921379240998,17.583179473876953,2966216,0.0,0.0
2005-08-24 00:00:00-04:00,17.58543110489671,17.709654073262826,17.445398698985006,17.45895004272461,2472384,0.0,0.0
2005-08-25 00:00:00-04:00,17.425073024869796,17.621570305125374,17.402486523263704,17.467985153198242,2502724,0.0,0.0
2005-08-26 00:00:00-04:00,17.538006374822185,17.54252395416699,17.35505901110609,17.465730667114258,2654102,0.0,0.0
2005-08-29 00:00:00-04:00,17.44992186011499,17.57866105728291,17.377646149776844,17.535747528076172,2229665,0.0,0.0
2005-08-30 00:00:00-04:00,17.50411580798297,17.56284013185101,17.368601025378826,17.510892868041992,3687597,0.0,0.0
2005-08-31 00:00:00-04:00,17.519930509586835,18.001011500948017,17.47024132782879,17.982942581176758,3654998,0.0,0.0
2005-09-01 00:00:00-04:00,17.985208252747277,18.240428529998628,17.982948767966217,18.138792037963867,4182074,0.0,0.0
2005-09-02 00:00:00-04:00,18.294641598918336,18.430157895199297,18.104918506034462,18.16364288330078,1978876,0.0,2.0
2005-09-06 00:00:00-04:00,18.29463796509656,18.493394789375984,18.235913599494523,18.43918800354004,2470932,0.0,0.0
2005-09-07 00:00:00-04:00,18.430158098208164,18.583741937929176,18.39402023340816,18.493398666381836,2322460,0.0,0.0
2005-09-08 00:00:00-04:00,18.49790690845803,18.49790690845803,18.30818528545664,18.348840713500977,2406540,0.0,0.0
2005-09-09 00:00:00-04:00,18.439187203519896,18.619875091347843,18.37142907177788,18.54308319091797,1999533,0.0,0.0
2005-09-12 00:00:00-04:00,18.66504937985426,18.80959943265856,18.50243039664286,18.74635887145996,2813709,0.0,0.0
2005-09-13 00:00:00-04:00,18.75087127585694,18.75087127585694,18.515976635855292,18.552114486694336,1795706,0.0,0.0
2005-09-14 00:00:00-04:00,18.556629334199723,18.556629334199723,18.086841513799463,18.154598236083984,3541384,0.0,0.0
2005-09-15 00:00:00-04:00,18.15460720127897,18.17719371349554,17.74805971454899,17.874542236328125,4201601,0.0,0.0
2005-09-16 00:00:00-04:00,17.879047393798828,17.9829433392504,17.576396103388223,17.879047393798828,4146731,0.0,0.0
2005-09-19 00:00:00-04:00,17.933267420659316,17.937785001747155,17.51768472189771,17.603511810302734,2229019,0.0,0.0
2005-09-20 00:00:00-04:00,17.639640737134442,17.729983970382452,17.287298790382227,17.463470458984375,2481099,0.0,0.0
2005-09-21 00:00:00-04:00,17.36409478046328,17.436369100260734,17.124682533100213,17.237613677978516,3386134,0.0,0.0
2005-09-22 00:00:00-04:00,17.526707749817508,17.94680634836754,17.287295584253098,17.82935905456543,6950434,0.0,0.0
2005-09-23 00:00:00-04:00,17.8429144621633,18.010050980241516,17.62157255802349,17.79774284362793,2656845,0.0,0.0
2005-09-26 00:00:00-04:00,17.571887416904673,17.707403694246352,17.03434127802245,17.282787322998047,6336211,0.0,0.0
2005-09-27 00:00:00-04:00,17.368611791525602,17.472506383543976,17.187923912267095,17.431852340698242,2590517,0.0,0.0
2005-09-28 00:00:00-04:00,17.4318469346732,17.477018542865988,16.9394726511519,17.007230758666992,3425834,0.0,0.0
2005-09-29 00:00:00-04:00,16.939476696364675,17.056924018074255,16.76330640902638,16.975614547729492,3434710,0.0,0.0
2005-09-30 00:00:00-04:00,17.002711252340138,17.323431441721638,16.943986916943132,17.26922607421875,2590517,0.0,0.0
2005-10-03 00:00:00-04:00,17.6080179099155,17.6080179099155,17.14726387207289,17.165332794189453,2930550,0.0,0.0
2005-10-04 00:00:00-04:00,17.233096865784034,17.33699146582862,16.957548141479492,16.957548141479492,2953305,0.0,0.0
2005-10-05 00:00:00-04:00,16.957551439744424,17.016274425519477,16.736208067036845,16.844621658325195,3512174,0.0,0.0
2005-10-06 00:00:00-04:00,16.84460590223514,16.849122088141673,16.49678172215787,16.645849227905273,3029317,0.0,0.0
2005-10-07 00:00:00-04:00,16.794932085240312,17.19244440679912,16.754276641760693,16.943998336791992,2312131,0.0,0.0
2005-10-10 00:00:00-04:00,16.962060409160426,17.05692260876824,16.510341475779352,16.596168518066406,2637640,0.0,0.0
2005-10-11 00:00:00-04:00,16.691026255039986,16.763301938494735,16.43354656602306,16.49226951599121,2015671,0.0,0.0
2005-10-12 00:00:00-04:00,16.492272230375594,16.564547925725854,16.266412768084045,16.451618194580078,2292927,0.0,0.0
2005-10-13 00:00:00-04:00,16.352240656643353,16.564548784678948,16.298035272771852,16.523893356323242,2328592,0.0,0.0
2005-10-14 00:00:00-04:00,16.641341845750247,16.75427159071627,16.438067470540098,16.618755340576172,2906020,0.0,0.0
2005-10-17 00:00:00-04:00,16.61875258168864,16.78137149867944,16.587132313965537,16.668441772460938,2673306,0.0,0.0
2005-10-18 00:00:00-04:00,16.69554876761926,16.740720387904094,16.420000076293945,16.420000076293945,2113792,0.0,0.0
2005-10-19 00:00:00-04:00,16.23931184617937,16.7136173248291,16.067659136705796,16.7136173248291,2981063,0.0,0.0
2005-10-20 00:00:00-04:00,17.16081979263157,17.440886074450756,16.62327373527542,16.763307571411133,6815196,0.0,0.0
2005-10-21 00:00:00-04:00,16.763306011186888,17.02078576275924,16.397412708093036,16.591651916503906,3552035,0.0,0.0
2005-10-24 00:00:00-04:00,16.695553157865934,17.102100628239125,16.65489771560234,17.070480346679688,3454237,0.0,0.0
2005-10-25 00:00:00-04:00,17.12016325505187,17.391194338681604,16.885268629574604,17.07950782775879,2428488,0.0,0.0
2005-10-26 00:00:00-04:00,17.079516692826523,17.323445211839203,17.034345053850714,17.10662078857422,2160432,0.0,0.0
2005-10-27 00:00:00-04:00,17.088544468070964,17.097578235780016,16.74072007835962,16.889787673950195,2632638,0.0,0.0
2005-10-28 00:00:00-04:00,16.98013619978441,16.993687550793418,16.745242871238887,16.943998336791992,3849464,0.0,0.0
2005-10-31 00:00:00-05:00,16.94399782998937,17.160823611005927,16.94399782998937,17.070480346679688,3827193,0.0,0.0
2005-11-01 00:00:00-05:00,16.99368083230267,17.011749756655284,16.681995710963132,16.82654571533203,4307630,0.0,0.0
2005-11-02 00:00:00-05:00,16.871721190466427,17.00271987915039,16.794929287240357,17.00271987915039,3827677,0.0,0.0
2005-11-03 00:00:00-05:00,17.165333895765546,17.386675772607127,17.133713627645317,17.20598793029785,4733358,0.0,0.0
2005-11-04 00:00:00-05:00,17.323431406201404,17.33698274804934,17.007228794910713,17.07498550415039,2347958,0.0,0.0
2005-11-07 00:00:00-05:00,17.169854552890943,17.246646447744904,17.088545078794922,17.17888832092285,3168913,0.0,0.0
2005-11-08 00:00:00-05:00,17.17888709146172,17.418297917373533,17.06143977273913,17.33698844909668,3104360,0.0,0.0
2005-11-09 00:00:00-05:00,17.309771292406136,17.618226106615854,17.30523480206212,17.36874008178711,1886888,0.099143,0.0
2005-11-10 00:00:00-05:00,17.418641020185724,17.749776960816895,17.382351882201164,17.68627166748047,3135022,0.0,0.0
2005-11-11 00:00:00-05:00,17.78153009748351,17.958437904691834,17.699880232904814,17.890396118164062,2015187,0.0,0.0
2005-11-14 00:00:00-05:00,17.863170707790093,17.867707196881256,17.672653524957862,17.699871063232422,1660306,0.0,0.0
2005-11-15 00:00:00-05:00,17.645427932535224,17.863161140757494,17.645427932535224,17.718006134033203,2113146,0.0,0.0
2005-11-16 00:00:00-05:00,17.781522563924998,17.908533100286842,17.699872733939163,17.808738708496094,1556376,0.0,0.0
2005-11-17 00:00:00-05:00,17.90400314205269,18.026478629846128,17.790600636607763,18.021942138671875,1952732,0.0,0.0
2005-11-18 00:00:00-05:00,18.144416568011316,18.198848873834816,17.962972290629367,18.03554916381836,2092812,0.0,0.0
2005-11-21 00:00:00-05:00,18.13534354575063,18.13534354575063,17.890393981272172,18.017404556274414,2135740,0.0,0.0
2005-11-22 00:00:00-05:00,17.894932240599715,18.203387123061677,17.845035024593138,18.198850631713867,2115406,0.0,0.0
2005-11-23 00:00:00-05:00,18.139880008350055,18.325860775936743,18.04008558635456,18.235137939453125,2925709,0.0,0.0
2005-11-25 00:00:00-05:00,18.298645462889354,18.325863015296825,18.126274146916735,18.144418716430664,1011547,0.0,0.0
2005-11-28 00:00:00-05:00,18.203376139250228,18.248736836538612,17.84956074561965,17.899457931518555,1756652,0.0,0.0
2005-11-29 00:00:00-05:00,18.099054804477177,18.189777643074162,17.95843614999311,17.96297264099121,2059567,0.0,0.0
2005-11-30 00:00:00-05:00,18.031017192359982,18.11720215693307,17.93575784812289,17.97658348083496,1968709,0.0,0.0
2005-12-01 00:00:00-05:00,18.139878960725586,18.58441734313965,18.076373676991132,18.58441734313965,3284947,0.0,0.0
2005-12-02 00:00:00-05:00,18.59803199159927,18.60256848383297,18.38483500816944,18.46194839477539,2312938,0.0,0.0
2005-12-05 00:00:00-05:00,18.41658766125856,18.55267125808244,18.28957704890208,18.46194839477539,2978804,0.0,0.0
2005-12-06 00:00:00-05:00,18.48916131354599,18.520913958669354,18.307717028724028,18.348541259765625,2108144,0.0,0.0
2005-12-07 00:00:00-05:00,18.339473864302683,18.339473864302683,17.808748965583344,17.885862350463867,2570505,0.0,0.0
2005-12-08 00:00:00-05:00,17.890397171869992,18.071841481206352,17.767923065925054,17.876789093017578,1845251,0.0,0.0
2005-12-09 00:00:00-05:00,18.035543670298352,18.1988433305747,17.96296681921584,18.126266479492188,2840499,0.0,0.0
2005-12-12 00:00:00-05:00,18.189771839338928,18.353071500437146,18.13987464309933,18.162555694580078,1453575,0.0,0.0
2005-12-13 00:00:00-05:00,18.1534825743984,18.384823991868426,18.135338012609324,18.207916259765625,2237573,0.0,0.0
2005-12-14 00:00:00-05:00,18.29864307881188,18.529984564632247,18.2895714933734,18.3984375,2099913,0.0,0.0
2005-12-15 00:00:00-05:00,18.484618188366877,18.598020651146612,18.353071163989682,18.434720993041992,2705260,0.0,0.0
2005-12-16 00:00:00-05:00,18.602557955379215,18.81575481814643,18.452866362848283,18.529979705810547,3342883,0.0,0.0
2005-12-19 00:00:00-05:00,18.59348435803397,18.60255733706478,18.16255555342921,18.207916259765625,2087809,0.0,0.0
2005-12-20 00:00:00-05:00,18.321322344958567,18.516374677402602,18.244208989317926,18.334930419921875,3106135,0.0,0.0
2005-12-21 00:00:00-05:00,18.529988371939485,18.77947447617102,18.452874992912736,18.634319305419922,2408638,0.0,0.0
2005-12-22 00:00:00-05:00,18.711429831768985,18.797616181231717,18.656996127433622,18.70235824584961,1656110,0.0,0.0
2005-12-23 00:00:00-05:00,18.64339089272232,18.688751621780803,18.511843801061442,18.634319305419922,882280,0.0,0.0
2005-12-27 00:00:00-05:00,18.647918815229726,18.774929356737612,18.384824752807617,18.384824752807617,1205852,0.0,0.0
2005-12-28 00:00:00-05:00,18.389369495362093,18.706895991632557,18.33039929157384,18.661535263061523,2103302,0.0,0.0
2005-12-29 00:00:00-05:00,18.643392140192613,18.70689744437842,18.457412719726562,18.457412719726562,1124354,0.0,0.0
2005-12-30 00:00:00-05:00,18.457418201267046,18.457418201267046,18.303189990817394,18.3122615814209,900677,0.0,0.0
2006-01-03 00:00:00-05:00,18.316795175920692,18.380300488915726,18.05370093849924,18.36215591430664,3364186,0.0,0.0
2006-01-04 00:00:00-05:00,18.31678861695194,18.715966322865192,18.1625618824113,18.70235824584961,3081443,0.0,0.0
2006-01-05 00:00:00-05:00,18.602566344990798,18.71143237216893,18.461946272101102,18.607101440429688,2212558,0.0,0.0
2006-01-06 00:00:00-05:00,18.788544062503135,18.888338493567694,18.5980281829834,18.5980281829834,2728499,0.0,0.0
2006-01-09 00:00:00-05:00,18.598030554729498,19.06071363116544,18.552669824717203,19.056177139282227,2776591,0.0,0.0
2006-01-10 00:00:00-05:00,18.942773960925607,18.942773960925607,18.68421627289786,18.761329650878906,2263555,0.0,0.0
2006-01-11 00:00:00-05:00,18.8021420386142,19.01533884801111,18.643377506494968,18.997194290161133,1878496,0.0,0.0
2006-01-12 00:00:00-05:00,18.90194528371884,18.90194528371884,18.61163361808089,18.638851165771484,2687346,0.0,0.0
2006-01-13 00:00:00-05:00,19.02896750495311,19.49618583719319,18.23514817433295,18.3122615814209,3403563,0.0,0.0
2006-01-17 00:00:00-05:00,17.917615002842517,18.053698596621494,17.749780152958245,17.885862350463867,4869726,0.0,0.0
2006-01-18 00:00:00-05:00,17.881319795317186,17.89492786976373,17.649978340907584,17.740699768066406,4022628,0.0,0.0
2006-01-19 00:00:00-05:00,17.91760395737325,18.108121150472442,17.835954130694308,17.949357986450195,4635560,0.0,0.0
2006-01-20 00:00:00-05:00,18.14441224425903,18.14441224425903,17.482140580191064,17.550182342529297,3701960,0.0,0.0
2006-01-23 00:00:00-05:00,17.64543910226545,17.736161911566324,17.427705756215907,17.627294540405273,2910539,0.0,0.0
2006-01-24 00:00:00-05:00,17.704418102324716,18.09452431312804,17.686274926262573,18.05823516845703,2991069,0.0,0.0
2006-01-25 00:00:00-05:00,18.08545030925099,18.139884023188788,17.826892611524688,18.08998680114746,4171100,0.0,0.0
2006-01-26 00:00:00-05:00,18.366682898387552,18.371219388759616,16.74729406656949,17.305234909057617,11286629,0.0,0.0
2006-01-27 00:00:00-05:00,17.473075300029652,17.82689091629644,17.454930730442488,17.690807342529297,7881775,0.0,0.0
2006-01-30 00:00:00-05:00,17.690800547403025,18.049152517490082,17.63183176609982,18.00379180908203,5321275,0.0,0.0
2006-01-31 00:00:00-05:00,17.894933790253774,17.9720471684788,17.7497786210118,17.813283920288086,5518969,0.0,0.0
2006-02-01 00:00:00-05:00,17.876790797707717,17.962977167022498,17.80421250854298,17.904006958007812,3839781,0.0,0.0
2006-02-02 00:00:00-05:00,17.849568094815133,18.09905273075759,17.83142352917467,18.008331298828125,4755951,0.0,0.0
2006-02-03 00:00:00-05:00,17.89492678439828,18.099050681261467,17.82234853005503,17.953895568847656,2904406,0.0,0.0
2006-02-06 00:00:00-05:00,17.554724195932337,17.922147870037705,17.554724195932337,17.858642578125,2298414,0.0,0.0
2006-02-07 00:00:00-05:00,17.745234314505026,17.867709763653608,17.577398156745815,17.622758865356445,1728571,0.0,0.0
2006-02-08 00:00:00-05:00,17.618221240953588,17.758839836327862,17.482137738398052,17.699871063232422,1508122,0.0,0.0
2006-02-09 00:00:00-05:00,17.686266057749712,17.83142116737454,17.495748841895587,17.522966384887695,1671442,0.0,0.0
2006-02-10 00:00:00-05:00,17.536637323108753,17.896479862817547,17.477423260402404,17.7962703704834,2949755,0.099143,0.0
2006-02-13 00:00:00-05:00,17.673283920629228,17.8691475131267,17.568519086562127,17.677839279174805,1374497,0.0,0.0
2006-02-14 00:00:00-05:00,17.778038335999405,18.238091459608935,17.541180842961055,18.206205368041992,2763519,0.0,0.0
2006-02-15 00:00:00-05:00,18.20620688162358,18.42029041544281,18.046783420932535,18.406625747680664,2535647,0.0,0.0
2006-02-16 00:00:00-05:00,18.515958534229018,18.597947998853257,18.36108892234743,18.538732528686523,1696779,0.0,0.0
2006-02-17 00:00:00-05:00,18.53872621422283,18.693595773354396,18.465847493869212,18.588830947875977,2294863,0.0,0.0
2006-02-21 00:00:00-05:00,18.666270085624024,18.67537940167292,18.520509812198917,18.625274658203125,2063925,0.0,0.0
2006-02-22 00:00:00-05:00,18.675375852823542,18.989668929031247,18.65260046390875,18.97144889831543,2871323,0.0,0.0
2006-02-23 00:00:00-05:00,19.06255178749646,19.404174257762925,18.948676228660684,19.221975326538086,6751288,0.0,0.0
2006-02-24 00:00:00-05:00,19.176424818519337,19.21286348096098,19.05343995127815,19.180978775024414,1970161,0.0,0.0
2006-02-27 00:00:00-05:00,19.16276228981226,19.221977756141165,19.044334161315383,19.067108154296875,1873332,0.0,0.0
2006-02-28 00:00:00-05:00,18.93045936500323,18.98967342729617,18.566061468528645,18.689044952392578,2761744,0.0,0.0
2006-03-01 00:00:00-05:00,18.75736474158075,19.17642263163206,18.698150695045697,19.112651824951172,1906092,0.0,0.0
2006-03-02 00:00:00-05:00,18.97145645719331,19.035225889066552,18.76192812359827,18.86669158935547,2037619,0.0,0.0
2006-03-03 00:00:00-05:00,18.81201964703464,19.089872577103204,18.730030234849163,18.88034439086914,1215697,0.0,0.0
2006-03-06 00:00:00-05:00,18.880345383886745,19.062544243001675,18.575161698985355,18.62982177734375,2127187,0.0,0.0
2006-03-07 00:00:00-05:00,18.652602394180064,18.989670894184215,18.588832981115544,18.784696578979492,1743741,0.0,0.0
2006-03-08 00:00:00-05:00,18.80746780518023,18.857572533217706,18.497730123712177,18.812023162841797,1624802,0.0,0.0
2006-03-09 00:00:00-05:00,18.780134567560953,18.7892438789145,18.493170929769526,18.53416633605957,2308420,0.0,0.0
2006-03-10 00:00:00-05:00,18.53872428008614,18.962337493896484,18.515950295761666,18.962337493896484,1510220,0.0,0.0
2006-03-13 00:00:00-05:00,18.95779047484435,19.02155990232995,18.771036150007564,18.816585540771484,1444376,0.0,0.0
2006-03-14 00:00:00-05:00,18.78925574569673,19.21286773381097,18.75737103270235,19.16731834411621,2469157,0.0,0.0
2006-03-15 00:00:00-05:00,19.190097859757756,19.344966098383345,19.071668299462367,19.340412139892578,2128962,0.0,0.0
2006-03-16 00:00:00-05:00,19.35862119010455,19.609143446025605,19.290296428642435,19.417835235595703,2741087,0.0,0.0
2006-03-17 00:00:00-05:00,19.63192002714867,19.750349527409433,19.563595261533614,19.59547996520996,3093386,0.0,0.0
2006-03-20 00:00:00-05:00,19.66380881577739,19.805012332523333,19.57271004408589,19.61825942993164,2056017,0.0,0.0
2006-03-21 00:00:00-05:00,19.581810948849036,19.663800368984123,19.208303902029154,19.240188598632812,1749390,0.0,0.0
2006-03-22 00:00:00-05:00,19.19464432802289,19.586371505763733,19.19464432802289,19.568151473999023,1553471,0.0,0.0
2006-03-23 00:00:00-05:00,19.495271118017307,19.495271118017307,19.19008874422239,19.313072204589844,2121377,0.0,0.0
2006-03-24 00:00:00-05:00,19.390507210974338,19.83689446775841,19.385951852678957,19.791343688964844,2191740,0.0,0.0
2006-03-27 00:00:00-05:00,19.745798305231077,20.050980733213056,19.727578270445232,19.846006393432617,3986639,0.0,0.0
2006-03-28 00:00:00-05:00,19.88699783266794,20.26961568225246,19.850557770406535,19.882442474365234,3909660,0.0,0.0
2006-03-29 00:00:00-05:00,19.472501762814293,19.654700719588455,19.27663812964616,19.563600540161133,4008426,0.0,0.0
2006-03-30 00:00:00-05:00,19.5408248641316,19.72302240313557,19.00333735699666,19.20375633239746,4436090,0.0,0.0
2006-03-31 00:00:00-05:00,19.294844455216836,19.33583986032817,18.989662203492994,19.03521156311035,2854216,0.0,0.0
2006-04-03 00:00:00-04:00,18.962337398892448,19.54992806396685,18.962337398892448,19.135425567626953,2879231,0.0,0.0
2006-04-04 00:00:00-04:00,19.135421118440977,19.66379761921943,18.957777633336402,19.499818801879883,2799346,0.0,0.0
2006-04-05 00:00:00-04:00,19.60004344975086,19.882450541663044,19.431509144969212,19.777687072753906,2286633,0.0,0.0
2006-04-06 00:00:00-04:00,19.841448095172044,19.927992890949504,19.404171562225038,19.58637046813965,2541779,0.0,0.0
2006-04-07 00:00:00-04:00,19.700252902883843,19.814125689680818,19.258420825705617,19.490724563598633,2144616,0.0,0.0
2006-04-10 00:00:00-04:00,19.536263121282555,19.71390664522015,19.376838223627875,19.531707763671875,1877689,0.0,0.0
2006-04-11 00:00:00-04:00,19.531711135702597,19.70024537559514,19.108099258852814,19.176424026489258,2279371,0.0,0.0
2006-04-12 00:00:00-04:00,19.15821402699972,19.60915548620328,19.130883264385556,19.55449676513672,2315198,0.0,0.0
2006-04-13 00:00:00-04:00,19.577268990565514,19.723027903667436,19.249311085565996,19.276641845703125,1720179,0.0,0.0
2006-04-17 00:00:00-04:00,19.335847686968442,19.527155916045615,19.235638214000357,19.37228775024414,2030841,0.0,0.0
2006-04-18 00:00:00-04:00,19.52715222585657,20.351601841786174,19.39505807300509,20.29694175720215,3532185,0.0,0.0
2006-04-19 00:00:00-04:00,20.26961340863822,20.45636625313991,20.132963891525797,20.4199275970459,3053685,0.0,0.0
2006-04-20 00:00:00-04:00,20.470038783600543,20.930090807446263,20.38349396865758,20.65679168701172,4428505,0.0,0.0
2006-04-21 00:00:00-04:00,21.3810274451601,21.39924747601683,19.82322812667062,20.04642105102539,8716608,0.0,0.0
2006-04-24 00:00:00-04:00,20.04641780514005,20.10107788885976,19.736681536967954,19.764009475708008,3930962,0.0,0.0
2006-04-25 00:00:00-04:00,19.868776437400598,19.89155182527031,19.35862120908728,19.4633846282959,4752239,0.0,0.0
2006-04-26 00:00:00-04:00,19.627362523615236,20.342492001118288,19.61825321016626,20.315162658691406,4396552,0.0,0.0
2006-04-27 00:00:00-04:00,20.26961687325405,20.315166252717137,20.023648541657142,20.060087203979492,4834867,0.0,0.0
2006-04-28 00:00:00-04:00,19.937103089177594,20.151186707962186,19.877889038014256,19.927993774414062,3535413,0.0,0.0
2006-05-01 00:00:00-04:00,20.05097809411588,20.424485252863896,20.041868778962122,20.269617080688477,3498295,0.0,0.0
2006-05-02 00:00:00-04:00,20.36071508496749,20.738777588302717,20.224066950250773,20.725112915039062,3405338,0.0,0.0
2006-05-03 00:00:00-04:00,20.907309346584125,21.098617553710938,20.861759973755838,21.098617553710938,5427465,0.0,0.0
2006-05-04 00:00:00-04:00,21.248935629170305,21.47668533909312,21.22160628089488,21.390140533447266,4307146,0.0,0.0
2006-05-05 00:00:00-04:00,21.408361616161734,21.563229800090685,21.385586223428504,21.417470932006836,2665560,0.0,0.0
2006-05-08 00:00:00-04:00,21.422020731890882,21.795527822059555,21.4174653741103,21.61332893371582,3364186,0.0,0.0
2006-05-09 00:00:00-04:00,21.62699921724735,21.68165931855891,21.32637216523455,21.417470932006836,2338921,0.0,0.0
2006-05-10 00:00:00-04:00,21.40380414719036,21.704432571647224,21.317259345832138,21.68621253967285,2462217,0.0,0.0
2006-05-11 00:00:00-04:00,21.786416451306607,22.31934699267191,21.47212343364407,21.695316314697266,5391638,0.0,0.0
2006-05-12 00:00:00-04:00,21.80043686823104,21.805007580320243,21.37082650879675,21.40281867980957,5302555,0.099143,0.0
2006-05-15 00:00:00-04:00,21.252007532366378,21.44396063326129,21.110326656824203,21.389116287231445,6736764,0.0,0.0
2006-05-16 00:00:00-04:00,21.443959385978097,21.64505390291788,21.192591239803367,21.302278518676758,1903349,0.0,0.0
2006-05-17 00:00:00-04:00,21.206299819297882,21.22001055191329,20.753838608958723,20.890947341918945,3552681,0.0,0.0
2006-05-18 00:00:00-04:00,20.941213705487375,21.023479479463475,20.52074481930093,20.548166275024414,3579793,0.0,0.0
2006-05-19 00:00:00-04:00,20.72641888921719,20.73098960305287,20.31508981416493,20.534465789794922,4665900,0.0,0.0
2006-05-22 00:00:00-04:00,20.534460813597388,20.566452989081643,19.88547587845623,20.251100540161133,3900461,0.0,0.0
2006-05-23 00:00:00-04:00,21.114892885610374,21.124032904604036,20.301374922931693,20.32879638671875,4351042,0.0,0.0
2006-05-24 00:00:00-04:00,20.51160664699962,20.616724588608818,20.01801192491498,20.4384822845459,3889164,0.0,0.0
2006-05-25 00:00:00-04:00,20.5938764267142,20.703565101869817,20.443055553479837,20.69442367553711,2468995,0.0,0.0
2006-05-26 00:00:00-04:00,20.75383665538924,20.900086800863885,20.65785872250356,20.808679580688477,3789430,0.0,0.0
2006-05-30 00:00:00-04:00,20.744692563393635,20.813247618011452,20.159692056692485,20.173402786254883,4190950,0.0,0.0
2006-05-31 00:00:00-04:00,19.92660401959231,19.958596188569476,19.570119449045137,19.93117332458496,8566845,0.0,0.0
2006-06-01 00:00:00-04:00,19.935749269731414,20.283093914669266,19.8077805602296,20.264812469482422,4059584,0.0,0.0
2006-06-02 00:00:00-04:00,20.45219259261377,20.543598395496517,20.19168450691151,20.232816696166992,3280912,0.0,0.0
2006-06-05 00:00:00-04:00,20.109422811880854,20.219110079011873,19.547272930072896,19.551843643188477,4128333,0.0,0.0
2006-06-06 00:00:00-04:00,19.638672744070085,19.96773442123088,19.186210300213496,19.332460403442383,5279154,0.0,0.0
2006-06-07 00:00:00-04:00,19.28676374659668,19.35074809952418,18.71090316344314,18.720043182373047,6991103,0.0,0.0
2006-06-08 00:00:00-04:00,18.720041292500778,18.770314908555044,17.709999665814827,18.45039176940918,9838541,0.0,0.0
2006-06-09 00:00:00-04:00,18.514382868334195,18.825164672398888,18.49153070650928,18.578367233276367,3373707,0.0,0.0
2006-06-12 00:00:00-04:00,18.578359572156625,18.706328249270793,17.984217677777146,18.039060592651367,2566471,0.0,0.0
2006-06-13 00:00:00-04:00,17.984220562634373,18.331565175380355,17.75113391661218,18.075626373291016,4631364,0.0,0.0
2006-06-14 00:00:00-04:00,18.039065550673445,18.400120935656037,17.961370462043373,18.31328582763672,3974697,0.0,0.0
2006-06-15 00:00:00-04:00,18.47781714564742,19.081099213396115,18.464106413372285,18.985122680664062,4871178,0.0,0.0
2006-06-16 00:00:00-04:00,18.948553711415713,19.094803820110698,18.838866481595883,18.852577209472656,4111227,0.0,0.0
2006-06-19 00:00:00-04:00,19.081093092233928,19.172500289421826,18.76117141909041,18.852577209472656,4485312,0.0,0.0
2006-06-20 00:00:00-04:00,18.829736237427905,19.039972212371435,18.65149385559853,18.793174743652344,2766908,0.0,0.0
2006-06-21 00:00:00-04:00,18.738328267589615,18.953133525639103,18.683483922936663,18.825164794921875,3426802,0.0,0.0
2006-06-22 00:00:00-04:00,18.806878859906735,18.866292497334914,18.509807859153852,18.56922149658203,2715750,0.0,0.0
2006-06-23 00:00:00-04:00,18.50980776390595,18.975981062825422,18.281291827088246,18.765745162963867,2519347,0.0,0.0
2006-06-26 00:00:00-04:00,18.761173043437736,19.08109474428016,18.738320890460802,19.07195472717285,1726150,0.0,0.0
2006-06-27 00:00:00-04:00,19.071957587472138,19.195355574359066,18.765745162963867,18.765745162963867,2417192,0.0,0.0
2006-06-28 00:00:00-04:00,18.857147379745633,19.06281110560501,18.720037291302308,19.030818939208984,2604073,0.0,0.0
2006-06-29 00:00:00-04:00,19.090235495938614,19.675235960767516,19.062812631970825,19.634103775024414,2644903,0.0,0.0
2006-06-30 00:00:00-04:00,19.634109445238273,19.698093801631877,19.42387493040127,19.551843643188477,2550978,0.0,0.0
2006-07-03 00:00:00-04:00,19.803214049098692,19.803214049098692,19.611259550947075,19.766651153564453,1029945,0.0,0.0
2006-07-05 00:00:00-04:00,19.766653614312656,19.766653614312656,19.213643619230417,19.34161376953125,3064498,0.0,0.0
2006-07-06 00:00:00-04:00,19.34160422122397,19.44215003661451,18.994259655492833,19.08109474182129,3248313,0.0,0.0
2006-07-07 00:00:00-04:00,19.085669146284793,19.085669146284793,18.505237853784774,18.555511474609375,4061682,0.0,0.0
2006-07-10 00:00:00-04:00,18.62862838461441,18.761167739437504,18.491518319126968,18.550931930541992,3985025,0.0,0.0
2006-07-11 00:00:00-04:00,18.46410384839235,18.528088194658533,18.203594344129588,18.34984588623047,4851328,0.0,0.0
2006-07-12 00:00:00-04:00,18.349848171501552,18.363558903579552,18.10762007983456,18.212738037109375,4500321,0.0,0.0
2006-07-13 00:00:00-04:00,18.043635048974796,18.057345780538654,17.591172466531326,17.59574317932129,5629678,0.0,0.0
2006-07-14 00:00:00-04:00,17.659724401925654,17.659724401925654,16.727379345924763,17.024450302124023,7631147,0.0,0.0
2006-07-17 00:00:00-04:00,17.02444680840508,17.239251938910495,16.795929544773486,16.878196716308594,4866660,0.0,0.0
2006-07-18 00:00:00-04:00,16.91475909582988,17.115853510852357,16.631398911644165,16.85077476501465,4311826,0.0,0.0
2006-07-19 00:00:00-04:00,16.96502828605737,17.58659280777001,16.84163036781782,17.33065414428711,6696579,0.0,0.0
2006-07-20 00:00:00-04:00,17.298675972429454,17.458636887174457,16.667970927425817,16.709104537963867,4758049,0.0,0.0
2006-07-21 00:00:00-04:00,16.818792198406978,16.864495116957716,16.430315280516144,16.480588912963867,5406485,0.0,0.0
2006-07-24 00:00:00-04:00,16.67253311549769,16.882767554057263,16.61311949377616,16.763938903808594,5997953,0.0,0.0
2006-07-25 00:00:00-04:00,16.763945611586557,16.928477221824913,16.613126141206546,16.79136848449707,5585620,0.0,0.0
2006-07-26 00:00:00-04:00,16.727374230410035,16.850772161687985,16.581122746220835,16.667959213256836,4874406,0.0,0.0
2006-07-27 00:00:00-04:00,16.75937328918756,16.9558970434511,16.5354280737543,16.59027099609375,4582303,0.0,0.0
2006-07-28 00:00:00-04:00,16.81878237942484,16.81878237942484,15.97327395603059,16.38917350769043,10541686,0.0,0.0
2006-07-31 00:00:00-04:00,16.389172507940824,16.412023249078594,16.247491722942605,16.36174964904785,4487087,0.0,0.0
2006-08-01 00:00:00-04:00,16.338894054247156,16.407447664101266,16.050963265639712,16.128658294677734,4628297,0.0,0.0
2006-08-02 00:00:00-04:00,16.224644974469562,16.635972484226183,16.197222108828193,16.608551025390625,4352817,0.0,0.0
2006-08-03 00:00:00-04:00,16.823354287840658,17.550035525449104,16.80050213687722,17.353511810302734,7737660,0.0,0.0
2006-08-04 00:00:00-04:00,17.824254302982126,17.929372227886038,17.294096780520054,17.353511810302734,8103515,0.0,0.0
2006-08-07 00:00:00-04:00,17.26668004279668,17.417500904032465,17.097577737156005,17.30781364440918,5143108,0.0,0.0
2006-08-08 00:00:00-04:00,17.321525248088754,17.36722815799893,17.115860043283792,17.18898582458496,3678398,0.0,0.0
2006-08-09 00:00:00-04:00,17.262111150329524,17.294103329710225,16.795937785860783,16.800508499145508,6921708,0.0,0.0
2006-08-10 00:00:00-04:00,16.805074832232606,17.12956725474628,16.69081687753881,16.969606399536133,3711804,0.0,0.0
2006-08-11 00:00:00-04:00,16.8456069614413,17.098199566778636,16.8456069614413,16.987977981567383,3472474,0.111536,0.0
2006-08-14 00:00:00-04:00,16.98798093768035,17.03849946753865,16.565463609464885,16.61138916015625,4920723,0.0,0.0
2006-08-15 00:00:00-04:00,16.680271534568693,17.038494110107422,16.638938976040503,17.038494110107422,5282220,0.0,0.0
2006-08-16 00:00:00-04:00,17.153311257231778,17.814643603182006,17.153311257231778,17.777902603149414,4534857,0.0,0.0
2006-08-17 00:00:00-04:00,17.68145951004334,17.93405213207547,17.626348006965642,17.67686653137207,4373151,0.0,0.0
2006-08-18 00:00:00-04:00,17.911092342867303,18.13612996655803,17.690649112453677,17.88353729248047,3720358,0.0,0.0
2006-08-21 00:00:00-04:00,17.819230332195154,17.819230332195154,17.396711807320592,17.47478675842285,2684603,0.0,0.0
2006-08-22 00:00:00-04:00,17.405900222338317,17.713602852476328,17.405900222338317,17.62175178527832,2346829,0.0,0.0
2006-08-23 00:00:00-04:00,17.603386261543587,17.70901487729238,17.03849793910105,17.11197853088379,4161417,0.0,0.0
2006-08-24 00:00:00-04:00,17.107386461512338,17.314052121822304,16.942053367800703,17.08901596069336,3443586,0.0,0.0
2006-08-25 00:00:00-04:00,16.992568522823287,17.226789181097367,16.969605047937335,17.116567611694336,2120247,0.0,0.0
2006-08-28 00:00:00-04:00,17.089018782807713,17.346203009426986,17.066055299576963,17.19005584716797,2872452,0.0,0.0
2006-08-29 00:00:00-04:00,17.213009842773562,17.37834288623722,17.171677288737015,17.31404685974121,2567762,0.0,0.0
2006-08-30 00:00:00-04:00,17.31865080576569,17.369169346245528,17.043096030022692,17.167095184326172,3705672,0.0,0.0
2006-08-31 00:00:00-04:00,17.26352514452163,17.529895155474154,17.20841508270971,17.46100616455078,3130019,0.0,0.0
2006-09-01 00:00:00-04:00,17.465609287942254,17.88812801803632,17.465609287942254,17.727386474609375,3243956,0.0,0.0
2006-09-05 00:00:00-04:00,17.727385179211662,17.98457078170581,17.56664506118981,17.92027473449707,3667263,0.0,0.0
2006-09-06 00:00:00-04:00,17.75493621826172,17.906491746275506,17.681454236076092,17.75493621826172,2979772,0.0,0.0
2006-09-07 00:00:00-04:00,17.640124839186157,17.644716403650648,17.37834629103167,17.562049865722656,5234290,0.0,0.0
2006-09-08 00:00:00-04:00,17.543684585946977,17.718203669967536,17.525315495306376,17.612573623657227,3084348,0.0,0.0
2006-09-11 00:00:00-04:00,17.60797394463419,17.61256550834898,17.079825370096085,17.10738182067871,5450704,0.0,0.0
2006-09-12 00:00:00-04:00,17.09360392261612,17.20841988194829,16.80886475408799,17.203826904296875,7651320,0.0,0.0
2006-09-13 00:00:00-04:00,17.304862091594302,17.741158166980664,17.263528124442082,17.681453704833984,5662277,0.0,0.0
2006-09-14 00:00:00-04:00,18.021309139053393,18.048864179910304,17.713605056962322,17.731975555419922,5434566,0.0,0.0
2006-09-15 00:00:00-04:00,17.81923280483331,17.906492308001376,17.699825286865234,17.699825286865234,4935086,0.0,0.0
2006-09-18 00:00:00-04:00,17.704419640297605,17.93404873918977,17.61256715254539,17.828418731689453,3777326,0.0,0.0
2006-09-19 00:00:00-04:00,17.915683571641082,17.915683571641082,17.63094289538587,17.80086898803711,2749479,0.0,0.0
2006-09-20 00:00:00-04:00,17.800858615012704,17.800858615012704,17.49774761237242,17.539081573486328,3820092,0.0,0.0
2006-09-21 00:00:00-04:00,17.497753412773783,17.543678951945548,16.951235679750532,17.056865692138672,4687041,0.0,0.0
2006-09-22 00:00:00-04:00,17.038502661863117,17.08442822116446,16.57924282787092,16.942058563232422,6821005,0.0,0.0
2006-09-25 00:00:00-04:00,16.873161337026787,17.18086399019133,16.790494804898813,17.14871597290039,3319967,0.0,0.0
2006-09-26 00:00:00-04:00,17.194638105273956,17.497749134277992,17.061453084680544,17.304861068725586,7272716,0.0,0.0
2006-09-27 00:00:00-04:00,17.447237389037102,17.759533079159024,17.33701579654089,17.67686653137207,3650802,0.0,0.0
2006-09-28 00:00:00-04:00,17.67686852188423,17.79627608516893,17.497757883786853,17.722795486450195,2792407,0.0,0.0
2006-09-29 00:00:00-04:00,17.773311718551128,17.800866762800517,17.442644119262695,17.442644119262695,2037619,0.0,0.0
2006-10-02 00:00:00-04:00,17.45182630967731,18.09019647749628,17.424271271375357,17.768714904785156,5658888,0.0,0.0
2006-10-03 00:00:00-04:00,17.699823569321616,17.99374865144532,17.562045568600468,17.892711639404297,4331999,0.0,0.0
2006-10-04 00:00:00-04:00,17.80545215700675,17.961599226119947,17.7319701854298,17.764118194580078,3988253,0.0,0.0
2006-10-05 00:00:00-04:00,17.686052331934352,18.365755209230574,17.63553380797575,18.159088134765625,6153365,0.0,0.0
2006-10-06 00:00:00-04:00,18.04426697414191,18.494340546754223,17.88811989432576,18.46219253540039,4408010,0.0,0.0
2006-10-09 00:00:00-04:00,18.439237355617998,18.64131003935963,18.145310753189918,18.475976943969727,3108878,0.0,0.0
2006-10-10 00:00:00-04:00,18.47597209690249,18.645898126379414,18.39789854835585,18.581602096557617,2907311,0.0,0.0
2006-10-11 00:00:00-04:00,18.581600040568336,18.581600040568336,18.37034147829191,18.46219253540039,3593349,0.0,0.0
2006-10-12 00:00:00-04:00,18.485165304875412,18.57242342892327,18.296868705330226,18.425460815429688,5294001,0.0,0.0
2006-10-13 00:00:00-04:00,18.37034561491933,18.62293678567536,18.273900145481626,18.49434471130371,3175045,0.0,0.0
2006-10-16 00:00:00-04:00,18.407083723883357,19.045453893954427,18.407083723883357,18.92604637145996,4901196,0.0,0.0
2006-10-17 00:00:00-04:00,18.765303745785268,18.82041522876638,18.370341651900645,18.783674240112305,4125590,0.0,0.0
2006-10-18 00:00:00-04:00,18.971970498422294,19.174044534773504,18.517305330290817,18.595378875732422,4739813,0.0,0.0
2006-10-19 00:00:00-04:00,18.37034588641598,18.48516044218165,17.892715751132698,18.053457260131836,5898541,0.0,0.0
2006-10-20 00:00:00-04:00,17.7549406386812,17.7549406386812,17.038496788634486,17.49775505065918,10006702,0.0,0.0
2006-10-23 00:00:00-04:00,17.148719125048572,17.617163364432606,17.148719125048572,17.60797882080078,4161255,0.0,0.0
2006-10-24 00:00:00-04:00,17.410492939044882,17.73197452284375,17.410492939044882,17.635530471801758,5266244,0.0,0.0
2006-10-25 00:00:00-04:00,17.6584961145469,17.874347718276375,17.59419865896744,17.672273635864258,4935893,0.0,0.0
2006-10-26 00:00:00-04:00,17.77330322033813,17.97537580431227,17.72737628367,17.865154266357422,5398416,0.0,0.0
2006-10-27 00:00:00-04:00,16.99257027548359,17.29108841149654,16.464423021562073,17.199235916137695,20060850,0.0,0.0
2006-10-30 00:00:00-05:00,16.703230928798675,17.061452003162415,16.675675896511784,16.877748489379883,6485813,0.0,0.0
2006-10-31 00:00:00-05:00,16.69404957678771,16.951233696994404,16.671086103058336,16.85938262939453,7010630,0.0,0.0
2006-11-01 00:00:00-05:00,16.85478705385819,17.02012008097997,16.762934586757982,16.946638107299805,6975126,0.0,0.0
2006-11-02 00:00:00-05:00,16.831818110824806,16.937448060229958,16.785892599036618,16.909893035888672,5812686,0.0,0.0
2006-11-03 00:00:00-05:00,16.877753647746157,17.006347136257077,16.845605629033173,16.932865142822266,5204434,0.0,0.0
2006-11-06 00:00:00-05:00,16.81804536742143,16.98797136424429,16.76752686603243,16.882341384887695,4228714,0.0,0.0
2006-11-07 00:00:00-05:00,16.836418774178696,17.16708487189997,16.82723423309034,17.10738182067871,4015527,0.0,0.0
2006-11-08 00:00:00-05:00,16.960420212695094,17.222197319034297,16.900715744488295,17.208419799804688,4509035,0.0,0.0
2006-11-09 00:00:00-05:00,17.245334660692336,17.296097021959895,17.157655380715838,17.189958572387695,5325632,0.111536,0.0
2006-11-10 00:00:00-05:00,17.16227757732685,17.30533585717209,17.111515191008085,17.286876678466797,2856314,0.0,0.0
2006-11-13 00:00:00-05:00,17.189964184029424,17.374554519763244,17.143815534733776,17.31456184387207,3278653,0.0,0.0
2006-11-14 00:00:00-05:00,17.31456516627676,17.49454038751897,17.259189049268823,17.48531150817871,4067492,0.0,0.0
2006-11-15 00:00:00-05:00,17.485313047482872,17.74835388787676,17.406862594493173,17.674518585205078,4302143,0.0,0.0
2006-11-16 00:00:00-05:00,17.743732112226148,17.914476971252785,17.688354594970583,17.77603530883789,3214261,0.0,0.0
2006-11-17 00:00:00-05:00,17.637593683475068,17.748347306655972,17.439159339181096,17.720659255981445,3264290,0.0,0.0
2006-11-20 00:00:00-05:00,17.669896590736254,17.78988050914763,17.637593391988897,17.683740615844727,2879231,0.0,0.0
2006-11-21 00:00:00-05:00,17.39762329357925,18.103681266672947,17.39762329357925,18.066762924194336,3769902,0.0,0.0
2006-11-22 00:00:00-05:00,18.07138129268367,18.339037192629522,18.029847794872772,18.219053268432617,2839208,0.0,0.0
2006-11-24 00:00:00-05:00,18.112908531540192,18.21904840160811,18.025229251552744,18.103679656982422,888412,0.0,0.0
2006-11-27 00:00:00-05:00,17.97908480421798,18.020618300606273,17.499150544351938,17.563756942749023,3615782,0.0,0.0
2006-11-28 00:00:00-05:00,17.596054256751984,17.596054256751984,17.314554434822806,17.545291900634766,3411148,0.0,0.0
2006-11-29 00:00:00-05:00,17.605293722840003,17.840646458317046,17.549916190820976,17.803728103637695,2499335,0.0,0.0
2006-11-30 00:00:00-05:00,17.803722888630737,18.025231531340218,17.660664661273152,18.00215721130371,3889164,0.0,0.0
2006-12-01 00:00:00-05:00,18.020625028906682,18.09446033157836,17.494541927635588,17.674518585205078,5356941,0.0,0.0
2006-12-04 00:00:00-05:00,17.674514279786365,17.776039039151936,17.457620733956823,17.688358306884766,3887550,0.0,0.0
2006-12-05 00:00:00-05:00,17.660665329430124,18.006773040658825,17.600674083741254,17.937551498413086,6757259,0.0,0.0
2006-12-06 00:00:00-05:00,17.974472463877166,18.352882006768915,17.914479788960257,18.228282928466797,4004876,0.0,0.0
2006-12-07 00:00:00-05:00,18.228282928466797,18.662069997324252,18.228282928466797,18.228282928466797,5390508,0.0,0.0
2006-12-08 00:00:00-05:00,18.459018014670427,19.197377769329076,18.412869375862147,18.805124282836914,7670040,0.0,0.0
2006-12-11 00:00:00-05:00,18.809743173211345,18.828202348310786,18.42210333708889,18.505168914794922,5161667,0.0,0.0
2006-12-12 00:00:00-05:00,18.46362916756239,18.56976903334545,18.159056432697028,18.30672836303711,3708738,0.0,0.0
2006-12-13 00:00:00-05:00,18.343653001580883,18.38980022932276,17.99293151387341,17.99754524230957,3812507,0.0,0.0
2006-12-14 00:00:00-05:00,18.006772273952954,18.265197838818736,17.82679712406676,18.140600204467773,5584652,0.0,0.0
2006-12-15 00:00:00-05:00,18.385180647093392,18.385180647093392,18.020615221021124,18.08060646057129,7037743,0.0,0.0
2006-12-18 00:00:00-05:00,18.22828254452096,18.274431192095133,18.08984086324707,18.117528915405273,4051677,0.0,0.0
2006-12-19 00:00:00-05:00,18.11753252056984,18.27443482848131,17.960631633141517,18.16829490661621,3082250,0.0,0.0
2006-12-20 00:00:00-05:00,18.223663179233096,18.339031921517087,18.163670524136666,18.205204010009766,3990190,0.0,0.0
2006-12-21 00:00:00-05:00,18.1636679277016,18.20520140763763,17.868324103311586,17.919086456298828,3511367,0.0,0.0
2006-12-22 00:00:00-05:00,17.90063842321672,17.997548042698504,17.62836732235379,17.73912239074707,1846703,0.0,0.0
2006-12-26 00:00:00-05:00,17.6560559463385,17.720662356203793,17.549916032712353,17.628366470336914,2090391,0.0,0.0
2006-12-27 00:00:00-05:00,17.831408681014913,18.140597996178432,17.78987661478125,18.103679656982422,2271624,0.0,0.0
2006-12-28 00:00:00-05:00,17.997544988581602,18.297504095399344,17.997544988581602,18.117528915405273,2540649,0.0,0.0
2006-12-29 00:00:00-05:00,18.07599052529895,18.288268832180762,18.034457041081648,18.057531356811523,1874138,0.0,0.0
2007-01-03 00:00:00-05:00,18.20982351141441,18.265199611842423,17.794494235307685,17.90986442565918,2758678,0.0,0.0
2007-01-04 00:00:00-05:00,17.909870647919217,17.960633037935985,17.65144354770207,17.88218116760254,2489491,0.0,0.0
2007-01-05 00:00:00-05:00,18.18674581211921,18.283655390355698,17.99754038283666,18.17751693725586,3860115,0.0,0.0
2007-01-08 00:00:00-05:00,18.149832929771826,18.403644820872426,17.997545795111467,18.283660888671875,3363863,0.0,0.0
2007-01-09 00:00:00-05:00,18.315965120766297,18.64361373332695,18.265202739692562,18.555932998657227,3845591,0.0,0.0
2007-01-10 00:00:00-05:00,18.555928606327296,18.809740451616765,18.23289521955136,18.708215713500977,3074020,0.0,0.0
2007-01-11 00:00:00-05:00,18.712836932237234,18.80513283132732,18.61131357396301,18.68976402282715,4018916,0.0,0.0
2007-01-12 00:00:00-05:00,18.629761938659133,18.80050820050923,18.583614722626887,18.777435302734375,2207717,0.0,0.0
2007-01-16 00:00:00-05:00,18.758974560541958,18.80050662534654,18.542081100831595,18.74513053894043,3151322,0.0,0.0
2007-01-17 00:00:00-05:00,18.78205449703833,18.998948038053562,18.758981592547464,18.88357925415039,2693479,0.0,0.0
2007-01-18 00:00:00-05:00,18.98971145812874,19.16968657438116,18.86972757379967,18.95279312133789,2632476,0.0,0.0
2007-01-19 00:00:00-05:00,19.082017194000056,19.211231449383547,19.022025926505844,19.146623611450195,2282437,0.0,0.0
2007-01-22 00:00:00-05:00,19.160464677710575,19.243530255497138,18.7635945434122,18.87434959411621,2530321,0.0,0.0
2007-01-23 00:00:00-05:00,18.823587093306003,19.252759005620778,18.69437428882119,19.22507095336914,2029227,0.0,0.0
2007-01-24 00:00:00-05:00,19.22507547876812,19.28968189621826,19.146623611450195,19.146623611450195,2853732,0.0,0.0
2007-01-25 00:00:00-05:00,19.13738969746695,19.451192822735482,19.026636071043598,19.095857620239258,3200544,0.0,0.0
2007-01-26 00:00:00-05:00,19.165088056961437,19.2850720454022,19.118940806171484,19.261999130249023,3434065,0.0,0.0
2007-01-29 00:00:00-05:00,19.174308703927853,19.252759132814365,18.768209692312254,18.87434959411621,4856654,0.0,0.0
2007-01-30 00:00:00-05:00,18.888196416586577,19.335827573122387,18.888196416586577,19.271221160888672,4437059,0.0,0.0
2007-01-31 00:00:00-05:00,19.681934572596756,20.254164842260234,19.589640100964914,19.788074493408203,7895169,0.0,0.0
2007-02-01 00:00:00-05:00,19.820370462391022,19.95881353976435,19.751148923704356,19.91266632080078,3526698,0.0,0.0
2007-02-02 00:00:00-05:00,19.935744651887976,20.30492534515159,19.866523094340675,20.231088638305664,3484093,0.0,0.0
2007-02-05 00:00:00-05:00,20.009573768208956,20.180318602173752,19.76499083492531,20.018802642822266,2232892,0.0,0.0
2007-02-06 00:00:00-05:00,20.09726177996352,20.217244295994824,19.981891572192982,20.05111312866211,2027613,0.0,0.0
2007-02-07 00:00:00-05:00,19.68193376731765,20.17109842430522,19.631171383852116,20.134180068969727,3587055,0.0,0.0
2007-02-08 00:00:00-05:00,20.13879483245182,20.13879483245182,19.806532481767935,19.86652374267578,3748922,0.0,0.0
2007-02-09 00:00:00-05:00,19.820372010834852,19.908052728053423,19.483494587165655,19.506568908691406,2717525,0.0,0.0
2007-02-12 00:00:00-05:00,19.552713356475987,19.72345961828032,19.515795015467074,19.62193489074707,1948697,0.0,0.0
2007-02-13 00:00:00-05:00,19.54349055144873,19.80653132699026,19.54349055144873,19.746540069580078,2443497,0.0,0.0
2007-02-14 00:00:00-05:00,19.86238802240305,19.922632679595264,19.746531924852853,19.839216232299805,3368705,0.111536,0.0
2007-02-15 00:00:00-05:00,19.92727728707683,20.478751617159016,19.85312866285659,20.446311950683594,6481295,0.0,0.0
2007-02-16 00:00:00-05:00,20.45094724216885,20.603877714589917,20.344358948107082,20.576072692871094,3290273,0.0,0.0
2007-02-20 00:00:00-05:00,20.460211102921015,20.62241083515963,20.31654995017841,20.571434020996094,2366195,0.0,0.0
2007-02-21 00:00:00-05:00,20.529718666163994,20.57606224748085,20.41849720926625,20.52508544921875,1724375,0.0,0.0
2007-02-22 00:00:00-05:00,20.52973048004547,20.70119812073336,20.52046261433871,20.65949058532715,2311970,0.0,0.0
2007-02-23 00:00:00-05:00,20.576069073189288,20.979247523121316,20.520457613050876,20.946807861328125,3050942,0.0,0.0
2007-02-26 00:00:00-05:00,21.085833403241033,21.141444857062403,20.70119072389745,20.90509796142578,3016406,0.0,0.0
2007-02-27 00:00:00-05:00,20.627040146660622,20.858752359679773,19.046760742674998,19.820680618286133,6447404,0.0,0.0
2007-02-28 00:00:00-05:00,19.802141871966114,20.265566260604484,19.72799471155514,20.066293716430664,4398004,0.0,0.0
2007-03-01 00:00:00-05:00,19.644578823574896,20.07556357433261,19.301643739155686,19.96434211730957,5076942,0.0,0.0
2007-03-02 00:00:00-05:00,19.964345994275885,20.089469979414815,19.663118362812423,19.746536254882812,3540093,0.0,0.0
2007-03-05 00:00:00-05:00,19.352622359685963,19.811413587760747,19.306280200436447,19.547260284423828,3698571,0.0,0.0
2007-03-06 00:00:00-05:00,19.686294808079186,20.019960749242376,19.612147613644957,19.92264175415039,2805317,0.0,0.0
2007-03-07 00:00:00-05:00,19.92264029976784,20.321185541897954,19.829955956870233,20.047765731811523,4284552,0.0,0.0
2007-03-08 00:00:00-05:00,20.15898490450945,20.330452500367226,19.8531254453791,19.996788024902344,4403975,0.0,0.0
2007-03-09 00:00:00-05:00,20.043131099258847,20.182159040175783,19.635316566693742,19.72336769104004,3958397,0.0,0.0
2007-03-12 00:00:00-04:00,19.653850126433408,19.880929150170132,19.64458226442611,19.85312271118164,2264201,0.0,0.0
2007-03-13 00:00:00-04:00,19.69555881277521,19.802145643632887,19.49165158646205,19.607507705688477,3589476,0.0,0.0
2007-03-14 00:00:00-04:00,19.677030922644175,19.867034305820884,19.43604928241523,19.811424255371094,2999622,0.0,0.0
2007-03-15 00:00:00-04:00,19.74190175965373,19.968979362945596,19.67238780005894,19.885562896728516,1939821,0.0,0.0
2007-03-16 00:00:00-04:00,20.251669012436086,20.27947402649515,19.806781655074143,19.908735275268555,3466180,0.0,0.0
2007-03-19 00:00:00-04:00,19.968975488751266,20.36752059152384,19.968975488751266,20.321178436279297,4325543,0.0,0.0
2007-03-20 00:00:00-04:00,20.27020307740647,20.55752674270482,20.23312877998414,20.529720306396484,2123475,0.0,0.0
2007-03-21 00:00:00-04:00,20.534355705966387,20.92826763423117,20.42313423608902,20.900461196899414,3679528,0.0,0.0
2007-03-22 00:00:00-04:00,20.965344702475736,20.969979347372462,20.747534936615153,20.919002532958984,2414771,0.0,0.0
2007-03-23 00:00:00-04:00,20.909734857995304,21.118275335940883,20.85875804312265,21.04876136779785,1568964,0.0,0.0
2007-03-26 00:00:00-04:00,20.9699847814759,21.09047559462991,20.594609830204543,21.00705909729004,1896409,0.0,0.0
2007-03-27 00:00:00-04:00,19.973613517188458,20.506551959026478,19.945808504626175,20.302644729614258,5409713,0.0,0.0
2007-03-28 00:00:00-04:00,20.145078064310905,20.242397027037633,19.644580745499614,19.871658325195312,5554473,0.0,0.0
2007-03-29 00:00:00-04:00,20.135808303428266,20.260932264706224,19.936535752887035,20.080198287963867,2419451,0.0,0.0
2007-03-30 00:00:00-04:00,20.131183102820295,20.367528615624316,20.070936993432753,20.098743438720703,3172140,0.0,0.0
2007-04-02 00:00:00-04:00,20.25631192649865,20.488024275542177,20.154358264682063,20.40460777282715,3651609,0.0,0.0
2007-04-03 00:00:00-04:00,20.469478878568115,20.5436260586501,20.335085599030915,20.381427764892578,4476920,0.0,0.0
2007-04-04 00:00:00-04:00,20.39533495856084,20.42314140565408,20.20996482603537,20.316553115844727,3525730,0.0,0.0
2007-04-05 00:00:00-04:00,20.177517468961764,20.302642866979205,20.108003517450204,20.209957122802734,3071922,0.0,0.0
2007-04-09 00:00:00-04:00,20.22387020489812,20.316554564527905,20.140453710637782,20.27484703063965,3129212,0.0,0.0
2007-04-10 00:00:00-04:00,20.344360327555506,20.70119812073336,20.242406672361835,20.65949058532715,3196993,0.0,0.0
2007-04-11 00:00:00-04:00,20.659482590962984,20.752166918101036,20.372158894461723,20.432403564453125,2526448,0.0,0.0
2007-04-12 00:00:00-04:00,20.437037104779908,20.817045107891815,20.33971813859697,20.793874740600586,4380897,0.0,0.0
2007-04-13 00:00:00-04:00,20.733631134033203,20.830950111887926,20.529723889108975,20.733631134033203,2703162,0.0,0.0
2007-04-16 00:00:00-04:00,20.84484989968462,21.039487816680726,20.761432019277,20.83094596862793,2516765,0.0,0.0
2007-04-17 00:00:00-04:00,20.835584970063195,20.854122122199353,20.659484164494838,20.738265991210938,2228535,0.0,0.0
2007-04-18 00:00:00-04:00,20.64094600738592,20.90509791611906,20.376792672169422,20.789241790771484,2683635,0.0,0.0
2007-04-19 00:00:00-04:00,20.427766543138233,20.946802423571956,20.427766543138233,20.515817642211914,2302448,0.0,0.0
2007-04-20 00:00:00-04:00,20.919004884425185,21.308282290387545,20.90046772923806,21.044130325317383,4614418,0.0,0.0
2007-04-23 00:00:00-04:00,21.076567688101754,21.317547826245075,21.00241907545242,21.150714874267578,3171979,0.0,0.0
2007-04-24 00:00:00-04:00,21.27120590574357,21.299010922571014,20.86339138436227,20.946807861328125,2832107,0.0,0.0
2007-04-25 00:00:00-04:00,21.020951751615986,21.192419311986136,20.83558168595589,21.104368209838867,2656845,0.0,0.0
2007-04-26 00:00:00-04:00,21.01169005673346,21.35462385163431,20.942176083399655,21.345355987548828,3112751,0.0,0.0
2007-04-27 00:00:00-04:00,21.345350052321052,22.137805704417755,21.122905684801854,21.340715408325195,7365350,0.0,0.0
2007-04-30 00:00:00-04:00,21.317551837933415,21.317551837933415,20.69192886352539,20.69192886352539,5215085,0.0,0.0
2007-05-01 00:00:00-04:00,21.048756805570463,21.159979701085636,20.74753062656248,20.886558532714844,4302465,0.0,0.0
2007-05-02 00:00:00-04:00,20.932905988735534,21.382428049011892,20.932905988735534,21.201692581176758,2902147,0.0,0.0
2007-05-03 00:00:00-04:00,21.215605470493628,21.433415352784948,21.18316579184285,21.3685359954834,3434549,0.0,0.0
2007-05-04 00:00:00-04:00,21.484381301947288,21.512187745610376,21.271206175109143,21.507553100585938,3213938,0.0,0.0
2007-05-07 00:00:00-04:00,21.507546781196485,21.507546781196485,21.28046921248894,21.359251022338867,1747130,0.0,0.0
2007-05-08 00:00:00-04:00,21.271206384885875,21.5307251115607,21.197059196181325,21.512187957763672,1553955,0.0,0.0
2007-05-09 00:00:00-04:00,21.271196539043444,21.998774139488084,21.22485438924314,21.938528060913086,3947262,0.0,0.0
2007-05-10 00:00:00-04:00,21.79486608461565,21.82730573080844,21.289732820776074,21.442663192749023,4185786,0.0,0.0
2007-05-11 00:00:00-04:00,21.563633037420654,21.833469318536373,21.507804396897072,21.698551177978516,3083380,0.111536,0.0
2007-05-14 00:00:00-04:00,21.745078411984533,22.05213384443642,21.65668340590511,21.68459701538086,1770692,0.0,0.0
2007-05-15 00:00:00-04:00,22.587142626526187,23.792100034280107,22.563880342062024,22.931415557861328,19211170,0.0,0.0
2007-05-16 00:00:00-04:00,22.689499251483856,22.92676916208371,22.45688208518517,22.80115509033203,5408745,0.0,0.0
2007-05-17 00:00:00-04:00,22.642974036111795,22.801153007358593,22.470836833236632,22.740673065185547,2638770,0.0,0.0
2007-05-18 00:00:00-04:00,22.85233526941292,23.038429323780747,22.7220698609718,22.81046485900879,4554545,0.0,0.0
2007-05-21 00:00:00-04:00,23.22452273087749,23.22452273087749,22.69880693453607,22.749982833862305,5159247,0.0,0.0
2007-05-22 00:00:00-04:00,22.52201532288514,22.88955062638883,22.38244444690247,22.73602294921875,6380269,0.0,0.0
2007-05-23 00:00:00-04:00,22.95468378933736,22.95468378933736,22.51271029439108,22.545276641845703,3190699,0.0,0.0
2007-05-24 00:00:00-04:00,22.531324670476007,22.838380096919078,22.401059252732146,22.49875831604004,2957501,0.0,0.0
2007-05-25 00:00:00-04:00,22.50341010034033,22.782550473876118,22.470843747295397,22.680198669433594,3116625,0.0,0.0
2007-05-29 00:00:00-04:00,22.866283614314508,23.261733870583864,22.656928775628142,22.90815544128418,4652343,0.0,0.0
2007-05-30 00:00:00-04:00,22.680198555354494,23.11751937866211,22.610413104307916,23.11751937866211,2328592,0.0,0.0
2007-05-31 00:00:00-04:00,23.261733196091676,23.99215088666938,23.16868548999817,23.880495071411133,7450882,0.0,0.0
2007-06-01 00:00:00-04:00,24.60627251509043,24.657448418439934,23.661843959802418,24.047988891601562,4217901,0.0,0.0
2007-06-04 00:00:00-04:00,23.95029482300224,24.099169818675005,23.71767755276011,24.04334259033203,1995337,0.0,0.0
2007-06-05 00:00:00-04:00,23.90841564643757,24.075898702188777,23.833977459833143,24.029376983642578,2330529,0.0,0.0
2007-06-06 00:00:00-04:00,23.927033400607684,23.927033400607684,23.308271132412703,23.48505973815918,3626917,0.0,0.0
2007-06-07 00:00:00-04:00,23.485050576186666,23.936328123072936,23.354785187818322,23.368741989135742,6739668,0.0,0.0
2007-06-08 00:00:00-04:00,23.368735877621273,23.796751022338867,23.308255943711373,23.796751022338867,3728104,0.0,0.0
2007-06-11 00:00:00-04:00,23.61532159235684,23.936333827375663,23.205915783911045,23.815372467041016,4362661,0.0,0.0
2007-06-12 00:00:00-04:00,23.619975235705052,23.740936600637372,23.280354869622567,23.35479164123535,4522592,0.0,0.0
2007-06-13 00:00:00-04:00,23.45248671477604,24.64348917826067,23.45248671477604,24.60161590576172,6314102,0.0,0.0
2007-06-14 00:00:00-04:00,24.6062672137041,24.65278892956566,24.289906370945967,24.40156364440918,5122451,0.0,0.0
2007-06-15 00:00:00-04:00,24.424833871274227,24.541142494885644,24.215476057486054,24.35970115661621,5991336,0.0,0.0
2007-06-18 00:00:00-04:00,24.792365556653138,25.587917728398423,24.6760569438553,25.471609115600586,6968993,0.0,0.0
2007-06-19 00:00:00-04:00,25.294810466377783,25.718174359717857,25.192458692952524,25.5832576751709,5136330,0.0,0.0
2007-06-20 00:00:00-04:00,25.611166517020948,26.346236905936642,25.383200725081934,25.83913230895996,10173572,0.0,0.0
2007-06-21 00:00:00-04:00,25.699562942630966,26.220624366422943,25.411115770939343,26.04848861694336,8417404,0.0,0.0
2007-06-22 00:00:00-04:00,25.867055581599043,26.19737038743534,25.63443839164324,25.927534103393555,22966870,0.0,0.0
2007-06-25 00:00:00-04:00,25.927536480658645,25.997323362509352,25.485564352040488,25.573959350585938,4991893,0.0,0.0
2007-06-26 00:00:00-04:00,25.774019543535463,25.774019543535463,25.07616483162253,25.155254364013672,4872792,0.0,0.0
2007-06-27 00:00:00-04:00,25.07150154485378,25.494865484408333,24.783054304573714,25.439035415649414,4070074,0.0,0.0
2007-06-28 00:00:00-04:00,25.355291717851895,25.746087834065694,25.22037216985134,25.47625160217285,2766908,0.0,0.0
2007-06-29 00:00:00-04:00,25.50882649927689,25.787968296856075,25.313428386615083,25.504175186157227,3381131,0.0,0.0
2007-07-02 00:00:00-04:00,25.55068890855713,25.904268789982797,25.504167199601447,25.857744216918945,3418410,0.0,0.0
2007-07-03 00:00:00-04:00,25.829844547947094,25.99732909154467,25.694924931768917,25.936847686767578,1679027,0.0,0.0
2007-07-05 00:00:00-04:00,25.783309130181195,25.92288000196179,25.513472875167647,25.653043746948242,2768199,0.0,0.0
2007-07-06 00:00:00-04:00,25.764697541933547,25.978703700903615,25.49486132331675,25.536731719970703,4174005,0.0,0.0
2007-07-09 00:00:00-04:00,25.541382532098837,25.87170011549515,25.522774421985893,25.801916122436523,3041420,0.0,0.0
2007-07-10 00:00:00-04:00,25.564648223682,25.82983316085028,25.425077354862296,25.499515533447266,4838256,0.0,0.0
2007-07-11 00:00:00-04:00,25.37390625851755,25.83448935339941,25.35529814241025,25.46230125427246,3283494,0.0,0.0
2007-07-12 00:00:00-04:00,25.527438485586746,25.811231639305994,25.46230577149263,25.79262351989746,3483609,0.0,0.0
2007-07-13 00:00:00-04:00,25.750750400940497,25.99732442585845,25.56465490583597,25.68096351623535,2741087,0.0,0.0
2007-07-16 00:00:00-04:00,25.680959317274326,26.15549917206482,25.59256432956633,25.9973201751709,2754482,0.0,0.0
2007-07-17 00:00:00-04:00,26.36020835979472,26.36020835979472,25.732140687053022,25.964757919311523,3061916,0.0,0.0
2007-07-18 00:00:00-04:00,25.801914702891235,26.169448486292808,25.73212784956401,26.04848861694336,3163587,0.0,0.0
2007-07-19 00:00:00-04:00,26.099681193320464,26.169465227181377,25.913585662841797,25.913585662841797,3075795,0.0,0.0
2007-07-20 00:00:00-04:00,25.680955432285817,25.69956640799243,25.364597486356278,25.43438148498535,3611102,0.0,0.0
2007-07-23 00:00:00-04:00,25.611172801324717,25.783308583207564,25.415774730620512,25.499515533447266,2535324,0.0,0.0
2007-07-24 00:00:00-04:00,25.271546001734535,25.425073648645615,24.573694623470363,24.657438278198242,3845591,0.0,0.0
2007-07-25 00:00:00-04:00,24.750487736668436,24.797012313508453,23.66649001403906,24.159639358520508,5793320,0.0,0.0
2007-07-26 00:00:00-04:00,24.0293712221134,24.192201494146374,22.991898195409252,23.582746505737305,6565375,0.0,0.0
2007-07-27 00:00:00-04:00,23.11751620059785,23.67579830016646,21.940472049297142,22.39640235900879,9106186,0.0,0.0
2007-07-30 00:00:00-04:00,24.355035580264946,24.355035580264946,23.15473080265544,24.0851993560791,10869293,0.0,0.0
2007-07-31 00:00:00-04:00,24.18290963610518,24.359699649572246,23.298963864933878,23.410619735717773,6926550,0.0,0.0
2007-08-01 00:00:00-04:00,23.024474564570113,23.671150351071987,22.75463823338173,23.56879997253418,7154906,0.0,0.0
2007-08-02 00:00:00-04:00,23.647889191932965,24.127080480873417,23.601367462042404,24.099166870117188,4137048,0.0,0.0
2007-08-03 00:00:00-04:00,24.052646587645885,24.10382249848174,23.26639837279913,23.303617477416992,3964530,0.0,0.0
2007-08-06 00:00:00-04:00,23.396656010283504,24.052637100219727,23.21521473690843,24.052637100219727,5232353,0.0,0.0
2007-08-07 00:00:00-04:00,23.82002416568674,23.899113676560184,23.331528864361402,23.7083683013916,4818568,0.0,0.0
2007-08-08 00:00:00-04:00,23.801411697188424,23.913068979844024,23.40131001447523,23.74558448791504,4263572,0.0,0.0
2007-08-09 00:00:00-04:00,23.2803452291782,23.64322774164997,22.503402886364864,22.56388282775879,6765974,0.0,0.0
2007-08-10 00:00:00-04:00,22.470836096603573,22.856980888418096,21.772983252281637,22.535968780517578,8554741,0.0,0.0
2007-08-13 00:00:00-04:00,22.64804739649481,23.694060412686092,22.620029678391816,23.26911735534668,5212019,0.111536,0.0
2007-08-14 00:00:00-04:00,23.26911756406974,23.455905707021934,22.321169427527387,22.325838088989258,5386312,0.0,0.0
2007-08-15 00:00:00-04:00,22.237118092071874,22.92356379146024,22.17641111021828,22.465932846069336,5506058,0.0,0.0
2007-08-16 00:00:00-04:00,22.28848314535253,22.414564324026067,20.789507799640933,22.045658111572266,10724210,0.0,0.0
2007-08-17 00:00:00-04:00,22.297816184597355,23.810798564817098,22.297816184597355,22.620025634765625,6025550,0.0,0.0
2007-08-20 00:00:00-04:00,22.69474342976967,23.231760219104718,22.634037896467063,23.05898094177246,3931931,0.0,0.0
2007-08-21 00:00:00-04:00,22.928228570396055,23.633351629531884,22.928228570396055,23.329822540283203,4035377,0.0,0.0
2007-08-22 00:00:00-04:00,23.4465704104748,24.147024971977167,23.348506944351985,23.936887741088867,3695989,0.0,0.0
2007-08-23 00:00:00-04:00,24.048950239941714,24.06295909462585,23.465238378800642,23.586650848388672,3099679,0.0,0.0
2007-08-24 00:00:00-04:00,23.595993126355786,24.319795079728475,23.595993126355786,24.315126419067383,3955331,0.0,0.0
2007-08-27 00:00:00-04:00,24.259089754946473,24.296447662703404,23.74075345635424,23.815467834472656,1944663,0.0,0.0
2007-08-28 00:00:00-04:00,23.58199095783918,23.656706798353664,22.895545282045074,22.92356300354004,3182953,0.0,0.0
2007-08-29 00:00:00-04:00,23.07765415701016,23.703392603867616,22.965580440866297,23.666034698486328,2783046,0.0,0.0
2007-08-30 00:00:00-04:00,23.549300053944716,24.282440877985426,23.348503055594822,24.01626968383789,2966216,0.0,0.0
2007-08-31 00:00:00-04:00,24.226401085075604,24.47856624974781,23.96956869726457,24.2497501373291,2733018,0.0,0.0
2007-09-04 00:00:00-04:00,24.25443100282818,24.623338739613327,23.978919522054532,24.478578567504883,3777164,0.0,0.0
2007-09-05 00:00:00-04:00,24.13300642947941,24.478564909454,23.86216376270864,24.11899757385254,3970662,0.0,0.0
2007-09-06 00:00:00-04:00,24.11433661538362,24.64201185588899,24.11433661538362,24.567298889160156,3191506,0.0,0.0
2007-09-07 00:00:00-04:00,24.18904885671402,24.240415633817726,23.74075959725592,24.05362892150879,3832357,0.0,0.0
2007-09-10 00:00:00-04:00,24.170370565586435,24.399186724450104,23.600667373959787,23.92754554748535,2160109,0.0,0.0
2007-09-11 00:00:00-04:00,24.076976074716153,24.3945154918347,23.885517829699534,24.29645347595215,2441560,0.0,0.0
2007-09-12 00:00:00-04:00,24.179708487078504,24.473897378160967,23.936882054441178,23.988248825073242,2436719,0.0,0.0
2007-09-13 00:00:00-04:00,24.142349808749977,24.42252983302859,23.98357940345071,24.19838523864746,2259682,0.0,0.0
2007-09-14 00:00:00-04:00,24.00692838060356,24.47856952493969,23.96023170724412,24.43187141418457,2340535,0.0,0.0
2007-09-17 00:00:00-04:00,24.492578369893305,24.679365063229543,23.969571891323078,24.287111282348633,2856314,0.0,0.0
2007-09-18 00:00:00-04:00,24.422532286493695,25.389160798079068,24.34781933072185,25.309776306152344,3570272,0.0,0.0
2007-09-19 00:00:00-04:00,25.44520184744174,25.608639510251816,25.104311911848338,25.393835067749023,3723747,0.0,0.0
2007-09-20 00:00:00-04:00,25.337796441564656,25.48722811694958,25.04360462739543,25.11832046508789,2843081,0.0,0.0
2007-09-21 00:00:00-04:00,25.207044721728433,25.281760558112932,24.973559889120647,25.12299156188965,6619600,0.0,0.0
2007-09-24 00:00:00-04:00,25.122991385740885,25.333127158656193,24.992237235588934,25.104310989379883,4054097,0.0,0.0
2007-09-25 00:00:00-04:00,24.917523721438435,25.118319291716286,24.78210091259799,25.048274993896484,3302699,0.0,0.0
2007-09-26 00:00:00-04:00,25.118324202494332,25.37515813603217,24.81946368204817,24.912857055664062,4492413,0.0,0.0
2007-09-27 00:00:00-04:00,24.959549021419093,25.613308225007987,24.7494132639336,25.207042694091797,4617162,0.0,0.0
2007-09-28 00:00:00-04:00,25.108981505064296,25.580619809525757,24.936200782311996,25.43585968017578,3124210,0.0,0.0
2007-10-01 00:00:00-04:00,25.305095261339304,25.683340015627778,25.216370615313103,25.631973266601562,1979844,0.0,0.0
2007-10-02 00:00:00-04:00,25.645996540848433,25.688023120561102,25.263080037355163,25.351804733276367,2419128,0.0,0.0
2007-10-03 00:00:00-04:00,25.230397975708712,25.28643342491981,24.184384716751055,24.912857055664062,8336713,0.0,0.0
2007-10-04 00:00:00-04:00,25.146329350476176,25.183687256196876,24.922184790942712,25.141660690307617,3304313,0.0,0.0
2007-10-05 00:00:00-04:00,25.333131926534033,26.024246351338395,25.30044266414577,25.94019317626953,3623689,0.0,0.0
2007-10-08 00:00:00-04:00,25.80010143900885,26.122311023393035,25.440533930007,25.51991844177246,2825006,0.0,0.0
2007-10-09 00:00:00-04:00,25.538596420582486,25.65066730901968,25.14167102458895,25.370487213134766,2348927,0.0,0.0
2007-10-10 00:00:00-04:00,25.36581359318059,25.48722754540611,24.880166408653583,25.351804733276367,2525318,0.0,0.0
2007-10-11 00:00:00-04:00,25.524576743408367,25.608629874118485,24.782093048182112,24.875486373901367,4232909,0.0,0.0
2007-10-12 00:00:00-04:00,24.842809122683143,25.001578122164783,24.59531542502301,24.786773681640625,2433330,0.0,0.0
2007-10-15 00:00:00-04:00,24.70271343442099,24.800778314320862,24.26376155496768,24.553281784057617,2551623,0.0,0.0
2007-10-16 00:00:00-04:00,24.515931908244454,24.61866547080266,24.28244418669153,24.497251510620117,2876648,0.0,0.0
2007-10-17 00:00:00-04:00,24.74474116395261,24.749412699989236,23.992919965570966,24.18904685974121,2855991,0.0,0.0
2007-10-18 00:00:00-04:00,24.114336481245516,24.571967414524522,24.02094167986412,24.455224990844727,2531289,0.0,0.0
2007-10-19 00:00:00-04:00,24.212404163762848,24.259102291288865,23.110355377197266,23.110355377197266,4420275,0.0,0.0
2007-10-22 00:00:00-04:00,22.81148766293384,23.446566473722605,22.79280870527585,23.339162826538086,3607390,0.0,0.0
2007-10-23 00:00:00-04:00,23.41854587956167,23.918203264006614,22.876860486199377,23.908863067626953,3415183,0.0,0.0
2007-10-24 00:00:00-04:00,23.782786208181868,24.086316772184432,23.423218767974028,23.717409133911133,4520009,0.0,0.0
2007-10-25 00:00:00-04:00,23.62868615105545,23.88084994081375,22.98426709809674,23.213083267211914,4565519,0.0,0.0
2007-10-26 00:00:00-04:00,23.605341779094623,23.866844365620263,23.423222263597363,23.787458419799805,4395261,0.0,0.0
2007-10-29 00:00:00-04:00,23.960228501404977,24.371161184339922,23.815468402140656,24.2497501373291,2466736,0.0,0.0
2007-10-30 00:00:00-04:00,24.08631964881606,24.38051004988835,23.297140375636797,23.371854782104492,4626199,0.0,0.0
2007-10-31 00:00:00-04:00,23.488596664473285,23.675384832397576,23.08700260652464,23.511945724487305,5548663,0.0,0.0
2007-11-01 00:00:00-04:00,23.311138153076172,23.60532985166275,23.180386925880057,23.311138153076172,3325454,0.0,0.0
2007-11-02 00:00:00-04:00,23.44189662106992,23.82014156477707,23.143036170195867,23.605337142944336,4581496,0.0,0.0
2007-11-05 00:00:00-05:00,22.568662212729034,23.78745303643989,22.568662212729034,23.581987380981445,2983484,0.0,0.0
2007-11-06 00:00:00-05:00,23.563310495996873,24.12367351455927,23.297137846570358,24.034950256347656,2300835,0.0,0.0
2007-11-07 00:00:00-05:00,23.22709031543867,23.955562470769156,23.22709031543867,23.3671817779541,3078054,0.0,0.0
2007-11-08 00:00:00-05:00,23.432797355124503,23.54996123370624,22.987573750962824,23.25470733642578,3598352,0.111536,0.0
2007-11-09 00:00:00-05:00,22.903208720672456,23.278133594905537,22.776670962520303,22.921955108642578,3361926,0.0,0.0
2007-11-12 00:00:00-05:00,22.870406914427104,23.4327943244339,22.781361916594413,22.96882438659668,3967435,0.0,0.0
2007-11-13 00:00:00-05:00,23.114111313376394,23.35312458459903,23.039125739403335,23.24533462524414,3330457,0.0,0.0
2007-11-14 00:00:00-05:00,23.3671875625224,23.79835032387655,23.118798908343685,23.437484741210938,2958792,0.0,0.0
2007-11-15 00:00:00-05:00,23.315629600962502,23.69524004284033,23.057868533894297,23.146913528442383,3587217,0.0,0.0
2007-11-16 00:00:00-05:00,23.362490066850814,23.423414741766255,22.6173273255455,22.87040138244629,2964118,0.0,0.0
2007-11-19 00:00:00-05:00,22.701706623445432,22.828243049209597,22.401767039884646,22.55173683166504,3203771,0.0,0.0
2007-11-20 00:00:00-05:00,22.54234809954999,23.343750225742244,22.54234809954999,23.207839965820312,5358877,0.0,0.0
2007-11-21 00:00:00-05:00,22.968822905044856,23.034434548925777,22.51422691345215,22.51422691345215,2876648,0.0,0.0
2007-11-23 00:00:00-05:00,22.617325219658408,22.861025339213978,22.509533866676385,22.82353401184082,1036562,0.0,0.0
2007-11-26 00:00:00-05:00,22.781358330519453,23.4843428430155,22.650135054949555,22.832910537719727,4482730,0.0,0.0
2007-11-27 00:00:00-05:00,22.809480484243725,23.423418620132832,22.809480484243725,23.273448944091797,3307056,0.0,0.0
2007-11-28 00:00:00-05:00,23.49371938518933,24.12171845322896,23.339062736800656,24.065479278564453,3460854,0.0,0.0
2007-11-29 00:00:00-05:00,23.967066243101957,24.365423170301977,23.901454581802433,24.023303985595703,4530661,0.0,0.0
2007-11-30 00:00:00-05:00,24.3607290783883,24.44040014726665,23.887385295117085,24.201385498046875,4801622,0.0,0.0
2007-12-03 00:00:00-05:00,23.967057024857823,24.23887604172904,23.74678877124994,23.901445388793945,2768199,0.0,0.0
2007-12-04 00:00:00-05:00,23.709298692009618,24.356042653585092,23.709298692009618,24.126401901245117,3009789,0.0,0.0
2007-12-05 00:00:00-05:00,24.29980526564144,24.365416910083326,23.90613395640524,24.14983558654785,3055783,0.0,0.0
2007-12-06 00:00:00-05:00,24.04673549108298,24.33730242777162,23.976436875785797,24.220138549804688,2617952,0.0,0.0
2007-12-07 00:00:00-05:00,24.31386863710052,24.393539726462237,23.896765354459664,24.30918312072754,3240405,0.0,0.0
2007-12-10 00:00:00-05:00,24.370110257226028,24.463843680981892,24.05142584900214,24.379484176635742,2392177,0.0,0.0
2007-12-11 00:00:00-05:00,24.463838458031105,24.463838458031105,23.26407945329007,23.41404914855957,4401393,0.0,0.0
2007-12-12 00:00:00-05:00,23.985800260376863,24.056098844802044,23.146907089427877,23.43278694152832,3770225,0.0,0.0
2007-12-13 00:00:00-05:00,23.399992349910953,23.784289827473167,23.292200943086776,23.53121566772461,4281647,0.0,0.0
2007-12-14 00:00:00-05:00,23.3578076157359,23.48903090553695,22.968823261979317,23.048494338989258,3826709,0.0,0.0
2007-12-17 00:00:00-05:00,21.48786409481748,21.90965559836732,20.124076471460192,20.43338966369629,29481571,0.0,0.0
2007-12-18 00:00:00-05:00,20.944227093126237,20.944227093126237,20.22718318605003,20.747390747070312,16675846,0.0,0.0
2007-12-19 00:00:00-05:00,20.944227241179853,21.25822598597292,20.68177925877827,21.127002716064453,11524991,0.0,0.0
2007-12-20 00:00:00-05:00,21.32383808365493,21.32383808365493,20.71458552576237,20.96297264099121,7698444,0.0,0.0
2007-12-21 00:00:00-05:00,21.33321606345244,21.65190183340013,21.08014194238354,21.50193214416504,8851040,0.0,0.0
2007-12-24 00:00:00-05:00,21.590971660622376,22.17210535993581,21.562852799959842,22.0783748626709,1776663,0.0,0.0
2007-12-26 00:00:00-05:00,21.937780894878056,22.148675265977882,21.90497507176064,22.04557228088379,5230255,0.0,0.0
2007-12-27 00:00:00-05:00,22.026825378086077,22.04557176837234,21.68001932166743,21.7550048828125,3497649,0.0,0.0
2007-12-28 00:00:00-05:00,21.755007765192808,22.02682829648063,21.703455545721496,21.88154411315918,3176498,0.0,0.0
2007-12-31 00:00:00-05:00,21.853431791050294,21.97528265926091,21.745640360982154,21.778446197509766,4559387,0.0,0.0
2008-01-02 00:00:00-05:00,21.759688936063085,21.825302018947855,20.948914462949073,21.042646408081055,5625159,0.0,0.0
2008-01-03 00:00:00-05:00,21.15043579949956,21.15043579949956,20.714586232918208,20.752079010009766,5205402,0.0,0.0
2008-01-04 00:00:00-05:00,20.61617897122024,20.65835728437,19.913195544707392,19.96943473815918,9656824,0.0,0.0
2008-01-07 00:00:00-05:00,20.053784942527173,20.236560446334387,19.11178567391558,19.247695922851562,12621749,0.0,0.0
2008-01-08 00:00:00-05:00,19.308626017594065,19.44453630459375,18.540031006177784,18.736865997314453,16387455,0.0,0.0
2008-01-09 00:00:00-05:00,18.736862091671362,18.980563742590977,17.879222240024415,18.394742965698242,15559723,0.0,0.0
2008-01-10 00:00:00-05:00,18.689995586555685,19.186771329864452,18.30569818659129,18.952442169189453,10297352,0.0,0.0
2008-01-11 00:00:00-05:00,18.816531804473918,19.29924663296516,18.736859290554335,18.975873947143555,10475196,0.0,0.0
2008-01-14 00:00:00-05:00,19.16333860261466,19.48202436725769,18.98056309198255,19.402353286743164,6328304,0.0,0.0
2008-01-15 00:00:00-05:00,18.638446736251893,19.121163134389185,18.441611763760072,18.71343231201172,6099786,0.0,0.0
2008-01-16 00:00:00-05:00,18.59156875058946,18.947747106547503,18.15103240091988,18.41347885131836,7362929,0.0,0.0
2008-01-17 00:00:00-05:00,18.577518317876425,18.764980777152882,17.20435641677495,17.23247528076172,8346234,0.0,0.0
2008-01-18 00:00:00-05:00,17.757375469919346,17.85110600778038,16.96066012775931,17.4058837890625,6119797,0.0,0.0
2008-01-22 00:00:00-05:00,16.281107991711465,17.81829784406459,16.149883236255,17.565223693847656,8926244,0.0,0.0
2008-01-23 00:00:00-05:00,17.01689542977921,18.455669099720637,16.674776303806095,18.394742965698242,11657809,0.0,0.0
2008-01-24 00:00:00-05:00,18.502528564379887,18.54470829338679,18.029186286549812,18.21196174621582,7876772,0.0,0.0
2008-01-25 00:00:00-05:00,18.502532839970545,18.741547512682754,18.05262380124365,18.16041374206543,7505914,0.0,0.0
2008-01-28 00:00:00-05:00,18.151045768355097,18.38537354094973,17.574598813034807,18.315074920654297,6406736,0.0,0.0
2008-01-29 00:00:00-05:00,18.465039631759165,18.77435290017384,18.42286133656707,18.615009307861328,12206349,0.0,0.0
2008-01-30 00:00:00-05:00,18.572833162447186,18.718115897260436,18.160415423490875,18.29632568359375,9420237,0.0,0.0
2008-01-31 00:00:00-05:00,17.97764147593296,18.633759483139393,17.67301510373871,18.50722312927246,13547279,0.0,0.0
2008-02-01 00:00:00-05:00,18.652508054768003,18.652508054768003,17.776121623141243,18.371315002441406,12234107,0.0,0.0
2008-02-04 00:00:00-05:00,18.371313698773967,18.450984793472234,18.1088656183191,18.366626739501953,5815913,0.0,0.0
2008-02-05 00:00:00-05:00,17.926095541415492,18.17916978049716,17.663648823517004,17.97764778137207,7331459,0.0,0.0
2008-02-06 00:00:00-05:00,18.099488482359007,18.675935276504728,18.024502923653788,18.127607345581055,8442580,0.0,0.0
2008-02-07 00:00:00-05:00,17.99170213642473,18.25883573953233,17.691762702850767,17.935462951660156,7140382,0.0,0.0
2008-02-08 00:00:00-05:00,17.874532928184376,17.91671266484562,17.424623911778237,17.518354415893555,7476865,0.0,0.0
2008-02-11 00:00:00-05:00,17.429312257391732,17.57928195387958,17.12000038951649,17.5371036529541,9573066,0.0,0.0
2008-02-12 00:00:00-05:00,17.621457674949312,18.375992943893472,17.621457674949312,18.076053619384766,13403164,0.0,0.0
2008-02-13 00:00:00-05:00,18.41977577412278,18.829418182373047,18.32089687199654,18.829418182373047,9261275,0.111536,0.0
2008-02-14 00:00:00-05:00,19.159018019140188,19.159018019140188,18.54219987423816,18.631662368774414,14325306,0.0,0.0
2008-02-15 00:00:00-05:00,18.584578716050107,18.584578716050107,18.141976560116646,18.50924301147461,10305421,0.0,0.0
2008-02-19 00:00:00-05:00,18.678746425117478,18.998926366603627,18.53278108090047,18.617534637451172,5803003,0.0,0.0
2008-02-20 00:00:00-05:00,18.495113698102546,18.584574737550238,18.212600880714096,18.513946533203125,7565626,0.0,0.0
2008-02-21 00:00:00-05:00,18.546910059694046,18.82942146492646,18.330316484688826,18.429195404052734,4213382,0.0,0.0
2008-02-22 00:00:00-05:00,18.556332767432906,18.594001354056534,18.061936553708215,18.537498474121094,3714871,0.0,0.0
2008-02-25 00:00:00-05:00,18.513949216809227,19.046013843911762,18.240854226734367,19.017763137817383,7924057,0.0,0.0
2008-02-26 00:00:00-05:00,18.93300853965015,19.63928774835648,18.787043184293733,19.43682098388672,10643680,0.0,0.0
2008-02-27 00:00:00-05:00,19.281436287047402,20.383233888605936,19.248476653611757,19.997133255004883,10136292,0.0,0.0
2008-02-28 00:00:00-05:00,19.888844827454836,20.32202914534018,19.77583908851599,20.265527725219727,9407488,0.0,0.0
2008-02-29 00:00:00-05:00,19.789972726952474,20.096027505907507,19.38974646636156,19.70992660522461,10958054,0.0,0.0
2008-03-03 00:00:00-05:00,19.74287053020129,20.105427909249574,19.50273525505812,20.086593627929688,11034065,0.0,0.0
2008-03-04 00:00:00-05:00,20.011260613519095,20.10072165000159,19.361482894280893,19.813501358032227,9155085,0.0,0.0
2008-03-05 00:00:00-05:00,19.822917330843133,20.246685053046907,19.75699661907955,20.204307556152344,9279188,0.0,0.0
2008-03-06 00:00:00-05:00,20.143101899321014,20.256106168340313,19.90296655947489,20.081890106201172,7008694,0.0,0.0
2008-03-07 00:00:00-05:00,19.8841306441696,20.449153392328054,19.714623529852343,20.185476303100586,9420398,0.0,0.0
2008-03-10 00:00:00-04:00,20.199605503647774,20.22314727549801,19.366193734997694,19.408571243286133,7765740,0.0,0.0
2008-03-11 00:00:00-04:00,19.808799493056792,20.28436279296875,19.611041616353045,20.28436279296875,7986673,0.0,0.0
2008-03-12 00:00:00-04:00,20.41619910611344,20.95297125422085,20.40678123721395,20.585704803466797,6667046,0.0,0.0
2008-03-13 00:00:00-04:00,20.336155771167483,20.934139800035826,19.931222138038247,20.84938621520996,5896766,0.0,0.0
2008-03-14 00:00:00-04:00,20.95767987017206,21.061266281050205,19.94063700541497,20.317319869995117,8291041,0.0,0.0
2008-03-17 00:00:00-04:00,19.794672617780932,20.515077291428835,19.587496887035527,20.246692657470703,8373831,0.0,0.0
2008-03-18 00:00:00-04:00,20.56686947550853,21.00005518926913,20.260816289372244,20.948261260986328,6416257,0.0,0.0
2008-03-19 00:00:00-04:00,21.009473909677663,21.094227488028814,19.992432418812772,20.011266708374023,6728049,0.0,0.0
2008-03-20 00:00:00-04:00,20.011269840141924,20.336157400208858,19.752300129832104,20.25140380859375,6724337,0.0,0.0
2008-03-24 00:00:00-04:00,20.293778260002462,20.778756508375444,20.27023503558964,20.71283721923828,4077175,0.0,0.0
2008-03-25 00:00:00-04:00,20.684585197035894,21.30611091900128,20.580997335150187,21.221357345581055,5663084,0.0,0.0
2008-03-26 00:00:00-04:00,21.18839394407561,21.18839394407561,20.55274153152041,20.83054542541504,4530015,0.0,0.0
2008-03-27 00:00:00-04:00,20.924722746315158,20.924722746315158,20.22315226359561,20.482120513916016,6239866,0.0,0.0
2008-03-28 00:00:00-04:00,20.61866471563101,20.81642402226974,20.411490438667354,20.63279151916504,4809692,0.0,0.0
2008-03-31 00:00:00-04:00,20.66104650849816,21.09423089022652,20.595127209076416,20.990644454956055,6234702,0.0,0.0
2008-04-01 00:00:00-04:00,21.174271429340056,21.8852596282959,21.037723930908218,21.8852596282959,5352099,0.0,0.0
2008-04-02 00:00:00-04:00,21.899385021770236,22.026516101285438,21.442657531194882,21.59333038330078,6443692,0.0,0.0
2008-04-03 00:00:00-04:00,21.42382741589923,21.640419592399454,21.390867768374175,21.499164581298828,5583361,0.0,0.0
2008-04-04 00:00:00-04:00,21.56979401567581,22.007687328296768,21.37203467013632,21.932350158691406,6326044,0.0,0.0
2008-04-07 00:00:00-04:00,22.054771066411224,22.054771066411224,21.447370606454683,21.555665969848633,6696095,0.0,0.0
2008-04-08 00:00:00-04:00,21.447375644199973,21.447375644199973,20.981230085614854,21.136611938476562,5728767,0.0,0.0
2008-04-09 00:00:00-04:00,21.230774722140456,21.277861170101062,20.628083261473552,20.8070068359375,4521301,0.0,0.0
2008-04-10 00:00:00-04:00,20.694001203248327,21.0047647826982,20.453867291144878,20.915302276611328,4457716,0.0,0.0
2008-04-11 00:00:00-04:00,20.623370631682736,20.623370631682736,20.209020689051265,20.35969352722168,5153598,0.0,0.0
2008-04-14 00:00:00-04:00,20.435036770487745,20.548041070508223,20.209026721097683,20.322031021118164,3126469,0.0,0.0
2008-04-15 00:00:00-04:00,20.524499426637185,20.609253020526303,20.11485681461492,20.510374069213867,4853426,0.0,0.0
2008-04-16 00:00:00-04:00,20.72696199841057,21.54624705381329,20.72696199841057,21.489744186401367,4834222,0.0,0.0
2008-04-17 00:00:00-04:00,21.386156503933204,21.386156503933204,20.901178264879054,21.249608993530273,5344191,0.0,0.0
2008-04-18 00:00:00-04:00,21.612159729003906,21.96529928125234,21.485030127907798,21.612159729003906,4197405,0.0,0.0
2008-04-21 00:00:00-04:00,21.508566675416436,21.69690801411195,21.32964320079716,21.626279830932617,3430030,0.0,0.0
2008-04-22 00:00:00-04:00,21.659250952449558,21.659250952449558,20.938846290221502,21.127187728881836,3082734,0.0,0.0
2008-04-23 00:00:00-04:00,21.070674390117045,21.141302575680278,20.35968650098398,20.524484634399414,7243828,0.0,0.0
2008-04-24 00:00:00-04:00,20.62337202162498,20.71754345767123,19.99713740697531,20.194896697998047,7025477,0.0,0.0
2008-04-25 00:00:00-04:00,20.246694371109513,20.515079027783173,19.968890395065515,20.293779373168945,6048466,0.0,0.0
2008-04-28 00:00:00-04:00,20.293775040637357,20.802296432752318,20.293775040637357,20.628080368041992,6297480,0.0,0.0
2008-04-29 00:00:00-04:00,20.595124851673184,20.769340951260112,19.978306550045907,20.039518356323242,7056624,0.0,0.0
2008-04-30 00:00:00-04:00,20.364404025249858,21.419113973455858,20.039515104192034,20.896467208862305,13576651,0.0,0.0
2008-05-01 00:00:00-04:00,21.023598903256875,21.268441747768776,20.665750331109802,21.155437469482422,5159892,0.0,0.0
2008-05-02 00:00:00-04:00,21.40498634431007,21.593327748801,20.952967843141018,21.183685302734375,3486191,0.0,0.0
2008-05-05 00:00:00-04:00,20.557447202220327,20.938838879087932,20.36439834669952,20.74578857421875,4942510,0.0,0.0
2008-05-06 00:00:00-04:00,20.609250713628203,20.67517000712448,20.30319602276747,20.604541778564453,4888446,0.0,0.0
2008-05-07 00:00:00-04:00,20.585704884244173,20.759920966079754,20.190189173286246,20.237274169921875,6331370,0.0,0.0
2008-05-08 00:00:00-04:00,20.35027899262338,20.39265505289911,20.011264713022367,20.166645050048828,4863593,0.0,0.0
2008-05-09 00:00:00-04:00,20.020687103271484,20.147818220712562,19.822929197640065,20.020687103271484,4077175,0.0,0.0
2008-05-12 00:00:00-04:00,20.039513107852684,20.76933551164462,19.940634195935154,20.651620864868164,4447871,0.0,0.0
2008-05-13 00:00:00-04:00,20.82655752494887,21.05822722986751,20.651623525273425,21.0062198638916,4804043,0.111536,0.0
2008-05-14 00:00:00-04:00,20.973124399663426,21.31826260442562,20.90220513193979,21.0062198638916,4259215,0.0,0.0
2008-05-15 00:00:00-04:00,20.977848464022596,21.214246476434777,20.831283064328986,21.152782440185547,3553649,0.0,0.0
2008-05-16 00:00:00-04:00,21.54520185056837,21.710680610751687,21.327717184846637,21.677583694458008,5279638,0.0,0.0
2008-05-19 00:00:00-04:00,21.7485013395725,22.06054548154975,21.592479268583872,21.734317779541016,6018287,0.0,0.0
2008-05-20 00:00:00-04:00,21.687042099469885,21.687042099469885,20.987307569190897,21.133872985839844,5620156,0.0,0.0
2008-05-21 00:00:00-04:00,21.02985655877015,21.327717162531457,20.68944527179795,20.760364532470703,4493543,0.0,0.0
2008-05-22 00:00:00-04:00,20.80292440682377,20.897482486002502,20.36795491408671,20.45778465270996,4097187,0.0,0.0
2008-05-23 00:00:00-04:00,20.401040628363532,20.401040628363532,19.909334194815244,20.221378326416016,4433992,0.0,0.0
2008-05-27 00:00:00-04:00,20.268659702598857,20.453050364302523,20.008624351318677,20.386857986450195,4434638,0.0,0.0
2008-05-28 00:00:00-04:00,20.56652429631606,20.802922381895844,20.38213649646213,20.765098571777344,4355399,0.0,0.0
2008-05-29 00:00:00-04:00,20.755635857081398,20.859650577005134,20.36321867098899,20.713085174560547,4412044,0.0,0.0
2008-05-30 00:00:00-04:00,20.774549816234476,20.996762838952474,20.632712738448646,20.821828842163086,4432540,0.0,0.0
2008-06-02 00:00:00-04:00,20.779276684873146,20.79818858497047,20.33485067088921,20.519241333007812,4639755,0.0,0.0
2008-06-03 00:00:00-04:00,20.637439914484645,20.897476743755476,20.39158810298247,20.575977325439453,6114310,0.0,0.0
2008-06-04 00:00:00-04:00,20.47668998062282,20.71781489697554,20.325396229353164,20.4246826171875,3615943,0.0,0.0
2008-06-05 00:00:00-04:00,20.61380209568726,20.81237488990507,20.315942904360547,20.722543716430664,5160376,0.0,0.0
2008-06-06 00:00:00-04:00,20.911655162385934,21.020398206602035,20.070083747858103,20.188282012939453,7740403,0.0,0.0
2008-06-09 00:00:00-04:00,20.00861666502083,20.12681490346639,18.557139444480747,18.71316146850586,27014835,0.0,0.0
2008-06-10 00:00:00-04:00,18.675347086608006,19.19542076190009,18.670620202520958,18.897560119628906,11133638,0.0,0.0
2008-06-11 00:00:00-04:00,18.907012324218126,18.921195883765737,17.999248504638672,17.999248504638672,14288994,0.0,0.0
2008-06-12 00:00:00-04:00,18.273469924926758,18.741536149706945,18.15999998648968,18.273469924926758,8005878,0.0,0.0
2008-06-13 00:00:00-04:00,18.429490902399493,19.025210590531856,18.29710907288588,18.798269271850586,7497845,0.0,0.0
2008-06-16 00:00:00-04:00,19.086673039476732,19.086673039476732,18.594968065053454,18.680070877075195,5241229,0.0,0.0
2008-06-17 00:00:00-04:00,18.675347219713906,18.779361955513675,18.382216370083437,18.41058349609375,8330419,0.0,0.0
2008-06-18 00:00:00-04:00,18.386942892254307,18.386942892254307,18.065443467620828,18.230920791625977,8560712,0.0,0.0
2008-06-19 00:00:00-04:00,18.18836979889796,18.7509941464162,18.117450531134256,18.61861228942871,11671043,0.0,0.0
2008-06-20 00:00:00-04:00,18.514598231893515,18.59497272580371,18.301840420851775,18.41058349609375,9448479,0.0,0.0
2008-06-23 00:00:00-04:00,18.538230625318963,18.65643033868269,18.33020268078196,18.623334884643555,6514217,0.0,0.0
2008-06-24 00:00:00-04:00,18.684806033419296,18.684806033419296,18.27820372264855,18.349123001098633,6825847,0.0,0.0
2008-06-25 00:00:00-04:00,18.3869472179979,18.49569031668233,18.060719377266388,18.093814849853516,8933345,0.0,0.0
2008-06-26 00:00:00-04:00,18.027613148437865,18.405848142605535,17.469717332467052,17.526453018188477,9292260,0.0,0.0
2008-06-27 00:00:00-04:00,17.554822819931786,17.78176414222706,17.27587414159637,17.431896209716797,8654314,0.0,0.0
2008-06-30 00:00:00-04:00,17.43662985813835,17.829048589465934,17.31370321048794,17.696666717529297,6048627,0.0,0.0
2008-07-01 00:00:00-04:00,17.49336715286568,17.512277603149414,17.058397689905572,17.512277603149414,9772858,0.0,0.0
2008-07-02 00:00:00-04:00,17.46972332554787,17.559554494926953,16.81726926486779,16.84090805053711,10073353,0.0,0.0
2008-07-03 00:00:00-04:00,16.94964727657638,17.569005732559337,16.94964727657638,17.327880859375,4342973,0.0,0.0
2008-07-07 00:00:00-04:00,17.56428046247255,17.743942791857048,17.195502036314757,17.422443389892578,7687954,0.0,0.0
2008-07-08 00:00:00-04:00,17.29006103544937,17.602105231862435,16.812540972921134,17.271150588989258,12485864,0.0,0.0
2008-07-09 00:00:00-04:00,17.323156107778686,18.05598603855046,16.78417205810547,16.78417205810547,7818513,0.0,0.0
2008-07-10 00:00:00-04:00,16.817272453409256,16.940197654967626,16.44376414261017,16.74162483215332,6499531,0.0,0.0
2008-07-11 00:00:00-04:00,16.580869201387163,16.760531518262592,16.1506282192659,16.420120239257812,5024169,0.0,0.0
2008-07-14 00:00:00-04:00,16.59032547639916,16.656516395120196,16.226273968112263,16.552501678466797,4906037,0.0,0.0
2008-07-15 00:00:00-04:00,16.453213700533453,16.547771730848677,15.866949255551685,16.292463302612305,8230039,0.0,0.0
2008-07-16 00:00:00-04:00,16.193180656451624,16.63760670279807,16.02770333770179,16.60923957824707,8146765,0.0,0.0
2008-07-17 00:00:00-04:00,16.547780846596314,17.465000358275102,16.547780846596314,17.40353775024414,6880233,0.0,0.0
2008-07-18 00:00:00-04:00,17.493363942406802,17.639929364798533,16.97329027200754,17.020570755004883,5015616,0.0,0.0
2008-07-21 00:00:00-04:00,17.020570523659483,17.105673354447962,16.855091746060864,17.091489791870117,3962271,0.0,0.0
2008-07-22 00:00:00-04:00,17.044207514850882,17.115126775594096,16.736891688511143,17.067846298217773,7647447,0.0,0.0
2008-07-23 00:00:00-04:00,17.05839153086154,17.55482341630808,16.878729220138922,17.545368194580078,5966483,0.0,0.0
2008-07-24 00:00:00-04:00,17.587926548605402,17.762860597123723,16.93547230508502,17.124589920043945,6282632,0.0,0.0
2008-07-25 00:00:00-04:00,17.465002192644103,17.49809767049404,17.02530429816808,17.16241455078125,3371448,0.0,0.0
2008-07-28 00:00:00-04:00,17.134036767544416,17.35152140903698,16.897640228271484,16.897640228271484,3475863,0.0,0.0
2008-07-29 00:00:00-04:00,16.90237340304859,17.48863658071086,16.878733160228354,17.464996337890625,3770709,0.0,0.0
2008-07-30 00:00:00-04:00,17.55955341621359,17.781766428718456,17.23805401722553,17.479177474975586,4734649,0.0,0.0
2008-07-31 00:00:00-04:00,17.332613501923,17.743944098878387,16.940194807102262,17.020570755004883,7042745,0.0,0.0
2008-08-01 00:00:00-04:00,17.99924427936519,18.212001988598423,17.422436624358877,17.45553207397461,14926134,0.0,0.0
2008-08-04 00:00:00-04:00,17.398800481777513,17.64938058136125,17.096213026960804,17.200227737426758,3845914,0.0,0.0
2008-08-05 00:00:00-04:00,17.32788222948452,17.516999763497825,17.28060320981149,17.34679412841797,5209275,0.0,0.0
2008-08-06 00:00:00-04:00,17.29478373523519,18.235642901632968,17.29478373523519,18.070165634155273,6512119,0.0,0.0
2008-08-07 00:00:00-04:00,17.84322519234389,17.890504205973127,17.54063775873158,17.611557006835938,5274474,0.0,0.0
2008-08-08 00:00:00-04:00,17.592649987132845,18.769906048174615,17.49809047834077,18.61861228942871,8888158,0.0,0.0
2008-08-11 00:00:00-04:00,18.58551760616277,19.072494367110576,18.358576230846918,18.96375274658203,6725790,0.0,0.0
2008-08-12 00:00:00-04:00,18.883379401283243,19.01576273741323,18.665894674909342,18.755725860595703,4113002,0.0,0.0
2008-08-13 00:00:00-04:00,18.717724259002203,18.717724259002203,18.219028093160933,18.55149269104004,5197494,0.111536,0.0
2008-08-14 00:00:00-04:00,18.437513651155687,18.755730203015784,18.195289548084727,18.712984085083008,5251235,0.0,0.0
2008-08-15 00:00:00-04:00,18.850708104161953,19.5393837798863,18.850708104161953,19.078683853149414,6474678,0.0,0.0
2008-08-18 00:00:00-04:00,19.183175469468278,19.363655261469226,18.390010854253987,18.641733169555664,6052016,0.0,0.0
2008-08-19 00:00:00-04:00,18.485001482675763,18.594238752026243,17.95780739189409,18.04804801940918,5545436,0.0,0.0
2008-08-20 00:00:00-04:00,18.1430397496612,18.276026495787843,17.72508579055706,18.119293212890625,4240979,0.0,0.0
2008-08-21 00:00:00-04:00,17.934065145430672,18.242781847394657,17.834324711201884,18.171539306640625,5068065,0.0,0.0
2008-08-22 00:00:00-04:00,18.28551917926476,18.295018960607557,17.92455818928628,18.0290470123291,4207572,0.0,0.0
2008-08-25 00:00:00-04:00,18.02430103547694,18.033800818882533,17.326126895319913,17.4591121673584,4555514,0.0,0.0
2008-08-26 00:00:00-04:00,17.478112561046366,17.53985677540345,17.1219013377438,17.254886627197266,3886421,0.0,0.0
2008-08-27 00:00:00-04:00,17.31187471539662,17.525600787635476,17.264380195116278,17.487606048583984,3359022,0.0,0.0
2008-08-28 00:00:00-04:00,17.563602161818444,17.92931314579819,17.558852269804987,17.80582618713379,4416240,0.0,0.0
2008-08-29 00:00:00-04:00,17.834324891607594,17.910317325702007,17.539857864379883,17.539857864379883,3136959,0.0,0.0
2008-09-02 00:00:00-04:00,17.725086932416716,17.919814979082354,17.121901760696016,17.340377807617188,6772752,0.0,0.0
2008-09-03 00:00:00-04:00,17.34037335806386,17.530352925493645,17.20263967018096,17.36886978149414,6455473,0.0,0.0
2008-09-04 00:00:00-04:00,17.21688883817294,17.245386727560774,16.504466456712695,16.737192153930664,9876789,0.0,0.0
2008-09-05 00:00:00-04:00,16.637445463209787,16.931912308366517,16.44271606771189,16.851171493530273,4752885,0.0,0.0
2008-09-08 00:00:00-04:00,17.516100719207333,17.539848707953354,16.922415620101734,17.055400848388672,5370658,0.0,0.0
2008-09-09 00:00:00-04:00,17.14090171014832,17.221644042519074,16.18150520324707,16.18150520324707,7932933,0.0,0.0
2008-09-10 00:00:00-04:00,16.352478499674096,16.81792830195872,16.26698777933425,16.627948760986328,6867000,0.0,0.0
2008-09-11 00:00:00-04:00,16.5139587757491,16.87016980546245,16.105501882767072,16.798927307128906,5172157,0.0,0.0
2008-09-12 00:00:00-04:00,16.637449898965187,17.07440185546875,16.49021497517777,17.07440185546875,6113503,0.0,0.0
2008-09-15 00:00:00-04:00,16.570960598001278,16.803686316322636,16.15775505298136,16.233747482299805,6307970,0.0,0.0
2008-09-16 00:00:00-04:00,15.906033586812452,16.494970561396737,15.716053964751561,16.214750289916992,8089474,0.0,0.0
2008-09-17 00:00:00-04:00,15.877533061216326,16.105507379342747,15.345590548996565,15.36933708190918,9359880,0.0,0.0
2008-09-18 00:00:00-04:00,15.773042722056438,16.466466855137313,14.85164136863239,16.40472412109375,9134105,0.0,0.0
2008-09-19 00:00:00-04:00,17.606338132076605,18.0812861253072,15.459570922025705,17.302370071411133,10735022,0.0,0.0
2008-09-22 00:00:00-04:00,17.074399756343944,17.169390253876212,16.148250080665786,16.190996170043945,4201440,0.0,0.0
2008-09-23 00:00:00-04:00,16.19575416710771,16.437978251480796,15.378842715461571,15.488080024719238,5838507,0.0,0.0
2008-09-24 00:00:00-04:00,15.583070340591226,15.6353147788148,15.065375851454558,15.497579574584961,5632905,0.0,0.0
2008-09-25 00:00:00-04:00,15.668554911866256,15.749295752851694,15.331341874261053,15.43108081817627,4944608,0.0,0.0
2008-09-26 00:00:00-04:00,15.141359745557716,15.302841400211845,14.827893293175595,15.207852363586426,4423987,0.0,0.0
2008-09-29 00:00:00-04:00,14.970384059455343,15.027376918536914,13.859002839992788,14.181967735290527,8884607,0.0,0.0
2008-09-30 00:00:00-04:00,14.253207124476345,14.889638452040975,14.181964604397159,14.804147720336914,7899849,0.0,0.0
2008-10-01 00:00:00-04:00,14.476436257894406,14.533430579154924,13.892249216328324,13.991988182067871,8583144,0.0,0.0
2008-10-02 00:00:00-04:00,13.91124551633777,13.91124551633777,13.008843587688645,13.08483600616455,8959973,0.0,0.0
2008-10-03 00:00:00-04:00,13.34605855627654,13.849503228398872,12.93285305661925,13.004094123840332,9060999,0.0,0.0
2008-10-06 00:00:00-04:00,12.657379172659345,12.747618319809023,11.41776302144487,12.339162826538086,10110794,0.0,0.0
2008-10-07 00:00:00-04:00,12.614636302623124,12.82361399307356,11.379770457617079,11.403517723083496,7173788,0.0,0.0
2008-10-08 00:00:00-04:00,11.170791917211663,11.802473370224869,10.77658456274885,11.484257698059082,12269450,0.0,0.0
2008-10-09 00:00:00-04:00,11.759725594829659,11.759725594829659,9.935923400287308,9.954920768737793,9688939,0.0,0.0
2008-10-10 00:00:00-04:00,9.617711944013335,10.311137024570233,8.482584881510451,9.579715728759766,20529829,0.0,0.0
2008-10-13 00:00:00-04:00,10.021419780533327,11.123300667388133,10.021419780533327,11.066307067871094,8730325,0.0,0.0
2008-10-14 00:00:00-04:00,11.037806773895499,12.989845593025619,10.368129062739001,10.54386043548584,16568527,0.0,0.0
2008-10-15 00:00:00-04:00,10.235138860096331,10.520108101566759,9.195001530766689,9.251995086669922,9912616,0.0,0.0
2008-10-16 00:00:00-04:00,9.28999706222868,9.688953663911116,8.525330181422547,9.27099895477295,13942344,0.0,0.0
2008-10-17 00:00:00-04:00,9.370736118765256,10.230393371382796,8.805547282099374,9.769693374633789,12945644,0.0,0.0
2008-10-20 00:00:00-04:00,9.912173628447377,10.083155030602681,9.441974772520295,9.745942115783691,6346540,0.0,0.0
2008-10-21 00:00:00-04:00,9.579711959966962,9.902676738653065,9.394482310921731,9.598710060119629,6112858,0.0,0.0
2008-10-22 00:00:00-04:00,9.375486496856874,9.437229971919713,8.644065310450333,8.919535636901855,9070036,0.0,0.0
2008-10-23 00:00:00-04:00,9.152261614377597,9.261499632615589,8.240360523685892,8.615569114685059,13271637,0.0,0.0
2008-10-24 00:00:00-04:00,7.836654658657182,8.373346469648219,7.556435118155061,8.107375144958496,7894524,0.0,0.0
2008-10-27 00:00:00-04:00,7.931640843473688,8.173864787409457,7.594427131935213,7.603926181793213,8145797,0.0,0.0
2008-10-28 00:00:00-04:00,7.846151022363543,8.525327682495117,7.3807011810177965,8.525327682495117,10268303,0.0,0.0
2008-10-29 00:00:00-04:00,8.473084991117378,8.52532941644395,8.064628641380317,8.083626747131348,9122808,0.0,0.0
2008-10-30 00:00:00-04:00,8.416088127393323,8.781798263048232,8.34009645835966,8.648812294006348,11410571,0.0,0.0
2008-10-31 00:00:00-04:00,8.639313296878537,9.071516785188171,8.525326889096382,8.762800216674805,8831351,0.0,0.0
2008-11-03 00:00:00-05:00,8.748553527296853,8.929034047834673,8.406591320618928,8.463584899902344,5417298,0.0,0.0
2008-11-04 00:00:00-05:00,8.67731203329038,8.92903510599674,8.344848838923049,8.89103889465332,7810766,0.0,0.0
2008-11-05 00:00:00-05:00,8.753301935777655,9.128511887677675,8.392341656684984,8.506329536437988,5144722,0.0,0.0
2008-11-06 00:00:00-05:00,8.430338644429925,8.530077591630405,7.641923925671547,7.694167613983154,8320897,0.0,0.0
2008-11-07 00:00:00-05:00,7.8414003912122405,8.154866849826629,7.694166211951904,8.074125289916992,5245425,0.0,0.0
2008-11-10 00:00:00-05:00,8.596565637371832,8.667808128270893,7.917389953115323,8.031377792358398,5508963,0.0,0.0
2008-11-11 00:00:00-05:00,7.874652609895419,7.917398001693054,7.390205079848167,7.6086812019348145,7286756,0.0,0.0
2008-11-12 00:00:00-05:00,7.565444437640182,7.608675540263453,7.085099181507776,7.133133411407471,8199537,0.111536,0.0
2008-11-13 00:00:00-05:00,7.176363549023175,7.820026874542235,6.811300789453671,7.820026874542236,8769703,0.0,0.0
2008-11-14 00:00:00-05:00,7.637497178079886,7.80081460877047,7.075492795683134,7.258024215698242,7449753,0.0,0.0
2008-11-17 00:00:00-05:00,7.205184681434477,7.642299524838321,7.080294514952297,7.229201793670654,8731294,0.0,0.0
2008-11-18 00:00:00-05:00,7.2868452509184936,7.450163438610671,6.902569119159279,7.20999002456665,7755089,0.0,0.0
2008-11-19 00:00:00-05:00,7.166758202156065,7.325272506619646,6.585539825073539,6.614360809326172,5942922,0.0,0.0
2008-11-20 00:00:00-05:00,6.633576043948709,6.643182301218743,5.74973938416939,5.802577495574951,14663564,0.0,0.0
2008-11-21 00:00:00-05:00,6.134016089966531,6.191657331608461,5.644063318157843,6.167640209197998,11796114,0.0,0.0
2008-11-24 00:00:00-05:00,6.436633656721841,6.912176654437133,6.316547309967741,6.777679443359375,9367626,0.0,0.0
2008-11-25 00:00:00-05:00,6.84492832750426,7.065887788313631,6.340565031944128,6.657593727111816,7272393,0.0,0.0
2008-11-26 00:00:00-05:00,6.503881531827973,7.152348138188086,6.378991338328717,7.109117031097412,6559565,0.0,0.0
2008-11-28 00:00:00-05:00,7.157152761902121,7.704747145933239,7.08029752648647,7.531822681427002,3453269,0.0,0.0
2008-12-01 00:00:00-05:00,7.301254474491731,7.339681709396135,6.974618911743164,6.974618911743164,10380787,0.0,0.0
2008-12-02 00:00:00-05:00,7.128330984346617,7.2436134431436185,6.8305163640058275,7.185972213745117,9991855,0.0,0.0
2008-12-03 00:00:00-05:00,7.008242110093721,7.330073764664457,6.844924719554186,7.296449661254883,8995316,0.0,0.0
2008-12-04 00:00:00-05:00,7.1811704575116915,7.503002256627424,6.844927793831083,7.013049125671387,5473298,0.0,0.0
2008-12-05 00:00:00-05:00,6.8785496130952435,7.459768647973645,6.844925505823306,7.416536808013916,5735383,0.0,0.0
2008-12-08 00:00:00-05:00,7.661512606477743,8.113037559667195,7.661512606477743,7.820026874542236,9940212,0.0,0.0
2008-12-09 00:00:00-05:00,7.709550753316142,8.137058771350008,7.536626294656883,7.752781867980957,7178630,0.0,0.0
2008-12-10 00:00:00-05:00,7.839242757372408,8.180288487782724,7.786404655226417,8.007363319396973,6133676,0.0,0.0
2008-12-11 00:00:00-05:00,7.944920988935237,7.949724117954126,7.229205233083623,7.354095458984375,7548842,0.0,0.0
2008-12-12 00:00:00-05:00,7.176366097595854,7.575053103017846,6.931389548911875,7.507804870605469,8190338,0.0,0.0
2008-12-15 00:00:00-05:00,7.613478455188947,7.64229943309665,7.137936385772599,7.272432804107666,5338059,0.0,0.0
2008-12-16 00:00:00-05:00,7.373306399846471,7.666317877977556,7.147543881859185,7.632693767547607,7879354,0.0,0.0
2008-12-17 00:00:00-05:00,7.483788792397974,7.973741218702833,7.4213436796270456,7.853654861450195,5650173,0.0,0.0
2008-12-18 00:00:00-05:00,7.637496583551921,7.858455965015866,7.325271868826781,7.488589286804199,10014771,0.0,0.0
2008-12-19 00:00:00-05:00,7.603874841611047,7.940116776153808,7.589464715895419,7.844047546386719,9400064,0.0,0.0
2008-12-22 00:00:00-05:00,7.930509779067081,7.930509779067081,7.546233599291626,7.704747200012207,7864184,0.0,0.0
2008-12-23 00:00:00-05:00,7.66151539710247,7.8632608354605456,7.575053171989585,7.680729389190674,6810354,0.0,0.0
2008-12-24 00:00:00-05:00,7.7431729355671575,7.877669374549898,7.661513855267717,7.829635143280029,1409840,0.0,0.0
2008-12-26 00:00:00-05:00,7.844047235488263,8.026578690882696,7.834440238963917,8.002561569213867,2470287,0.0,0.0
2008-12-29 00:00:00-05:00,7.9737400292083915,7.9737400292083915,7.627891135342391,7.800815582275391,4972204,0.0,0.0
2008-12-30 00:00:00-05:00,7.752782885504985,8.209111213684082,7.752782885504985,8.209111213684082,4899905,0.0,0.0
2008-12-31 00:00:00-05:00,8.218717365333854,8.58378028600727,8.170683120695607,8.334000587463379,5377598,0.0,0.0
2009-01-02 00:00:00-05:00,8.511724694914852,9.083335964216314,8.348407295012118,9.040104866027832,5440860,0.0,0.0
2009-01-05 00:00:00-05:00,9.00648150775725,9.222637016629257,8.838360227841754,9.068925857543945,5166832,0.0,0.0
2009-01-06 00:00:00-05:00,9.140977316280296,9.280277605742643,8.862376737355602,9.107353210449219,9734126,0.0,0.0
2009-01-07 00:00:00-05:00,9.136178428936034,9.506044503992623,9.07853644423444,9.32351303100586,9759463,0.0,0.0
2009-01-08 00:00:00-05:00,9.184213577790757,9.698183925732991,9.131375456273428,9.573293685913086,7512531,0.0,0.0
2009-01-09 00:00:00-05:00,9.611715847664247,9.702981168093471,9.246653087379812,9.6165189743042,7989417,0.0,0.0
2009-01-12 00:00:00-05:00,9.37635140087127,9.549275881083545,8.790328976264213,8.847970962524414,11137995,0.0,0.0
2009-01-13 00:00:00-05:00,8.780718262470904,8.982463650432717,8.617401588369992,8.74709415435791,8115134,0.0,0.0
2009-01-14 00:00:00-05:00,8.627008358638856,8.718274426254311,8.3147836607781,8.406049728393555,7301603,0.0,0.0
2009-01-15 00:00:00-05:00,8.377230983834583,8.713472145990888,8.108237314825509,8.607796669006348,10744705,0.0,0.0
2009-01-16 00:00:00-05:00,8.78552166686884,8.819145773213407,8.314783438761108,8.646222114562988,6985454,0.0,0.0
2009-01-20 00:00:00-05:00,8.646224840300178,8.646224840300178,8.237930829954788,8.271554946899414,7769936,0.0,0.0
2009-01-21 00:00:00-05:00,8.43007199400001,8.43007199400001,8.050598849752037,8.189898490905762,12391617,0.0,0.0
2009-01-22 00:00:00-05:00,8.060202165864494,8.213913358703671,7.7431742629964715,7.983346939086914,9403776,0.0,0.0
2009-01-23 00:00:00-05:00,7.7383713206583105,8.151469230492406,7.714354198034635,8.012168884277344,9767533,0.0,0.0
2009-01-26 00:00:00-05:00,8.012169310221305,8.252342027794361,7.820030840449203,7.978545188903809,6633156,0.0,0.0
2009-01-27 00:00:00-05:00,8.031379730277102,8.261945347808064,7.944917531292515,8.113038063049316,8312021,0.0,0.0
2009-01-28 00:00:00-05:00,8.285967558950428,8.76631307582624,8.247540302028181,8.54055118560791,11588737,0.0,0.0
2009-01-29 00:00:00-05:00,8.362821903814185,8.44448027073921,7.949723983115151,8.036186218261719,7740403,0.0,0.0
2009-01-30 00:00:00-05:00,8.113038979391892,8.156270083767005,7.743173028467906,7.786404132843018,8094477,0.0,0.0
2009-02-02 00:00:00-05:00,7.723958518971041,7.805617594741627,7.541427119557828,7.647103309631348,6930907,0.0,0.0
2009-02-03 00:00:00-05:00,7.738372223250706,7.796014211411728,7.579858604018367,7.728765964508057,6966089,0.0,0.0
2009-02-04 00:00:00-05:00,7.848851308135424,8.093827877686461,7.743175082895047,7.776799201965332,9936178,0.0,0.0
2009-02-05 00:00:00-05:00,7.7095515442619424,7.853655028167306,7.349291725572314,7.7335686683654785,10082068,0.0,0.0
2009-02-06 00:00:00-05:00,7.7335637289248655,8.021771251941093,7.699939628798857,7.896881103515625,11508046,0.0,0.0
2009-02-09 00:00:00-05:00,7.90649296597904,8.194700666556782,7.863261847856585,8.161076545715332,7424577,0.0,0.0
2009-02-10 00:00:00-05:00,8.060200619367096,8.204304788799544,7.3685029717997415,7.488589286804199,10014771,0.0,0.0
2009-02-11 00:00:00-05:00,8.343874220277906,8.713201280210377,8.071738531270785,8.52853775024414,15974476,0.111536,0.0
2009-02-12 00:00:00-05:00,8.460502991045598,8.470221453834553,7.901652488879483,8.256401062011719,8613161,0.0,0.0
2009-02-13 00:00:00-05:00,8.164072570455907,8.708344125014275,8.164072570455907,8.450787544250488,8795847,0.0,0.0
2009-02-17 00:00:00-05:00,8.086316656230233,8.217524889616977,7.891933922045579,7.921091556549072,10361583,0.0,0.0
2009-02-18 00:00:00-05:00,8.008565003899909,8.25154308686277,7.882215981924337,8.062020301818848,10635449,0.0,0.0
2009-02-19 00:00:00-05:00,8.168929552675133,8.300137785622498,7.736428007958565,7.799602508544922,8158062,0.0,0.0
2009-02-20 00:00:00-05:00,7.629520140965278,7.857919821844092,7.459435001701632,7.692694664001465,12154061,0.0,0.0
2009-02-23 00:00:00-05:00,7.780163822525141,7.823899898695348,7.128981911582371,7.148420333862305,7995227,0.0,0.0
2009-02-24 00:00:00-05:00,7.21159462303303,7.600359317753375,7.114403262373128,7.551764011383057,8234235,0.0,0.0
2009-02-25 00:00:00-05:00,7.405979643027945,7.5469071223300475,7.158141559025006,7.226175308227539,8562649,0.0,0.0
2009-02-26 00:00:00-05:00,7.347661571717599,7.503167438865269,7.094964350622831,7.114402770996094,6584580,0.0,0.0
2009-02-27 00:00:00-05:00,6.929740264888647,7.177578290313693,6.881144207001715,6.890863418579102,9394093,0.0,0.0
2009-03-02 00:00:00-05:00,6.774234810962103,6.803392450787815,6.297997847992183,6.3125762939453125,8901875,0.0,0.0
2009-03-03 00:00:00-05:00,6.434064172069081,6.560413173831605,5.957826921439923,6.152209281921387,14370331,0.0,0.0
2009-03-04 00:00:00-05:00,6.390328995976789,6.574992544962423,6.268839956787187,6.468081951141357,10246517,0.0,0.0
2009-03-05 00:00:00-05:00,6.234823265819914,6.463222905430813,5.846058104802929,5.9092326164245605,10313491,0.0,0.0
2009-03-06 00:00:00-05:00,5.967546212187989,6.142490151964295,5.56906152650088,5.753725051879883,11209004,0.0,0.0
2009-03-09 00:00:00-04:00,5.661394246119569,6.11819350078345,5.617658163181951,5.918951511383057,12604804,0.0,0.0
2009-03-10 00:00:00-04:00,6.069598240352552,6.516677912454466,6.025862157019561,6.511817932128906,9188814,0.0,0.0
2009-03-11 00:00:00-04:00,6.662464262681511,6.886004648099541,6.51181759501796,6.798532485961914,11127021,0.0,0.0
2009-03-12 00:00:00-04:00,6.798530568525616,6.798530568525616,6.5166757371490815,6.769372940063477,9360041,0.0,0.0
2009-03-13 00:00:00-04:00,6.827688404900782,6.8908629014531915,6.604148799154428,6.740216255187988,5894830,0.0,0.0
2009-03-16 00:00:00-04:00,6.8568450775307355,6.9443172149979935,6.730496102113958,6.769372940063477,7735885,0.0,0.0
2009-03-17 00:00:00-04:00,6.793672620231641,6.8519878945844725,6.4292055211636745,6.847127914428711,11768034,0.0,0.0
2009-03-18 00:00:00-04:00,6.881143065831185,7.187295562028818,6.599288220587828,7.1046833992004395,8990797,0.0,0.0
2009-03-19 00:00:00-04:00,7.216455244159303,7.289348965671031,6.997774827543531,7.182438373565674,7236082,0.0,0.0
2009-03-20 00:00:00-04:00,7.235894655140726,7.274770763434304,6.740218478021385,6.75965690612793,11649095,0.0,0.0
2009-03-23 00:00:00-04:00,6.954036775405822,7.420555114746095,6.954036775405822,7.420555114746094,8468562,0.0,0.0
2009-03-24 00:00:00-04:00,7.323364932485485,7.4254155316722725,7.0998245631324455,7.265050411224365,6682216,0.0,0.0
2009-03-25 00:00:00-04:00,7.357382441791013,7.6586757817932245,6.95889772591452,7.245612621307373,9047604,0.0,0.0
2009-03-26 00:00:00-04:00,7.323367195614625,7.634379816930765,7.279631104173258,7.5809245109558105,7063402,0.0,0.0
2009-03-27 00:00:00-04:00,7.435134743202346,7.459432398067869,7.211595121768624,7.265050411224365,4637496,0.0,0.0
2009-03-30 00:00:00-04:00,7.080385467097713,7.1872952766351865,6.681900866010009,6.793670654296875,5420364,0.0,0.0
2009-03-31 00:00:00-04:00,6.51667736041815,6.900582865162217,6.438924413070433,6.706200122833252,26028948,0.0,0.0
2009-04-01 00:00:00-04:00,6.647887102087854,7.163000962159936,6.633307906969912,7.056090354919434,27483491,0.0,0.0
2009-04-02 00:00:00-04:00,7.260190775261333,8.04744096311808,7.124123303236311,7.775305271148682,21417273,0.0,0.0
2009-04-03 00:00:00-04:00,7.819039381661761,8.066876607269823,7.5857798484881975,8.0377197265625,15312000,0.0,0.0
2009-04-06 00:00:00-04:00,7.993985268848146,8.018282923641399,7.682972744568837,7.921091556549072,11894881,0.0,0.0
2009-04-07 00:00:00-04:00,7.775306491079172,7.775306491079172,7.410838601977617,7.439996242523193,10967414,0.0,0.0
2009-04-08 00:00:00-04:00,7.517747397184131,7.522606628814947,7.342803091766076,7.488589763641357,6300062,0.0,0.0
2009-04-09 00:00:00-04:00,7.653817602430769,8.115476933432463,7.653817602430769,8.076600074768066,9867751,0.0,0.0
2009-04-13 00:00:00-04:00,8.00370482176679,8.10575542500326,7.755866787713258,8.032861709594727,6389629,0.0,0.0
2009-04-14 00:00:00-04:00,8.003705701748792,8.057160251283614,7.668395471506466,7.736429214477539,7564496,0.0,0.0
2009-04-15 00:00:00-04:00,7.70241577365087,7.877360189450752,7.6926965563375695,7.867640972137451,5878530,0.0,0.0
2009-04-16 00:00:00-04:00,7.848198963784863,8.397330378377251,7.7607267957159145,8.232105255126953,11568080,0.0,0.0
2009-04-17 00:00:00-04:00,8.348734905545898,8.567415341214364,8.16407134343481,8.431347846984863,8737426,0.0,0.0
2009-04-20 00:00:00-04:00,8.241821233926334,8.304995724679237,7.751005244715563,7.804460525512695,9313886,0.0,0.0
2009-04-21 00:00:00-04:00,7.600361447264162,8.20294820177546,7.600361447264162,8.130054473876953,8812631,0.0,0.0
2009-04-22 00:00:00-04:00,8.790953975823031,9.69483242810241,8.645167297566205,9.403258323669434,29691692,0.0,0.0
2009-04-23 00:00:00-04:00,9.417837015515728,9.772584854695236,9.199156635769652,9.748287200927734,13265828,0.0,0.0
2009-04-24 00:00:00-04:00,9.738567311626872,10.744497736323435,9.738567311626872,10.623008728027344,17978851,0.0,0.0
2009-04-27 00:00:00-04:00,10.34601396269275,10.783374728151896,10.219664964707087,10.32171630859375,10100143,0.0,0.0
2009-04-28 00:00:00-04:00,10.23910384692104,10.326576003940637,9.903793662372811,9.981547355651855,12914820,0.0,0.0
2009-04-29 00:00:00-04:00,10.117615452291485,10.822252732061024,10.117615452291485,10.671606063842773,13566161,0.0,0.0
2009-04-30 00:00:00-04:00,10.890285963878833,11.245034577323008,10.448065192040113,10.57927417755127,11331332,0.0,0.0
2009-05-01 00:00:00-04:00,10.559837189210157,10.851411339462265,10.404330526990702,10.642449378967285,10278471,0.0,0.0
2009-05-04 00:00:00-04:00,10.593854131537803,11.298491479011089,10.443207448844952,11.269333839416504,11276300,0.0,0.0
2009-05-05 00:00:00-04:00,11.249894778732656,11.347086157315351,10.968039855634784,11.288771629333496,8303952,0.0,0.0
2009-05-06 00:00:00-04:00,11.458855046813035,11.502591123359355,10.783374728251843,11.444275856018066,12378061,0.0,0.0
2009-05-07 00:00:00-04:00,11.604641718169047,11.6726754488078,10.389750038297636,10.540396690368652,11276623,0.0,0.0
2009-05-08 00:00:00-04:00,10.807676237305692,11.361666948795714,10.807676237305692,11.298492431640625,9463810,0.0,0.0
2009-05-11 00:00:00-04:00,11.084668163017943,11.25961247126433,10.749357989572601,10.865987777709961,8853460,0.0,0.0
2009-05-12 00:00:00-04:00,11.003158490529641,11.003158490529641,10.07724728889744,10.469167709350586,7992806,0.111536,0.0
2009-05-13 00:00:00-04:00,10.199725819199603,10.224220665595928,9.572653378316442,9.851896286010742,12194246,0.0,0.0
2009-05-14 00:00:00-04:00,9.80290340001159,10.155631485986083,9.729418130770595,9.993964195251465,6193388,0.0,0.0
2009-05-15 00:00:00-04:00,9.949874231022104,10.420178646450536,9.935177477223688,10.067450523376465,8353658,0.0,0.0
2009-05-18 00:00:00-04:00,10.136034669580225,10.719015858408994,10.101741747177224,10.674924850463867,7376969,0.0,0.0
2009-05-19 00:00:00-04:00,10.684726015689252,10.934575384055924,10.503463265886344,10.812100410461426,6129964,0.0,0.0
2009-05-20 00:00:00-04:00,10.949268249721479,11.257905263395324,10.635731816947931,10.709217071533203,6184028,0.0,0.0
2009-05-21 00:00:00-04:00,10.54265395196594,10.611240564587485,10.106643204382962,10.322198867797852,6245676,0.0,0.0
2009-05-22 00:00:00-04:00,10.371192973184632,10.635739167743804,10.204626934461002,10.361394882202148,4210477,0.0,0.0
2009-05-26 00:00:00-04:00,10.248717177235099,10.62104158992511,10.180130545642232,10.415283203125,11329073,0.0,0.0
2009-05-27 00:00:00-04:00,10.4299751498357,10.527955252921048,9.959670805823814,10.01845932006836,8274903,0.0,0.0
2009-05-28 00:00:00-04:00,10.087050581316944,10.189929405492586,9.60204922536287,9.92048454284668,10019935,0.0,0.0
2009-05-29 00:00:00-04:00,9.99886278504521,9.99886278504521,9.5628513798704,9.910680770874023,13134623,0.0,0.0
2009-06-01 00:00:00-04:00,10.194823579805245,10.861087390702151,10.047853044939407,10.616137504577637,12854947,0.0,0.0
2009-06-02 00:00:00-04:00,10.650434776677512,10.772909769743883,10.351595672957291,10.537757873535156,8249082,0.0,0.0
2009-06-03 00:00:00-04:00,10.439776050833293,10.576948533739586,10.170330506190094,10.341795921325684,11351343,0.0,0.0
2009-06-04 00:00:00-04:00,10.24871624638427,10.954172646780233,10.24871624638427,10.782707214355469,16253991,0.0,0.0
2009-06-05 00:00:00-04:00,11.096243978202759,11.287304838189282,10.944374722167456,11.159931182861328,16415536,0.0,0.0
2009-06-08 00:00:00-04:00,10.988463320402602,11.26770692406755,10.836594097916617,11.155029296875,9178163,0.0,0.0
2009-06-09 00:00:00-04:00,11.145232048098382,11.365687898415304,11.008060323267314,11.18442440032959,10110632,0.0,0.0
2009-06-10 00:00:00-04:00,11.248110465851122,11.380383510361154,10.792502809879451,10.983564376831055,12406303,0.0,0.0
2009-06-11 00:00:00-04:00,11.061945588970142,11.32649161269134,10.993359750373271,11.20401668548584,8868308,0.0,0.0
2009-06-12 00:00:00-04:00,11.140334063931256,11.297101974487305,10.9933642420336,11.297101974487305,7824968,0.0,0.0
2009-06-15 00:00:00-04:00,11.091344514657248,11.199122744597918,10.807202936617093,10.939476013183594,8899132,0.0,0.0
2009-06-16 00:00:00-04:00,11.012959074909846,11.047252006381072,10.567150211794822,10.684725761413574,10398217,0.0,0.0
2009-06-17 00:00:00-04:00,10.635736132318025,10.738614927288678,10.390786189632228,10.527957916259766,8974659,0.0,0.0
2009-06-18 00:00:00-04:00,10.478970090969405,10.542656544509846,10.322201406129649,10.444676399230957,8135952,0.0,0.0
2009-06-19 00:00:00-04:00,10.591648689522346,10.728820462475998,10.483870437064853,10.630840301513672,12519271,0.0,0.0
2009-06-22 00:00:00-04:00,10.464267716149887,10.54755106482989,10.057650566101074,10.057650566101074,8882832,0.0,0.0
2009-06-23 00:00:00-04:00,10.077247941696122,10.263410078071958,10.00866208987054,10.091944694519043,11217718,0.0,0.0
2009-06-24 00:00:00-04:00,10.283004236109502,10.4593682513802,10.185024143849246,10.268306732177734,13560351,0.0,0.0
2009-06-25 00:00:00-04:00,10.444675615178216,10.758212207332189,10.273210939303452,10.7288179397583,17130461,0.0,0.0
2009-06-26 00:00:00-04:00,10.689624743470967,10.689624743470967,10.263411320136832,10.459371566772461,44159337,0.0,0.0
2009-06-29 00:00:00-04:00,10.474067265343784,10.625936478873891,10.283006458831409,10.385885238647461,16490579,0.0,0.0
2009-06-30 00:00:00-04:00,10.283008372321783,10.478968635664874,10.13113913053143,10.238917350769043,125796279,0.0,0.0
2009-07-01 00:00:00-04:00,10.410379514644369,10.567148140049186,10.307500740400622,10.483864784240723,15440784,0.0,0.0
2009-07-02 00:00:00-04:00,10.268310096150529,10.483866520538701,10.175229392703221,10.189926147460938,5924040,0.0,0.0
2009-07-06 00:00:00-04:00,10.17522642842513,10.17522642842513,9.685325949348163,9.959670066833496,10369329,0.0,0.0
2009-07-07 00:00:00-04:00,9.974367693142662,10.189923303378622,9.832296590174282,9.876387596130371,12270418,0.0,0.0
2009-07-08 00:00:00-04:00,9.876391844025575,10.0380584327391,9.587350094225748,9.724522590637207,9892120,0.0,0.0
2009-07-09 00:00:00-04:00,9.871489301190454,10.023358506560573,9.626539407748355,9.680428504943848,8065751,0.0,0.0
2009-07-10 00:00:00-04:00,9.543254708393997,9.773507817090747,9.543254708393997,9.739214897155762,5472007,0.0,0.0
2009-07-13 00:00:00-04:00,9.798007369656805,9.989068984985352,9.587350329208492,9.989068984985352,7271909,0.0,0.0
2009-07-14 00:00:00-04:00,9.90088496777289,10.067450949159221,9.827399687694875,10.008663177490234,6698516,0.0,0.0
2009-07-15 00:00:00-04:00,10.155635385352303,10.469172001042594,10.11644302564506,10.444676399230957,9111512,0.0,0.0
2009-07-16 00:00:00-04:00,10.356490971105003,10.67492615106006,10.307501291414523,10.635734558105469,7805763,0.0,0.0
2009-07-17 00:00:00-04:00,10.640634216332316,10.719018163536933,10.498563076402371,10.625937461853027,6357998,0.0,0.0
2009-07-20 00:00:00-04:00,10.748412639946524,11.184424156044694,10.733715885175359,11.150131225585938,7978604,0.0,0.0
2009-07-21 00:00:00-04:00,11.28240114646871,11.566543353042617,11.135430623626288,11.419572830200195,12465853,0.0,0.0
2009-07-22 00:00:00-04:00,11.321596122274686,11.537152551513222,11.267707768954129,11.42447566986084,7047910,0.0,0.0
2009-07-23 00:00:00-04:00,11.385281148419534,11.889878440187625,11.326493385277528,11.796797752380371,9197367,0.0,0.0
2009-07-24 00:00:00-04:00,12.423875192285331,13.54574792779765,12.418977277826526,13.462465286254883,20869378,0.0,0.0
2009-07-27 00:00:00-04:00,13.388973072301061,13.584933280908169,13.22730578710186,13.37917423248291,8843293,0.0,0.0
2009-07-28 00:00:00-04:00,13.43306593940971,13.712310308854788,13.305693060830462,13.687814712524414,13527429,0.0,0.0
2009-07-29 00:00:00-04:00,13.599636475147536,13.653525595742568,13.34978705311407,13.59473705291748,6677859,0.0,0.0
2009-07-30 00:00:00-04:00,13.86417508781841,14.22180104784518,13.741700154772424,14.055235862731934,9401355,0.0,0.0
2009-07-31 00:00:00-04:00,13.981756298124068,14.314888312061676,13.922969271415166,14.148323059082031,6166598,0.0,0.0
2009-08-03 00:00:00-04:00,14.241403658965728,14.398171583845992,14.153223114950316,14.221807479858398,10485041,0.0,0.0
2009-08-04 00:00:00-04:00,14.08953499977194,14.314888795042183,13.962162098952914,14.216909408569336,12157612,0.0,0.0
2009-08-05 00:00:00-04:00,14.207107539764984,14.285490722336284,13.771095337546432,14.2022066116333,6437560,0.0,0.0
2009-08-06 00:00:00-04:00,14.221802788455252,14.36387390913404,14.04544025062346,14.207107543945312,7256578,0.0,0.0
2009-08-07 00:00:00-04:00,14.407968563287378,14.412867984424919,13.94746218379133,14.114028930664062,7736369,0.0,0.0
2009-08-10 00:00:00-04:00,13.922964293526187,14.08952948695364,13.84947902843499,14.020943641662598,8559905,0.0,0.0
2009-08-11 00:00:00-04:00,13.893568041587438,13.962155388729334,13.486950917986755,13.736800193786621,6810031,0.0,0.0
2009-08-12 00:00:00-04:00,13.829888421646935,14.339384554502383,13.785796641660845,14.221807479858398,8483087,0.0,0.0
2009-08-13 00:00:00-04:00,14.260995710824082,14.638219410506398,14.21200603122296,14.550037384033203,19095943,0.0,0.0
2009-08-14 00:00:00-04:00,14.638429716533599,14.638429716533599,14.06880258201124,14.196477890014648,7538675,0.043375,0.0
2009-08-17 00:00:00-04:00,13.847825803815732,14.014784523437733,13.666134098750156,13.892020225524902,7046780,0.0,0.0
2009-08-18 00:00:00-04:00,13.911662838163076,14.692444566948476,13.911662838163076,14.221028327941895,7696346,0.0,0.0
2009-08-19 00:00:00-04:00,14.019694982844223,14.338882447528421,13.896930689622643,14.250492095947266,6039590,0.0,0.0
2009-08-20 00:00:00-04:00,14.240673543877325,14.893778523389695,14.240673543877325,14.771014213562012,11141223,0.0,0.0
2009-08-21 00:00:00-04:00,14.99198647345816,15.448669632303051,14.947790548904024,15.232604026794434,8951097,0.0,0.0
2009-08-24 00:00:00-04:00,15.222786082286422,15.429029733740494,15.006720440835222,15.193323135375977,8555225,0.0,0.0
2009-08-25 00:00:00-04:00,15.158954759493994,15.404483438008247,15.124579293422611,15.22279167175293,6377041,0.0,0.0
2009-08-26 00:00:00-04:00,15.12948328784202,15.222784626187883,14.864312256390875,15.114751815795898,4175941,0.0,0.0
2009-08-27 00:00:00-04:00,15.149127855833303,15.311177093899994,15.036184035245462,15.247340202331543,7609845,0.0,0.0
2009-08-28 00:00:00-04:00,15.345552028702732,15.424121910977403,15.075469947809346,15.252250671386719,5129230,0.0,0.0
2009-08-31 00:00:00-04:00,15.17859031498894,15.21296425727073,14.977257656350025,15.168769836425781,5923556,0.0,0.0
2009-09-01 00:00:00-04:00,15.03127665198593,15.433943550044413,14.726820602608736,14.95761775970459,8378027,0.0,0.0
2009-09-02 00:00:00-04:00,14.903602313476107,15.090203542781971,14.810300943052749,14.86922836303711,4886510,0.0,0.0
2009-09-03 00:00:00-04:00,15.006720603579991,15.198232783655747,14.942883714068234,15.168769836425781,3494745,0.0,0.0
2009-09-04 00:00:00-04:00,15.144226300899366,15.399577049429206,15.134405815898132,15.340649604797363,4452874,0.0,0.0
2009-09-08 00:00:00-04:00,15.620541661637157,15.713841486844958,15.487955392411925,15.522329330444336,6212592,0.0,0.0
2009-09-09 00:00:00-04:00,15.49286691642407,15.689290073983422,15.38974509880199,15.605809211730957,10339150,0.0,0.0
2009-09-10 00:00:00-04:00,15.556710392470686,15.68929672241211,15.399572102143031,15.68929672241211,11674270,0.0,0.0
2009-09-11 00:00:00-04:00,15.64509376305273,15.895533320606555,15.64509376305273,15.758037567138672,9479626,0.0,0.0
2009-09-14 00:00:00-04:00,15.566525932243902,15.885713377263226,15.561614937586272,15.841517448425293,4882637,0.0,0.0
2009-09-15 00:00:00-04:00,15.910267004748796,16.052673772509802,15.743308284192082,15.969194412231445,8895743,0.0,0.0
2009-09-16 00:00:00-04:00,15.97901619233995,16.150887433609388,15.821877937796396,16.077228546142578,6379946,0.0,0.0
2009-09-17 00:00:00-04:00,16.037940311826937,16.180347061947327,15.807143217202174,15.895533561706543,5527038,0.0,0.0
2009-09-18 00:00:00-04:00,15.915180171816985,15.969196591495727,15.546887225756876,15.753130912780762,6607819,0.0,0.0
2009-09-21 00:00:00-04:00,15.56161558136682,15.669648399061765,15.438851290629916,15.453582763671875,4086697,0.0,0.0
2009-09-22 00:00:00-04:00,15.517420108110171,15.704022802916661,15.468314692676007,15.64018440246582,5560283,0.0,0.0
2009-09-23 00:00:00-04:00,15.645095707214043,15.679469649852544,15.296445285726254,15.32099723815918,4545347,0.0,0.0
2009-09-24 00:00:00-04:00,15.345550645940865,15.483046415991389,14.883956408022247,15.070557594299316,7035967,0.0,0.0
2009-09-25 00:00:00-04:00,14.972352552730053,15.227703234335326,14.92815811449515,15.129490852355957,5960996,0.0,0.0
2009-09-28 00:00:00-04:00,15.168773417584466,15.404481585693429,15.075472047274962,15.301358222961426,4718833,0.0,0.0
2009-09-29 00:00:00-04:00,15.370108276100805,15.46831913517528,15.193327520534023,15.262075424194336,6524061,0.0,0.0
2009-09-30 00:00:00-04:00,15.271890332862505,15.375012150724432,15.006719296271683,15.060735702514648,7825936,0.0,0.0
2009-10-01 00:00:00-04:00,15.00181149662611,15.144218278728125,14.70717745262293,14.741551399230957,8189854,0.0,0.0
2009-10-02 00:00:00-04:00,14.41745044683328,14.78083383394532,14.127727447651427,14.584410667419434,10272338,0.0,0.0
2009-10-05 00:00:00-04:00,14.623698825540247,15.026365725457609,14.623698825540247,14.942886352539062,5044181,0.0,0.0
2009-10-06 00:00:00-04:00,15.085291919013644,15.296446587923173,14.972348091277583,15.158950805664062,5931948,0.0,0.0
2009-10-07 00:00:00-04:00,15.109842917234007,15.306266098689948,15.060737499755156,15.247340202331543,6118829,0.0,0.0
2009-10-08 00:00:00-04:00,15.438850866011942,15.605809571282823,15.237516709201346,15.53706169128418,8520528,0.0,0.0
2009-10-09 00:00:00-04:00,15.502691484485954,15.915180375349605,15.419212111747855,15.890626907348633,5187650,0.0,0.0
2009-10-12 00:00:00-04:00,15.934818999000093,16.24418445877695,15.900445059024888,16.1508846282959,8278615,0.0,0.0
2009-10-13 00:00:00-04:00,16.08213720734897,16.39150267595549,16.05267274971471,16.337486267089844,8103192,0.0,0.0
2009-10-14 00:00:00-04:00,16.450433717158536,17.201752612544684,16.450433717158536,17.128093719482422,12461012,0.0,0.0
2009-10-15 00:00:00-04:00,17.00041431816095,17.059341720750854,16.637030936167115,16.82854461669922,8487121,0.0,0.0
2009-10-16 00:00:00-04:00,16.666499825202997,16.985687362247937,16.47989708981692,16.54373550415039,6985616,0.0,0.0
2009-10-19 00:00:00-04:00,16.519186109672813,16.98569155165772,16.519186109672813,16.67141342163086,7020475,0.0,0.0
2009-10-20 00:00:00-04:00,16.81872919540641,17.108453815194526,16.51427309710281,16.931673049926758,7549326,0.0,0.0
2009-10-21 00:00:00-04:00,16.8432788602607,17.368710040616993,16.838367864685225,17.02005958557129,8006523,0.0,0.0
2009-10-22 00:00:00-04:00,17.05933985944766,17.417810696021615,16.661582580559816,17.358884811401367,10518447,0.0,0.0
2009-10-23 00:00:00-04:00,18.026726573746135,18.262433187417674,17.00532721706127,17.093717575073242,13964776,0.0,0.0
2009-10-26 00:00:00-04:00,17.304872448018504,17.314692927233665,16.563374119123445,16.627212524414062,7779619,0.0,0.0
2009-10-27 00:00:00-04:00,16.67140773488627,16.838367981747286,15.934821878151547,15.979016304016113,10563795,0.0,0.0
2009-10-28 00:00:00-04:00,15.90045382380891,15.939738780161388,15.47323332444345,15.532160758972168,9687809,0.0,0.0
2009-10-29 00:00:00-04:00,15.772773487104828,16.082140531191484,15.659829651167959,15.9004487991333,6286021,0.0,0.0
2009-10-30 00:00:00-04:00,15.900448575675826,16.077229309372164,15.384837850471383,15.512513160705566,5619672,0.0,0.0
2009-11-02 00:00:00-05:00,15.522327742719378,15.988832867202406,15.32099361802309,15.645092010498047,4606995,0.0,0.0
2009-11-03 00:00:00-05:00,15.433941147064852,16.23927632933632,15.433941147064852,16.175437927246094,6712718,0.0,0.0
2009-11-04 00:00:00-05:00,16.30311292546928,16.568283984683276,16.013388402580826,16.05267333984375,5898703,0.0,0.0
2009-11-05 00:00:00-05:00,16.244186216032595,16.538821746596316,16.204902788625912,16.533910751342773,4744170,0.0,0.0
2009-11-06 00:00:00-05:00,16.435697599771082,16.69595763843064,16.32766478865798,16.617387771606445,5308849,0.0,0.0
2009-11-09 00:00:00-05:00,16.769615248854194,17.30977775223453,16.700867376326162,17.299957275390625,6801478,0.0,0.0
2009-11-10 00:00:00-05:00,17.15235434343303,17.629628507288995,17.15235434343303,17.324567794799805,8092702,0.043375,0.0
2009-11-11 00:00:00-05:00,17.422971543030965,17.570582617677974,17.19663567257557,17.541059494018555,9170578,0.0,0.0
2009-11-12 00:00:00-05:00,17.437729806011088,17.993728612317135,17.403287428886816,17.737871170043945,10969834,0.0,0.0
2009-11-13 00:00:00-05:00,17.72803153401352,18.229906399629886,17.59026202245412,18.13641929626465,10334148,0.0,0.0
2009-11-16 00:00:00-05:00,18.136420370828098,18.500527261007843,18.136420370828098,18.31847381591797,5947440,0.0,0.0
2009-11-17 00:00:00-05:00,18.121658681259465,18.20530575518691,17.949446790026233,18.00849151611328,7079702,0.0,0.0
2009-11-18 00:00:00-05:00,18.02816997343396,18.28894815142024,18.003567629848632,18.05769157409668,5207662,0.0,0.0
2009-11-19 00:00:00-05:00,17.85103335674446,18.033086736266252,17.66898149177205,17.900238037109375,5670346,0.0,0.0
2009-11-20 00:00:00-05:00,17.71818753722578,17.860877801466046,17.639462762036107,17.713268280029297,4105740,0.0,0.0
2009-11-23 00:00:00-05:00,17.915007010050395,18.205308395561058,17.71327348379051,17.80183982849121,4302465,0.0,0.0
2009-11-24 00:00:00-05:00,17.742792277356525,17.836277865859014,17.388526954789665,17.50169563293457,5440053,0.0,0.0
2009-11-25 00:00:00-05:00,17.477095196252336,17.757555021522936,17.413131206120443,17.624706268310547,3823159,0.0,0.0
2009-11-27 00:00:00-05:00,17.019500112505163,17.447570944997032,16.90633143912808,17.339323043823242,2962343,0.0,0.0
2009-11-30 00:00:00-05:00,17.290124893419367,17.486939195977474,17.13267375428295,17.40329360961914,3491355,0.0,0.0
2009-12-01 00:00:00-05:00,17.575500168341012,17.826438365037102,17.55582010721376,17.668987274169922,4526142,0.0,0.0
2009-12-02 00:00:00-05:00,17.60502328913165,17.875641546954995,17.545978562100252,17.668987274169922,4710118,0.0,0.0
2009-12-03 00:00:00-05:00,17.718191293818194,17.974050275168256,17.44265225041039,17.486934661865234,3833810,0.0,0.0
2009-12-04 00:00:00-05:00,17.777234316007586,17.791995118407986,17.245836342294393,17.605022430419922,4124299,0.0,0.0
2009-12-07 00:00:00-05:00,17.536134719848633,17.649301862206567,17.462329205739366,17.536134719848633,3153743,0.0,0.0
2009-12-08 00:00:00-05:00,17.36884809553822,17.462335213208444,17.10806983524767,17.20647621154785,3404370,0.0,0.0
2009-12-09 00:00:00-05:00,17.152355705604545,17.275364458035245,16.911258974914478,17.186798095703125,2492719,0.0,0.0
2009-12-10 00:00:00-05:00,17.37868516743835,17.506613120781186,17.235994898356246,17.39344596862793,4402039,0.0,0.0
2009-12-11 00:00:00-05:00,17.462329018492518,17.6247008448819,17.393444276609056,17.531213760375977,1900767,0.0,0.0
2009-12-14 00:00:00-05:00,17.61978836047027,18.008496166517002,17.521380458246274,17.959291458129883,3520243,0.0,0.0
2009-12-15 00:00:00-05:00,17.865799832973856,18.072454086286786,17.713269529035703,17.919923782348633,3698732,0.0,0.0
2009-12-16 00:00:00-05:00,18.047852415771214,18.082294792612295,17.74771256875594,17.846118927001953,2340535,0.0,0.0
2009-12-17 00:00:00-05:00,17.64930262107177,17.74771048229854,17.56073630324248,17.69850730895996,2995910,0.0,0.0
2009-12-18 00:00:00-05:00,17.79199173726723,17.89531884898383,17.496771201712725,17.52629280090332,3053524,0.0,0.0
2009-12-21 00:00:00-05:00,17.5853431003651,17.95928852407309,17.5853431003651,17.75755500793457,2935715,0.0,0.0
2009-12-22 00:00:00-05:00,17.762471118305786,17.924842965758582,17.6640647641494,17.683746337890625,1779891,0.0,0.0
2009-12-23 00:00:00-05:00,17.6148638520723,17.905163694346555,17.54597909239536,17.826438903808594,1601886,0.0,0.0
2009-12-24 00:00:00-05:00,17.865806884693455,18.077381993609183,17.865806884693455,17.905168533325195,466396,0.0,0.0
2009-12-28 00:00:00-05:00,17.88548014717958,17.96912569412254,17.752631426420162,17.85595703125,1171155,0.0,0.0
2009-12-29 00:00:00-05:00,17.836278934669618,18.00849234841189,17.791996523970123,17.826438903808594,1752940,0.0,0.0
2009-12-30 00:00:00-05:00,17.708350274121855,17.885482939151725,17.698510243642357,17.77723503112793,1684675,0.0,0.0
2009-12-31 00:00:00-05:00,17.826437134822267,17.826437134822267,17.58534049987793,17.58534049987793,1338186,0.0,0.0
2010-01-04 00:00:00-05:00,17.71327360849535,17.93468871453087,17.664068905331824,17.836280822753906,3822190,0.0,0.0
2010-01-05 00:00:00-05:00,17.76247096601814,17.841198774857784,17.536136656308884,17.65914535522461,3251863,0.0,0.0
2010-01-06 00:00:00-05:00,17.65914321582363,17.703425615084626,17.413125847797122,17.531213760375977,4220644,0.0,0.0
2010-01-07 00:00:00-05:00,17.54105660323862,17.959285893080594,17.432808701610156,17.708349227905273,5109864,0.0,0.0
2010-01-08 00:00:00-05:00,17.62962177271955,18.047851035094883,17.54597622315442,18.013408660888672,3970340,0.0,0.0
2010-01-11 00:00:00-05:00,18.141335695444994,18.62845115545317,18.077371727511863,18.45623779296875,5473459,0.0,0.0
2010-01-12 00:00:00-05:00,18.264341934289124,18.31846586705844,17.929758311055753,18.067527770996094,4040703,0.0,0.0
2010-01-13 00:00:00-05:00,18.097063904041388,18.13150629381397,17.919931181053716,18.04785919189453,3737141,0.0,0.0
2010-01-14 00:00:00-05:00,18.008486907826423,18.220061895643312,17.96912376717457,18.200380325317383,2512246,0.0,0.0
2010-01-15 00:00:00-05:00,18.215153087768115,18.333241072732008,18.072462745101113,18.234834671020508,4333935,0.0,0.0
2010-01-19 00:00:00-05:00,18.195463414362727,18.60877344979419,18.161021037622586,18.446401596069336,7963596,0.0,0.0
2010-01-20 00:00:00-05:00,18.30863587744636,18.343078261313156,17.93468891364249,18.323396682739258,6475485,0.0,0.0
2010-01-21 00:00:00-05:00,18.397197810624604,18.421798642028143,17.988808560918564,18.042932510375977,6810677,0.0,0.0
2010-01-22 00:00:00-05:00,18.003569738376317,18.09705683749,17.33440227161995,17.339323043823242,5251235,0.0,0.0
2010-01-25 00:00:00-05:00,17.48201714898419,17.60994665243137,17.221237368809156,17.226158142089844,4863593,0.0,0.0
2010-01-26 00:00:00-05:00,17.162188407987873,17.27043629666041,16.817763169979845,17.1031436920166,6158529,0.0,0.0
2010-01-27 00:00:00-05:00,16.965382503330005,16.97522253686488,16.330655661095765,16.6701602935791,9451545,0.0,0.0
2010-01-28 00:00:00-05:00,16.684918701834935,16.729202632749594,16.119078233915037,16.379858016967773,5878530,0.0,0.0
2010-01-29 00:00:00-05:00,16.43397636046126,16.542224249515307,15.966542431777828,15.971463203430176,6614920,0.0,0.0
2010-02-01 00:00:00-05:00,16.266687225675756,16.414298290341755,16.055112174081117,16.25192642211914,7360024,0.0,0.0
2010-02-02 00:00:00-05:00,16.38969382853011,17.11790599802954,16.310967533643804,16.970294952392578,8241335,0.0,0.0
2010-02-03 00:00:00-05:00,16.847286792043338,17.14742966499652,16.793162841213228,16.994897842407227,3454722,0.0,0.0
2010-02-04 00:00:00-05:00,16.866972152073362,16.866972152073362,16.242086948438036,16.26668930053711,4789357,0.0,0.0
2010-02-05 00:00:00-05:00,16.227324919453462,16.281448878350364,15.705766907769663,16.192882537841797,8452586,0.0,0.0
2010-02-08 00:00:00-05:00,16.148599958423876,16.483183739724463,15.897661743810938,16.17812156677246,3634179,0.0,0.0
2010-02-09 00:00:00-05:00,16.734123381742783,17.176955117494643,16.46842434029167,16.512706756591797,7150065,0.0,0.0
2010-02-10 00:00:00-05:00,16.502863602706675,16.7193594135762,16.330650199760555,16.429058074951172,6059279,0.0,0.0
2010-02-11 00:00:00-05:00,16.424140097647612,16.76364467437061,16.27652901701585,16.719362258911133,6718527,0.0,0.0
2010-02-12 00:00:00-05:00,15.274727165050084,15.600141433717958,14.85070333976131,15.412782669067383,28063985,0.043375,0.0
2010-02-16 00:00:00-05:00,15.501522141844978,15.772700528762998,15.378259514641554,15.718464851379395,6080420,0.0,0.0
2010-02-17 00:00:00-05:00,15.748051213867932,16.17207487565291,15.61492669431773,16.038951873779297,6865224,0.0,0.0
2010-02-18 00:00:00-05:00,16.024154829490733,16.46790209849799,15.925545337051023,16.389013290405273,5582715,0.0,0.0
2010-02-19 00:00:00-05:00,16.319989480726377,16.55665443284235,16.22137845164619,16.448183059692383,4053936,0.0,0.0
2010-02-22 00:00:00-05:00,16.482695504708285,16.5665137359021,16.374224138374466,16.403806686401367,4524044,0.0,0.0
2010-02-23 00:00:00-05:00,16.280547140398237,16.39887887267282,15.91569008057354,16.029090881347656,7784622,0.0,0.0
2010-02-24 00:00:00-05:00,16.058677106364964,16.107981874952106,15.752985112841694,15.974857330322266,7114722,0.0,0.0
2010-02-25 00:00:00-05:00,15.75790180316704,15.831859655166847,15.516307569798276,15.77269458770752,8452263,0.0,0.0
2010-02-26 00:00:00-05:00,15.772701701581548,15.802284248653663,15.575481179856002,15.733257293701172,5886599,0.0,0.0
2010-03-01 00:00:00-05:00,15.748042509624362,16.18685720488998,15.738180652609545,16.117830276489258,7218814,0.0,0.0
2010-03-02 00:00:00-05:00,16.246021898320038,16.260813164440627,16.088245863574464,16.18685531616211,9021299,0.0,0.0
2010-03-03 00:00:00-05:00,16.27068427033049,16.788387984923624,16.26082240885983,16.591167449951172,8011042,0.0,0.0
2010-03-04 00:00:00-05:00,16.739082421620022,16.773595902875698,16.275614372463984,16.359434127807617,9427822,0.0,0.0
2010-03-05 00:00:00-05:00,16.5221400365315,16.822901002625976,16.497486901208454,16.73415184020996,5328376,0.0,0.0
2010-03-08 00:00:00-05:00,16.72921584606016,16.83768718036755,16.581300114245366,16.778520584106445,3799274,0.0,0.0
2010-03-09 00:00:00-05:00,16.62568177691873,16.931373697586594,16.61089050163547,16.684846878051758,4374281,0.0,0.0
2010-03-10 00:00:00-05:00,16.689773343440717,16.79331376039625,16.54185759483218,16.709495544433594,3669522,0.0,0.0
2010-03-11 00:00:00-05:00,16.650327900811913,17.138448930106925,16.56157876072882,17.11872673034668,7975699,0.0,0.0
2010-03-12 00:00:00-05:00,17.09408034047065,17.256787414381986,17.01026209670176,17.163108825683594,8962232,0.0,0.0
2010-03-15 00:00:00-04:00,17.029988485089476,17.296236075668943,16.96096150060706,17.227209091186523,4917011,0.0,0.0
2010-03-16 00:00:00-04:00,17.33074642236628,17.70053442255256,17.25678851879368,17.601924896240234,6338632,0.0,0.0
2010-03-17 00:00:00-04:00,17.606850993485182,17.685738289339348,17.29129725703966,17.3504638671875,6730631,0.0,0.0
2010-03-18 00:00:00-04:00,17.389910172092854,17.4786593381636,17.202549978345466,17.419492721557617,4470949,0.0,0.0
2010-03-19 00:00:00-04:00,17.192689895629883,17.56740877114142,17.020122491669465,17.192689895629883,6652683,0.0,0.0
2010-03-22 00:00:00-04:00,17.025051619995818,17.58219975190091,16.96588652115737,17.557546615600586,4997380,0.0,0.0
2010-03-23 00:00:00-04:00,17.51317061033303,17.85337443931355,17.51317061033303,17.823793411254883,4557128,0.0,0.0
2010-03-24 00:00:00-04:00,17.725185120264157,17.784351738503837,17.163107558854957,17.207481384277344,6644130,0.0,0.0
2010-03-25 00:00:00-04:00,17.335668958625412,17.567402902679085,17.020116806030273,17.020116806030273,6619600,0.0,0.0
2010-03-26 00:00:00-04:00,17.029985626186654,17.217345853480456,16.94123644422557,17.07929039001465,5642911,0.0,0.0
2010-03-29 00:00:00-04:00,17.168031467543535,17.306086865838175,17.06449105707956,17.084213256835938,3028187,0.0,0.0
2010-03-30 00:00:00-04:00,17.16803822907026,17.552618999270386,17.108873124175325,17.197622299194336,5140042,0.0,0.0
2010-03-31 00:00:00-04:00,17.128593864923577,17.311021612963245,17.07435817829652,17.192689895629883,3749245,0.0,0.0
2010-04-01 00:00:00-04:00,17.355394352875027,17.739973514793853,17.3455324925982,17.52796173095703,3696312,0.0,0.0
2010-04-05 00:00:00-04:00,17.577271437954977,17.947059431453983,17.577271437954977,17.897754669189453,4231296,0.0,0.0
2010-04-06 00:00:00-04:00,17.754769772843918,18.035808586825624,17.730118150582488,17.966781616210938,5140365,0.0,0.0
2010-04-07 00:00:00-04:00,17.853375064451996,18.15413753321886,17.804071831618256,18.07524871826172,8161612,0.0,0.0
2010-04-08 00:00:00-04:00,17.86817117660931,18.19851473587045,17.779422002125177,18.14920997619629,7132636,0.0,0.0
2010-04-09 00:00:00-04:00,18.218235196204954,18.425316077584,18.080181275285593,18.405593872070312,6378817,0.0,0.0
2010-04-12 00:00:00-04:00,18.686633492477764,18.711285110228786,18.3612193896825,18.464759826660156,8295883,0.0,0.0
2010-04-13 00:00:00-04:00,18.459832572370452,18.459832572370452,18.139349336370756,18.242891311645508,6285376,0.0,0.0
2010-04-14 00:00:00-04:00,18.385876125035214,18.45490309653569,18.24782066435757,18.41545867919922,5050475,0.0,0.0
2010-04-15 00:00:00-04:00,18.371073212979592,18.770445062635517,18.28725501055738,18.64718246459961,7799953,0.0,0.0
2010-04-16 00:00:00-04:00,18.617601183756378,18.726071002503954,18.23795150627399,18.32176971435547,6020385,0.0,0.0
2010-04-19 00:00:00-04:00,18.20344203820255,18.385871282073115,18.045665928092653,18.371078491210938,4837288,0.0,0.0
2010-04-20 00:00:00-04:00,18.54365065559812,18.88385606944983,18.54365065559812,18.76059341430664,8709668,0.0,0.0
2010-04-21 00:00:00-04:00,18.78031304261548,18.8641327968118,18.68663446201891,18.854270935058594,8446130,0.0,0.0
2010-04-22 00:00:00-04:00,18.755662149598628,19.43114203413407,18.49434405049406,19.22899055480957,8658671,0.0,0.0
2010-04-23 00:00:00-04:00,18.14427857359835,18.356290400598827,17.601923195917944,18.292194366455078,25211060,0.0,0.0
2010-04-26 00:00:00-04:00,18.40559108657978,18.943016931883847,18.277399046655987,18.657047271728516,8508263,0.0,0.0
2010-04-27 00:00:00-04:00,18.632397022002504,18.73100652419602,17.996360117451907,18.09004020690918,7193154,0.0,0.0
2010-04-28 00:00:00-04:00,18.223164712453926,18.336565488259485,17.93226410080336,18.021013259887695,7146837,0.0,0.0
2010-04-29 00:00:00-04:00,18.21330238110104,18.43024510163076,18.139344497495333,18.371078491210938,6266978,0.0,0.0
2010-04-30 00:00:00-04:00,18.35135438068579,18.735935031935014,18.11469099895288,18.233022689819336,5686323,0.0,0.0
2010-05-03 00:00:00-04:00,18.321776965734436,18.78524503472934,18.31191662110067,18.76059341430664,4806141,0.0,0.0
2010-05-04 00:00:00-04:00,18.430244069499842,18.445035341857384,17.942122975643738,18.050594329833984,6317007,0.0,0.0
2010-05-05 00:00:00-04:00,17.80407628119071,18.67677528811912,17.631507334762826,18.41545867919922,13558253,0.0,0.0
2010-05-06 00:00:00-04:00,18.208371513681683,18.592950656492775,16.744009784781596,17.84844398498535,17257470,0.0,0.0
2010-05-07 00:00:00-04:00,17.73997330295106,18.29712135397493,17.202547454569086,17.3751163482666,14106793,0.0,0.0
2010-05-10 00:00:00-04:00,18.25275278839407,18.790178836102548,17.947060810580645,18.54365348815918,10042690,0.0,0.0
2010-05-11 00:00:00-04:00,18.26261075866648,18.943021601785535,18.228097275151498,18.790176391601562,7555620,0.0,0.0
2010-05-12 00:00:00-04:00,19.007115824225888,19.53961077743145,18.9726023467594,19.529748916625977,10882526,0.0,0.0
2010-05-13 00:00:00-04:00,19.376906819137965,20.01787323722418,19.26843543906092,19.726972579956055,8831996,0.0,0.0
2010-05-14 00:00:00-04:00,19.554410796876066,19.554410796876066,18.918375126797496,19.10573387145996,6106402,0.0,0.0
2010-05-17 00:00:00-04:00,19.18461358219649,19.228987401497392,18.64225678401023,19.100793838500977,7931319,0.0,0.0
2010-05-18 00:00:00-04:00,18.77045207101239,19.21912882387122,18.66198070141239,18.740869522094727,8376736,0.0,0.0
2010-05-19 00:00:00-04:00,18.657054018759997,18.849345183537217,18.070323213789674,18.26754379272461,8308148,0.0,0.0
2010-05-20 00:00:00-04:00,17.848443988971066,17.93719313869161,17.320880020542315,17.50330924987793,7432001,0.0,0.0
2010-05-21 00:00:00-04:00,17.202545163134413,17.7695549987898,17.103935680736278,17.69066619873047,7469442,0.0,0.0
2010-05-24 00:00:00-04:00,17.601924896240234,17.942128824391457,17.532897924286264,17.601924896240234,5990207,0.0,0.0
2010-05-25 00:00:00-04:00,17.14338235441215,17.63150193706918,16.941230915706736,17.582197189331055,7370030,0.0,0.0
2010-05-26 00:00:00-04:00,17.789284611486817,18.159071083405518,17.71532671003241,17.813936233520508,6268108,0.0,0.0
2010-05-27 00:00:00-04:00,18.242886809239565,18.62253506006728,18.20837333189159,18.578161239624023,5483788,0.0,0.0
2010-05-28 00:00:00-04:00,18.7014208997213,18.7014208997213,18.223161705660857,18.395729064941406,4453520,0.0,0.0
2010-06-01 00:00:00-04:00,18.134418393102575,18.869063397539154,18.134418393102575,18.47955322265625,8585242,0.0,0.0
2010-06-02 00:00:00-04:00,18.563368861814823,18.98739242553711,18.380939625155996,18.98739242553711,5424399,0.0,0.0
2010-06-03 00:00:00-04:00,19.071213114502168,19.37197408853278,19.0564218399886,19.312808990478516,6252777,0.0,0.0
2010-06-04 00:00:00-04:00,18.92823224387784,19.061356777838526,18.25275226357148,18.356292724609375,5192330,0.0,0.0
2010-06-07 00:00:00-04:00,18.35629184183529,18.49927671477611,17.84844990692492,17.897754669189453,8261508,0.0,0.0
2010-06-08 00:00:00-04:00,17.897745364075302,18.04566109164356,17.596984497648833,17.981563568115234,7597418,0.0,0.0
2010-06-09 00:00:00-04:00,18.173861508735463,18.336568580777175,17.774490984339074,17.853378295898438,6018126,0.0,0.0
2010-06-10 00:00:00-04:00,18.278217588206488,18.505459902928834,18.095435032170524,18.42641830444336,5238486,0.043375,0.0
2010-06-11 00:00:00-04:00,18.095444590116642,18.64873150991226,18.095444590116642,18.628971099853516,4204667,0.0,0.0
2010-06-14 00:00:00-04:00,18.76728911709613,19.18225461341053,18.76728911709613,18.811750411987305,4619260,0.0,0.0
2010-06-15 00:00:00-04:00,19.038993866788655,19.607100644735635,19.009354015621128,19.582401275634766,6885074,0.0,0.0
2010-06-16 00:00:00-04:00,19.335393711887743,19.691079469590406,19.330454751261954,19.542877197265625,6202909,0.0,0.0
2010-06-17 00:00:00-04:00,19.656501310768554,19.70590309122615,19.15261622740074,19.389738082885742,4730937,0.0,0.0
2010-06-18 00:00:00-04:00,19.409495040906872,19.616978528346355,19.266233248400365,19.473716735839844,4847939,0.0,0.0
2010-06-21 00:00:00-04:00,19.70095788552042,20.081342988391157,19.60215738952629,19.755298614501953,6852314,0.0,0.0
2010-06-22 00:00:00-04:00,19.784936152826322,19.9232589599559,19.21682956554517,19.281049728393555,5565931,0.0,0.0
2010-06-23 00:00:00-04:00,19.340334720116047,19.419376339673917,18.831509236214266,19.063692092895508,9350197,0.0,0.0
2010-06-24 00:00:00-04:00,18.9303055710311,19.093327735004888,18.63884156387047,18.89572525024414,6763392,0.0,0.0
2010-06-25 00:00:00-04:00,18.846331294892103,18.955012773789065,18.436306268368533,18.77223014831543,38235459,0.0,0.0
2010-06-28 00:00:00-04:00,18.75740587591447,18.79198620022044,18.253519412466563,18.283159255981445,6857962,0.0,0.0
2010-06-29 00:00:00-04:00,17.98181686919313,18.041098080435443,17.30008978267813,17.428531646728516,10408384,0.0,0.0
2010-06-30 00:00:00-04:00,17.507579225919088,17.67554196927156,17.003692516478235,17.038272857666016,7266422,0.0,0.0
2010-07-01 00:00:00-04:00,17.2062272852941,17.2062272852941,16.35653757462826,16.638120651245117,10669501,0.0,0.0
2010-07-02 00:00:00-04:00,16.707282230618848,16.85548449840351,16.4306380987952,16.46027946472168,5848513,0.0,0.0
2010-07-06 00:00:00-04:00,16.717165965531837,17.033330986045208,16.415822392096143,16.539323806762695,7350018,0.0,0.0
2010-07-07 00:00:00-04:00,16.554143546509472,16.86042605009929,16.48992184431201,16.82584571838379,9403130,0.0,0.0
2010-07-08 00:00:00-04:00,16.890070304375264,17.013571727390868,16.756687915973224,16.919710159301758,7818674,0.0,0.0
2010-07-09 00:00:00-04:00,16.825843186713918,16.934524647357545,16.628240669236046,16.815963745117188,7298053,0.0,0.0
2010-07-12 00:00:00-04:00,16.771508378758952,16.9493505552272,16.6183670959288,16.746809005737305,5119547,0.0,0.0
2010-07-13 00:00:00-04:00,16.855487677404582,17.359372745798204,16.855487677404582,17.32973289489746,6729179,0.0,0.0
2010-07-14 00:00:00-04:00,17.15188922969302,17.39395305933827,16.9691066172169,17.275390625,4182881,0.0,0.0
2010-07-15 00:00:00-04:00,17.20129165805928,17.309973142966115,16.87524872395503,17.255632400512695,4542442,0.0,0.0
2010-07-16 00:00:00-04:00,17.221049037162057,17.30009065614254,16.919705525876942,16.978986740112305,9062290,0.0,0.0
2010-07-19 00:00:00-04:00,16.983924225792098,17.354429881814916,16.870303809145508,17.28032875061035,5893861,0.0,0.0
2010-07-20 00:00:00-04:00,16.99874817237002,17.690356297790505,16.939466954551325,17.64589500427246,5003190,0.0,0.0
2010-07-21 00:00:00-04:00,17.784220087238303,18.075682690194466,17.645897228228176,17.813859939575195,5334024,0.0,0.0
2010-07-22 00:00:00-04:00,17.976873688955752,18.312798981608612,17.976873688955752,18.17941665649414,8348171,0.0,0.0
2010-07-23 00:00:00-04:00,17.477936276051185,18.465947587339702,17.171652222129882,18.42148780822754,7639539,0.0,0.0
2010-07-26 00:00:00-04:00,18.36714523602579,18.89079069228309,18.347384829293194,18.826570510864258,5098728,0.0,0.0
2010-07-27 00:00:00-04:00,18.91054736180284,18.95500864831852,18.559803633001604,18.7919864654541,4340229,0.0,0.0
2010-07-28 00:00:00-04:00,18.668486362058243,18.816687112452442,18.554864418201674,18.64378547668457,4227261,0.0,0.0
2010-07-29 00:00:00-04:00,18.73270351706394,18.861145363204535,18.332559578667723,18.500520706176758,5690842,0.0,0.0
2010-07-30 00:00:00-04:00,18.218942846052528,18.624027380311706,18.16954258979968,18.50546646118164,4518396,0.0,0.0
2010-08-02 00:00:00-04:00,18.80186999869963,18.940192848596965,18.584507040905706,18.77223014831543,4035216,0.0,0.0
2010-08-03 00:00:00-04:00,18.609203347472867,18.767285044954765,18.431361247728756,18.525222778320312,2975253,0.0,0.0
2010-08-04 00:00:00-04:00,18.594385114145613,18.772227230036307,18.55486430603303,18.762346267700195,2541456,0.0,0.0
2010-08-05 00:00:00-04:00,18.69812646232573,18.895728986154854,18.614145883898544,18.846328735351562,3011403,0.0,0.0
2010-08-06 00:00:00-04:00,18.554865058810318,18.757408068142603,18.43136366890995,18.569684982299805,3626272,0.0,0.0
2010-08-09 00:00:00-04:00,18.693185292575617,18.78210634899289,18.46100244967408,18.56474494934082,3071276,0.0,0.0
2010-08-10 00:00:00-04:00,18.29304222338047,18.416543612388732,18.065798329463213,18.248580932617188,4405266,0.0,0.0
2010-08-11 00:00:00-04:00,17.907715358758622,17.907715358758622,17.458171124958444,17.482872009277344,5565447,0.0,0.0
2010-08-12 00:00:00-04:00,17.122250425472,17.561915297924816,17.122250425472,17.41865348815918,3355148,0.0,0.0
2010-08-13 00:00:00-04:00,17.379130946193055,17.591553398776067,17.32479021269861,17.4334716796875,3847205,0.0,0.0
2010-08-16 00:00:00-04:00,17.305032629683627,17.517455098240735,17.206230597438395,17.33961296081543,2901501,0.0,0.0
2010-08-17 00:00:00-04:00,17.552030669229538,17.981814450935772,17.398887940936046,17.823734283447266,5572387,0.0,0.0
2010-08-18 00:00:00-04:00,17.828675951499154,17.976876701262753,17.561912777185547,17.84843635559082,3388716,0.0,0.0
2010-08-19 00:00:00-04:00,17.74469320430317,17.892895456556804,17.433468778693697,17.56191062927246,2069089,0.0,0.0
2010-08-20 00:00:00-04:00,17.433471777700397,17.448293221968033,17.235869247574744,17.39889144897461,2535162,0.0,0.0
2010-08-23 00:00:00-04:00,17.4828673858623,17.58166785577797,17.122242781500695,17.146942138671875,2743346,0.0,0.0
2010-08-24 00:00:00-04:00,16.86536485522459,16.95922639795632,16.54920141936781,16.588722229003906,5336929,0.0,0.0
2010-08-25 00:00:00-04:00,16.41582032601052,16.5492026886081,16.25773859595806,16.52450180053711,6541652,0.0,0.0
2010-08-26 00:00:00-04:00,16.662822418766538,16.776444370219888,16.420760112507185,16.465221405029297,2877617,0.0,0.0
2010-08-27 00:00:00-04:00,16.559080919042774,16.830784585465622,16.252796924222107,16.722103118896484,4155284,0.0,0.0
2010-08-30 00:00:00-04:00,16.677633142100007,16.766554149365128,16.356529420275123,16.371349334716797,3411632,0.0,0.0
2010-08-31 00:00:00-04:00,16.326904913090285,16.43064594181301,16.015681826922105,16.070022583007812,5904513,0.0,0.0
2010-09-01 00:00:00-04:00,16.2083348789389,16.825841742676257,16.2083348789389,16.6430606842041,7645349,0.0,0.0
2010-09-02 00:00:00-04:00,16.727042752380253,16.949344635009766,16.608481849685575,16.949344635009766,3769418,0.0,0.0
2010-09-03 00:00:00-04:00,17.092603593263934,17.33466736032406,16.988862630502023,17.12718391418457,2022611,0.0,0.0
2010-09-07 00:00:00-04:00,17.067907527942527,17.067907527942527,16.801144349077592,16.860424041748047,2749156,0.0,0.0
2010-09-08 00:00:00-04:00,16.845606898093934,17.137071010740243,16.845606898093934,16.988868713378906,2783531,0.0,0.0
2010-09-09 00:00:00-04:00,17.201291684877315,17.230933057563007,16.79126663504091,16.899948120117188,3590606,0.0,0.0
2010-09-10 00:00:00-04:00,16.95934521522272,17.25635593589179,16.934593686944638,17.12270164489746,4515814,0.043375,0.0
2010-09-13 00:00:00-04:00,17.330613044275374,17.434566744599564,17.20190780989278,17.261310577392578,1888179,0.0,0.0
2010-09-14 00:00:00-04:00,17.167254655340997,17.2712083440322,17.023699126081596,17.112802505493164,4360725,0.0,0.0
2010-09-15 00:00:00-04:00,16.96924761431067,17.008849456367976,16.736588696891268,16.756389617919922,4437866,0.0,0.0
2010-09-16 00:00:00-04:00,16.64253973433667,17.10785766724819,16.64253973433667,17.078155517578125,5182163,0.0,0.0
2010-09-17 00:00:00-04:00,17.13755539892318,17.305860949114788,17.01874986777558,17.271209716796875,5627095,0.0,0.0
2010-09-20 00:00:00-04:00,17.295962899540005,17.711779250744552,17.182107968932204,17.667226791381836,3683724,0.0,0.0
2010-09-21 00:00:00-04:00,17.63751933550494,17.924628809275806,17.607818723257406,17.79592514038086,3384359,0.0,0.0
2010-09-22 00:00:00-04:00,17.716724373586516,17.88502988768442,17.479114885981378,17.642471313476562,3574468,0.0,0.0
2010-09-23 00:00:00-04:00,17.4197164336581,17.52862074554076,17.20190780989278,17.261310577392578,3290918,0.0,0.0
2010-09-24 00:00:00-04:00,17.523665627656378,17.657321439226966,17.414761343779173,17.469213485717773,4818245,0.0,0.0
2010-09-27 00:00:00-04:00,17.464263977968393,17.464263977968393,17.112799607119896,17.26625633239746,4271641,0.0,0.0
2010-09-28 00:00:00-04:00,17.25636087936739,17.6523763028628,16.96924977351992,17.602874755859375,5351615,0.0,0.0
2010-09-29 00:00:00-04:00,17.52367153887184,17.721679256011697,17.434568142345608,17.682077407836914,4191918,0.0,0.0
2010-09-30 00:00:00-04:00,17.74147969686546,18.01868957907032,17.573174132307944,17.677127838134766,3306249,0.0,0.0
2010-10-01 00:00:00-04:00,17.889985604098555,17.914735615376866,17.67217697193903,17.77613067626953,2984614,0.0,0.0
2010-10-04 00:00:00-04:00,17.810780008899574,18.206795384399072,17.642474464739276,17.85038185119629,3990028,0.0,0.0
2010-10-05 00:00:00-04:00,18.18699012408433,18.54340357225175,17.969181567152354,18.3948974609375,5201206,0.0,0.0
2010-10-06 00:00:00-04:00,18.469151037565787,18.93446877732471,18.43945042395854,18.894866943359375,7695700,0.0,0.0
2010-10-07 00:00:00-04:00,18.90971789097016,19.05822401150595,18.810714826435344,18.998821258544922,6631058,0.0,0.0
2010-10-08 00:00:00-04:00,18.949319463682443,19.231479869803483,18.880017014721734,19.132476806640625,4762245,0.0,0.0
2010-10-11 00:00:00-04:00,19.191885169877892,19.25623702737484,19.048329619707175,19.107730865478516,1997919,0.0,0.0
2010-10-12 00:00:00-04:00,18.97902715048462,19.177033334701072,18.78101944253418,19.107730865478516,5981008,0.0,0.0
2010-10-13 00:00:00-04:00,19.295838318661996,19.47899570990103,19.14238154945429,19.340389251708984,6287313,0.0,0.0
2010-10-14 00:00:00-04:00,19.290878813667675,19.50373672880705,19.132473029638366,19.20672607421875,6007475,0.0,0.0
2010-10-15 00:00:00-04:00,19.41464008330395,19.474042844224755,18.98397349502908,19.177030563354492,5627257,0.0,0.0
2010-10-18 00:00:00-04:00,19.18693014519334,19.31563535431926,19.05327432548044,19.226531982421875,3289950,0.0,0.0
2010-10-19 00:00:00-04:00,19.05822109405085,19.1225744475074,18.736458897968088,18.805761337280273,5541563,0.0,0.0
2010-10-20 00:00:00-04:00,18.825569042534248,19.137431655665377,18.825569042534248,19.023576736450195,3317869,0.0,0.0
2010-10-21 00:00:00-04:00,19.073076464189445,19.36018751686221,18.979023999422232,19.285934448242188,6684314,0.0,0.0
2010-10-22 00:00:00-04:00,19.078022776745367,19.55324017561809,18.820612400022608,19.478988647460938,7661971,0.0,0.0
2010-10-25 00:00:00-04:00,19.57304606070735,19.865107732636798,19.488893291606953,19.73640251159668,5199592,0.0,0.0
2010-10-26 00:00:00-04:00,19.558196852938448,19.736403623267414,19.280986998530665,19.642351150512695,6954308,0.0,0.0
2010-10-27 00:00:00-04:00,19.43938681662153,19.55324017561809,19.241379186157882,19.478988647460938,2599554,0.0,0.0
2010-10-28 00:00:00-04:00,19.66710394826414,19.672054560290185,19.256238195986047,19.350292205810547,2672983,0.0,0.0
2010-10-29 00:00:00-04:00,19.271082408544277,19.54334312778827,19.177028428490246,19.459190368652344,2870032,0.0,0.0
2010-11-01 00:00:00-04:00,19.553238818184926,19.775997958392075,19.498788209227573,19.632442474365234,4710441,0.0,0.0
2010-11-02 00:00:00-04:00,19.776001779636015,19.776001779636015,19.469089838233792,19.55819320678711,4102512,0.0,0.0
2010-11-03 00:00:00-04:00,19.51859401854195,19.751252930418605,19.360188177820323,19.612648010253906,3889487,0.0,0.0
2010-11-04 00:00:00-04:00,19.776002704944805,20.112615277036863,19.726501169817606,20.09776496887207,5500087,0.0,0.0
2010-11-05 00:00:00-04:00,20.03835679175065,20.345268664488053,19.929452529691144,20.310617446899414,3859147,0.0,0.0
2010-11-08 00:00:00-05:00,20.112617694754338,20.399728766232535,19.90471030798758,20.325475692749023,3757960,0.0,0.0
2010-11-09 00:00:00-05:00,20.33538174838943,20.384883301232374,20.033420295193018,20.132423400878906,3087253,0.0,0.0
2010-11-10 00:00:00-05:00,20.1076671557999,20.404677904560558,19.835406413924627,20.365076065063477,3939677,0.0,0.0
2010-11-11 00:00:00-05:00,21.082857438806876,21.285815759499016,20.964053422935425,21.246213912963867,23553820,0.0,0.0
2010-11-12 00:00:00-05:00,21.058107341632745,21.132360428022636,20.706644358036957,20.795747756958008,15695284,0.0,0.0
2010-11-15 00:00:00-05:00,20.909587715878878,20.98384074908427,20.7610816494681,20.884836196899414,16371962,0.0,0.0
2010-11-16 00:00:00-05:00,20.805644069220204,20.820494378245417,20.29577380904086,20.503681182861328,110115358,0.0,0.0
2010-11-17 00:00:00-05:00,20.63733496859904,20.63733496859904,20.082913836228002,20.24131965637207,14290286,0.0,0.0
2010-11-18 00:00:00-05:00,20.681887301666013,20.716540053302587,20.35022533120505,20.39972686767578,8563456,0.0,0.0
2010-11-19 00:00:00-05:00,20.275972617272604,20.40962844417519,20.092815253038356,20.251222610473633,8200344,0.0,0.0
2010-11-22 00:00:00-05:00,20.181919558371206,20.399728161133144,20.097766788661833,20.370027542114258,6978838,0.0,0.0
2010-11-23 00:00:00-05:00,20.08786609311005,20.142318241097637,19.73640167474157,19.87995719909668,8237624,0.0,0.0
2010-11-24 00:00:00-05:00,20.043316688320665,20.394779636354606,20.003714843088517,20.36012840270996,4897000,0.0,0.0
2010-11-26 00:00:00-05:00,20.206671626946562,20.39972870316655,20.03836455932201,20.21162223815918,1814104,0.0,0.0
2010-11-29 00:00:00-05:00,20.058174775879458,20.38488784011003,20.02847414230742,20.335386276245117,7397626,0.0,0.0
2010-11-30 00:00:00-05:00,20.058161166577815,20.44922584612506,19.96905780258308,20.2957706451416,5518323,0.0,0.0
2010-12-01 00:00:00-05:00,20.62249285305212,21.013557710194775,20.62249285305212,20.840301513671875,8719190,0.0,0.0
2010-12-02 00:00:00-05:00,20.860101172865516,21.157111995117567,20.751196849168473,21.132360458374023,4771444,0.0,0.0
2010-12-03 00:00:00-05:00,20.92939757686405,21.246209231875465,20.919496355544762,21.24125862121582,3956138,0.0,0.0
2010-12-06 00:00:00-05:00,21.15214841505296,21.38480723236096,20.978892335270356,21.295703887939453,3270422,0.0,0.0
2010-12-07 00:00:00-05:00,21.508573582031726,21.8303359201258,21.488772658669966,21.622426986694336,6917351,0.0,0.0
2010-12-08 00:00:00-05:00,21.627375384225136,21.756080611032534,21.488770458617406,21.607574462890625,4250339,0.0,0.0
2010-12-09 00:00:00-05:00,21.741225663049228,21.889731779511283,21.632321380808193,21.82537841796875,5779602,0.0,0.0
2010-12-10 00:00:00-05:00,21.870004660219493,22.112948973364066,21.800590473164302,22.01874542236328,4750303,0.043375,0.0
2010-12-13 00:00:00-05:00,22.112953564450457,22.311276147974606,21.899757054239483,22.207157135009766,4850844,0.0,0.0
2010-12-14 00:00:00-05:00,22.29144003527102,22.777330207909994,22.1774040726805,22.702959060668945,6429329,0.0,0.0
2010-12-15 00:00:00-05:00,22.707911822794692,22.921108243886547,22.628582212083106,22.812030792236328,6130610,0.0,0.0
2010-12-16 00:00:00-05:00,22.851705920433858,23.059943953384874,22.663298772962563,23.040111541748047,3291079,0.0,0.0
2010-12-17 00:00:00-05:00,23.154138971607725,23.476412870850197,23.119432645606633,23.302881240844727,8749530,0.0,0.0
2010-12-20 00:00:00-05:00,23.302883140244795,23.44666693858519,23.000441620659252,23.357421875,4266800,0.0,0.0
2010-12-21 00:00:00-05:00,23.407007438390316,23.476420111801808,23.21860030242454,23.37230110168457,5466358,0.0,0.0
2010-12-22 00:00:00-05:00,23.253292521923445,23.4069932278709,23.253292521923445,23.347496032714844,3838974,0.0,0.0
2010-12-23 00:00:00-05:00,23.352462781600792,23.352462781600792,23.21859442664368,23.243385314941406,3529926,0.0,0.0
2010-12-27 00:00:00-05:00,23.1987628311905,23.387169926055282,23.05498055774494,23.377254486083984,2304224,0.0,0.0
2010-12-28 00:00:00-05:00,23.382212716101762,23.471457785329363,23.29792613020813,23.426836013793945,3712934,0.0,0.0
2010-12-29 00:00:00-05:00,23.37725996537303,23.535917725197624,23.173978899826842,23.46650505065918,3013017,0.0,0.0
2010-12-30 00:00:00-05:00,23.42187751909214,23.550787402615388,23.31280004273837,23.481374740600586,2279209,0.0,0.0
2010-12-31 00:00:00-05:00,23.461531941891593,23.476405859141583,23.29295731869415,23.347496032714844,2489975,0.0,0.0
2011-01-03 00:00:00-05:00,23.53591538240353,23.70448856774347,23.43179485480311,23.630117416381836,5515419,0.0,0.0
2011-01-04 00:00:00-05:00,23.193810754482623,23.45658751981458,23.030194514354683,23.297929763793945,9030013,0.0,0.0
2011-01-05 00:00:00-05:00,23.233474699826726,23.550790199914786,23.18389291293545,23.43675422668457,5065322,0.0,0.0
2011-01-06 00:00:00-05:00,23.446669326898945,23.57557768930872,23.178934108871463,23.273136138916016,4738038,0.0,0.0
2011-01-07 00:00:00-05:00,23.362382936762746,23.461544983812196,22.93103146595074,23.104564666748047,5794449,0.0,0.0
2011-01-10 00:00:00-05:00,22.921117099999478,23.139272087589227,22.78229175377219,23.079774856567383,5417459,0.0,0.0
2011-01-11 00:00:00-05:00,23.233466928657027,23.37725070500341,23.089683152310645,23.198759078979492,7960529,0.0,0.0
2011-01-12 00:00:00-05:00,23.29792278696144,23.42683265204872,23.22355165225122,23.397083282470703,4309405,0.0,0.0
2011-01-13 00:00:00-05:00,23.372296057355694,23.42187630964081,23.124393269773442,23.2533016204834,3139218,0.0,0.0
2011-01-14 00:00:00-05:00,23.21860289360045,23.26818468827653,22.87153948781102,23.213645935058594,6156915,0.0,0.0
2011-01-18 00:00:00-05:00,23.223549964133035,23.367333740479417,23.144221878723286,23.198759078979492,3738594,0.0,0.0
2011-01-19 00:00:00-05:00,23.094640280852705,23.119431166191347,22.807072726012812,22.906234741210938,4462719,0.0,0.0
2011-01-20 00:00:00-05:00,22.643459077668563,22.732704138248522,22.445136551251252,22.63850212097168,7762674,0.0,0.0
2011-01-21 00:00:00-05:00,22.816993958572738,22.970693203184005,22.524467866716268,22.618671417236328,5092111,0.0,0.0
2011-01-24 00:00:00-05:00,22.494716255475794,22.896318228015584,22.494716255475794,22.87648582458496,4561969,0.0,0.0
2011-01-25 00:00:00-05:00,22.81699179593924,23.050020645460894,22.69799736672185,22.926069259643555,4267284,0.0,0.0
2011-01-26 00:00:00-05:00,22.98556265559092,23.297921093437225,22.950856332069822,23.198759078979492,4260022,0.0,0.0
2011-01-27 00:00:00-05:00,23.164054410683807,23.377252375463225,22.99548126329465,23.302881240844727,2835334,0.0,0.0
2011-01-28 00:00:00-05:00,23.322717564530553,23.511123147889926,22.80212106087148,22.866575241088867,3946939,0.0,0.0
2011-01-31 00:00:00-05:00,22.965738149632475,23.421880520672975,22.906242446656254,23.402048110961914,5891925,0.0,0.0
2011-02-01 00:00:00-05:00,23.516079797715733,23.714402332510435,23.461541062493275,23.635072708129883,8117071,0.0,0.0
2011-02-02 00:00:00-05:00,23.516082957960855,23.962308339676447,23.516082957960855,23.684656143188477,7871607,0.0,0.0
2011-02-03 00:00:00-05:00,23.714403215140045,23.714403215140045,23.11943558861176,23.387170791625977,5209275,0.0,0.0
2011-02-04 00:00:00-05:00,23.397089716858545,23.793734860289295,23.233475006888554,23.749113082885742,4313439,0.0,0.0
2011-02-07 00:00:00-05:00,23.823481209074213,24.170544520831932,23.744151580011433,24.086257934570312,4340229,0.0,0.0
2011-02-08 00:00:00-05:00,24.135836868357867,24.32920092091685,23.828436861803144,24.309370040893555,6880717,0.0,0.0
2011-02-09 00:00:00-05:00,22.74757370626101,23.38716288738237,22.70295042442843,22.931020736694336,25559162,0.0,0.0
2011-02-10 00:00:00-05:00,22.712876989451814,23.173976290485253,22.628588871725476,23.114479064941406,9606311,0.0,0.0
2011-02-11 00:00:00-05:00,23.01531968631519,23.590454983200964,22.970696383412083,23.54583168029785,6114472,0.0,0.0
2011-02-14 00:00:00-05:00,23.54582681346771,23.649945797178052,23.288008595635894,23.352462768554688,4788873,0.0,0.0
2011-02-15 00:00:00-05:00,23.21363953304773,23.48633169777538,22.96077824933279,23.481374740600586,6809709,0.0,0.0
2011-02-16 00:00:00-05:00,23.51112538086454,23.773902136297753,23.20372532246057,23.43675422668457,4895063,0.0,0.0
2011-02-17 00:00:00-05:00,23.327668934696323,23.387166143370962,23.154137317090843,23.198759078979492,5764916,0.0,0.0
2011-02-18 00:00:00-05:00,23.22851137944857,23.491288080168484,23.218594413672367,23.352462768554688,5478623,0.0,0.0
2011-02-22 00:00:00-05:00,23.07481452841994,23.297927982303985,22.782289933126243,22.861618041992188,6429814,0.0,0.0
2011-02-23 00:00:00-05:00,22.792204458393236,22.8417847152114,21.80059169124579,22.231943130493164,9407488,0.0,0.0
2011-02-24 00:00:00-05:00,22.177399305693868,22.445134462518446,22.01874160455595,22.182357788085938,6987230,0.0,0.0
2011-02-25 00:00:00-05:00,22.236896511812798,22.415386616329478,22.07823881070425,22.4005126953125,4034893,0.0,0.0
2011-02-28 00:00:00-05:00,22.410430658728576,22.653376483231405,22.266646862438122,22.460012435913086,4114293,0.0,0.0
2011-03-01 00:00:00-05:00,22.55917019028365,22.65337372407234,21.988993557518572,22.053447723388672,7506721,0.0,0.0
2011-03-02 00:00:00-05:00,21.988991622102112,22.28647459200908,21.884872658942488,22.068321228027344,5329990,0.0,0.0
2011-03-03 00:00:00-05:00,22.316228224519794,22.63850213944127,22.132779620356708,22.474885940551758,5985527,0.0,0.0
2011-03-04 00:00:00-05:00,22.509591416945952,22.5343823041395,22.073281569741482,22.246814727783203,6881363,0.0,0.0
2011-03-07 00:00:00-05:00,22.37076211480669,22.53933523390553,22.03857130608061,22.37571907043457,6202102,0.0,0.0
2011-03-08 00:00:00-05:00,22.380688213725445,23.00540380065683,22.326149466587793,22.80708122253418,4487410,0.0,0.0
2011-03-09 00:00:00-05:00,22.727628972825087,22.92625377707177,22.404863856984573,22.906391143798828,4871663,0.043375,0.0
2011-03-10 00:00:00-05:00,22.553828467425834,23.060321730757575,22.111889136204883,22.722660064697266,6946077,0.0,0.0
2011-03-11 00:00:00-05:00,22.658105654865075,23.229151271263284,22.618380396850046,23.105010986328125,3704058,0.0,0.0
2011-03-14 00:00:00-04:00,23.000733237970696,23.124875059139075,22.459482295531924,22.767349243164062,4270673,0.0,0.0
2011-03-15 00:00:00-04:00,22.121820156751912,23.04045958888928,21.90333427065273,22.886526107788086,5844801,0.0,0.0
2011-03-16 00:00:00-04:00,22.797147188320594,23.045427808930192,22.385000991272804,22.58362579345703,6188385,0.0,0.0
2011-03-17 00:00:00-04:00,22.931213364147563,23.249013899778664,22.78721045020794,22.961008071899414,3172624,0.0,0.0
2011-03-18 00:00:00-04:00,23.36322658346916,23.388055256606986,23.035496963249596,23.144739151000977,4673969,0.0,0.0
2011-03-21 00:00:00-04:00,23.412885252843164,24.0037936448756,23.34833131042986,23.92434310913086,3763770,0.0,0.0
2011-03-22 00:00:00-04:00,23.96407049633935,23.99386368563708,23.502268419809834,23.571786880493164,3440036,0.0,0.0
2011-03-23 00:00:00-04:00,23.5419921627125,23.661167976869294,23.253986237891315,23.571786880493164,2154945,0.0,0.0
2011-03-24 00:00:00-04:00,23.74061571251002,23.86475603254173,23.49730111322306,23.834962844848633,3517661,0.0,0.0
2011-03-25 00:00:00-04:00,23.914412556404162,24.103105286073735,23.76544356612417,23.92434310913086,3057074,0.0,0.0
2011-03-28 00:00:00-04:00,23.934270868005427,24.008753821211613,23.785301904628017,23.790267944335938,2598586,0.0,0.0
2011-03-29 00:00:00-04:00,23.705854661533426,23.954135282509025,23.482402714048476,23.914411544799805,1795545,0.0,0.0
2011-03-30 00:00:00-04:00,23.983927655213332,24.266967474357394,23.969031063966156,24.232208251953125,3103068,0.0,0.0
2011-03-31 00:00:00-04:00,24.073310078172856,24.202416423676667,23.978962957018226,23.988893508911133,4152218,0.0,0.0
2011-04-01 00:00:00-04:00,24.13289714617878,24.2421408625814,23.919375753705307,23.993860244750977,3881095,0.0,0.0
2011-04-04 00:00:00-04:00,23.99883300299318,24.01869564139762,23.661171207083996,23.810138702392578,3130342,0.0,0.0
2011-04-05 00:00:00-04:00,23.715788473871726,23.90944725009359,23.517163656892606,23.785306930541992,2960083,0.0,0.0
2011-04-06 00:00:00-04:00,23.844888482681256,23.889579783491367,23.566814712245137,23.745576858520508,2627473,0.0,0.0
2011-04-07 00:00:00-04:00,24.093169683033242,24.485453181957723,24.0137191639426,24.04351234436035,6924936,0.0,0.0
2011-04-08 00:00:00-04:00,24.167659038376673,24.23221145179939,23.7157875589693,23.825031280517578,3581730,0.0,0.0
2011-04-11 00:00:00-04:00,23.839924971676737,24.1130342423016,23.820062340314696,23.899511337280273,3425673,0.0,0.0
2011-04-12 00:00:00-04:00,23.725717713155962,23.834961432869544,23.34336469415842,23.373159408569336,3781683,0.0,0.0
2011-04-13 00:00:00-04:00,23.49233003605487,23.581711108455096,23.12983970674213,23.502262115478516,3590445,0.0,0.0
2011-04-14 00:00:00-04:00,23.34336090922533,23.388052209353997,23.075217693900857,23.199357986450195,2957017,0.0,0.0
2011-04-15 00:00:00-04:00,23.199361779689056,23.333434173514213,22.985840380452828,23.229156494140625,4316344,0.0,0.0
2011-04-18 00:00:00-04:00,22.98087714671383,23.005704293574546,22.658112009661767,22.936185836791992,3302860,0.0,0.0
2011-04-19 00:00:00-04:00,22.96597219541927,23.308599865168276,22.96597219541927,23.278806686401367,2664591,0.0,0.0
2011-04-20 00:00:00-04:00,23.68599324892579,24.480492499772737,23.45260920862571,24.247108459472656,7096486,0.0,0.0
2011-04-21 00:00:00-04:00,24.490430925309166,25.240237533020895,24.490430925309166,24.927404403686523,7384231,0.0,0.0
2011-04-25 00:00:00-04:00,24.80325545590278,24.996914210993967,24.654286477302165,24.917465209960938,3332878,0.0,0.0
2011-04-26 00:00:00-04:00,25.433879921209474,25.607675981430603,25.011803338248978,25.165735244750977,5492664,0.0,0.0
2011-04-27 00:00:00-04:00,25.210434972590402,25.334575275514783,24.79332428843615,25.220365524291992,4608609,0.0,0.0
2011-04-28 00:00:00-04:00,25.160779753678295,25.418990917350822,25.096227344880834,25.175676345825195,2411059,0.0,0.0
2011-04-29 00:00:00-04:00,25.265055308706543,25.36436693368036,25.051533939378555,25.07636260986328,3134861,0.0,0.0
2011-05-02 00:00:00-04:00,25.04159647495263,25.299807545688832,24.84297175135748,25.05152702331543,4670095,0.0,0.0
2011-05-03 00:00:00-04:00,24.942295725991894,25.334579329422027,24.768499579784333,25.091264724731445,4513231,0.0,0.0
2011-05-04 00:00:00-04:00,25.08628829679117,25.235257233849687,24.743660658645936,24.77842140197754,4280356,0.0,0.0
2011-05-05 00:00:00-04:00,24.669176994428007,25.081323050173282,24.371239129057027,24.45565414428711,5173448,0.0,0.0
2011-05-06 00:00:00-04:00,24.793322905010616,25.409058345183407,24.733735012678068,24.867807388305664,5158924,0.0,0.0
2011-05-09 00:00:00-04:00,24.88767273742241,25.463684542813127,24.862845591075935,25.260093688964844,3724392,0.0,0.0
2011-05-10 00:00:00-04:00,25.294853565251607,25.98507362419705,25.26506037747875,25.860933303833008,5184261,0.0,0.0
2011-05-11 00:00:00-04:00,25.736789165781342,25.851000444589946,24.84297990883388,25.006845474243164,4505646,0.0,0.0
2011-05-12 00:00:00-04:00,24.942291734855825,25.26009078806363,24.540077642495277,25.220365524291992,3197477,0.0,0.0
2011-05-13 00:00:00-04:00,25.185608876105523,25.29485259840752,24.619529159161363,24.887672424316406,3778133,0.0,0.0
2011-05-16 00:00:00-04:00,24.763530137165795,25.08133072605321,24.624493239299053,24.694011688232422,3247183,0.0,0.0
2011-05-17 00:00:00-04:00,24.51028050769982,24.554971807146046,23.91937223507382,24.05841064453125,5724571,0.0,0.0
2011-05-18 00:00:00-04:00,24.113037333550206,24.540080141373796,23.76047749227962,24.435802459716797,5108895,0.0,0.0
2011-05-19 00:00:00-04:00,24.500349639617276,24.991946284745474,24.500349639617276,24.857873916625977,4427053,0.0,0.0
2011-05-20 00:00:00-04:00,24.808223225206394,24.92739749930351,24.38614493258079,24.4209041595459,3711643,0.0,0.0
2011-05-23 00:00:00-04:00,24.023655262586306,24.078275592996825,23.715786742322777,23.914411544799805,2890366,0.0,0.0
2011-05-24 00:00:00-04:00,24.02862540410693,24.177594422986974,23.785310766520407,23.97896957397461,3363056,0.0,0.0
2011-05-25 00:00:00-04:00,23.810137876599732,24.445737698048237,23.765448088102048,24.316631317138672,3675171,0.0,0.0
2011-05-26 00:00:00-04:00,24.23221222878891,24.415940450782387,23.983931591302884,24.361318588256836,2257423,0.0,0.0
2011-05-27 00:00:00-04:00,24.49538859837686,24.624494953303657,24.316626423396,24.594701766967773,1965320,0.0,0.0
2011-05-31 00:00:00-04:00,24.823111166005745,24.852904342024548,24.420895647340654,24.77842140197754,2999138,0.0,0.0
2011-06-01 00:00:00-04:00,24.614566847708986,24.689051349436248,23.5568902858443,23.571786880493164,4909910,0.0,0.0
2011-06-02 00:00:00-04:00,23.661162418001023,23.98392749733461,23.4824002672465,23.70088768005371,3367414,0.0,0.0
2011-06-03 00:00:00-04:00,23.323500790069033,23.52212404372969,23.179497861227254,23.268878936767578,2899242,0.0,0.0
2011-06-06 00:00:00-04:00,23.189432517061498,23.492335019535282,22.83190815161816,22.936185836791992,3640635,0.0,0.0
2011-06-07 00:00:00-04:00,23.164601642521095,23.174533723108727,22.742524901131524,22.757421493530273,3996968,0.0,0.0
2011-06-08 00:00:00-04:00,22.762385057273878,22.762385057273878,22.216166538863742,22.255891799926758,5657597,0.0,0.0
2011-06-09 00:00:00-04:00,22.325407224139948,22.409822246124,22.206232985545846,22.310510635375977,5558669,0.0,0.0
2011-06-10 00:00:00-04:00,22.221131284216188,22.280719172339666,21.78415649494226,21.893400192260742,6123670,0.0,0.0
2011-06-13 00:00:00-04:00,21.913263643261434,21.992714163738356,21.22800978231924,21.257802963256836,7213004,0.0,0.0
2011-06-14 00:00:00-04:00,21.461395443662997,21.92816193805469,21.381944917010934,21.818918228149414,5626773,0.0,0.0
2011-06-15 00:00:00-04:00,21.57494746298974,21.774114731389083,21.31602756180023,21.410633087158203,4680424,0.074357,0.0
2011-06-16 00:00:00-04:00,21.45543996550188,21.843818188728445,21.316022298976307,21.72431755065918,6019740,0.0,0.0
2011-06-17 00:00:00-04:00,21.978250557749337,22.07783413478485,21.619747228152534,21.734268188476562,5328860,0.0,0.0
2011-06-20 00:00:00-04:00,21.684484559597657,21.79900555492032,21.505231307349774,21.77410888671875,4824216,0.0,0.0
2011-06-21 00:00:00-04:00,21.873690579499446,22.301902782932714,21.833856529722322,22.24713134765625,3798467,0.0,0.0
2011-06-22 00:00:00-04:00,22.112692818307462,22.42140441911505,22.0579213805405,22.097755432128906,5325632,0.0,0.0
2011-06-23 00:00:00-04:00,21.759170873304736,22.232196826855443,21.515189969151606,22.177425384521484,9433309,0.0,0.0
2011-06-24 00:00:00-04:00,22.157513470614465,22.247139348511453,21.440506447438548,21.475360870361328,8355594,0.0,0.0
2011-06-27 00:00:00-04:00,21.51518772951735,21.938420304039834,21.36581080548901,21.674522399902344,5173287,0.0,0.0
2011-06-28 00:00:00-04:00,21.729286678244225,21.803973582985883,21.62472194627018,21.709369659423828,5362428,0.0,0.0
2011-06-29 00:00:00-04:00,21.858750286057145,21.98821017335348,21.68447977775044,21.868709564208984,5901930,0.0,0.0
2011-06-30 00:00:00-04:00,21.958337180944373,22.74007314171427,21.918503130450382,22.610614776611328,9835959,0.0,0.0
2011-07-01 00:00:00-04:00,22.64048531302961,23.511848490748395,22.55085948251767,23.432180404663086,5932270,0.0,0.0
2011-07-05 00:00:00-04:00,23.362475454586146,23.40230950420842,22.750031922815747,22.82472038269043,6205653,0.0,0.0
2011-07-06 00:00:00-04:00,22.774927228431583,23.01392844657173,22.695259133939384,22.919322967529297,4687363,0.0,0.0
2011-07-07 00:00:00-04:00,23.213101827991462,23.342561741295675,23.048787499490178,23.287790298461914,4326511,0.0,0.0
2011-07-08 00:00:00-04:00,22.924308257575607,23.11849736993379,22.715181756985043,22.914350509643555,5365010,0.0,0.0
2011-07-11 00:00:00-04:00,22.520983714973884,22.74504751495471,22.27700136168952,22.42637825012207,4202892,0.0,0.0
2011-07-12 00:00:00-04:00,22.32679696689654,22.670362949472242,22.197338609618146,22.511028289794922,6112858,0.0,0.0
2011-07-13 00:00:00-04:00,22.70521681478561,23.1583256524167,22.64546727675477,22.859573364257812,7961336,0.0,0.0
2011-07-14 00:00:00-04:00,22.884471890903185,23.188205395871393,22.45625965233856,22.5209903717041,6705617,0.0,0.0
2011-07-15 00:00:00-04:00,22.65044737325292,22.784886910970858,22.2172555211272,22.281986236572266,5421332,0.0,0.0
2011-07-18 00:00:00-04:00,22.13260361865212,22.22222944318193,21.58489092771126,21.679494857788086,6774366,0.0,0.0
2011-07-19 00:00:00-04:00,21.784066150309815,22.232195407770547,21.774106870883788,22.157506942749023,4785000,0.0,0.0
2011-07-20 00:00:00-04:00,22.306874255446516,22.57077360723336,22.212270331197065,22.29193687438965,4984792,0.0,0.0
2011-07-21 00:00:00-04:00,20.813116126014478,21.037179955636624,20.19569300263807,20.429716110229492,26074780,0.0,0.0
2011-07-22 00:00:00-04:00,20.185737667412727,20.618929526760436,20.001506329666796,20.106069564819336,11080866,0.0,0.0
2011-07-25 00:00:00-04:00,19.92183589810395,19.961669944743832,19.75752313788379,19.79735565185547,12773771,0.0,0.0
2011-07-26 00:00:00-04:00,19.782416778227088,19.90191737648201,19.478684877633587,19.717687606811523,9646980,0.0,0.0
2011-07-27 00:00:00-04:00,19.458767921248988,19.48366458177536,18.71686460344575,18.731801986694336,13259049,0.0,0.0
2011-07-28 00:00:00-04:00,18.841353973268678,18.950896880411925,18.582435628568227,18.6123104095459,11211263,0.0,0.0
2011-07-29 00:00:00-04:00,18.36832144392223,18.751719919034088,18.3085703753587,18.632219314575195,11612299,0.0,0.0
2011-08-01 00:00:00-04:00,18.856285174926267,18.876200665643587,18.28865384010918,18.557531356811523,6728694,0.0,0.0
2011-08-02 00:00:00-04:00,18.343427301877174,18.50276197393162,17.536794662475586,17.536794662475586,9339707,0.0,0.0
2011-08-03 00:00:00-04:00,17.601521519356375,17.62641664638432,16.939284778522676,17.342601776123047,13549700,0.0,0.0
2011-08-04 00:00:00-04:00,17.043851434593687,17.11356025035871,16.242196987959534,16.32186508178711,16319997,0.0,0.0
2011-08-05 00:00:00-04:00,16.625594588506015,16.69530339412922,15.540125397703566,15.863774299621582,21106449,0.0,0.0
2011-08-08 00:00:00-04:00,15.435565097884842,15.759214060789972,14.618973231754303,14.6936616897583,19853958,0.0,0.0
2011-08-09 00:00:00-04:00,14.808185603603949,15.052166492445366,13.961718886899666,14.97747802734375,28995970,0.0,0.0
2011-08-10 00:00:00-04:00,14.59407855937153,14.643870355382424,13.98661466310097,14.046365737915039,22180775,0.0,0.0
2011-08-11 00:00:00-04:00,14.180804284184855,14.728517126643805,13.966698173726456,14.489514350891113,23059666,0.0,0.0
2011-08-12 00:00:00-04:00,14.75341454160048,15.316066331426953,14.59407986055857,15.131834983825684,12924019,0.0,0.0
2011-08-15 00:00:00-04:00,15.276235432575964,15.689510373725392,15.226443621843586,15.63473892211914,9504317,0.0,0.0
2011-08-16 00:00:00-04:00,15.50029847844865,15.878718977608901,15.301129714013323,15.385777473449707,9526588,0.0,0.0
2011-08-17 00:00:00-04:00,15.490339950518022,15.525194367590322,14.85797927020378,14.94760513305664,7808184,0.0,0.0
2011-08-18 00:00:00-04:00,14.449680348907755,14.449680348907755,13.71773624334233,13.842216491699219,11279689,0.0,0.0
2011-08-19 00:00:00-04:00,13.692834896828867,14.210672736781962,13.62810574158512,13.722709655761719,9775440,0.0,0.0
2011-08-22 00:00:00-04:00,14.101136219828733,14.106115859434848,13.528526710514102,13.628111839294434,8691432,0.0,0.0
2011-08-23 00:00:00-04:00,13.677904022519485,14.494494438171387,13.498652318335562,14.494494438171387,10184384,0.0,0.0
2011-08-24 00:00:00-04:00,14.479553228229477,15.017308198785365,14.37001191141375,14.987433433532715,9875820,0.0,0.0
2011-08-25 00:00:00-04:00,15.072077189315365,15.17664038348022,14.499467907554488,14.788262367248535,11832426,0.0,0.0
2011-08-26 00:00:00-04:00,14.663783283934862,15.809001935605728,14.609011863822992,15.714396476745605,13404940,0.0,0.0
2011-08-29 00:00:00-04:00,15.973323244517893,16.282034882040715,15.908594052489745,16.212326049804688,7638248,0.0,0.0
2011-08-30 00:00:00-04:00,16.142608715660486,16.53596636620277,15.96335708926988,16.391569137573242,6922031,0.0,0.0
2011-08-31 00:00:00-04:00,16.511074934138488,16.94924639622561,16.491157910164684,16.685348510742188,8203733,0.0,0.0
2011-09-01 00:00:00-04:00,16.65547471771941,16.73016318570648,16.117719587414697,16.1973876953125,7048555,0.0,0.0
2011-09-02 00:00:00-04:00,15.734321859661502,16.2422022919946,15.649675631828892,16.12270164489746,8805530,0.0,0.0
2011-09-06 00:00:00-04:00,15.774145714047084,16.391568645371702,15.649665506828564,16.356714248657227,9421044,0.0,0.0
2011-09-07 00:00:00-04:00,16.62559931609153,17.21812586504512,16.57580751686894,17.158374786376953,9288387,0.0,0.0
2011-09-08 00:00:00-04:00,16.99903824188182,17.282853152208165,16.540951287086358,16.605680465698242,9142497,0.0,0.0
2011-09-09 00:00:00-04:00,16.360820014909237,16.510736376038786,15.881088274575962,16.125951766967773,10151946,0.074357,0.0
2011-09-12 00:00:00-04:00,15.80113908456579,16.370818978687108,15.656220299120372,16.330841064453125,7347759,0.0,0.0
2011-09-13 00:00:00-04:00,16.35082213789221,16.88552302200317,16.28585921223715,16.600683212280273,6882331,0.0,0.0
2011-09-14 00:00:00-04:00,16.740606929013865,17.100404963598823,16.155934353711707,16.81556510925293,9423949,0.0,0.0
2011-09-15 00:00:00-04:00,17.050426362915445,17.45020213475302,16.680633235594787,17.435209274291992,9242877,0.0,0.0
2011-09-16 00:00:00-04:00,17.919942589327764,18.459638006733094,17.53016042925318,17.83998680114746,18502538,0.0,0.0
2011-09-19 00:00:00-04:00,17.445208093772383,17.445208093772383,16.555706895848015,16.810564041137695,10665305,0.0,0.0
2011-09-20 00:00:00-04:00,16.900515097811613,17.040436198170053,16.565702135436172,16.590688705444336,7261580,0.0,0.0
2011-09-21 00:00:00-04:00,16.475748223330456,16.870527925049192,15.876086085803696,15.886079788208008,7333234,0.0,0.0
2011-09-22 00:00:00-04:00,15.256439880296142,15.386367295384495,14.861661550830073,15.106523513793945,11389430,0.0,0.0
2011-09-23 00:00:00-04:00,15.076537216813723,15.696189946470085,14.971596400872619,15.491304397583008,6841824,0.0,0.0
2011-09-26 00:00:00-04:00,15.686198828278979,16.33083675700744,15.266433915947362,16.295856475830078,6772752,0.0,0.0
2011-09-27 00:00:00-04:00,16.680640479863197,17.075418802996158,16.23589054809891,16.345829010009766,7765256,0.0,0.0
2011-09-28 00:00:00-04:00,16.290861337986424,16.640664170082836,15.721180022824084,15.741168975830078,6656234,0.0,0.0
2011-09-29 00:00:00-04:00,16.130951397522846,16.365819674705797,15.511298463362566,15.971039772033691,6069930,0.0,0.0
2011-09-30 00:00:00-04:00,13.15262173236753,14.072105870318937,13.057674591101,14.037125587463379,33282136,0.0,0.0
2011-10-03 00:00:00-04:00,13.992145402823601,14.147059350949124,13.207586572830104,13.232571601867676,11146064,0.0,0.0
2011-10-04 00:00:00-04:00,12.98271206368381,13.817244026963136,12.922745225314364,13.78226375579834,15976897,0.0,0.0
2011-10-05 00:00:00-04:00,13.857229771947335,14.012142269435357,13.60237248720597,13.912199020385742,11682501,0.0,0.0
2011-10-06 00:00:00-04:00,13.877209266472565,14.052110602145323,13.687315069282702,14.032121658325195,10768590,0.0,0.0
2011-10-07 00:00:00-04:00,14.222018749737005,14.232012454579477,13.742287076832545,13.862220764160156,13815982,0.0,0.0
2011-10-10 00:00:00-04:00,13.937176619089207,14.261994312306676,13.937176619089207,14.192033767700195,10306390,0.0,0.0
2011-10-11 00:00:00-04:00,14.132064077728108,14.466875371275666,14.052108315458728,14.39191722869873,11077961,0.0,0.0
2011-10-12 00:00:00-04:00,14.491876554144872,15.146508480902524,14.466889968673092,14.9616117477417,10036558,0.0,0.0
2011-10-13 00:00:00-04:00,14.736728704161179,14.76671135596682,14.396919676953122,14.631786346435547,6524868,0.0,0.0
2011-10-14 00:00:00-04:00,14.881649847423578,15.291419487868588,14.846669568539365,15.256439208984375,5561090,0.0,0.0
2011-10-17 00:00:00-04:00,15.15149104469329,15.241440509494208,14.456881886920494,14.501855850219727,5612894,0.0,0.0
2011-10-18 00:00:00-04:00,14.546835214277362,15.251439873181344,14.361940134465158,15.141501426696777,9215765,0.0,0.0
2011-10-19 00:00:00-04:00,15.151494919662037,15.376367870073974,14.78669934739513,14.856659889221191,9451222,0.0,0.0
2011-10-20 00:00:00-04:00,14.9116309240664,14.931619872482635,13.302533651285179,13.682320594787598,20484157,0.0,0.0
2011-10-21 00:00:00-04:00,13.777262606166927,13.962159156799315,13.542394472126517,13.962159156799316,12017532,0.0,0.0
2011-10-24 00:00:00-04:00,14.027125724164863,14.90663166697151,14.027125724164863,14.741724014282227,11290502,0.0,0.0
2011-10-25 00:00:00-04:00,14.601803128536115,15.016570307381212,14.286980682173331,14.801691055297852,11875515,0.0,0.0
2011-10-26 00:00:00-04:00,15.041552830642633,15.286414667530188,14.706739989605804,15.171480178833008,11041166,0.0,0.0
2011-10-27 00:00:00-04:00,15.661214702009492,16.026008864309553,15.426346426943304,15.741168975830078,10252165,0.0,0.0
2011-10-28 00:00:00-04:00,15.646211272626962,16.19090564431982,15.536272874402586,16.16092300415039,7165396,0.0,0.0
2011-10-31 00:00:00-04:00,15.81112392215062,15.911068651655011,15.496301485168173,15.556266784667969,9255142,0.0,0.0
2011-11-01 00:00:00-04:00,14.961599559595228,15.676199324633359,14.726731385025149,15.346384048461914,10212949,0.0,0.0
2011-11-02 00:00:00-04:00,15.586260351043595,16.320848017548222,15.476321851538989,16.165935516357422,11010826,0.0,0.0
2011-11-03 00:00:00-04:00,16.360814659487588,16.50573335095541,15.856098049644867,16.465755462646484,8207445,0.0,0.0
2011-11-04 00:00:00-04:00,16.340824067141952,16.34582168722717,15.996017507110585,16.22089195251465,6503727,0.0,0.0
2011-11-07 00:00:00-05:00,16.260871785623287,16.390799168283074,15.681196953912607,16.12095069885254,6437399,0.0,0.0
2011-11-08 00:00:00-05:00,16.200906484551755,16.3208386248977,15.78613930719355,16.12095069885254,7549649,0.0,0.0
2011-11-09 00:00:00-05:00,15.596252516144022,15.721182337170104,14.961608163937509,15.041563987731934,14364844,0.0,0.0
2011-11-10 00:00:00-05:00,15.291421506239553,15.371377318930385,14.866658943175453,14.981595039367676,8878636,0.0,0.0
2011-11-11 00:00:00-05:00,15.261434682102696,15.74116481276208,15.211461543702423,15.69619083404541,7805441,0.0,0.0
2011-11-14 00:00:00-05:00,15.566268027289667,15.766156025149527,15.426346890248796,15.586256980895996,4982371,0.0,0.0
2011-11-15 00:00:00-05:00,15.466321920050769,16.001022921763337,15.406356602627527,15.881089210510254,5490243,0.0,0.0
2011-11-16 00:00:00-05:00,15.641225749003498,16.155936289746816,15.481314124955553,15.741168975830078,6580706,0.0,0.0
2011-11-17 00:00:00-05:00,15.621229264371136,15.661207151108167,14.96159874781807,15.061543464660645,7107783,0.0,0.0
2011-11-18 00:00:00-05:00,15.226460033714128,15.79114224715677,15.066548392877046,15.591254234313965,7358249,0.0,0.0
2011-11-21 00:00:00-05:00,15.326404192576941,15.77615186396471,15.201474369313875,15.521294593811035,11106042,0.0,0.0
2011-11-22 00:00:00-05:00,15.446330983466046,15.551273351879205,15.176482475124573,15.376370429992676,5199431,0.0,0.0
2011-11-23 00:00:00-05:00,15.186478824233962,15.22645672575801,14.621795195265602,14.65677547454834,5100665,0.0,0.0
2011-11-25 00:00:00-05:00,14.576816558837892,14.946609761666691,14.521848878733872,14.57681655883789,2170760,0.0,0.0
2011-11-28 00:00:00-05:00,15.13650206675053,15.511291305071973,15.026563644063812,15.401352882385254,7846593,0.0,0.0
2011-11-29 00:00:00-05:00,15.531286948948187,15.881089773665702,15.421348478836011,15.45133113861084,5940339,0.0,0.0
2011-11-30 00:00:00-05:00,16.120948421488087,16.58069104790618,16.120948421488087,16.55070686340332,8031861,0.0,0.0
2011-12-01 00:00:00-05:00,16.395800999568593,16.840550941665857,16.31584519333825,16.70562744140625,7469926,0.0,0.0
2011-12-02 00:00:00-05:00,16.930496248611743,17.10539914673951,16.575695907563315,16.60567855834961,5296099,0.0,0.0
2011-12-05 00:00:00-05:00,16.945490695906386,17.38024690341813,16.93549698987076,17.080415725708008,4262443,0.0,0.0
2011-12-06 00:00:00-05:00,16.77559180965371,16.99546878848072,16.715624941372628,16.825563430786133,5601758,0.0,0.0
2011-12-07 00:00:00-05:00,16.72061558473129,16.885523250008923,16.28086181065761,16.780582427978516,7680369,0.0,0.0
2011-12-08 00:00:00-05:00,16.5856958018145,16.78058771927099,16.0759828571997,16.135948181152344,4767571,0.0,0.0
2011-12-09 00:00:00-05:00,16.18091832702702,16.680637397402265,16.125949106229506,16.5806941986084,4966072,0.0,0.0
2011-12-12 00:00:00-05:00,16.355003070942715,16.40515759960364,15.93873036328922,16.104236602783203,4256633,0.074357,0.0
2011-12-13 00:00:00-05:00,16.16943989972862,16.26974588825694,15.40209306671935,15.507414817810059,5780248,0.0,0.0
2011-12-14 00:00:00-05:00,15.351936392739036,15.432180855570529,15.040985432774782,15.2315673828125,7005789,0.0,0.0
2011-12-15 00:00:00-05:00,15.477314375981104,15.562574571283598,15.291746706394195,15.532483100891113,6207751,0.0,0.0
2011-12-16 00:00:00-05:00,15.65787541470393,15.923687674905574,15.326862872258172,15.372001647949219,10617052,0.0,0.0
2011-12-19 00:00:00-05:00,15.462271398920926,15.507408612561163,14.885506792420939,14.95572280883789,4360079,0.0,0.0
2011-12-20 00:00:00-05:00,15.261664466016297,15.818366267675838,15.236587196332437,15.768213272094727,6393341,0.0,0.0
2011-12-21 00:00:00-05:00,15.748151351579223,15.823381614868747,15.356954291231009,15.507414817810059,7152486,0.0,0.0
2011-12-22 00:00:00-05:00,15.622765929714205,15.758179149846525,15.462275444030618,15.61775016784668,5174739,0.0,0.0
2011-12-23 00:00:00-05:00,15.703014014749414,15.723075523050362,15.572616526473322,15.667906761169434,2683796,0.0,0.0
2011-12-27 00:00:00-05:00,15.602708983291427,15.743138006307975,15.557570200872219,15.647846221923828,2770943,0.0,0.0
2011-12-28 00:00:00-05:00,15.612734597872285,15.637811863731772,15.061048643040937,15.186431884765625,3092579,0.0,0.0
2011-12-29 00:00:00-05:00,15.211510924965753,15.45726324387893,15.19145096044608,15.366987228393555,2314391,0.0,0.0
2011-12-30 00:00:00-05:00,15.331873137946152,15.382026114454318,15.156335404488543,15.281720161437988,2289215,0.0,0.0
2012-01-03 00:00:00-05:00,15.667911477349199,16.17947623354209,15.667911477349199,16.099231719970703,5200238,0.0,0.0
2012-01-04 00:00:00-05:00,16.029000470128093,16.2095523844342,15.86349583516892,15.97884750366211,3785234,0.0,0.0
2012-01-05 00:00:00-05:00,15.92870355791139,16.244668814991112,15.743135778732551,16.159408569335938,4396874,0.0,0.0
2012-01-06 00:00:00-05:00,16.244669252474676,16.334946806970525,16.039041504839954,16.05910301208496,3901752,0.0,0.0
2012-01-09 00:00:00-05:00,16.11928113686233,16.349987628825808,15.913653451137709,16.274757385253906,3191668,0.0,0.0
2012-01-10 00:00:00-05:00,16.62582892838075,16.95182714809167,16.500445710239354,16.615798950195312,7133927,0.0,0.0
2012-01-11 00:00:00-05:00,16.485401258685187,16.831459461796374,16.42521829729973,16.711091995239258,5668571,0.0,0.0
2012-01-12 00:00:00-05:00,16.816417635218933,17.69410197881547,16.630849858924517,17.57874870300293,8512781,0.0,0.0
2012-01-13 00:00:00-05:00,17.39317715650341,17.493484666724914,16.97188870114555,17.022043228149414,7126987,0.0,0.0
2012-01-17 00:00:00-05:00,17.22265615829788,17.31794636025178,16.91671941966993,16.95684242248535,4950902,0.0,0.0
2012-01-18 00:00:00-05:00,16.99696958433136,17.488472629621917,16.876602090218256,17.373119354248047,6760164,0.0,0.0
2012-01-19 00:00:00-05:00,17.28284496812946,17.297890713330943,16.741188878155818,17.202600479125977,7227529,0.0,0.0
2012-01-20 00:00:00-05:00,17.097270977965326,17.13739243240832,16.73616553769036,17.057147979736328,4857461,0.0,0.0
2012-01-23 00:00:00-05:00,17.08222531456292,17.493483769703456,17.057149596133033,17.383146286010742,5430208,0.0,0.0
2012-01-24 00:00:00-05:00,17.242714774400373,18.035138615101086,17.222654818339546,17.618865966796875,9930206,0.0,0.0
2012-01-25 00:00:00-05:00,17.503516205514952,18.000034951834976,17.378132964405395,17.904743194580078,6282148,0.0,0.0
2012-01-26 00:00:00-05:00,18.04015773610303,18.105354921123187,17.493486008866025,17.553668975830078,5753781,0.0,0.0
2012-01-27 00:00:00-05:00,17.503514053181625,17.6991117617578,17.353053564837104,17.633913040161133,3678882,0.0,0.0
2012-01-30 00:00:00-05:00,17.443336638696405,18.090316075262244,17.338014871563093,18.00004005432129,4856170,0.0,0.0
2012-01-31 00:00:00-05:00,18.08529811817515,18.190619872532853,17.493489062412866,17.52358055114746,6960440,0.0,0.0
2012-02-01 00:00:00-05:00,17.75929703854229,17.889696031195328,17.533606296205928,17.643943786621094,11128635,0.0,0.0
2012-02-02 00:00:00-05:00,17.739230860551956,18.376178371410788,17.734215100367997,18.185596466064453,10363842,0.0,0.0
2012-02-03 00:00:00-05:00,18.416312096236286,18.88775372931889,18.36615909232655,18.81753921508789,6263266,0.0,0.0
2012-02-06 00:00:00-05:00,18.72726115352245,18.80249142309749,18.5617548692147,18.732276916503906,4795651,0.0,0.0
2012-02-07 00:00:00-05:00,18.636983374695195,19.003103161952204,18.6018761247215,18.837596893310547,9853711,0.0,0.0
2012-02-08 00:00:00-05:00,19.635028201209053,19.86071890806463,18.983034884229834,19.05324935913086,13258565,0.0,0.0
2012-02-09 00:00:00-05:00,19.288978940332903,19.354179228374896,18.792461626298483,19.02316665649414,4967847,0.0,0.0
2012-02-10 00:00:00-05:00,18.80248426011862,19.063282222787162,18.682116800925666,19.048234939575195,6488880,0.0,0.0
2012-02-13 00:00:00-05:00,19.13349899565024,19.67515494261146,19.09839175152051,19.524694442749023,8205831,0.0,0.0
2012-02-14 00:00:00-05:00,19.37925217052734,19.554789957299093,19.178638659778542,19.50965118408203,4268575,0.0,0.0
2012-02-15 00:00:00-05:00,19.60494001275059,19.971059730816314,19.20371305134593,19.685184478759766,6163532,0.0,0.0
2012-02-16 00:00:00-05:00,19.619983447128647,20.56286623244906,19.619983447128647,20.502681732177734,9958287,0.0,0.0
2012-02-17 00:00:00-05:00,20.75345934811459,20.788566603628112,20.40238524919257,20.52275276184082,7573856,0.0,0.0
2012-02-21 00:00:00-05:00,20.53779410097803,20.66317735001988,20.241890374256766,20.5578556060791,10394021,0.0,0.0
2012-02-22 00:00:00-05:00,20.517734552758007,20.65816354750638,20.407397044373862,20.477611541748047,5040630,0.0,0.0
2012-02-23 00:00:00-05:00,20.40237808227539,20.46256258935139,20.076381370573014,20.40237808227539,6290217,0.0,0.0
2012-02-24 00:00:00-05:00,20.537793270699474,20.567886299027748,20.256935298211605,20.302072525024414,5350647,0.0,0.0
2012-02-27 00:00:00-05:00,20.056317091008466,20.332160780511128,19.74536616318602,20.226839065551758,5616121,0.0,0.0
2012-02-28 00:00:00-05:00,20.256936348158877,20.256936348158877,19.895832339794257,20.106475830078125,8012656,0.0,0.0
2012-02-29 00:00:00-05:00,20.161638675699894,20.302067628071715,19.84065777205401,20.001148223876953,7680853,0.0,0.0
2012-03-01 00:00:00-05:00,20.071370471441963,20.30207548877686,20.036263219755927,20.12653923034668,3959043,0.0,0.0
2012-03-02 00:00:00-05:00,20.0462846922501,20.312098392225398,19.830625510925298,19.910871505737305,4665900,0.0,0.0
2012-03-05 00:00:00-05:00,19.82561723478228,19.82561723478228,19.143530705852726,19.419374465942383,6022483,0.0,0.0
2012-03-06 00:00:00-05:00,19.118453323208573,19.118453323208573,18.727256330915985,18.887746810913086,7780588,0.0,0.0
2012-03-07 00:00:00-05:00,18.998082651384344,19.324079344686844,18.86768366530611,19.238819122314453,7660196,0.0,0.0
2012-03-08 00:00:00-05:00,19.455385390854104,19.893545661725007,19.440275079571904,19.767637252807617,4197244,0.099143,0.0
2012-03-09 00:00:00-05:00,19.7223165002503,19.964061395272893,19.520862679440295,19.76260757446289,6282148,0.0,0.0
2012-03-12 00:00:00-04:00,19.82303609733316,20.23098037624146,19.772673046305048,20.15039825439453,7510756,0.0,0.0
2012-03-13 00:00:00-04:00,20.457623363716994,20.518058425329365,20.190696157334813,20.44754981994629,6715138,0.0,0.0
2012-03-14 00:00:00-04:00,20.492874371593995,20.59360049158866,19.913693755740166,20.321638107299805,7526571,0.0,0.0
2012-03-15 00:00:00-04:00,20.331704755706856,20.638922906530073,20.17557884567165,20.56841278076172,5856259,0.0,0.0
2012-03-16 00:00:00-04:00,20.638929844024855,20.850455641674507,20.62885630113516,20.689292907714844,8644147,0.0,0.0
2012-03-19 00:00:00-04:00,20.613742405072163,20.648996695903556,20.457616481426335,20.588560104370117,4950579,0.0,0.0
2012-03-20 00:00:00-04:00,20.41733169555664,20.50798583559262,20.16551481215147,20.41733169555664,5058382,0.0,0.0
2012-03-21 00:00:00-04:00,20.47272616941506,20.5533067448585,20.281344396013424,20.487834930419922,5530266,0.0,0.0
2012-03-22 00:00:00-04:00,20.19069013930474,20.447543725358525,20.059744961085798,20.37703514099121,6282310,0.0,0.0
2012-03-23 00:00:00-04:00,20.397173683179943,20.452573487664722,19.953975247301706,20.361919403076172,6372523,0.0,0.0
2012-03-26 00:00:00-04:00,20.613743141749694,21.046868187586906,20.613743141749694,20.96628761291504,5841250,0.0,0.0
2012-03-27 00:00:00-04:00,21.011616997471243,21.142562194678714,20.87059980828753,20.895780563354492,4620067,0.0,0.0
2012-03-28 00:00:00-04:00,20.825272609674208,20.996508880562004,20.35689318818349,20.548274993896484,6060408,0.0,0.0
2012-03-29 00:00:00-04:00,20.4072512704925,20.779941248438426,20.34177946097614,20.7346134185791,5534785,0.0,0.0
2012-03-30 00:00:00-04:00,20.936065515030176,21.07708421326623,20.583522645070726,20.825265884399414,6808256,0.0,0.0
2012-04-02 00:00:00-04:00,20.79001259881368,21.19292008410504,20.699358492135737,20.986431121826172,5405678,0.0,0.0
2012-04-03 00:00:00-04:00,20.895778105273045,21.016651296285325,20.638926062440184,20.820234298706055,3770386,0.0,0.0
2012-04-04 00:00:00-04:00,20.588559376685417,20.790013124424227,20.497905267715574,20.754758834838867,4529370,0.0,0.0
2012-04-05 00:00:00-04:00,20.65906773768013,20.845412723664747,20.548269650333665,20.618778228759766,5919037,0.0,0.0
2012-04-09 00:00:00-04:00,20.210838610161147,20.26120167056966,19.989239284060424,20.125221252441406,5087754,0.0,0.0
2012-04-10 00:00:00-04:00,20.074857409821504,20.18565551830192,19.42013144901117,19.46042251586914,6046529,0.0,0.0
2012-04-11 00:00:00-04:00,19.74749469213227,19.848222364571004,19.520860142087436,19.64676856994629,4094282,0.0,0.0
2012-04-12 00:00:00-04:00,19.656829374522264,20.3367357381985,19.626611865115095,20.26119041442871,4058616,0.0,0.0
2012-04-13 00:00:00-04:00,20.19069427094355,20.241057334332822,19.888514340355087,19.98420524597168,4446903,0.0,0.0
2012-04-16 00:00:00-04:00,20.11010314283788,20.236011510467506,19.79281306424994,19.908649444580078,4865691,0.0,0.0
2012-04-17 00:00:00-04:00,20.115146287375286,20.30652807374417,19.928802822019414,20.175582885742188,6361871,0.0,0.0
2012-04-18 00:00:00-04:00,20.074856507680927,20.53316233427343,19.94391132140338,20.39214515686035,7040486,0.0,0.0
2012-04-19 00:00:00-04:00,20.397179494096676,20.654033065314128,20.079889332518523,20.210834503173828,7166203,0.0,0.0
2012-04-20 00:00:00-04:00,20.110110459082875,20.976360591564863,19.9892372660022,20.45258140563965,11009696,0.0,0.0
2012-04-23 00:00:00-04:00,20.135288279239465,20.49790470516713,20.019453423889008,20.266233444213867,7544000,0.0,0.0
2012-04-24 00:00:00-04:00,20.37704059601817,21.097236943643445,20.35689505934124,20.880674362182617,6734666,0.0,0.0
2012-04-25 00:00:00-04:00,21.097230682378196,21.278538908408724,20.981395818679637,21.137521743774414,5030140,0.0,0.0
2012-04-26 00:00:00-04:00,21.102274855955386,21.137529159482277,20.85549473126714,20.915929794311523,5074521,0.0,0.0
2012-04-27 00:00:00-04:00,21.067011013402254,21.575681348469722,20.991465668550283,21.45984649658203,4831478,0.0,0.0
2012-04-30 00:00:00-04:00,21.399409597624313,21.64115438756397,21.344009782226735,21.414518356323242,7331298,0.0,0.0
2012-05-01 00:00:00-04:00,21.429632049324315,22.064210912560775,21.32386916382701,21.756994247436523,8285070,0.0,0.0
2012-05-02 00:00:00-04:00,21.5907944138141,21.615976717204962,21.318832048253725,21.379268646240234,8134016,0.0,0.0
2012-05-03 00:00:00-04:00,21.409490299588,21.439709379536243,21.07205605048043,21.162710189819336,6977224,0.0,0.0
2012-05-04 00:00:00-04:00,21.04686763075915,21.187884795393458,20.910887236362484,21.137521743774414,8426119,0.0,0.0
2012-05-07 00:00:00-04:00,21.09723099918681,21.57064710207034,21.092195779126012,21.490066528320312,6667208,0.0,0.0
2012-05-08 00:00:00-04:00,21.293651043740525,21.35912286143021,20.800089374975474,21.28861427307129,6607496,0.0,0.0
2012-05-09 00:00:00-04:00,21.91815285086485,22.97578460800975,21.48502784847752,22.431859970092773,22073455,0.0,0.0
2012-05-10 00:00:00-04:00,22.598060868344028,22.824695373507975,21.898008721849017,21.968517303466797,9121840,0.0,0.0
2012-05-11 00:00:00-04:00,21.862752464312432,22.24551440884252,21.721735313762483,21.76706314086914,8940930,0.0,0.0
2012-05-14 00:00:00-04:00,21.58071363218442,21.983619470555226,21.46991402280056,21.80231285095215,5719245,0.0,0.0
2012-05-15 00:00:00-04:00,21.73684814677828,21.923193159360906,21.474959325279467,21.550504684448242,5354036,0.0,0.0
2012-05-16 00:00:00-04:00,21.66130875946901,21.77714521549671,21.203002807931448,21.223148345947266,4390580,0.0,0.0
2012-05-17 00:00:00-04:00,21.22817804156279,21.278541098365128,20.46265399725784,20.482799530029297,6370102,0.0,0.0
2012-05-18 00:00:00-04:00,20.52309479357586,20.699366303566727,20.12522392802337,20.220914840698242,4614096,0.0,0.0
2012-05-21 00:00:00-04:00,20.377035423789334,20.97635994948159,20.351853121771875,20.905851364135742,7062918,0.0,0.0
2012-05-22 00:00:00-04:00,20.98643042763884,21.409481877974,20.890739554240618,21.046865463256836,5307558,0.0,0.0
2012-05-23 00:00:00-04:00,20.83533993498726,21.500136184833746,20.583523150193102,21.464881896972656,6697225,0.0,0.0
2012-05-24 00:00:00-04:00,21.570647938080477,21.63108453342469,21.14255965092013,21.47999382019043,3515079,0.0,0.0
2012-05-25 00:00:00-04:00,21.535387492522123,21.535387492522123,21.187879881515254,21.23320770263672,3491840,0.0,0.0
2012-05-29 00:00:00-04:00,21.50518290668067,21.746927814067796,21.399419994152872,21.62101936340332,4240494,0.0,0.0
2012-05-30 00:00:00-04:00,21.379266413740798,21.394375174096563,20.946141382364146,21.026721954345703,5349033,0.0,0.0
2012-05-31 00:00:00-04:00,20.976360530745097,21.001542833460366,20.518053163044655,20.805124282836914,8072852,0.0,0.0
2012-06-01 00:00:00-04:00,20.387107192465354,20.57848896510816,20.03959948972131,20.094999313354492,6741766,0.0,0.0
2012-06-04 00:00:00-04:00,20.10004165601824,20.130259186285254,19.258972077807936,19.697134017944336,6682216,0.0,0.0
2012-06-05 00:00:00-04:00,19.59137068548683,20.00435030791313,19.500716546405307,19.933841705322266,3372578,0.0,0.0
2012-06-06 00:00:00-04:00,20.18061679233642,20.46265111084856,20.06981715284882,20.382070541381836,5053702,0.0,0.0
2012-06-07 00:00:00-04:00,20.633885140980873,20.941101726725417,20.371994830058192,20.46768569946289,5758138,0.0,0.0
2012-06-08 00:00:00-04:00,20.35688887648533,20.62381444344058,20.049672248413547,20.54323387145996,3489742,0.0,0.0
2012-06-11 00:00:00-04:00,20.769864829953544,20.784975137980847,19.817997587599177,19.848215103149414,3610295,0.0,0.0
2012-06-12 00:00:00-04:00,19.989236790500723,20.46265290984038,19.77267426253179,20.402217864990234,4316667,0.0,0.0
2012-06-13 00:00:00-04:00,20.241050448836603,20.432432194966534,19.8784340353823,19.974124908447266,3972922,0.0,0.0
2012-06-14 00:00:00-04:00,20.065154522655078,20.135948728008515,19.650500524824416,19.827486038208008,8450326,0.099143,0.0
2012-06-15 00:00:00-04:00,19.883105907387296,19.928617347412175,19.5190206133164,19.766801834106445,6105595,0.0,0.0
2012-06-18 00:00:00-04:00,19.751635041726445,20.464635783091726,19.554420845355317,20.388784408569336,5530589,0.0,0.0
2012-06-19 00:00:00-04:00,20.439350424487383,20.73264156078168,20.338216301332483,20.459577560424805,4240979,0.0,0.0
2012-06-20 00:00:00-04:00,20.363491886097385,20.39888897239538,20.04491810941544,20.140995025634766,6688026,0.0,0.0
2012-06-21 00:00:00-04:00,20.312930282295866,20.35338455076519,19.731405231778584,19.741518020629883,5637908,0.0,0.0
2012-06-22 00:00:00-04:00,19.837597253241604,20.393839573949474,19.711178826995656,20.323043823242188,6391082,0.0,0.0
2012-06-25 00:00:00-04:00,20.00446034511614,20.10053880102513,19.68588506774691,19.736452102661133,4815663,0.0,0.0
2012-06-26 00:00:00-04:00,19.76174368354519,20.044921985214927,19.574643873203755,19.923559188842773,4274708,0.0,0.0
2012-06-27 00:00:00-04:00,20.049974994420896,20.343266046059988,19.994350775781353,20.30786895751953,3929026,0.0,0.0
2012-06-28 00:00:00-04:00,20.161221279096203,20.823654660385326,20.0701999816345,20.798370361328125,5210728,0.0,0.0
2012-06-29 00:00:00-04:00,21.25348445333995,21.49620694462241,21.21808580197373,21.329334259033203,5674219,0.0,0.0
2012-07-02 00:00:00-04:00,21.430472508347933,21.53160663247304,21.056272824714164,21.445642471313477,3557845,0.0,0.0
2012-07-03 00:00:00-04:00,21.379899748085975,21.79455203693678,21.364728232631748,21.749040603637695,2123475,0.0,0.0
2012-07-05 00:00:00-04:00,21.68330111215134,21.819833839875972,21.597336983750864,21.698471069335938,3306249,0.0,0.0
2012-07-06 00:00:00-04:00,21.44057855362353,21.556884160660353,21.207968896081614,21.516429901123047,2886977,0.0,0.0
2012-07-09 00:00:00-04:00,21.475978360250412,21.6125111143397,21.23325588536356,21.501262664794922,4913945,0.0,0.0
2012-07-10 00:00:00-04:00,21.42541204789502,21.652966127061358,20.363496124849387,20.53036880493164,5898380,0.0,0.0
2012-07-11 00:00:00-04:00,20.692183896460403,20.783205214989913,20.19156742281407,20.338212966918945,4956711,0.0,0.0
2012-07-12 00:00:00-04:00,20.19157510428774,20.19663072196739,19.888169556076946,20.04492950439453,6472096,0.0,0.0
2012-07-13 00:00:00-04:00,20.125825973297612,20.727578023958486,20.095486056972433,20.7124080657959,3027703,0.0,0.0
2012-07-16 00:00:00-04:00,20.59105647832299,20.656793513295856,19.99941693743742,20.039871215820312,4428667,0.0,0.0
2012-07-17 00:00:00-04:00,20.15111009212845,20.727577836277483,20.009521741850687,20.560705184936523,4990118,0.0,0.0
2012-07-18 00:00:00-04:00,20.444410590071566,21.21303564206908,20.398899138417768,20.92985725402832,4685588,0.0,0.0
2012-07-19 00:00:00-04:00,21.127068582104123,21.829956555816555,20.83377742135107,20.97031021118164,5478462,0.0,0.0
2012-07-20 00:00:00-04:00,20.59105089331476,20.631505160725048,19.928617323200342,20.353384017944336,8482441,0.0,0.0
2012-07-23 00:00:00-04:00,20.019639206809686,20.60622143107693,19.969072149397835,20.40395164489746,5128907,0.0,0.0
2012-07-24 00:00:00-04:00,20.388776799353433,20.419116715226437,19.82747745998099,20.18144989013672,7217684,0.0,0.0
2012-07-25 00:00:00-04:00,20.33316066971604,20.494976212950792,19.89322393192204,19.99435806274414,4469012,0.0,0.0
2012-07-26 00:00:00-04:00,20.232014842950452,20.474738814425976,19.99940521340766,20.226959228515625,8124494,0.0,0.0
2012-07-27 00:00:00-04:00,20.429233443493708,21.58217061619521,20.388779179918522,21.450695037841797,6246321,0.0,0.0
2012-07-30 00:00:00-04:00,21.34955896819641,21.425410321807735,21.106836504478377,21.364728927612305,3733591,0.0,0.0
2012-07-31 00:00:00-04:00,21.33945117402245,21.75916074655285,21.30911124809136,21.445642471313477,5200399,0.0,0.0
2012-08-01 00:00:00-04:00,21.55183719414659,21.743994239671665,21.132127554905725,21.17763900756836,4241786,0.0,0.0
2012-08-02 00:00:00-04:00,20.99052993401898,21.324275252126863,20.79837297273319,21.218082427978516,3275748,0.0,0.0
2012-08-03 00:00:00-04:00,21.551830317477123,21.941198345194127,21.445639037190666,21.541717529296875,4800654,0.0,0.0
2012-08-06 00:00:00-04:00,21.592282433552075,21.774325054928262,21.506318294716603,21.607452392578125,2742862,0.0,0.0
2012-08-07 00:00:00-04:00,21.708590396973673,22.22437684235333,21.708590396973673,22.082788467407227,4809207,0.0,0.0
2012-08-08 00:00:00-04:00,21.97659313938116,22.39124539959636,21.900741793475465,22.35584831237793,3378710,0.0,0.0
2012-08-09 00:00:00-04:00,22.33562437868069,22.75533387041423,22.259773021922644,22.61880111694336,5181195,0.0,0.0
2012-08-10 00:00:00-04:00,22.46710152086204,22.861526735568297,22.371023025191327,22.79578971862793,4230327,0.0,0.0
2012-08-13 00:00:00-04:00,22.755332131568085,22.831183482529962,22.42664398175449,22.7705020904541,3254930,0.0,0.0
2012-08-14 00:00:00-04:00,22.907038542185546,22.932321292244964,22.558123205189933,22.60869026184082,3595932,0.0,0.0
2012-08-15 00:00:00-04:00,22.66431444950408,23.099193937660957,22.47721462805406,22.912094116210938,4354108,0.0,0.0
2012-08-16 00:00:00-04:00,22.99300069863176,23.488561546478717,22.896922209761087,23.412710189819336,4948481,0.0,0.0
2012-08-17 00:00:00-04:00,23.42788643708221,23.57958919111276,23.382376544792443,23.46328353881836,3804115,0.0,0.0
2012-08-20 00:00:00-04:00,23.42282263150618,23.60486681871751,23.276177092540415,23.599809646606445,3237339,0.0,0.0
2012-08-21 00:00:00-04:00,23.630150957473997,24.125711827174317,23.49867537056869,23.635208129882812,4966233,0.0,0.0
2012-08-22 00:00:00-04:00,23.50879213785191,23.70600476026567,23.266068072133052,23.316635131835938,5112930,0.0,0.0
2012-08-23 00:00:00-04:00,23.21044665312233,23.620043466391884,23.195276689025743,23.46328353881836,3124855,0.0,0.0
2012-08-24 00:00:00-04:00,23.346969728553244,23.898153162891685,23.32168542789132,23.726224899291992,3715355,0.0,0.0
2012-08-27 00:00:00-04:00,23.751506927103343,23.76161971248138,23.185150476113346,23.402591705322266,3553326,0.0,0.0
2012-08-28 00:00:00-04:00,23.412715616513882,23.67060966631874,23.33686424227336,23.392488479614258,3914985,0.0,0.0
2012-08-29 00:00:00-04:00,23.493616780085645,23.69588652897637,23.336856907516147,23.422821044921875,3085478,0.0,0.0
2012-08-30 00:00:00-04:00,23.266063176116866,23.41776587983397,23.169984693327248,23.30146026611328,3071760,0.0,0.0
2012-08-31 00:00:00-04:00,23.529018720749164,23.716116992911353,23.22561325658931,23.645322799682617,2939910,0.0,0.0
2012-09-04 00:00:00-04:00,23.286289612821857,23.50878648989857,22.78567163939926,23.18515396118164,5430531,0.0,0.0
2012-09-05 00:00:00-04:00,23.154818048795203,23.180102355211353,22.70476860161839,23.033456802368164,4980273,0.0,0.0
2012-09-06 00:00:00-04:00,22.83624766273757,23.463282680496803,22.790736215580345,23.392488479614258,5662600,0.0,0.0
2012-09-07 00:00:00-04:00,23.513851559967197,23.893106878814216,23.276183087912273,23.326751708984375,5831567,0.0,0.0
2012-09-10 00:00:00-04:00,23.336862718475132,23.539132517731733,23.200331498982926,23.205387115478516,3934190,0.0,0.0
2012-09-11 00:00:00-04:00,23.281500896882076,23.57074327919714,23.149565309271267,23.332244873046875,3748438,0.099143,0.0
2012-09-12 00:00:00-04:00,23.42358706044005,23.611341509707113,23.251055649387975,23.31702423095703,2866804,0.0,0.0
2012-09-13 00:00:00-04:00,23.271343339315365,23.48954376923275,22.738527863803004,23.291641235351562,5187650,0.0,0.0
2012-09-14 00:00:00-04:00,23.332245033423007,23.74327327375441,23.2307555184179,23.433732986450195,7335817,0.0,0.0
2012-09-17 00:00:00-04:00,23.37791504734065,23.37791504734065,23.108970555642706,23.205385208129883,4149152,0.0,0.0
2012-09-18 00:00:00-04:00,23.180006679248113,23.347463172394406,22.971954388615888,23.088666915893555,6313457,0.0,0.0
2012-09-19 00:00:00-04:00,23.19016198470617,23.372841555332897,23.022705451302006,23.28150177001953,5184584,0.0,0.0
2012-09-20 00:00:00-04:00,23.043007691203456,23.575823466127403,23.022709783761012,23.54537582397461,5745550,0.0,0.0
2012-09-21 00:00:00-04:00,23.72297294275519,24.007140413019414,23.489547878492264,23.804162979125977,8415790,0.0,0.0
2012-09-24 00:00:00-04:00,23.722972162938984,23.722972162938984,23.408357072647227,23.519994735717773,4061844,0.0,0.0
2012-09-25 00:00:00-04:00,23.484473476152726,23.484473476152726,22.885689371296476,22.890764236450195,4645888,0.0,0.0
2012-09-26 00:00:00-04:00,22.834960546433646,22.860333327048103,22.256473956648623,22.672578811645508,4902648,0.0,0.0
2012-09-27 00:00:00-04:00,22.77405750248976,23.037928689914132,22.46451720299846,22.911067962646484,3202803,0.0,0.0
2012-09-28 00:00:00-04:00,22.748685248291284,22.987183654505337,22.530484744944165,22.743610382080078,5421655,0.0,0.0
2012-10-01 00:00:00-04:00,22.784207049634567,23.418510680801756,22.550781938824432,22.576154708862305,5894507,0.0,0.0
2012-10-02 00:00:00-04:00,22.71823300311829,22.90598739505567,22.46451161173254,22.697935104370117,4418661,0.0,0.0
2012-10-03 00:00:00-04:00,22.758829221847826,22.890764785164073,22.530480590165283,22.77912712097168,5176837,0.0,0.0
2012-10-04 00:00:00-04:00,22.895844128849603,23.377914250906468,22.895844128849603,23.159713745117188,4562292,0.0,0.0
2012-10-05 00:00:00-04:00,23.38298862564086,23.504774479667535,22.86539601256617,22.880619049072266,6331370,0.0,0.0
2012-10-08 00:00:00-04:00,22.743607846541803,22.961808325563158,22.591374373000306,22.95166015625,5200883,0.0,0.0
2012-10-09 00:00:00-04:00,22.885697034901508,23.04807871639813,22.46959387844278,22.4797420501709,4597312,0.0,0.0
2012-10-10 00:00:00-04:00,22.428995894583913,22.70301524843252,22.25139119171295,22.652271270751953,4223226,0.0,0.0
2012-10-11 00:00:00-04:00,22.814653414607008,22.916142934072848,22.520336151123047,22.520336151123047,2738666,0.0,0.0
2012-10-12 00:00:00-04:00,22.55078452778553,22.72839081448495,22.388402842043487,22.484817504882812,2640868,0.0,0.0
2012-10-15 00:00:00-04:00,22.510187693532984,22.672569360632668,22.41884790816579,22.576154708862305,3103714,0.0,0.0
2012-10-16 00:00:00-04:00,22.74361231417188,23.11911964416504,22.692868333682757,23.11911964416504,3452624,0.0,0.0
2012-10-17 00:00:00-04:00,22.95166989986276,23.301806100463974,22.95166989986276,23.190168380737305,2937812,0.0,0.0
2012-10-18 00:00:00-04:00,23.190162558666135,23.540298671362947,23.088673038040536,23.169864654541016,4022466,0.0,0.0
2012-10-19 00:00:00-04:00,23.43880314003825,24.17459611846794,23.25104874651255,23.519994735717773,7213650,0.0,0.0
2012-10-22 00:00:00-04:00,23.39821318923111,23.99192258556262,23.35761738124677,23.621488571166992,4058939,0.0,0.0
2012-10-23 00:00:00-04:00,23.276426787579826,23.276426787579826,23.012555603777596,23.14449119567871,3933222,0.0,0.0
2012-10-24 00:00:00-04:00,23.26627932328739,23.702681948583006,23.073451563998905,23.403289794921875,4371537,0.0,0.0
2012-10-25 00:00:00-04:00,23.59611539539565,23.768645221977888,23.342392397636008,23.54029655456543,2748026,0.0,0.0
2012-10-26 00:00:00-04:00,23.545369269760712,23.692527886270884,23.37283944749364,23.535221099853516,2518701,0.0,0.0
2012-10-31 00:00:00-04:00,23.4946230527042,23.991917694180838,23.088668179581322,23.86505699157715,3711804,0.0,0.0
2012-11-01 00:00:00-04:00,23.854914932495607,24.316688788230607,23.75850182965479,23.94625473022461,5612732,0.0,0.0
2012-11-02 00:00:00-04:00,24.128929827522377,24.174600498861956,23.8599853515625,23.8599853515625,4105901,0.0,0.0
2012-11-05 00:00:00-05:00,23.773723374941056,24.174603486338263,23.71282965962239,24.14415740966797,2312454,0.0,0.0
2012-11-06 00:00:00-05:00,24.179677000022618,24.550111014020167,24.103560250628274,24.32683563232422,3864795,0.0,0.0
2012-11-07 00:00:00-05:00,24.08326719418014,24.11878814278349,23.66208911647023,23.768651962280273,4611836,0.0,0.0
2012-11-08 00:00:00-05:00,23.743274433142023,24.04774143104659,23.60626553366736,23.621488571166992,3417926,0.0,0.0
2012-11-09 00:00:00-05:00,23.525072300084638,23.7026785573092,23.24597965383354,23.271350860595703,4136403,0.0,0.0
2012-11-12 00:00:00-05:00,23.337319048564645,23.41343422957019,23.078522747212226,23.30687141418457,2571796,0.0,0.0
2012-11-13 00:00:00-05:00,23.0582365294598,23.585977569733075,22.799440096965128,23.38807487487793,3992449,0.0,0.0
2012-11-14 00:00:00-05:00,23.484476708442802,23.54536885075801,22.895842252877184,22.982107162475586,4950095,0.0,0.0
2012-11-15 00:00:00-05:00,22.99733543395996,23.306875767795997,22.85525165357191,22.99733543395996,4328448,0.0,0.0
2012-11-16 00:00:00-05:00,23.398210236866603,23.398210236866603,22.657343863535175,22.982107162475586,4577946,0.0,0.0
2012-11-19 00:00:00-05:00,23.230758816676083,23.631640505390255,23.180014832957955,23.565671920776367,3730202,0.0,0.0
2012-11-20 00:00:00-05:00,23.48447807876894,23.97669792175293,23.433732541241525,23.97669792175293,3403079,0.0,0.0
2012-11-21 00:00:00-05:00,23.941177545980718,24.240568102151794,23.875208970434063,24.159378051757812,2400246,0.0,0.0
2012-11-23 00:00:00-05:00,24.230420025311723,24.4739933013916,24.164453011487847,24.4739933013916,1380307,0.0,0.0
2012-11-26 00:00:00-05:00,24.357280285320773,24.458769799247637,24.235494430586435,24.31161117553711,2034392,0.0,0.0
2012-11-27 00:00:00-05:00,24.281167545661727,24.453698966808307,24.189827749049574,24.235498428344727,2216431,0.0,0.0
2012-11-28 00:00:00-05:00,24.164453733047445,24.473994032194188,24.00714536926564,24.463844299316406,2660880,0.0,0.0
2012-11-29 00:00:00-05:00,24.534884314485033,24.74293664088938,24.418173329117888,24.697267532348633,2533387,0.0,0.0
2012-11-30 00:00:00-05:00,24.712493749722857,24.803833540540207,24.50951626324229,24.753087997436523,3678721,0.0,0.0
2012-12-03 00:00:00-05:00,24.84442523279442,24.86472157229854,24.33190595383722,24.33698081970215,4173843,0.0,0.0
2012-12-04 00:00:00-05:00,24.326832931319885,24.626223467190904,24.169524583510032,24.28116226196289,2881329,0.0,0.0
2012-12-05 00:00:00-05:00,24.331908719573626,24.732790366936232,24.128931243660425,24.580556869506836,3001075,0.0,0.0
2012-12-06 00:00:00-05:00,24.570406878654225,24.570406878654225,24.13400585671498,24.458770751953125,2656200,0.0,0.0
2012-12-07 00:00:00-05:00,24.610999986159634,25.02202975502538,24.413097400474484,24.707414627075195,6244546,0.0,0.0
2012-12-10 00:00:00-05:00,25.169187853624102,25.3873883361966,24.24056552428123,24.250715255737305,11339401,0.0,0.0
2012-12-11 00:00:00-05:00,24.377583836145856,24.453700598732013,23.88028900763078,24.174606323242188,6446436,0.0,0.0
2012-12-12 00:00:00-05:00,24.30698518198913,24.469914075676037,24.20006324243602,24.28152847290039,5862069,0.099143,0.0
2012-12-13 00:00:00-05:00,24.245886088802937,24.54628557831807,24.169512832526333,24.215335845947266,3368059,0.0,0.0
2012-12-14 00:00:00-05:00,24.159329257229356,24.413905737131795,24.15423885604536,24.235702514648438,2772718,0.0,0.0
2012-12-17 00:00:00-05:00,24.31716523321243,24.373172178395574,24.006581834375577,24.10841178894043,3176820,0.0,0.0
2012-12-18 00:00:00-05:00,24.098232875250872,24.602293886922855,24.02695001614603,24.55647087097168,3255575,0.0,0.0
2012-12-19 00:00:00-05:00,24.693932518910007,24.785580084774004,24.587010619942216,24.68375015258789,2800153,0.0,0.0
2012-12-20 00:00:00-05:00,24.663390304112493,24.89760046319786,24.64811596701326,24.882326126098633,2988164,0.0,0.0
2012-12-21 00:00:00-05:00,24.587014131158025,24.7550349537769,23.920022808191373,23.98621368408203,7808991,0.0,0.0
2012-12-24 00:00:00-05:00,23.833466754163737,24.103317518499733,23.721452874497903,23.930206298828125,1108054,0.0,0.0
2012-12-26 00:00:00-05:00,23.935296118771728,24.09822653414793,23.746910568665438,23.82328224182129,1686773,0.0,0.0
2012-12-27 00:00:00-05:00,23.86401581487972,24.037128604627046,23.68072065737853,23.970937728881836,1634808,0.0,0.0
2012-12-28 00:00:00-05:00,23.833471370450116,24.133872430214883,23.808013095689095,23.869112014770508,2343278,0.0,0.0
2012-12-31 00:00:00-05:00,23.76727944055492,24.434269239847243,23.695996592499288,24.418994903564453,2902792,0.0,0.0
2013-01-02 00:00:00-05:00,25.19800055571622,25.406754000843815,24.917965828652765,25.187816619873047,5302393,0.0,0.0
2013-01-03 00:00:00-05:00,25.09107136875477,25.218359559252413,24.826311054864625,24.928142547607422,3390007,0.0,0.0
2013-01-04 00:00:00-05:00,24.97906632724042,25.381297339257745,24.933241747521137,25.340564727783203,3370318,0.0,0.0
2013-01-07 00:00:00-05:00,24.94342041015625,25.009609714376538,24.46990664455392,24.94342041015625,2627151,0.0,0.0
2013-01-08 00:00:00-05:00,24.836498782311008,25.070710482561342,24.72957686727923,25.06561851501465,2585191,0.0,0.0
2013-01-09 00:00:00-05:00,25.152176986296485,25.23873417546389,24.902692489528647,25.055438995361328,2229826,0.0,0.0
2013-01-10 00:00:00-05:00,25.203089520318816,25.304919463166488,24.928146793940417,25.26418685913086,2714620,0.0,0.0
2013-01-11 00:00:00-05:00,25.28455983164008,25.294743768956383,25.096172663706646,25.254011154174805,1308492,0.0,0.0
2013-01-14 00:00:00-05:00,25.243820403874718,25.33037757873535,25.004518315669788,25.33037757873535,1610278,0.0,0.0
2013-01-15 00:00:00-05:00,25.157272731429288,25.406758832895576,25.157272731429288,25.350751876831055,1691292,0.0,0.0
2013-01-16 00:00:00-05:00,25.213274892239394,25.27946420625367,25.091078632812426,25.187816619873047,1346255,0.0,0.0
2013-01-17 00:00:00-05:00,25.28456240727358,25.982102629306816,25.187822829123327,25.941370010375977,3180532,0.0,0.0
2013-01-18 00:00:00-05:00,26.053377512627797,26.08901815360454,25.523858298657935,25.77843475341797,3611102,0.0,0.0
2013-01-22 00:00:00-05:00,25.727519539419404,25.844623829877275,25.630779985982542,25.808984756469727,2125250,0.0,0.0
2013-01-23 00:00:00-05:00,25.80898175543384,25.966818636063795,25.773341118928965,25.88535499572754,2356189,0.0,0.0
2013-01-24 00:00:00-05:00,25.905721895635534,26.231579618699225,25.905721895635534,26.012643814086914,3625303,0.0,0.0
2013-01-25 00:00:00-05:00,26.05337685614696,26.211213752603772,25.961729272052978,26.20612335205078,2581963,0.0,0.0
2013-01-28 00:00:00-05:00,26.302866094950474,26.31814043385571,25.89554307701559,26.043197631835938,1688064,0.0,0.0
2013-01-29 00:00:00-05:00,26.073743160083573,26.231580056540388,25.92608863197429,26.20612335205078,2389595,0.0,0.0
2013-01-30 00:00:00-05:00,26.211218021587637,26.338507833733367,26.017740453540725,26.282499313354492,2700418,0.0,0.0
2013-01-31 00:00:00-05:00,26.216306900509736,26.348685531194338,26.038103692094598,26.16539192199707,2866481,0.0,0.0
2013-02-01 00:00:00-05:00,26.470890109889087,26.832390154160382,25.926096409684124,26.659278869628906,5169252,0.0,0.0
2013-02-04 00:00:00-05:00,26.57271311219944,27.107324300559288,26.343594927040424,26.374143600463867,3873026,0.0,0.0
2013-02-05 00:00:00-05:00,26.521800844303407,27.168425952738264,26.36396393515803,27.06150245666504,3856403,0.0,0.0
2013-02-06 00:00:00-05:00,26.91385097518226,26.959673989831188,26.572715729728618,26.868024826049805,3209258,0.0,0.0
2013-02-07 00:00:00-05:00,26.862932352385407,26.868022753236954,26.33850508879454,26.481067657470703,3885291,0.0,0.0
2013-02-08 00:00:00-05:00,26.542165869907254,27.21424925939397,26.511617194836656,27.204065322875977,3672750,0.0,0.0
2013-02-11 00:00:00-05:00,27.092053482058596,27.17351871142243,26.91894222052316,26.959674835205078,2895046,0.0,0.0
2013-02-12 00:00:00-05:00,27.025865165122642,27.12260159669097,26.868025111073823,27.010587692260742,2747704,0.0,0.0
2013-02-13 00:00:00-05:00,27.05641656938728,27.239711782888627,26.97495133350138,27.08187484741211,2483843,0.0,0.0
2013-02-14 00:00:00-05:00,27.102240059338143,27.275351337736087,26.995316543572397,27.000410079956055,3731977,0.0,0.0
2013-02-15 00:00:00-05:00,27.097149657438415,27.198979636820503,26.918944842656813,27.000410079956055,3422122,0.0,0.0
2013-02-19 00:00:00-05:00,27.010584868701123,27.316077873300316,26.9087549119958,27.31098747253418,3900461,0.0,0.0
2013-02-20 00:00:00-05:00,27.36698773651599,27.443359401775997,26.88329007492772,26.924022674560547,3906432,0.0,0.0
2013-02-21 00:00:00-05:00,26.771277713292726,26.857836451426,26.50652050253172,26.603260040283203,4453520,0.0,0.0
2013-02-22 00:00:00-05:00,26.791652367040736,26.954582815989337,26.60835717921528,26.786561965942383,3474249,0.0,0.0
2013-02-25 00:00:00-05:00,26.913855606458377,27.066599014905215,25.91591267528731,25.931188583374023,3827677,0.0,0.0
2013-02-26 00:00:00-05:00,26.038106118678556,26.343597585466004,25.921000246668456,26.119569778442383,3227010,0.0,0.0
2013-02-27 00:00:00-05:00,26.20613121376977,26.766199254699035,26.099207694215597,26.659278869628906,1967256,0.0,0.0
2013-02-28 00:00:00-05:00,26.608353415084185,26.94439506764021,26.5268882021343,26.806922912597656,2502886,0.0,0.0
2013-03-01 00:00:00-05:00,26.582891131925518,26.745821533233308,26.24175913048017,26.44032859802246,2224178,0.0,0.0
2013-03-04 00:00:00-05:00,26.33341227543483,26.587988745690947,26.277406893840837,26.521800994873047,2644096,0.0,0.0
2013-03-05 00:00:00-05:00,26.705098929652504,27.137880227460812,26.633817636017646,27.107328414916992,2427036,0.0,0.0
2013-03-06 00:00:00-05:00,27.239708527259353,27.366996767686416,27.005496785700817,27.20915985107422,1775534,0.0,0.0
2013-03-07 00:00:00-05:00,27.209154445044557,27.570651220722947,27.12259570040653,27.351716995239258,3608358,0.0,0.0
2013-03-08 00:00:00-05:00,27.545950441802752,27.791302022919563,27.423273077852482,27.76063346862793,2259682,0.130125,0.0
2013-03-11 00:00:00-04:00,27.66351912755311,28.0519959413803,27.64818484772143,28.026437759399414,2216754,0.0,0.0
2013-03-12 00:00:00-04:00,27.92420487860496,28.174666850782746,27.913980977663854,28.128664016723633,4122201,0.0,0.0
2013-03-13 00:00:00-04:00,28.12356065771315,28.20023206694457,27.944656507126904,28.19000816345215,2155590,0.0,0.0
2013-03-14 00:00:00-04:00,28.24111992773127,28.54781180820195,28.154224629180884,28.51714324951172,2600684,0.0,0.0
2013-03-15 00:00:00-04:00,28.40469767597935,28.49670337765899,28.20534884222174,28.31268882751465,3217489,0.0,0.0
2013-03-18 00:00:00-04:00,28.00088327475451,28.322909487309744,27.949766904043152,28.13378143310547,1470036,0.0,0.0
2013-03-19 00:00:00-04:00,28.159327361170828,28.32289715882019,27.83730128878823,28.17466163635254,2285342,0.0,0.0
2013-03-20 00:00:00-04:00,28.30756935516839,29.018069139224004,28.30756935516839,28.864723205566406,4281808,0.0,0.0
2013-03-21 00:00:00-04:00,28.65515451624249,28.696046980685672,28.266680824208997,28.420026779174805,2780626,0.0,0.0
2013-03-22 00:00:00-04:00,28.496695095490875,28.517142898889077,28.225785301345798,28.3740177154541,2742217,0.0,0.0
2013-03-25 00:00:00-04:00,28.55292775206462,28.67560515752547,27.965105204482406,28.15423011779785,2832914,0.0,0.0
2013-03-26 00:00:00-04:00,28.363801974939168,28.471141948011713,28.08777860775465,28.307575225830078,3010758,0.0,0.0
2013-03-27 00:00:00-04:00,27.888423418989344,28.08777218446328,27.597065836566838,27.78619384765625,3562848,0.0,0.0
2013-03-28 00:00:00-04:00,27.84242047188455,28.133774906350826,27.678850640982525,28.118440628051758,4280679,0.0,0.0
2013-04-01 00:00:00-04:00,28.123560269307944,28.29224051407218,27.760641594793743,27.806644439697266,3843816,0.0,0.0
2013-04-02 00:00:00-04:00,27.944646316959652,28.154218954816663,27.66862619759408,27.729963302612305,3189731,0.0,0.0
2013-04-03 00:00:00-04:00,27.69930624601697,28.04177713580875,27.505067803800642,27.561294555664062,4215642,0.0,0.0
2013-04-04 00:00:00-04:00,27.668640851470506,28.005998254525664,27.581742377626746,27.8526554107666,3767320,0.0,0.0
2013-04-05 00:00:00-04:00,27.356828918690283,27.729971475618992,27.264823234045604,27.6072940826416,4301497,0.0,0.0
2013-04-08 00:00:00-04:00,27.643069833945642,28.11332834574536,27.62773555668572,28.062211990356445,3357892,0.0,0.0
2013-04-09 00:00:00-04:00,28.128664790290856,28.46091483235081,28.082661954966618,28.425132751464844,4930729,0.0,0.0
2013-04-10 00:00:00-04:00,28.466025764221154,28.77782800991192,28.40979902657908,28.701156616210938,3869314,0.0,0.0
2013-04-11 00:00:00-04:00,28.701158977543624,29.207196511171496,28.62959795527381,28.972068786621094,3792496,0.0,0.0
2013-04-12 00:00:00-04:00,28.813611413437116,28.956733452767963,28.573370173106575,28.706268310546875,2495301,0.0,0.0
2013-04-15 00:00:00-04:00,28.491584944681872,28.639817359969356,27.479503631591793,27.479503631591797,3546871,0.0,0.0
2013-04-16 00:00:00-04:00,27.683964535130112,28.133775282557647,27.683964535130112,28.092885971069336,3355794,0.0,0.0
2013-04-17 00:00:00-04:00,27.821973919174216,27.8884245593106,27.249485778873396,27.54595375061035,3107426,0.0,0.0
2013-04-18 00:00:00-04:00,27.551066589323536,27.709522917542415,27.223930030385862,27.36705207824707,2318264,0.0,0.0
2013-04-19 00:00:00-04:00,27.525512979888056,27.58685325829496,27.275050927908342,27.551071166992188,3446652,0.0,0.0
2013-04-22 00:00:00-04:00,27.5766280171379,27.627744388867963,26.9479130081389,27.60218620300293,3396624,0.0,0.0
2013-04-23 00:00:00-04:00,27.34148385053347,27.873082530245963,26.753661594688158,27.3210391998291,7387620,0.0,0.0
2013-04-24 00:00:00-04:00,27.39260503110882,27.796416061520702,27.377270753678875,27.694183349609375,3570433,0.0,0.0
2013-04-25 00:00:00-04:00,27.750417336386295,28.215565598107368,27.66352202597433,28.005992889404297,4544862,0.0,0.0
2013-04-26 00:00:00-04:00,28.01110438669822,28.062217605530993,27.367052025773305,27.59195899963379,3848334,0.0,0.0
2013-04-29 00:00:00-04:00,27.68907905862911,27.87309357501753,27.525509201046294,27.72486114501953,2313907,0.0,0.0
2013-04-30 00:00:00-04:00,27.673746757004007,27.714639224324262,27.167706014048623,27.499956130981445,2889075,0.0,0.0
2013-05-01 00:00:00-04:00,27.341492183472816,27.484617369157004,26.595213430177743,26.69744300842285,4803559,0.0,0.0
2013-05-02 00:00:00-04:00,26.753674258806498,26.96324697495001,26.6565550417261,26.82012176513672,4446096,0.0,0.0
2013-05-03 00:00:00-04:00,27.116591962451903,27.995775364855877,27.05014445080993,27.658414840698242,4181590,0.0,0.0
2013-05-06 00:00:00-04:00,27.637963156881526,27.990657914797676,27.402835416127115,27.883317947387695,2446725,0.0,0.0
2013-05-07 00:00:00-04:00,27.94466329016715,28.36380882046445,27.908884339436053,28.292247772216797,2647808,0.0,0.0
2013-05-08 00:00:00-04:00,28.246231933456524,28.460918150231727,28.195118714954535,28.379133224487305,1974680,0.0,0.0
2013-05-09 00:00:00-04:00,28.210459986432124,28.64493975868787,28.205349607350758,28.55804443359375,3961625,0.0,0.0
2013-05-10 00:00:00-04:00,28.573369568093938,28.859613640694704,28.512029304833675,28.82383155822754,3034481,0.0,0.0
2013-05-13 00:00:00-04:00,28.670490569758087,28.74205474704684,28.404694254619944,28.639822006225586,2533549,0.0,0.0
2013-05-14 00:00:00-04:00,28.69094998232421,29.427008391983733,28.685839601929835,29.253217697143555,3872219,0.0,0.0
2013-05-15 00:00:00-04:00,29.135645018520155,29.26343282485453,28.920961881492648,29.084531784057617,2994942,0.0,0.0
2013-05-16 00:00:00-04:00,28.951614969086247,29.304309629444425,28.880053961679057,29.058958053588867,2635058,0.0,0.0
2013-05-17 00:00:00-04:00,29.237866406411907,29.789906745841325,29.15096796274011,29.667232513427734,3550099,0.0,0.0
2013-05-20 00:00:00-04:00,29.51388818550822,29.943254315937224,29.51388818550822,29.64167594909668,3286561,0.0,0.0
2013-05-21 00:00:00-04:00,29.651901954820577,29.94836996499168,29.585451306069523,29.71834945678711,1615765,0.0,0.0
2013-05-22 00:00:00-04:00,29.71323929866136,30.117050425435917,29.05385577147185,29.217422485351562,2871161,0.0,0.0
2013-05-23 00:00:00-04:00,28.941396688023655,29.498550518058554,28.834053594351346,29.222530364990234,2029550,0.0,0.0
2013-05-24 00:00:00-04:00,29.05385256537451,29.350320545024786,28.752271061402414,29.212308883666992,1884951,0.0,0.0
2013-05-28 00:00:00-04:00,29.442333198407436,29.92792617021613,29.26342903400084,29.498559951782227,2126703,0.0,0.0
2013-05-29 00:00:00-04:00,29.19699092566162,29.437232299558435,29.01297632324674,29.253217697143555,1771822,0.0,0.0
2013-05-30 00:00:00-04:00,29.299201648493163,29.830797297444803,29.202082456188553,29.554777145385742,2307129,0.0,0.0
2013-05-31 00:00:00-04:00,29.406553268432617,29.922814789007475,29.38099508197578,29.406553268432617,2490137,0.0,0.0
2013-06-03 00:00:00-04:00,29.493447738771167,29.927924308932653,29.22764827145872,29.91259002685547,3404047,0.0,0.0
2013-06-04 00:00:00-04:00,29.82569288597486,30.101716240027024,29.033408057781166,29.166309356689453,3608681,0.0,0.0
2013-06-05 00:00:00-04:00,29.007852515102567,29.283875894289654,28.496701372532986,28.537593841552734,3917567,0.0,0.0
2013-06-06 00:00:00-04:00,28.573374109196624,29.023184946149204,28.512033836187687,28.951623916625977,5315949,0.0,0.0
2013-06-07 00:00:00-04:00,29.242976783834433,29.682566792479435,29.17141576599846,29.667232513427734,5740709,0.0,0.0
2013-06-10 00:00:00-04:00,29.80013371615872,29.856360460732976,29.447438968082416,29.48322105407715,3125662,0.0,0.0
2013-06-11 00:00:00-04:00,29.156082484892746,29.294094147865987,28.931175522057607,28.95673370361328,2366679,0.0,0.0
2013-06-12 00:00:00-04:00,29.32613504001968,29.35691771417166,28.62325345190562,28.679689407348633,2978158,0.130125,0.0
2013-06-13 00:00:00-04:00,28.64890046780362,28.91568887901018,28.5770731830741,28.8592529296875,3641926,0.0,0.0
2013-06-14 00:00:00-04:00,28.833604189819223,29.238917841979767,28.74638555595395,28.951608657836914,3015115,0.0,0.0
2013-06-17 00:00:00-04:00,29.274827910022097,29.30561058025626,28.854122994174535,29.038822174072266,2910700,0.0,0.0
2013-06-18 00:00:00-04:00,29.079872845614503,29.72118913741167,28.987521657179144,29.557010650634766,3834617,0.0,0.0
2013-06-19 00:00:00-04:00,29.59805395378546,29.675013800468726,29.023435592651367,29.023435592651367,2920383,0.0,0.0
2013-06-20 00:00:00-04:00,28.879783547025326,28.90543683151345,28.18202810632003,28.25385856628418,3636116,0.0,0.0
2013-06-21 00:00:00-04:00,28.448807260732064,28.69507492095587,28.079408928888856,28.238454818725586,3732461,0.0,0.0
2013-06-24 00:00:00-04:00,27.97680171671459,28.033237666218792,27.391921493895037,27.427833557128906,4257278,0.0,0.0
2013-06-25 00:00:00-04:00,27.751058170907314,28.14098042865928,27.67923088529398,27.761320114135742,3119691,0.0,0.0
2013-06-26 00:00:00-04:00,28.048629324815696,28.243590454165908,27.894712809986203,28.028108596801758,3725845,0.0,0.0
2013-06-27 00:00:00-04:00,28.284626886619336,28.57706533755635,28.21792901250566,28.46932601928711,3406307,0.0,0.0
2013-06-28 00:00:00-04:00,28.433417489809653,28.582204604185495,28.223065036239763,28.484724044799805,4422050,0.0,0.0
2013-07-01 00:00:00-04:00,28.6745548035431,29.090130350328444,28.551424115748553,28.848995208740234,3879804,0.0,0.0
2013-07-02 00:00:00-04:00,28.792557684147045,28.90029703008053,28.47959211378818,28.571943283081055,3671781,0.0,0.0
2013-07-03 00:00:00-04:00,28.382102710406635,28.838719496114983,28.382102710406635,28.715585708618164,1026072,0.0,0.0
2013-07-05 00:00:00-04:00,29.11065018784818,29.72118369112013,29.04908484583515,29.628835678100586,3178434,0.0,0.0
2013-07-08 00:00:00-04:00,29.72632266785905,29.787888029722073,29.33640344523686,29.362056732177734,2825813,0.0,0.0
2013-07-09 00:00:00-04:00,29.5877859243785,29.946922287892065,29.41847810475948,29.77248191833496,1601402,0.0,0.0
2013-07-10 00:00:00-04:00,29.74682564196513,29.96743680582991,29.60830051669445,29.751955032348633,1591396,0.0,0.0
2013-07-11 00:00:00-04:00,30.23935662843674,30.521536289153243,30.193182636271814,30.2804012298584,3024475,0.0,0.0
2013-07-12 00:00:00-04:00,30.30093861847133,30.480505276441537,30.213719986001248,30.316329956054688,2067475,0.0,0.0
2013-07-15 00:00:00-04:00,30.495890979224203,30.567718260839232,30.223973187503553,30.439455032348633,2119440,0.0,0.0
2013-07-16 00:00:00-04:00,30.383024680453428,30.439460637721577,29.751970364450102,29.844318389892578,3295114,0.0,0.0
2013-07-17 00:00:00-04:00,29.96745053389152,30.27015419200189,29.96745053389152,30.14702033996582,2180282,0.0,0.0
2013-07-18 00:00:00-04:00,30.254761722268512,30.86529531360259,30.20858770909869,30.742164611816406,2957501,0.0,0.0
2013-07-19 00:00:00-04:00,31.768270434955646,32.49167593728384,31.111562834662795,32.296714782714844,5955187,0.0,0.0
2013-07-22 00:00:00-04:00,32.50193533547609,32.50193533547609,31.55278607769156,31.650266647338867,5099212,0.0,0.0
2013-07-23 00:00:00-04:00,31.79391819800832,31.96322604098154,31.147469496020992,31.3065185546875,4242431,0.0,0.0
2013-07-24 00:00:00-04:00,31.52199895624928,31.686174241043865,31.03459617679842,31.06538200378418,4587306,0.0,0.0
2013-07-25 00:00:00-04:00,30.95251871656847,31.465571756699553,30.926865432863227,31.378353118896484,2917962,0.0,0.0
2013-07-26 00:00:00-04:00,31.142343421647706,31.388607965620828,31.008950785014978,31.37321662902832,2583577,0.0,0.0
2013-07-29 00:00:00-04:00,31.27060808454992,31.475831179250818,31.224434072677163,31.2911319732666,1468099,0.0,0.0
2013-07-30 00:00:00-04:00,31.532255549787248,31.670777534509277,31.280858535582787,31.347553253173828,1666923,0.0,0.0
2013-07-31 00:00:00-04:00,31.43478084273795,31.69643668758501,31.296255673822397,31.321908950805664,2059245,0.0,0.0
2013-08-01 00:00:00-04:00,31.696432009477572,31.952958424464036,31.665649345037938,31.865739822387695,3041097,0.0,0.0
2013-08-02 00:00:00-04:00,31.6605325422485,32.09662572602396,31.470700771905392,32.07097244262695,3287045,0.0,0.0
2013-08-05 00:00:00-04:00,31.932444558181203,32.091490464267615,31.706700759158103,31.91705322265625,1983556,0.0,0.0
2013-08-06 00:00:00-04:00,31.809311829593224,31.809311829593224,31.126951016280547,31.23469352722168,2992844,0.0,0.0
2013-08-07 00:00:00-04:00,31.183377827328773,31.578429373655478,31.13207128315938,31.45529556274414,2974285,0.0,0.0
2013-08-08 00:00:00-04:00,31.634868995016408,31.68617238667179,31.480952503065517,31.59382438659668,2291474,0.0,0.0
2013-08-09 00:00:00-04:00,31.41939415408715,31.486088893914356,31.1782590000756,31.301389694213867,3235887,0.0,0.0
2013-08-12 00:00:00-04:00,31.16799030804679,31.645127961516156,31.06024781550949,31.486082077026367,2440915,0.0,0.0
2013-08-13 00:00:00-04:00,31.501485033288287,31.855492149892665,31.301394466315408,31.819580078125,2367486,0.0,0.0
2013-08-14 00:00:00-04:00,31.758011009378738,31.911927556326233,31.634880298615546,31.793926239013672,2006795,0.0,0.0
2013-08-15 00:00:00-04:00,31.475823999830737,31.475823999830737,30.87041995666809,30.90633201599121,2100236,0.0,0.0
2013-08-16 00:00:00-04:00,30.829387350403774,31.470703702583815,30.829387350403774,31.260351181030273,2513860,0.0,0.0
2013-08-19 00:00:00-04:00,31.14746712320526,31.301383619500335,30.875549348430688,30.90633201599121,2903115,0.0,0.0
2013-08-20 00:00:00-04:00,30.952522940401092,31.008958908856595,30.72677906657908,30.86530113220215,2585998,0.0,0.0
2013-08-21 00:00:00-04:00,30.767810011968862,31.22955634236163,30.721632852135613,30.90633201599121,3276232,0.0,0.0
2013-08-22 00:00:00-04:00,31.05512728111734,31.61948686300289,30.983299985104022,31.460437774658203,1856386,0.0,0.0
2013-08-23 00:00:00-04:00,31.563044408275456,31.706698970734045,31.337300621985488,31.54252052307129,1822496,0.0,0.0
2013-08-26 00:00:00-04:00,31.542506914135533,31.824686525252304,31.36806975762381,31.445026397705078,2367647,0.0,0.0
2013-08-27 00:00:00-04:00,31.03972873282751,31.04485812474645,30.424062728881836,30.424062728881836,2607785,0.0,0.0
2013-08-28 00:00:00-04:00,30.454852756076708,30.57285405442709,30.352239635605425,30.38302230834961,1722439,0.0,0.0
2013-08-29 00:00:00-04:00,30.25475811025656,30.757552277500857,30.249628717792273,30.572853088378906,1543465,0.0,0.0
2013-08-30 00:00:00-04:00,30.665193482841698,30.665193482841698,30.229100476967446,30.34197235107422,1647718,0.0,0.0
2013-09-03 00:00:00-04:00,30.813977780307482,31.19363797323929,30.813977780307482,31.055112838745117,4434638,0.0,0.0
2013-09-04 00:00:00-04:00,31.039727309760057,31.588692242635926,30.978158817092663,31.58356285095215,3014308,0.0,0.0
2013-09-05 00:00:00-04:00,31.619483415676285,31.809312000481064,31.44504300852527,31.62461280822754,2846470,0.0,0.0
2013-09-06 00:00:00-04:00,31.7015563119663,32.060695762091775,31.27572215242488,31.69129753112793,2569860,0.0,0.0
2013-09-09 00:00:00-04:00,31.809304149232798,32.122266504458125,31.686170331958312,31.994003295898438,2435105,0.0,0.0
2013-09-10 00:00:00-04:00,32.30185003905985,33.27665273503706,32.29671748709305,33.250999450683594,4041671,0.0,0.0
2013-09-11 00:00:00-04:00,33.405421751010586,33.405421751010586,32.68481048360168,32.87525939941406,3209420,0.130125,0.0
2013-09-12 00:00:00-04:00,32.86494736597788,33.127453789290236,32.53552623586118,32.540672302246094,2506920,0.0,0.0
2013-09-13 00:00:00-04:00,32.61787728051374,32.79288153573422,32.57669924950428,32.71567153930664,1323823,0.0,0.0
2013-09-16 00:00:00-04:00,33.30760639587361,33.35393049835143,32.98333134100886,33.21495819091797,2530321,0.0,0.0
2013-09-17 00:00:00-04:00,33.17378006926157,33.36422571368666,33.03995065965692,33.317901611328125,1548952,0.0,0.0
2013-09-18 00:00:00-04:00,33.29732224683799,33.74513156038758,32.973050252125404,33.518653869628906,2412189,0.0,0.0
2013-09-19 00:00:00-04:00,33.703943500897715,33.904684454678986,33.63188272694444,33.667911529541016,2468834,0.0,0.0
2013-09-20 00:00:00-04:00,33.606136224119965,33.987030585715345,33.58039956193285,33.71422576904297,6322817,0.0,0.0
2013-09-23 00:00:00-04:00,33.698805529600925,33.76057419132156,33.14290975544344,33.34879684448242,1807003,0.0,0.0
2013-09-24 00:00:00-04:00,33.29731656650834,34.290729328090954,33.29731656650834,33.87380599975586,3636277,0.0,0.0
2013-09-25 00:00:00-04:00,33.83777178809268,34.10028139878156,33.528941239134426,33.920127868652344,2523220,0.0,0.0
2013-09-26 00:00:00-04:00,33.951005243536656,33.98703721137477,33.63702550866664,33.7760009765625,1732444,0.0,0.0
2013-09-27 00:00:00-04:00,33.5598301607996,33.9561629300946,33.54953485664257,33.67306900024414,1515384,0.0,0.0
2013-09-30 00:00:00-04:00,33.338496529613494,33.549532823860716,33.18922888780492,33.42599868774414,3334330,0.0,0.0
2013-10-01 00:00:00-04:00,33.57011239334411,33.73996741761147,33.33848556818749,33.54437255859375,1567511,0.0,0.0
2013-10-02 00:00:00-04:00,33.384817234319236,33.55467228097209,33.18407311439116,33.54952621459961,2262264,0.0,0.0
2013-10-03 00:00:00-04:00,33.51864303940373,33.64217398080445,32.99362703217053,33.4311408996582,2403797,0.0,0.0
2013-10-04 00:00:00-04:00,33.41054563709411,34.12600719170684,33.32304350955265,34.01791763305664,2354736,0.0,0.0
2013-10-07 00:00:00-04:00,33.6936492026503,33.70394450459597,33.070835719481046,33.075984954833984,2198841,0.0,0.0
2013-10-08 00:00:00-04:00,33.060542432441224,33.240692782021725,32.257575452668334,32.33478546142578,3651770,0.0,0.0
2013-10-09 00:00:00-04:00,32.41199124483599,32.484052016071125,31.799473104957315,32.30390167236328,3230561,0.0,0.0
2013-10-10 00:00:00-04:00,32.70539257359088,33.297320274016535,32.63333178250636,33.26643753051758,2846954,0.0,0.0
2013-10-11 00:00:00-04:00,33.209816533564634,33.8943956007274,33.13260967848492,33.83777618408203,2025516,0.0,0.0
2013-10-14 00:00:00-04:00,33.59585610599001,33.90983592152446,33.27673022319652,33.80689239501953,2032939,0.0,0.0
2013-10-15 00:00:00-04:00,33.626740839593,33.69879845374138,33.14290279630734,33.261287689208984,2079256,0.0,0.0
2013-10-16 00:00:00-04:00,33.19952120829697,33.3693794581222,32.417144679370104,32.60759353637695,5939694,0.0,0.0
2013-10-17 00:00:00-04:00,32.478905124648364,32.746560769047235,32.381107687151086,32.69508743286133,9395384,0.0,0.0
2013-10-18 00:00:00-04:00,34.34220709651661,35.170907792814475,33.61644993659667,34.40911865234375,9656017,0.0,0.0
2013-10-21 00:00:00-04:00,34.48632775420325,34.90839719263579,34.25985007900299,34.88780975341797,3748116,0.0,0.0
2013-10-22 00:00:00-04:00,35.00105048923517,35.48488860908292,34.779718869645635,35.15031814575195,3967435,0.0,0.0
2013-10-23 00:00:00-04:00,35.10913610943664,35.25326085045475,34.66133002197674,34.73339080810547,2659104,0.0,0.0
2013-10-24 00:00:00-04:00,34.80546621559916,34.908409786348344,34.321627947439836,34.82090759277344,2835819,0.0,0.0
2013-10-25 00:00:00-04:00,34.85177877661477,34.93413487337735,34.393677345419185,34.9238395690918,2570344,0.0,0.0
2013-10-28 00:00:00-04:00,34.86207548304974,34.91354883778685,34.59956897891708,34.64589309692383,2113469,0.0,0.0
2013-10-29 00:00:00-04:00,34.73339383440725,35.062815052378106,34.53265282921815,35.0164909362793,1664986,0.0,0.0
2013-10-30 00:00:00-04:00,35.17654877161266,35.26432187784996,34.4382171930936,34.63957977294922,1803130,0.130125,0.0
2013-10-31 00:00:00-04:00,34.53631522263838,35.2436652068819,34.44337694186127,34.866756439208984,2392339,0.0,0.0
2013-11-01 00:00:00-04:00,34.91837922810316,35.22300719854571,34.5259813527395,34.97517395019531,1987268,0.0,0.0
2013-11-04 00:00:00-05:00,35.1042618193327,35.13007500591242,34.79963379625334,34.95452880859375,1186648,0.0,0.0
2013-11-05 00:00:00-05:00,34.882238705729115,35.01647933070659,34.396902569820924,34.86158752441406,1733897,0.0,0.0
2013-11-06 00:00:00-05:00,34.99067919368371,35.24883653851146,34.85127333747628,34.96486282348633,1568964,0.0,0.0
2013-11-07 00:00:00-05:00,34.91838979361782,35.15073393156988,34.32979121318978,34.38142395019531,2044720,0.0,0.0
2013-11-08 00:00:00-05:00,34.38658148953638,34.95969081019521,34.36593030455813,34.95452880859375,1996305,0.0,0.0
2013-11-11 00:00:00-05:00,34.99584196082757,35.08361507855776,34.77899016786359,34.835784912109375,2591001,0.0,0.0
2013-11-12 00:00:00-05:00,34.748001161022636,35.042298797638594,34.46402752669346,34.99066925048828,4415433,0.0,0.0
2013-11-13 00:00:00-05:00,34.86158228069887,35.31077480852547,34.52597600087772,34.87190628051758,6127544,0.0,0.0
2013-11-14 00:00:00-05:00,34.995835124761385,35.166219324215994,34.73767782472212,35.10942459106445,2744476,0.0,0.0
2013-11-15 00:00:00-05:00,35.32111135508632,35.42953563193965,34.954526621437516,35.3830680847168,3985187,0.0,0.0
2013-11-18 00:00:00-05:00,35.43986342633786,35.66188034230931,34.737675490276686,34.89257049560547,4460298,0.0,0.0
2013-11-19 00:00:00-05:00,34.85643996016043,35.09394614745453,34.59828258111501,34.91323471069336,6871518,0.0,0.0
2013-11-20 00:00:00-05:00,34.92354131211482,35.09908746354215,34.66021890640224,34.970008850097656,4448355,0.0,0.0
2013-11-21 00:00:00-05:00,34.97517846666785,35.16105183764722,34.846099825114734,35.09393310546875,6111889,0.0,0.0
2013-11-22 00:00:00-05:00,35.15072346068577,35.568937698703074,34.92354457125121,35.543121337890625,4501450,0.0,0.0
2013-11-25 00:00:00-05:00,35.754824026332905,36.36407701267696,35.610256167588155,36.136898040771484,6299416,0.0,0.0
2013-11-26 00:00:00-05:00,36.198841889964456,36.40536959928761,36.00780654009095,36.31243133544922,4989633,0.0,0.0
2013-11-27 00:00:00-05:00,36.31243597448596,36.771955815898835,36.18335733163321,36.709999084472656,4446096,0.0,0.0
2013-11-29 00:00:00-05:00,36.68417890476233,37.04560161001723,36.61706017888891,36.87521743774414,2062956,0.0,0.0
2013-12-02 00:00:00-05:00,36.781651133177604,37.0531487979694,35.87018946515238,35.91543960571289,5919861,0.0,1.252
2013-12-03 00:00:00-05:00,35.773243214827666,36.4002770717542,35.443564833497796,36.219276428222656,5485726,0.0,0.0
2013-12-04 00:00:00-05:00,35.967164653142994,36.283912543856744,35.779702004994704,36.13523483276367,4507762,0.0,0.0
2013-12-05 00:00:00-05:00,36.044734954833984,36.245128036759255,35.92191492651148,36.044734954833984,4447050,0.0,0.0
2013-12-06 00:00:00-05:00,36.62006147564377,36.904486508324645,36.38734546189019,36.64591598510742,4027223,0.0,0.0
2013-12-09 00:00:00-05:00,36.07705781945066,36.839838851737426,36.025342450433314,36.72348403930664,3187826,0.0,0.0
2013-12-10 00:00:00-05:00,36.54893003993752,36.89800065670922,36.484287450852776,36.632965087890625,2640517,0.0,0.0
2013-12-11 00:00:00-05:00,36.62652393496357,36.704096999964456,36.16756347597532,36.20634841918945,3551840,0.0,0.0
2013-12-12 00:00:00-05:00,36.322695391281584,36.94326706275227,36.29037567178562,36.794586181640625,3491514,0.0,0.0
2013-12-13 00:00:00-05:00,36.975593852438095,37.12427158340681,36.67823839050065,36.72995376586914,2700068,0.0,0.0
2013-12-16 00:00:00-05:00,36.91741522295264,37.54444903042035,36.86569984928775,37.35698318481445,2333348,0.0,0.0
2013-12-17 00:00:00-05:00,37.466873864202874,37.56383938973177,37.027305927045745,37.130733489990234,2399602,0.0,0.0
2013-12-18 00:00:00-05:00,37.337592566171786,38.1714847310853,37.11781016362652,38.113304138183594,3274705,0.0,0.0
2013-12-19 00:00:00-05:00,37.84180118261336,38.333084475298286,37.822408713823236,38.236122131347656,2208959,0.0,0.0
2013-12-20 00:00:00-05:00,38.313699016229556,39.037698424000375,38.171486492892605,38.863162994384766,3703684,0.0,0.0
2013-12-23 00:00:00-05:00,39.095872558760334,39.528978487953246,38.921337143797665,39.406158447265625,2476814,0.0,0.0
2013-12-24 00:00:00-05:00,39.28979476977409,39.600077434892505,39.244544618462065,39.34150695800781,959145,0.0,0.0
2013-12-26 00:00:00-05:00,39.496658044583604,39.69058594233581,39.20576778724163,39.53544616699219,1184591,0.0,0.0
2013-12-27 00:00:00-05:00,39.567758318563214,39.70997399016391,39.412615394349764,39.541900634765625,1534426,0.0,0.0
2013-12-30 00:00:00-05:00,39.64532421376093,40.05903757729817,39.55482709740708,39.929752349853516,1849071,0.0,0.0
2013-12-31 00:00:00-05:00,39.87803530658872,39.98146284022669,39.60006924074033,39.819854736328125,1864023,0.0,0.0
2014-01-02 00:00:00-05:00,39.593623419928626,39.88451367607439,39.50958831577218,39.587158203125,2469982,0.0,0.0
2014-01-03 00:00:00-05:00,39.54191612576431,39.845736877624056,39.45788100442948,39.63888168334961,1937367,0.0,0.0
2014-01-06 00:00:00-05:00,39.832799539345594,40.03318946478155,39.425551293412106,39.516048431396484,2135486,0.0,0.0
2014-01-07 00:00:00-05:00,39.51603913267748,40.04611047430691,39.51603913267748,39.8780403137207,2001946,0.0,0.0
2014-01-08 00:00:00-05:00,39.800471406048935,40.1301497250869,39.65179369634289,39.98147201538086,3132528,0.0,0.0
2014-01-09 00:00:00-05:00,40.00732836648289,40.466288733017386,39.86511269858241,40.110755920410156,2769159,0.0,0.0
2014-01-10 00:00:00-05:00,40.18834075311281,40.65376968692015,40.0396629930082,40.498626708984375,3173131,0.0,0.0
2014-01-13 00:00:00-05:00,40.265901375880766,40.99636269336044,39.83926070246038,39.903900146484375,2927835,0.0,0.0
2014-01-14 00:00:00-05:00,40.065515837794095,40.362871322023025,39.96208825787613,40.24005126953125,2206768,0.0,0.0
2014-01-15 00:00:00-05:00,40.40165529878554,40.744264115571795,40.24005030501963,40.62144088745117,2536494,0.0,0.0
2014-01-16 00:00:00-05:00,40.6085081518366,40.970506213305,40.55679278081014,40.64729309082031,2555958,0.0,0.0
2014-01-17 00:00:00-05:00,40.66668409633194,40.83475427825908,40.16247037197836,40.28529357910156,2510456,0.0,0.0
2014-01-21 00:00:00-05:00,40.52448163741124,40.6602289525937,39.92330542017007,40.123695373535156,2333863,0.0,0.0
2014-01-22 00:00:00-05:00,40.330536783331866,40.388714179688826,39.95560836791992,39.95560836791992,3615516,0.0,0.0
2014-01-23 00:00:00-05:00,39.65179099707413,39.77461101443299,38.89547206875063,39.218685150146484,2929897,0.0,0.0
2014-01-24 00:00:00-05:00,38.8890182774115,38.90194553197943,37.550915518869566,37.5638427734375,3930548,0.0,0.0
2014-01-27 00:00:00-05:00,37.61553801696383,38.2813596664365,37.27293255031406,37.98400115966797,3899612,0.0,0.0
2014-01-28 00:00:00-05:00,38.003410158044446,38.481766248192784,38.003410158044446,38.19087600708008,2063173,0.0,0.0
2014-01-29 00:00:00-05:00,37.86765330858752,38.30722116759305,37.68019068541921,37.77715301513672,2625306,0.0,0.0
2014-01-30 00:00:00-05:00,38.145630635856946,38.29430838330571,37.82888266768983,38.1585578918457,2111124,0.0,0.0
2014-01-31 00:00:00-05:00,37.51212699249675,38.261980856499264,37.382841733924856,38.00341033935547,3218375,0.0,0.0
2014-02-03 00:00:00-05:00,37.86766097993738,38.190874108759424,36.67823603015776,36.74934387207031,4393428,0.0,0.0
2014-02-04 00:00:00-05:00,36.71055074034125,37.318191975258046,36.27744488900999,37.02730178833008,3295586,0.0,0.0
2014-02-05 00:00:00-05:00,38.22319051224602,38.22319051224602,37.040230881367755,37.29233932495117,5045017,0.0,0.0
2014-02-06 00:00:00-05:00,37.32466189994096,37.76423302200006,37.31173146777904,37.531517028808594,3149543,0.0,0.0
2014-02-07 00:00:00-05:00,37.77071247560546,38.70803256093419,37.751319996993,38.630462646484375,3275865,0.0,0.0
2014-02-10 00:00:00-05:00,38.59165903531186,38.701551822430936,38.06159074912499,38.19087600708008,3357072,0.0,0.0
2014-02-11 00:00:00-05:00,37.54444517999624,39.199295646115466,36.91741143683487,37.014373779296875,9862912,0.0,0.0
2014-02-12 00:00:00-05:00,37.00144834870393,37.693124747093684,36.97559066324994,37.62201690673828,8025185,0.0,0.0
2014-02-13 00:00:00-05:00,37.38283080993639,37.81593661744758,37.16951051348634,37.57029342651367,3681384,0.0,0.0
2014-02-14 00:00:00-05:00,37.59616312563873,38.03573428828909,37.5509161446107,37.77069854736328,3013811,0.0,0.0
2014-02-18 00:00:00-05:00,37.89997870038072,38.488227517317455,37.64140821098948,38.38479995727539,4144264,0.0,0.0
2014-02-19 00:00:00-05:00,38.30078144520491,38.90195777541142,37.93231802046971,37.964637756347656,3151218,0.0,0.0
2014-02-20 00:00:00-05:00,38.003385742769034,38.733849841643874,38.003385742769034,38.60456466674805,2383232,0.0,0.0
2014-02-21 00:00:00-05:00,38.66923343441575,38.75973375382833,38.352482316471736,38.404197692871094,2238091,0.0,0.0
2014-02-24 00:00:00-05:00,38.42358400256629,39.322115478760445,38.42358400256629,38.76618957519531,2627884,0.0,0.0
2014-02-25 00:00:00-05:00,38.77265412856184,38.88254689998091,38.46236828237009,38.55933380126953,1873175,0.0,0.0
2014-02-26 00:00:00-05:00,38.62398976296922,39.29627387623166,38.617524545190086,38.979522705078125,3281407,0.0,0.0
2014-02-27 00:00:00-05:00,38.9795075710338,39.14111570275474,38.75326000091078,39.1281852722168,2432988,0.0,0.0
2014-02-28 00:00:00-05:00,39.244536199310346,39.80692718374171,39.12817823824576,39.522499084472656,3681513,0.0,0.0
2014-03-03 00:00:00-05:00,39.04414902595329,39.16697221954868,38.57872346902157,38.86961364746094,2380139,0.0,0.0
2014-03-04 00:00:00-05:00,39.37382575861985,39.71643128697425,39.26393299952501,39.58068084716797,2528502,0.0,0.0
2014-03-05 00:00:00-05:00,39.58069840515083,39.800484020837324,39.31566580136238,39.412628173828125,1728936,0.0,0.0
2014-03-06 00:00:00-05:00,39.46434622255472,39.73584406236159,39.42556127094993,39.63888168334961,2669132,0.0,0.0
2014-03-07 00:00:00-05:00,39.942702842168075,40.42105588112313,39.897452671977014,40.03966522216797,2947041,0.0,0.0
2014-03-10 00:00:00-04:00,39.903903826443624,39.903903826443624,39.147587933035375,39.406158447265625,1775211,0.0,0.0
2014-03-11 00:00:00-04:00,39.438481682969474,39.52898200672066,38.572269747475694,38.675697326660156,2224685,0.0,0.0
2014-03-12 00:00:00-04:00,38.46796199187498,38.487439022400224,38.05251584552225,38.26673126220703,2813114,0.193949,0.0
2014-03-13 00:00:00-04:00,38.35112604829736,38.416039919651126,37.247590235283376,37.36443328857422,3968058,0.0,0.0
2014-03-14 00:00:00-04:00,37.3189878370436,37.77987721426177,36.87757549112048,36.935997009277344,5035994,0.0,0.0
2014-03-17 00:00:00-04:00,37.23460789068504,37.981119054219185,37.08530629636023,37.85778045654297,3762204,0.0,0.0
2014-03-18 00:00:00-04:00,37.883733700444715,38.21479530964834,37.883733700444715,37.98759841918945,2221205,0.0,0.0
2014-03-19 00:00:00-04:00,37.99408379299191,38.16285915630979,37.42933300657538,37.73442840576172,2321489,0.0,0.0
2014-03-20 00:00:00-04:00,37.61111281422087,38.18884539675988,37.50075889748033,38.084983825683594,2650442,0.0,0.0
2014-03-21 00:00:00-04:00,38.40305843328244,38.84447407206873,38.14989527146038,38.208316802978516,5763892,0.0,0.0
2014-03-24 00:00:00-04:00,38.312170067084146,38.41603160037621,37.4033760649375,37.578643798828125,2432601,0.0,0.0
2014-03-25 00:00:00-04:00,37.66303553419368,38.22778647244164,37.39688773315717,37.643558502197266,3059442,0.0,0.0
2014-03-26 00:00:00-04:00,37.79935536297634,37.877253921309105,36.6633642457891,36.689327239990234,4251122,0.0,0.0
2014-03-27 00:00:00-04:00,36.41019128488452,36.45563130431917,35.31964039418041,36.15702819824219,7387388,0.0,0.0
2014-03-28 00:00:00-04:00,36.38422470750723,37.03336646726179,36.26738168044056,36.70230484008789,3953234,0.0,0.0
2014-03-31 00:00:00-04:00,37.013906132804514,37.318998498277175,36.9424999067184,37.156715393066406,3637042,0.0,0.0
2014-04-01 00:00:00-04:00,38.13041482725769,38.13041482725769,37.00740527275535,37.104774475097656,3621317,0.0,0.0
2014-04-02 00:00:00-04:00,36.96844888137606,37.68899038466518,36.884061195259484,37.572147369384766,3079421,0.0,0.0
2014-04-03 00:00:00-04:00,37.747426687377185,38.052522196462846,37.487771206615754,37.6046142578125,2647348,0.0,0.0
2014-04-04 00:00:00-04:00,37.786385464758766,38.00709332658524,36.48810767979215,36.669864654541016,4216964,0.0,0.0
2014-04-07 00:00:00-04:00,36.59196235061071,36.72179010457803,35.455967907441575,35.82597732543945,5732441,0.0,0.0
2014-04-08 00:00:00-04:00,35.76106289164608,36.00124455193694,35.52737357652554,35.767555236816406,4787862,0.0,0.0
2014-04-09 00:00:00-04:00,35.94930765213766,36.67634163026018,35.77403990542948,36.637393951416016,4653677,0.0,0.0
2014-04-10 00:00:00-04:00,36.63740073054433,36.780209976700505,35.890889582961094,35.968788146972656,3908764,0.0,0.0
2014-04-11 00:00:00-04:00,35.83246296117168,36.21545380608814,35.228764337455715,35.30665969848633,3438150,0.0,0.0
2014-04-14 00:00:00-04:00,35.748067382043295,35.95579042697723,35.57279966642016,35.871402740478516,3337479,0.0,0.0
2014-04-15 00:00:00-04:00,35.92334171549566,36.13106479869652,35.32613226545164,36.0726432800293,3317886,0.0,0.0
2014-04-16 00:00:00-04:00,37.95513898855013,37.95513898855013,36.501068071910495,37.637062072753906,6300632,0.0,0.0
2014-04-17 00:00:00-04:00,37.637079957493896,37.75392303094542,37.435845964002354,37.53321838378906,3892393,0.0,0.0
2014-04-21 00:00:00-04:00,37.520232146038936,37.60461987069116,37.104782676428556,37.43584442138672,1643733,0.0,0.0
2014-04-22 00:00:00-04:00,37.40986922924524,38.059007871839505,37.202146140378886,37.643558502197266,5204080,0.0,0.0
2014-04-23 00:00:00-04:00,38.55235344220195,39.37675985545822,38.31866416415591,38.85095977783203,7880173,0.0,0.0
2014-04-24 00:00:00-04:00,39.0651612308647,39.130075073301356,38.331635130521406,38.68865966796875,3756404,0.0,0.0
2014-04-25 00:00:00-04:00,38.519888718939185,38.636734925444365,37.92917172767263,38.149879455566406,2598108,0.0,0.0
2014-04-28 00:00:00-04:00,38.37710053641246,38.41604822926736,37.32549367786684,37.98112487792969,2939565,0.0,0.0
2014-04-29 00:00:00-04:00,38.234275817871094,38.279715842273426,37.77338642172571,38.234275817871094,2018832,0.0,0.0
2014-04-30 00:00:00-04:00,38.1174289520457,38.83148139086194,38.01356422559959,38.81849670410156,2653149,0.0,0.0
2014-05-01 00:00:00-04:00,38.79253555892847,39.14306785566909,38.63674165376076,38.92236328125,2075161,0.0,0.0
2014-05-02 00:00:00-04:00,38.86394127420307,39.091141400018394,38.77955356801727,38.85095977783203,1481963,0.0,0.0
2014-05-05 00:00:00-04:00,38.623745825532104,38.83147203647446,38.35110896406156,38.68865966796875,1285133,0.0,0.0
2014-05-06 00:00:00-04:00,38.49394076970013,38.58482084091788,38.01357741490091,38.06550979614258,2060982,0.0,0.0
2014-05-07 00:00:00-04:00,38.22129665414948,38.5523551494126,37.88374262254879,38.123924255371094,3617965,0.0,0.0
2014-05-08 00:00:00-04:00,38.05900806429341,38.65621753364578,38.01356803989108,38.234275817871094,2933120,0.0,0.0
2014-05-09 00:00:00-04:00,38.221299770689406,38.221299770689406,37.50724715842692,37.76041030883789,3496026,0.0,0.0
2014-05-12 00:00:00-04:00,38.033033505309504,38.48094130667313,38.00057817611701,38.45497512817383,2729071,0.0,0.0
2014-05-13 00:00:00-04:00,38.53287560359396,38.90937726220443,38.474454088121554,38.545860290527344,1992407,0.0,0.0
2014-05-14 00:00:00-04:00,38.50043596108983,38.50043596108983,37.929192492849445,37.98112487792969,1977584,0.0,0.0
2014-05-15 00:00:00-04:00,37.779879315006184,37.87725170925809,36.74125746650371,37.104774475097656,3280376,0.0,0.0
2014-05-16 00:00:00-04:00,37.20215066120569,37.39689227764909,36.8775813004667,37.39039993286133,3117060,0.0,0.0
2014-05-19 00:00:00-04:00,37.24109860131491,37.76040958205598,37.18916622647682,37.72795104980469,1166674,0.0,0.0
2014-05-20 00:00:00-04:00,37.65655119200353,37.68251738160688,36.79319693308611,37.03337860107422,2158044,0.0,0.0
2014-05-21 00:00:00-04:00,37.18915592969007,37.468285185363186,36.79967280197281,37.18266677856445,1874077,0.0,0.0
2014-05-22 00:00:00-04:00,37.182681028598935,37.481284235904866,37.046360924081334,37.09829330444336,887477,0.0,0.0
2014-05-23 00:00:00-04:00,37.09828430635426,37.90321366336019,37.07231812247127,37.87725067138672,1763739,0.0,0.0
2014-05-27 00:00:00-04:00,38.17586698786777,38.55885795867738,37.93568528986038,38.0070915222168,2084700,0.0,0.0
2014-05-28 00:00:00-04:00,38.10445220319491,39.00026490799809,38.07199686335134,38.8444709777832,3754599,0.0,0.0
2014-05-29 00:00:00-04:00,38.89639532917986,39.104118398682154,38.46796131147886,38.80551528930664,2433632,0.0,0.0
2014-05-30 00:00:00-04:00,38.68868093069224,38.8964072557979,38.474465452112504,38.83149337768555,2508523,0.0,0.0
2014-06-02 00:00:00-04:00,38.83797397958124,39.04570025894848,38.31217391698217,38.7795524597168,1786038,0.0,0.0
2014-06-03 00:00:00-04:00,38.695150281832525,38.75357177984413,38.37058108414309,38.55883026123047,3791594,0.0,0.0
2014-06-04 00:00:00-04:00,38.55235234422371,39.09114028669538,38.43550930448321,39.0651741027832,2723141,0.0,0.0
2014-06-05 00:00:00-04:00,39.22097293942602,39.694843885667694,38.844471205195006,39.46764373779297,3444595,0.0,0.0
2014-06-06 00:00:00-04:00,39.318336805771835,40.24011557766857,39.318336805771835,40.22713088989258,2116925,0.0,0.0
2014-06-09 00:00:00-04:00,40.21415023347352,40.84381503837773,39.99344245576943,40.577667236328125,2632138,0.0,0.0
2014-06-10 00:00:00-04:00,40.473821071397786,40.8957597550705,40.33100860006952,40.86979675292969,3069109,0.0,0.0
2014-06-11 00:00:00-04:00,40.71336194218143,40.75246488890416,40.394016937766835,40.53739547729492,2900508,0.193949,0.0
2014-06-12 00:00:00-04:00,40.426612854003906,40.641682308124594,40.30930078601315,40.426612854003906,3695563,0.0,0.0
2014-06-13 00:00:00-04:00,40.446154582941276,40.602569580078125,40.23108516361598,40.602569580078125,2353972,0.0,0.0
2014-06-16 00:00:00-04:00,40.45267616547031,40.97405739609513,40.380988489503615,40.954505920410156,2565497,0.0,0.0
2014-06-17 00:00:00-04:00,40.78505519032613,41.208679016859854,40.56346753980907,41.071815490722656,2519093,0.0,0.0
2014-06-18 00:00:00-04:00,41.05878522484539,41.39768497806583,40.73944015370632,41.36509704589844,1789905,0.0,0.0
2014-06-19 00:00:00-04:00,41.38464385991842,41.50847092841573,41.26081358678683,41.46936798095703,1763223,0.0,0.0
2014-06-20 00:00:00-04:00,41.61274858459951,41.78219683507087,41.475885057079815,41.7039909362793,3471148,0.0,0.0
2014-06-23 00:00:00-04:00,41.49544417457916,41.72355009579213,41.05878701508721,41.13047790527344,1854871,0.0,0.0
2014-06-24 00:00:00-04:00,41.09789163749494,41.31947611813145,40.4591982866482,40.543922424316406,2439433,0.0,0.0
2014-06-25 00:00:00-04:00,40.517848350961195,40.96102367372356,40.4200909736663,40.73291778564453,2107644,0.0,0.0
2014-06-26 00:00:00-04:00,40.85674685438818,40.882813351135056,40.39402006993131,40.77853775024414,1820326,0.0,0.0
2014-06-27 00:00:00-04:00,40.60908979660549,40.90236833119027,40.53739891843863,40.86326217651367,4897427,0.0,0.0
2014-06-30 00:00:00-04:00,40.75247416829928,41.0131648119894,40.6351653014197,40.73944091796875,2077223,0.0,0.0
2014-07-01 00:00:00-04:00,40.974056243896484,41.28036802873848,40.811126216225155,40.974056243896484,1558788,0.0,0.0
2014-07-02 00:00:00-04:00,40.96103531940526,41.36510460149654,40.81765672373042,40.86979293823242,1905658,0.0,0.0
2014-07-03 00:00:00-04:00,40.96102853792853,41.27385538705558,40.95451031045663,41.123958587646484,758190,0.0,0.0
2014-07-07 00:00:00-04:00,41.00664186333532,41.08484775947266,40.563466572865515,40.628639221191406,1424732,0.0,0.0
2014-07-08 00:00:00-04:00,40.63515423785687,40.641672463564916,39.97690958036634,40.00297927856445,2662043,0.0,0.0
2014-07-09 00:00:00-04:00,40.211539931533686,40.38750643004838,40.107264318800674,40.12681579589844,1932082,0.0,0.0
2014-07-10 00:00:00-04:00,39.677118940367244,39.95736100589564,39.364288948569154,39.748809814453125,2539201,0.0,0.0
2014-07-11 00:00:00-04:00,39.846561637441,40.15287336042039,39.62497402448138,39.98342514038086,2758847,0.0,0.0
2014-07-14 00:00:00-04:00,40.30278921905569,40.7589979072018,40.27671951023455,40.55696487426758,2846628,0.0,0.0
2014-07-15 00:00:00-04:00,40.4852576771322,40.732911799641045,39.98994622748044,40.13984298706055,2495117,0.0,0.0
2014-07-16 00:00:00-04:00,40.23109395728818,40.798096442947646,40.21154247895182,40.7459602355957,1950386,0.0,0.0
2014-07-17 00:00:00-04:00,40.30929431352347,40.45919108461023,39.781394899282475,39.807464599609375,2363253,0.0,0.0
2014-07-18 00:00:00-04:00,40.022532534632454,40.62863782273744,39.898705468465735,40.53739547729492,2761811,0.0,0.0
2014-07-21 00:00:00-04:00,40.30277361375934,40.5504309447138,40.10725568025872,40.30929183959961,2626724,0.0,0.0
2014-07-22 00:00:00-04:00,41.06528720574443,42.212324921738805,40.902357223271316,42.03636169433594,4217350,0.0,0.0
2014-07-23 00:00:00-04:00,42.03636761036575,42.03636761036575,41.66488322430013,41.86040115356445,3166429,0.0,0.0
2014-07-24 00:00:00-04:00,41.821307553248005,41.84085903157781,41.071823535155495,41.104408264160156,3009299,0.0,0.0
2014-07-25 00:00:00-04:00,40.9154095886703,41.29992734707616,40.89585810982213,41.11092758178711,1883358,0.0,0.0
2014-07-28 00:00:00-04:00,41.0392197162502,41.13698027469355,40.45918420462338,40.524356842041016,2709478,0.0,0.0
2014-07-29 00:00:00-04:00,40.51785086111161,40.51785086111161,39.86612428998818,39.872642517089844,2393673,0.0,0.0
2014-07-30 00:00:00-04:00,40.08118978212283,40.08118978212283,39.54025710194201,39.7097053527832,2836831,0.0,0.0
2014-07-31 00:00:00-04:00,39.266529427078105,39.3642867912611,38.21073066609694,38.315006256103516,3987135,0.0,0.0
2014-08-01 00:00:00-04:00,38.060840323567234,38.57570333924248,37.774079999211324,38.54963684082031,4804361,0.0,0.0
2014-08-04 00:00:00-04:00,38.588738936697766,38.73863572015464,38.26287566730574,38.65391159057617,1955155,0.0,0.0
2014-08-05 00:00:00-04:00,38.490986547337904,39.08405878527212,38.347607960137516,38.46492004394531,1709472,0.0,0.0
2014-08-06 00:00:00-04:00,38.11949853414189,38.419292112250965,37.76756554912918,38.145565032958984,2430796,0.0,0.0
2014-08-07 00:00:00-04:00,38.62785031301261,39.12316194959135,38.35412638887668,38.38671112060547,2407852,0.0,0.0
2014-08-08 00:00:00-04:00,38.53659460467649,39.11011516733329,38.406249313584865,39.05797576904297,1708183,0.0,0.0
2014-08-11 00:00:00-04:00,39.279571406517974,39.598919677991226,39.20788372505793,39.33171081542969,1743630,0.0,0.0
2014-08-12 00:00:00-04:00,39.23394382103413,39.5793585359491,39.07753202909854,39.28608322143555,1479643,0.0,0.0
2014-08-13 00:00:00-04:00,39.60543320241097,39.87916028189047,39.42295168739269,39.65105438232422,1442133,0.0,0.0
2014-08-14 00:00:00-04:00,39.63801126644243,39.84656243301904,39.40990542365496,39.66407775878906,2395478,0.0,0.0
2014-08-15 00:00:00-04:00,39.8400585470469,39.989958557479376,39.1166442244236,39.462059020996094,2569750,0.0,0.0
2014-08-18 00:00:00-04:00,39.794421380183216,40.530875067172914,39.696664026373654,40.524356842041016,3289012,0.0,0.0
2014-08-19 00:00:00-04:00,40.30279604699179,40.45921112178245,40.04862355335441,40.11379623413086,3405667,0.0,0.0
2014-08-20 00:00:00-04:00,40.126805896477904,40.49177205332246,40.002978837195684,40.3809814453125,1659588,0.0,0.0
2014-08-21 00:00:00-04:00,40.40705980589677,40.49830217306375,40.12030265856481,40.413578033447266,1614859,0.0,0.0
2014-08-22 00:00:00-04:00,40.32885438501742,40.60909651284708,40.048612257187756,40.0616455078125,1902306,0.0,0.0
2014-08-25 00:00:00-04:00,40.2962646484375,40.45919468185674,40.14636465938872,40.2962646484375,1322901,0.0,0.0
2014-08-26 00:00:00-04:00,40.33537567734314,40.47875426364936,39.76185492284774,39.78140640258789,2178539,0.0,0.0
2014-08-27 00:00:00-04:00,39.85960363635518,40.035570106162325,39.624979540189464,39.748809814453125,1731643,0.0,0.0
2014-08-28 00:00:00-04:00,39.631497450882925,39.68363685064565,39.3512553875854,39.449012756347656,2260390,0.0,0.0
2014-08-29 00:00:00-04:00,39.651057240278135,39.66409049063501,39.090572996138,39.233951568603516,2635876,0.0,0.0
2014-09-02 00:00:00-04:00,39.43598997002383,39.53374736471848,39.0645054609139,39.24699020385742,2180988,0.0,0.0
2014-09-03 00:00:00-04:00,39.52723183578077,39.664092186602275,38.94719608898652,39.05147171020508,1329861,0.0,0.0
2014-09-04 00:00:00-04:00,39.10360798397791,39.488128944528185,38.86898703468449,39.0254020690918,2376529,0.0,0.0
2014-09-05 00:00:00-04:00,38.862460186307416,39.24698106156208,38.54311516518045,39.20787811279297,2949490,0.0,0.0
2014-09-08 00:00:00-04:00,39.26653950144815,39.950850840201,39.090572996138,39.233951568603516,2766839,0.0,0.0
2014-09-09 00:00:00-04:00,39.11011607177583,39.33822193877833,38.92111635671252,38.92763137817383,2255234,0.0,0.0
2014-09-10 00:00:00-04:00,38.888365595680916,39.40539256138919,38.868728727319066,39.19596481323242,2242087,0.193949,0.0
2014-09-11 00:00:00-04:00,39.038882178865094,39.53627536417637,39.01924853374385,39.457740783691406,1651080,0.0,0.0
2014-09-12 00:00:00-04:00,39.36612406193066,39.47083793281986,38.993078282178764,39.176326751708984,2128526,0.0,0.0
2014-09-15 00:00:00-04:00,39.07162581213161,39.21561024809856,38.87528603244408,38.98654556274414,2161009,0.0,0.0
2014-09-16 00:00:00-04:00,38.88181557332145,39.42502175061013,38.698563900841926,39.30721664428711,2199163,0.0,0.0
2014-09-17 00:00:00-04:00,39.29413226682382,39.62136512799048,38.94726575579752,39.1828727722168,2208830,0.0,0.0
2014-09-18 00:00:00-04:00,39.25487092051603,39.50356921996182,39.16979068551975,39.35958480834961,1786167,0.0,0.0
2014-09-19 00:00:00-04:00,39.497023655401264,39.59519191973458,38.718207073871355,38.790199279785156,5772142,0.0,0.0
2014-09-22 00:00:00-04:00,38.77055736866373,38.8360039369803,37.952473655654984,38.08991241455078,2835929,0.0,0.0
2014-09-23 00:00:00-04:00,38.10954589018449,38.364789758132424,37.795404294553485,37.9655647277832,2149021,0.0,0.0
2014-09-24 00:00:00-04:00,37.926300318720465,37.99828929635147,37.64487715851344,37.71686935424805,2432214,0.0,0.0
2014-09-25 00:00:00-04:00,37.6317931757986,37.64488120456449,37.02314030326147,37.14094543457031,3109326,0.0,0.0
2014-09-26 00:00:00-04:00,37.2129312423687,37.65796923586309,37.1147629897471,37.61870193481445,2418164,0.0,0.0
2014-09-29 00:00:00-04:00,37.14095604444669,37.67107124151204,37.023150879485016,37.4747314453125,2234482,0.0,0.0
2014-09-30 00:00:00-04:00,37.448551114702845,37.47472717673062,36.80062760837308,36.88570785522461,2699939,0.0,0.0
2014-10-01 00:00:00-04:00,36.74173163517951,36.996972410423574,36.087265633447345,36.342506408691406,4203945,0.0,0.0
2014-10-02 00:00:00-04:00,36.26397052210399,36.51266566330202,35.674951140907055,36.41449737548828,3534180,0.0,0.0
2014-10-03 00:00:00-04:00,36.676273845101086,37.00350674612864,36.57810236574084,36.918426513671875,3020900,0.0,0.0
2014-10-06 00:00:00-04:00,37.036218732806866,37.3438179010679,36.91187122839602,37.08857727050781,4175200,0.0,0.0
2014-10-07 00:00:00-04:00,37.28492439470531,37.41581754695591,36.59119133139787,36.61737060546875,3620672,0.0,0.0
2014-10-08 00:00:00-04:00,36.61738680612611,37.71034543278749,36.4668567181454,37.6972541809082,4386596,0.0,0.0
2014-10-09 00:00:00-04:00,37.579440786198006,37.618708093675416,36.453757590519054,36.54538345336914,4137174,0.0,0.0
2014-10-10 00:00:00-04:00,36.49956784045485,36.630461001166104,35.740388151950384,35.77965545654297,3679708,0.0,0.0
2014-10-13 00:00:00-04:00,35.83200508766298,35.95635259395107,35.00083340225699,35.05973434448242,3954265,0.0,0.0
2014-10-14 00:00:00-04:00,35.347703619014176,35.76001669452917,35.229898503965536,35.393516540527344,4871002,0.0,0.0
2014-10-15 00:00:00-04:00,34.86339897154904,35.54404396574691,34.339826394182,35.3018913269043,4166435,0.0,0.0
2014-10-16 00:00:00-04:00,34.68669136341381,36.07415734453658,34.680145741056535,35.93672180175781,3551195,0.0,0.0
2014-10-17 00:00:00-04:00,36.3490425038801,37.2194817361552,36.26396226777238,36.96424102783203,3842509,0.0,0.0
2014-10-20 00:00:00-04:00,36.898801372879,37.468187073817724,36.70900399382962,37.402740478515625,3449106,0.0,0.0
2014-10-21 00:00:00-04:00,37.86085419676601,38.69856841032485,37.808495650498244,38.181541442871094,4844707,0.0,0.0
2014-10-22 00:00:00-04:00,37.40272651831461,39.33339875006967,37.17366191120103,37.78886032104492,9342285,0.0,0.0
2014-10-23 00:00:00-04:00,38.129196194924205,39.81771967467067,38.12265378793667,39.274513244628906,3553773,0.0,0.0
2014-10-24 00:00:00-04:00,39.41849576723053,39.48394236599315,38.83602200367467,39.43812942504883,2236157,0.0,0.0
2014-10-27 00:00:00-04:00,39.281047380660446,39.52320003909745,38.99962420126038,39.38576126098633,2564466,0.0,0.0
2014-10-28 00:00:00-04:00,39.66063692296846,40.64233561773719,39.595190343317206,40.57688903808594,2734485,0.0,0.0
2014-10-29 00:00:00-04:00,40.56380135194737,40.69469451235523,39.732629461547106,40.236568450927734,2065236,0.0,0.0
2014-10-30 00:00:00-04:00,40.11222224338976,40.58343634923365,39.889703219700785,40.400184631347656,1945359,0.0,0.0
2014-10-31 00:00:00-04:00,40.825593556876235,41.11355919489824,40.65543306744192,40.982666015625,3052352,0.0,0.0
2014-11-03 00:00:00-05:00,40.96302982077215,41.01538515837267,40.28893031112067,40.452545166015625,3029408,0.0,0.0
2014-11-04 00:00:00-05:00,40.367466093020646,40.45254633492115,39.92897363516154,40.14494705200195,2047448,0.0,0.0
2014-11-05 00:00:00-05:00,40.44598884290148,40.8452138747571,39.68680929463274,40.7077751159668,4273422,0.0,0.0
2014-11-06 00:00:00-05:00,40.65542970947823,41.36225088831064,40.56380384793398,41.33607482910156,2391868,0.0,0.0
2014-11-07 00:00:00-05:00,41.33606693440755,41.735288769297206,41.27716276717672,41.565128326416016,1889416,0.0,0.0
2014-11-10 00:00:00-05:00,41.56513035263335,41.794194973911814,41.453870853455776,41.506229400634766,2099008,0.0,0.0
2014-11-11 00:00:00-05:00,41.669836000666095,41.72874015913703,41.17244277309689,41.264068603515625,1986993,0.0,0.0
2014-11-12 00:00:00-05:00,41.12010888676403,41.51278846342635,41.002303726523444,41.23136520385742,1888643,0.0,0.0
2014-11-13 00:00:00-05:00,41.32298074761497,41.32298074761497,40.7928624862661,40.92375564575195,1668739,0.0,0.0
2014-11-14 00:00:00-05:00,40.85177224621337,41.19863884446622,40.85177224621337,40.96303176879883,1398565,0.0,0.0
2014-11-17 00:00:00-05:00,40.904122193066634,41.00229367221162,40.72087369975538,40.917213439941406,1973717,0.0,0.0
2014-11-18 00:00:00-05:00,41.00882559756068,41.368780058614945,40.805940301706606,41.07427215576172,1704445,0.0,0.0
2014-11-19 00:00:00-05:00,41.02192326402855,41.04810253708289,40.56379724894027,41.035011291503906,1639221,0.0,0.0
2014-11-20 00:00:00-05:00,40.760136701132346,41.381880755136,40.58343063180936,41.244441986083984,1535070,0.0,0.0
2014-11-21 00:00:00-05:00,41.70911998885866,41.99708562053534,41.46042488458217,41.53895950317383,1483510,0.0,0.0
2014-11-24 00:00:00-05:00,41.70913031544979,41.813847456970954,41.55206103937833,41.73530960083008,1595395,0.0,0.0
2014-11-25 00:00:00-05:00,41.754925767091436,41.98399039557081,41.578219687437,41.781105041503906,1885291,0.0,0.0
2014-11-26 00:00:00-05:00,41.78111299818688,41.84001718135844,41.46697129972432,41.55205154418945,1341849,0.0,0.0
2014-11-28 00:00:00-05:00,41.45388988997505,41.48661480151583,41.10047757948157,41.2706413269043,825476,0.0,0.0
2014-12-01 00:00:00-05:00,41.13973134843446,41.19863230347367,40.3412811623071,40.655426025390625,1812334,0.0,0.0
2014-12-02 00:00:00-05:00,40.93031705016402,41.414622570610256,40.81251509206964,41.2706413269043,1710116,0.0,0.0
2014-12-03 00:00:00-05:00,41.27062308338481,42.18032952499271,41.21826453530653,41.761470794677734,2112027,0.0,0.0
2014-12-04 00:00:00-05:00,41.58477230153793,41.71566547750143,41.27717301621327,41.41461181640625,1993567,0.0,0.0
2014-12-05 00:00:00-05:00,41.414622293101836,41.80075629444354,41.355721314449326,41.62405014038086,1758969,0.0,0.0
2014-12-08 00:00:00-05:00,41.50624119646489,41.63713438350774,40.864863292713075,40.94994354248047,1667708,0.0,0.0
2014-12-09 00:00:00-05:00,40.740505642752126,41.25753263811965,40.445994435776925,41.205177307128906,2412364,0.0,0.0
2014-12-10 00:00:00-05:00,41.139465686254354,41.21831337332379,40.732080584840766,40.929203033447266,3143355,0.193949,0.0
2014-12-11 00:00:00-05:00,41.0869041971209,41.77683447992783,41.0869041971209,41.4614372253418,2983519,0.0,0.0
2014-12-12 00:00:00-05:00,40.96864265461569,41.270896546028204,40.764948409996755,40.78466033935547,2716310,0.0,0.0
2014-12-15 00:00:00-05:00,40.88979265550633,41.15919116233228,40.206433962444095,40.46269226074219,1997821,0.0,0.0
2014-12-16 00:00:00-05:00,40.27214771589625,40.955503284059354,39.904183048812136,39.93703842163086,2487770,0.0,0.0
2014-12-17 00:00:00-05:00,40.02901845697005,40.843792058897996,39.79904060399566,40.72551727294922,2524635,0.0,0.0
2014-12-18 00:00:00-05:00,41.3825941702343,41.75055552124719,40.92264167373475,41.7374153137207,1885678,0.0,0.0
2014-12-19 00:00:00-05:00,41.90824743479326,42.15793718516053,41.71112496795592,42.046234130859375,2947943,0.0,0.0
2014-12-22 00:00:00-05:00,42.079083793853805,42.32877352958819,42.01337630875876,42.17764663696289,1774180,0.0,0.0
2014-12-23 00:00:00-05:00,42.2762024568216,42.67044733202679,42.217066694820645,42.36162185668945,1555436,0.0,0.0
2014-12-24 00:00:00-05:00,42.32220764516661,42.539042052773745,42.21050458201543,42.37477493286133,488789,0.0,0.0
2014-12-26 00:00:00-05:00,42.58504211798166,42.709885400770965,42.3747794068698,42.440486907958984,951411,0.0,0.0
2014-12-29 00:00:00-05:00,42.368207687480734,42.75588097462678,42.23679268530237,42.440486907958984,1118852,0.0,0.0
2014-12-30 00:00:00-05:00,42.34849415980958,42.473337437880794,42.01338494763907,42.217079162597656,1459406,0.0,0.0
2014-12-31 00:00:00-05:00,42.43390712831123,42.466762488081905,41.6257053415244,41.6519889831543,875747,0.0,0.0
2015-01-02 00:00:00-05:00,41.71768952813927,42.05279540261147,41.159174352464476,41.56656265258789,1423185,0.0,0.0
2015-01-05 00:00:00-05:00,41.19861755247698,41.389171588920476,40.6663889948911,40.84379959106445,2270960,0.0,0.0
2015-01-06 00:00:00-05:00,40.88321028981141,40.975201418353926,39.66105167041268,39.989585876464844,2857584,0.0,0.0
2015-01-07 00:00:00-05:00,40.41669505610744,40.594105634222565,40.09472926627408,40.2064323425293,2210893,0.0,0.0
2015-01-08 00:00:00-05:00,40.53495843500794,41.040906379920465,40.50867479548009,41.02119445800781,2212955,0.0,0.0
2015-01-09 00:00:00-05:00,41.146038217336994,41.146038217336994,40.48896337565737,40.57438278198242,1246334,0.0,0.0
2015-01-12 00:00:00-05:00,41.35629979811482,41.37601171975896,40.37068756124329,40.87006378173828,2911078,0.0,0.0
2015-01-13 00:00:00-05:00,41.29060918829329,41.560010945737375,40.153869600354,40.66638946533203,1723522,0.0,0.0
2015-01-14 00:00:00-05:00,39.904179944118624,40.40355960175505,39.7727649249373,40.3641357421875,2033269,0.0,0.0
2015-01-15 00:00:00-05:00,40.554684804558654,40.85036696951835,40.02902475046668,40.4429817199707,3549777,0.0,0.0
2015-01-16 00:00:00-05:00,40.28527370256851,40.5415319501502,39.5230674473204,40.48896789550781,3741838,0.0,0.0
2015-01-20 00:00:00-05:00,40.86349041662813,41.20516799224568,40.364114255751524,40.98176193237305,3179705,0.0,0.0
2015-01-21 00:00:00-05:00,40.77808063706807,41.57971401843119,40.64009715856693,41.47458267211914,2402825,0.0,0.0
2015-01-22 00:00:00-05:00,41.88852891359538,42.55217541670083,41.6651228401804,42.539031982421875,3498475,0.0,0.0
2015-01-23 00:00:00-05:00,42.381330335422206,43.10410926189869,42.282767516673076,42.4864616394043,4063830,0.0,0.0
2015-01-26 00:00:00-05:00,42.4930400555893,42.952995676004086,42.026519179339424,42.92671203613281,2151857,0.0,0.0
2015-01-27 00:00:00-05:00,42.34848706307286,42.78215583501148,41.90824657309482,42.552181243896484,2187175,0.0,0.0
2015-01-28 00:00:00-05:00,42.80843227188053,43.018694904424706,41.92137972316967,41.9542350769043,2611127,0.0,0.0
2015-01-29 00:00:00-05:00,41.91480633726963,42.54559739209443,41.599409194391114,42.4864616394043,3660760,0.0,0.0
2015-01-30 00:00:00-05:00,43.29468962406113,43.72178681699049,42.611330884439944,43.629798889160156,5537544,0.0,0.0
2015-02-02 00:00:00-05:00,43.69550164191702,43.71521356937319,42.67703374805639,43.47209548950195,3943309,0.0,0.0
2015-02-03 00:00:00-05:00,43.75463358721454,44.40513682902372,43.70863801687245,44.31971740722656,3415979,0.0,0.0
2015-02-04 00:00:00-05:00,44.35256912796059,44.35256912796059,43.67577906618944,43.89918518066406,2585605,0.0,0.0
2015-02-05 00:00:00-05:00,43.96489568961862,44.240869107951056,43.85319262471266,43.91890335083008,2436468,0.0,0.0
2015-02-06 00:00:00-05:00,43.95174968734168,44.116016788173866,43.662636100469285,43.7546272277832,3399222,0.0,0.0
2015-02-09 00:00:00-05:00,43.72835853716916,44.19488282023633,43.366968853223874,43.629798889160156,2910175,0.0,0.0
2015-02-10 00:00:00-05:00,43.87948838091947,44.070039200269946,43.577234465829896,44.01747512817383,2137291,0.0,0.0
2015-02-11 00:00:00-05:00,43.82034822044198,44.063466318590336,43.76778092265105,43.800636291503906,2563048,0.0,0.0
2015-02-12 00:00:00-05:00,44.12258724787998,44.56939943584422,43.8400453869966,44.437984466552734,4535733,0.0,0.0
2015-02-13 00:00:00-05:00,44.51683320832596,44.70081546205738,43.99774503663102,44.47740936279297,2662945,0.0,0.0
2015-02-17 00:00:00-05:00,44.41170392763096,44.57597426618227,44.05688283958137,44.523406982421875,1807049,0.0,0.0
2015-02-18 00:00:00-05:00,44.52341150198213,45.00964761785718,44.30657708859285,44.621971130371094,2734098,0.0,0.0
2015-02-19 00:00:00-05:00,44.43798610967138,44.79280718606468,44.35256669956679,44.66139221191406,1687430,0.0,0.0
2015-02-20 00:00:00-05:00,44.69426002785471,45.34476340894971,44.418289777644965,45.213348388671875,2238735,0.0,0.0
2015-02-23 00:00:00-05:00,45.20675484693069,45.29874272540052,44.884785964022605,45.10162353515625,2279854,0.0,0.0
2015-02-24 00:00:00-05:00,44.911085872900266,45.23305487247145,44.81252624206577,45.17391586303711,1575674,0.0,0.0
2015-02-25 00:00:00-05:00,44.93078821831963,45.068774902998186,44.60225080070375,44.82565689086914,1816717,0.0,0.0
2015-02-26 00:00:00-05:00,44.87821589416171,44.95049185105588,44.47739934930421,44.641666412353516,1658685,0.0,0.0
2015-02-27 00:00:00-05:00,44.529977091647815,44.648248629435415,44.10287681159318,44.14887237548828,2069747,0.0,0.0
2015-03-02 00:00:00-05:00,44.14887538488399,44.69424723990135,44.10287981785361,44.53654861450195,2003106,0.0,0.0
2015-03-03 00:00:00-05:00,44.293433762612004,44.54312354004999,43.9977516457655,44.31971740722656,1906560,0.0,0.0
2015-03-04 00:00:00-05:00,44.1423117897825,44.23430294077198,43.485236755477544,44.02404022216797,2673902,0.0,0.0
2015-03-05 00:00:00-05:00,44.293441305500146,44.490563827277704,44.221165309168924,44.47085189819336,2426285,0.0,0.0
2015-03-06 00:00:00-05:00,44.13574302625371,44.3722893909437,43.61665149073149,43.93204879760742,2089727,0.0,0.0
2015-03-09 00:00:00-04:00,44.02404137827034,44.56284162817611,44.02404137827034,44.45771026611328,1703156,0.0,0.0
2015-03-10 00:00:00-04:00,44.04375700926596,44.04375700926596,43.46552962291063,43.518096923828125,2378721,0.0,0.0
2015-03-11 00:00:00-04:00,43.74247724286328,43.82167496461921,43.38609560781979,43.68968200683594,1634452,0.224981,0.0
2015-03-12 00:00:00-04:00,43.82826986641412,44.54763371731878,43.82167249049773,44.47503662109375,1360282,0.0,0.0
2015-03-13 00:00:00-04:00,44.4288466761276,44.47504454148499,43.78868042850268,44.362850189208984,2008520,0.0,0.0
2015-03-16 00:00:00-04:00,44.60041665036871,45.30657906440745,44.428826511288385,45.273582458496094,2142189,0.0,0.0
2015-03-17 00:00:00-04:00,44.864410999301896,44.930407468801484,44.51463003546839,44.732418060302734,2092176,0.0,0.0
2015-03-18 00:00:00-04:00,44.5608307955216,45.37258709880644,44.23084842649756,45.23399353027344,2047963,0.0,0.0
2015-03-19 00:00:00-04:00,45.00299644831241,45.14158998282692,44.48822278093152,44.79180908203125,1592946,0.0,0.0
2015-03-20 00:00:00-04:00,45.05579385964441,45.41217212627367,44.96339817212706,45.01619338989258,2371116,0.0,0.0
2015-03-23 00:00:00-04:00,45.13499723684105,45.214191701725554,44.58722686767578,44.58722686767578,1369820,0.0,0.0
2015-03-24 00:00:00-04:00,44.64661891638196,44.96340323924346,44.283639989698074,44.844608306884766,2189753,0.0,0.0
2015-03-25 00:00:00-04:00,44.85780681803685,44.95019926520405,44.06584930419922,44.06584930419922,1846364,0.0,0.0
2015-03-26 00:00:00-04:00,44.0394607091969,44.62022774587789,43.82167266479865,44.52783203125,2784756,0.0,0.0
2015-03-27 00:00:00-04:00,44.310045533093145,44.82481935745271,44.191253820263164,44.725826263427734,1788488,0.0,0.0
2015-03-30 00:00:00-04:00,44.87760859837715,45.24718814855411,44.81161213423332,45.174591064453125,1825997,0.0,0.0
2015-03-31 00:00:00-04:00,45.00300174854494,45.22078975977933,44.72581789201279,44.93040466308594,1899728,0.0,0.0
2015-04-01 00:00:00-04:00,44.90401588227746,44.95021049483041,44.178051401420866,44.250648498535156,2715665,0.0,0.0
2015-04-02 00:00:00-04:00,44.09884890644886,44.77201478601589,43.966855978511305,44.56742477416992,2491508,0.0,0.0
2015-04-06 00:00:00-04:00,44.1648509903896,45.062402365549744,43.973462194068716,44.77861785888672,1914036,0.0,0.0
2015-04-07 00:00:00-04:00,44.95681597515281,45.108607561785064,44.44864273071289,44.44864273071289,1512770,0.0,0.0
2015-04-08 00:00:00-04:00,44.4024419742855,44.69282713006135,44.230851778418085,44.55423355102539,1676731,0.0,0.0
2015-04-09 00:00:00-04:00,44.52122263230546,44.85780553963689,44.26383417604389,44.79180908203125,2494988,0.0,0.0
2015-04-10 00:00:00-04:00,44.765414367532436,45.35938254592443,44.57402234956189,45.26698684692383,2622857,0.0,0.0
2015-04-13 00:00:00-04:00,45.07559090610772,45.63655914058953,45.01619182611446,45.339576721191406,1888901,0.0,0.0
2015-04-14 00:00:00-04:00,45.20099157479136,45.35938374223518,44.93040509062244,45.2603874206543,1633292,0.0,0.0
2015-04-15 00:00:00-04:00,45.48477689585566,45.814759231994245,45.3263847254806,45.662967681884766,1412486,0.0,0.0
2015-04-16 00:00:00-04:00,45.50457932925132,45.80816245494028,45.326388528272375,45.40558624267578,2120534,0.0,0.0
2015-04-17 00:00:00-04:00,45.0689883223207,45.11518616246047,44.270430292964576,44.442020416259766,1758454,0.0,0.0
2015-04-20 00:00:00-04:00,44.71261783441113,44.77861430153498,44.48163182204899,44.666419982910156,1351774,0.0,0.0
2015-04-21 00:00:00-04:00,44.712618847411555,44.950205485411615,44.31003941529247,44.349639892578125,1739506,0.0,0.0
2015-04-22 00:00:00-04:00,44.34304146812706,44.613627976408004,43.96686125385498,44.54103088378906,2134584,0.0,0.0
2015-04-23 00:00:00-04:00,45.41876015253249,45.80154078962726,44.83799020214205,45.577152252197266,3650448,0.0,0.0
2015-04-24 00:00:00-04:00,45.629960393745925,45.629960393745925,45.02939491139036,45.29338073730469,2649797,0.0,0.0
2015-04-27 00:00:00-04:00,45.31977996892455,45.801553776703976,45.1481865859665,45.29338073730469,2304216,0.0,0.0
2015-04-28 00:00:00-04:00,45.22739164721038,45.68276629753881,45.00960362987319,45.662967681884766,2215275,0.0,0.0
2015-04-29 00:00:00-04:00,45.30658638031889,45.51117640348908,44.60042385225208,44.64662170410156,3109584,0.0,0.0
2015-04-30 00:00:00-04:00,44.409033966970924,44.739016296885794,43.40588898208678,43.452083587646484,3720183,0.0,0.0
2015-05-01 00:00:00-04:00,43.5444864849967,44.25724973345759,43.45869138955503,44.118656158447266,2208830,0.0,0.0
2015-05-04 00:00:00-04:00,44.19785616051823,44.468439458138825,44.013064717627074,44.145057678222656,1627620,0.0,0.0
2015-05-05 00:00:00-04:00,44.013064686600984,44.20445350578666,43.41909636433957,43.44549560546875,2048608,0.0,0.0
2015-05-06 00:00:00-04:00,43.56428543917458,44.09885787963867,43.20790381219852,44.09885787963867,4497321,0.0,0.0
2015-05-07 00:00:00-04:00,44.10545653574405,44.48823414050944,43.953664969007,44.31004333496094,2006715,0.0,0.0
2015-05-08 00:00:00-04:00,44.8380128628949,45.09540137186011,44.455235277488825,44.508033752441406,2047061,0.0,0.0
2015-05-11 00:00:00-04:00,44.41564052119292,44.75882089209739,44.27704695056931,44.3298454284668,2094238,0.0,0.0
2015-05-12 00:00:00-04:00,44.323234925918676,44.72581430599161,44.17144339223299,44.560821533203125,1890190,0.0,0.0
2015-05-13 00:00:00-04:00,44.61362962908877,45.168000662507225,44.3826403463548,44.956809997558594,2529276,0.0,0.0
2015-05-14 00:00:00-04:00,45.860959100397494,46.336132387276685,45.5243761291914,46.31633377075195,3380145,0.0,0.0
2015-05-15 00:00:00-04:00,46.26353480875491,46.81130514212073,46.22393757890053,46.7981071472168,3880406,0.0,0.0
2015-05-18 00:00:00-04:00,46.52753448486328,46.75192318086303,46.421940758846794,46.52753448486328,2065494,0.0,0.0
2015-05-19 00:00:00-04:00,46.553930857568695,46.61332671632675,45.880764811070634,46.02595901489258,2560212,0.0,0.0
2015-05-20 00:00:00-04:00,46.07215046610433,46.13154956592601,45.66957423531446,45.761966705322266,2020507,0.0,0.0
2015-05-21 00:00:00-04:00,45.768558252343155,46.111741805557834,45.51117302128901,45.88075256347656,1454379,0.0,0.0
2015-05-22 00:00:00-04:00,46.42192556859863,46.42192556859863,45.715763092041016,45.715763092041016,1487248,0.0,0.0
2015-05-26 00:00:00-04:00,45.570569933517895,45.58377117345658,45.18119176789258,45.26698684692383,1214883,0.0,0.0
2015-05-27 00:00:00-04:00,45.51117302128901,45.98634625479551,45.29998563865112,45.88075256347656,1593977,0.0,0.0
2015-05-28 00:00:00-04:00,45.80815529395776,45.999547306655984,45.563971303529286,45.82795715332031,1405139,0.0,0.0
2015-05-29 00:00:00-04:00,45.72895502056214,45.8675485476167,45.26697984218899,45.392372131347656,2601460,0.0,0.0
2015-06-01 00:00:00-04:00,45.55737457806112,45.86755830259484,45.13499653326142,45.530975341796875,1674540,0.0,0.0
2015-06-02 00:00:00-04:00,45.43197896006296,46.006148515220794,45.27358679913278,45.69596481323242,2827808,0.0,0.0
2015-06-03 00:00:00-04:00,45.77516038422884,45.87415670414592,45.47817791476281,45.59696960449219,2924870,0.0,0.0
2015-06-04 00:00:00-04:00,45.39897793361572,45.61676593234285,45.04259639201043,45.5705680847168,3637687,0.0,0.0
2015-06-05 00:00:00-04:00,45.5507769895919,45.69597117613809,45.29339172045499,45.61017608642578,2777151,0.0,0.0
2015-06-08 00:00:00-04:00,45.577170553487235,45.64976763772236,45.26038622695449,45.26698684692383,1238213,0.0,0.0
2015-06-09 00:00:00-04:00,45.306584934697796,45.53757418657493,45.16139400861976,45.28018569946289,1621820,0.0,0.0
2015-06-10 00:00:00-04:00,45.54529588705662,46.1086486738453,45.43262532969889,45.85679626464844,1356801,0.224981,0.0
2015-06-11 00:00:00-04:00,46.05562495371368,46.22794347523406,45.99597698678374,46.16166687011719,2127752,0.0,0.0
2015-06-12 00:00:00-04:00,46.380372896678935,46.70513049786967,46.15503507772565,46.30084228515625,3461996,0.0,0.0
2015-06-15 00:00:00-04:00,45.81702176625022,45.92969230101796,45.35308561205477,45.75737380981445,2462763,0.0,0.0
2015-06-16 00:00:00-04:00,45.53203478742514,45.82364920461132,45.46575819098881,45.7706298828125,1960569,0.0,0.0
2015-06-17 00:00:00-04:00,45.85017790751912,45.92971180879759,45.42600687745552,45.71762466430664,2744152,0.0,0.0
2015-06-18 00:00:00-04:00,45.730868632473836,46.26108145098751,45.697728701858054,46.0158576965332,1804342,0.0,0.0
2015-06-19 00:00:00-04:00,46.02912642445399,46.08214902681846,45.71762596812914,45.7242546081543,2708447,0.0,0.0
2015-06-22 00:00:00-04:00,45.870063418163085,45.98273400778611,45.61158555551418,45.90983200073242,2679573,0.0,0.0
2015-06-23 00:00:00-04:00,45.94296514820921,46.029124429127734,45.63146470538766,45.64472198486328,1799057,0.0,0.0
2015-06-24 00:00:00-04:00,45.65134757762783,45.724252838327466,45.26694513157872,45.445892333984375,1447676,0.0,0.0
2015-06-25 00:00:00-04:00,45.62482826515076,45.62482826515076,45.05484685881836,45.1807746887207,1225452,0.0,0.0
2015-06-26 00:00:00-04:00,45.306709677944745,45.45251693793352,45.06148585879955,45.35310363769531,2201741,0.0,0.0
2015-06-29 00:00:00-04:00,45.068109055696695,45.18077962163854,44.736725996725916,44.78974533081055,2475138,0.0,0.0
2015-06-30 00:00:00-04:00,45.15426159813611,45.38622807539879,44.518006871483884,44.68369674682617,2265546,0.0,0.0
2015-07-01 00:00:00-04:00,45.08799817889322,45.10125219958553,44.62406182980637,44.803009033203125,1522567,0.0,0.0
2015-07-02 00:00:00-04:00,44.981949390158206,45.1012453349865,44.60417238036633,44.743350982666016,1065230,0.0,0.0
2015-07-06 00:00:00-04:00,44.27278082417908,44.67044041509384,43.96128048540413,44.42521667480469,2093336,0.0,0.0
2015-07-07 00:00:00-04:00,44.590910661959924,44.67706992206124,43.928144615859445,44.60416793823242,2164102,0.0,0.0
2015-07-08 00:00:00-04:00,44.186620367317225,44.56440058105779,43.84198334273611,43.86186599731445,2341340,0.0,0.0
2015-07-09 00:00:00-04:00,44.3523084729978,44.59090355980859,43.808841705322266,43.808841705322266,1929375,0.0,0.0
2015-07-10 00:00:00-04:00,44.26615368639448,44.35231294145338,43.86186544425869,44.01430130004883,1491760,0.0,0.0
2015-07-13 00:00:00-04:00,44.69033827625732,44.74335761773741,44.45836847316232,44.55778503417969,2627627,0.0,0.0
2015-07-14 00:00:00-04:00,44.597540844407305,44.796370665122474,44.557775532047785,44.703582763671875,2103519,0.0,0.0
2015-07-15 00:00:00-04:00,44.816255998776946,44.87590397087979,44.4716189258479,44.65056610107422,3472050,0.0,0.0
2015-07-16 00:00:00-04:00,45.41937084743378,45.52541276535733,44.79637009862129,44.85601806640625,4492165,0.0,0.0
2015-07-17 00:00:00-04:00,44.85600882861565,45.286808308789126,44.54450851836078,44.822872161865234,1895217,0.0,0.0
2015-07-20 00:00:00-04:00,44.99521988031141,45.916464135704096,44.91568922131195,45.57182693481445,3241062,0.0,0.0
2015-07-21 00:00:00-04:00,45.68447455824453,45.78388783198142,44.915666625315666,45.06147384643555,2356034,0.0,0.0
2015-07-22 00:00:00-04:00,45.04822482963888,45.386233256778404,44.8295123442247,45.200660705566406,3432478,0.0,0.0
2015-07-23 00:00:00-04:00,45.23379856824995,45.23379856824995,44.33243730735408,44.385459899902344,2752660,0.0,0.0
2015-07-24 00:00:00-04:00,44.299289197422745,44.458350416177765,43.62326598204608,43.7425651550293,1815557,0.0,0.0
2015-07-27 00:00:00-04:00,43.41119359814073,43.56362947880419,43.046670605180175,43.07980728149414,2855908,0.0,0.0
2015-07-28 00:00:00-04:00,41.025242789738165,41.0915194181921,40.05760466609453,40.229923248291016,11440777,0.0,0.0
2015-07-29 00:00:00-04:00,40.32269169253735,41.144522139971045,40.183509862373064,40.76011657714844,5461751,0.0,0.0
2015-07-30 00:00:00-04:00,40.46850801408583,40.601061236781916,40.22328748512408,40.50164794921875,3429642,0.0,0.0
2015-07-31 00:00:00-04:00,40.60768458391965,40.93906759747666,40.5480366191546,40.693843841552734,2964442,0.0,0.0
2015-08-03 00:00:00-04:00,40.554665276300696,40.61431324109399,40.07084314325277,40.11723709106445,4567314,0.0,0.0
2015-08-04 00:00:00-04:00,40.282933081533734,40.534785493367664,39.14297347823832,39.35506057739258,5834916,0.0,0.0
2015-08-05 00:00:00-04:00,39.63343385158619,40.07748759102549,39.63343385158619,39.739479064941406,4166048,0.0,0.0
2015-08-06 00:00:00-04:00,39.75934480472622,39.944920605402444,39.62679159250535,39.77260208129883,3482105,0.0,0.0
2015-08-07 00:00:00-04:00,39.739462347937256,40.037705423012014,39.56051519932548,39.931663513183594,4864815,0.0,0.0
2015-08-10 00:00:00-04:00,40.15038065131722,40.97883988994982,40.130497994588815,40.82640075683594,3459418,0.0,0.0
2015-08-11 00:00:00-04:00,40.44199401118289,40.67396048722535,40.210024276223116,40.468502044677734,2788623,0.0,0.0
2015-08-12 00:00:00-04:00,40.05096120296254,40.925814330127906,39.78585478726105,40.852909088134766,3349724,0.0,0.0
2015-08-13 00:00:00-04:00,40.74023955059566,41.00534597290216,40.640826271689484,40.68059158325195,2665781,0.0,0.0
2015-08-14 00:00:00-04:00,40.75350098077126,41.08488404242986,40.60769047829076,40.79326629638672,2200194,0.0,0.0
2015-08-17 00:00:00-04:00,40.601054397882606,41.36323692946091,40.44199316457404,41.17103576660156,2534561,0.0,0.0
2015-08-18 00:00:00-04:00,40.97221180703932,41.2770835595662,40.92581785440466,41.184295654296875,2450518,0.0,0.0
2015-08-19 00:00:00-04:00,40.85291510748636,41.11139618212264,40.37572479248047,40.37572479248047,2323809,0.0,0.0
2015-08-20 00:00:00-04:00,40.0111947924043,40.216653236599726,39.48098197557792,39.49423599243164,2814016,0.0,0.0
2015-08-21 00:00:00-04:00,39.06343989428455,39.328546303960486,38.274749303173856,38.29463195800781,3389297,0.0,0.0
2015-08-24 00:00:00-04:00,34.81511813634445,37.69152411260915,34.81511813634445,36.823299407958984,7097621,0.0,0.0
2015-08-25 00:00:00-04:00,38.142205636439904,38.142205636439904,35.97495986949092,35.994842529296875,3710773,0.0,0.0
2015-08-26 00:00:00-04:00,36.87632345918072,37.015502086213104,35.9086821564181,36.6973762512207,3438665,0.0,0.0
2015-08-27 00:00:00-04:00,37.10165701697518,37.61861261486841,36.485281616620036,37.07514572143555,4542694,0.0,0.0
2015-08-28 00:00:00-04:00,37.03538304231601,37.39327741026777,36.82992456091446,36.93596649169922,5172499,0.0,0.0
2015-08-31 00:00:00-04:00,36.783530009574044,37.04863646170248,36.5515634934206,36.64434814453125,3005819,0.0,0.0
2015-09-01 00:00:00-04:00,35.756236215005416,36.00808533337786,35.29892540516157,35.511009216308594,7797548,0.0,0.0
2015-09-02 00:00:00-04:00,36.06774665784509,36.20029990365419,35.444749009677,35.94182205200195,5079562,0.0,0.0
2015-09-03 00:00:00-04:00,35.86891038722639,36.25331603503118,35.5242733132011,35.5706672668457,8656022,0.0,0.0
2015-09-04 00:00:00-04:00,35.126626069886065,35.43812657800005,34.94105018967554,35.02058410644531,4169013,0.0,0.0
2015-09-08 00:00:00-04:00,35.63693819399648,35.789374049265454,35.32543784573287,35.716468811035156,4419981,0.0,0.0
2015-09-09 00:00:00-04:00,36.32285104896142,42.42663348968801,36.089626257453844,36.1562614440918,5747393,0.224981,0.0
2015-09-10 00:00:00-04:00,36.042983889606724,36.716000305985425,35.969684196071995,36.17625427246094,3851661,0.0,0.0
2015-09-11 00:00:00-04:00,36.08296323677608,36.70267011401559,35.936363867538134,36.64936065673828,3890331,0.0,0.0
2015-09-14 00:00:00-04:00,36.63604018614666,36.76264606965529,36.49610529813199,36.622711181640625,3975920,0.0,0.0
2015-09-15 00:00:00-04:00,36.92923481442618,37.68887671796338,36.64270379406565,37.63557052612305,4100051,0.0,0.0
2015-09-16 00:00:00-04:00,37.58226722702246,38.18864860416506,37.46898704551009,38.04871368408203,4180743,0.0,0.0
2015-09-17 00:00:00-04:00,37.89544506824837,38.10867637889628,37.31571855152145,37.39567947387695,3493448,0.0,0.0
2015-09-18 00:00:00-04:00,35.64983133692785,37.069160351525404,35.64983133692785,36.61604309082031,3820467,0.0,0.0
2015-09-21 00:00:00-04:00,36.689348652855834,36.98920867771513,36.382827401879645,36.522762298583984,1952577,0.0,0.0
2015-09-22 00:00:00-04:00,35.983008175354946,36.01632412814116,35.50989739932624,35.936363220214844,3085222,0.0,0.0
2015-09-23 00:00:00-04:00,35.94303564554375,36.003006339709884,35.20338397796163,35.40995407104492,3063309,0.0,0.0
2015-09-24 00:00:00-04:00,34.843556386129386,35.14341643696428,34.24383956100988,35.09010696411133,4526324,0.0,0.0
2015-09-25 00:00:00-04:00,35.40995106417027,35.5698729017,34.85687602869773,34.99681091308594,2868154,0.0,0.0
2015-09-28 00:00:00-04:00,34.68362055740388,34.81689092192273,33.93730782671802,33.96396255493164,2787978,0.0,0.0
2015-09-29 00:00:00-04:00,34.183864808557935,34.37710589077588,33.504183854743275,33.724082946777344,5094128,0.0,0.0
2015-09-30 00:00:00-04:00,34.003939276108106,34.19718030048213,33.18432695194714,33.8306884765625,8652026,0.0,0.0
2015-10-01 00:00:00-04:00,33.850685401581885,33.99728150485627,33.277623438941745,33.77738571166992,3673908,0.0,0.0
2015-10-02 00:00:00-04:00,33.344258681280046,34.24383544921875,33.1443563734602,34.24383544921875,3787340,0.0,0.0
2015-10-05 00:00:00-04:00,34.45040049555697,35.34997385532825,34.12388907182362,35.1900520324707,4560482,0.0,0.0
2015-10-06 00:00:00-04:00,35.24336476122699,35.69648541429147,35.09010413481989,35.5298957824707,3481202,0.0,0.0
2015-10-07 00:00:00-04:00,35.64983517814561,36.4228026986162,35.52989052990469,35.81642150878906,3996931,0.0,0.0
2015-10-08 00:00:00-04:00,35.656498861861216,36.66268787745927,35.583199174253934,36.55607223510742,3800101,0.0,0.0
2015-10-09 00:00:00-04:00,36.64936620206313,37.20243797966457,36.48944108258263,36.54941177368164,4178422,0.0,0.0
2015-10-12 00:00:00-04:00,36.50943410636384,36.62937877428889,36.18292261666519,36.36949920654297,2034300,0.0,0.0
2015-10-13 00:00:00-04:00,36.03632151460512,36.40947791938448,35.82308694291005,35.86973190307617,1797511,0.0,0.0
2015-10-14 00:00:00-04:00,35.863073632797736,35.94970234283726,35.45660120101314,35.63651657104492,2647477,0.0,0.0
2015-10-15 00:00:00-04:00,35.763118822901006,36.16959448978647,35.443268580671486,36.149600982666016,2664234,0.0,0.0
2015-10-16 00:00:00-04:00,36.00967581691482,36.082975526499396,35.4699296652065,35.71648025512695,6599164,0.0,0.0
2015-10-19 00:00:00-04:00,35.56988647755521,35.76979540386542,35.38330983704379,35.549896240234375,2757816,0.0,0.0
2015-10-20 00:00:00-04:00,35.44993772749041,36.53609120572783,35.349983284992035,36.20291519165039,4140010,0.0,0.0
2015-10-21 00:00:00-04:00,36.37615479093786,36.82927534028431,36.1362687904512,36.19623947143555,2592566,0.0,0.0
2015-10-22 00:00:00-04:00,36.20290915643091,37.36236214744341,36.20290915643091,37.095821380615234,4346637,0.0,0.0
2015-10-23 00:00:00-04:00,37.282396699456804,37.81547816836167,37.20909701451759,37.70219802856445,7055986,0.0,0.0
2015-10-26 00:00:00-04:00,37.66888507945566,37.962080591551114,37.38901857223493,37.855464935302734,4325497,0.0,0.0
2015-10-27 00:00:00-04:00,38.421854862547995,38.648415135166054,37.13579618607102,38.241939544677734,6571838,0.0,0.0
2015-10-28 00:00:00-04:00,38.23527887445272,39.141516701514625,38.12199873650132,39.08820724487305,4588711,0.0,0.0
2015-10-29 00:00:00-04:00,38.84166319326859,39.348089966560956,38.68839931203384,39.30144500732422,2644641,0.0,0.0
2015-10-30 00:00:00-04:00,39.34142954714839,39.994455767675944,39.18150442410594,39.4880256652832,3433380,0.0,0.0
2015-11-02 00:00:00-05:00,39.53467594267136,40.22102149116037,39.38141530148508,40.12106704711914,3213864,0.0,0.0
2015-11-03 00:00:00-05:00,39.907832174056225,40.267659621733266,39.647952608475535,39.854522705078125,3941246,0.0,0.0
2015-11-04 00:00:00-05:00,40.047758916271746,40.154374564686606,39.528006401543195,39.67460250854492,3134848,0.0,0.0
2015-11-05 00:00:00-05:00,39.701258218021174,39.987789213686675,39.56132333296952,39.9211540222168,3745963,0.0,0.0
2015-11-06 00:00:00-05:00,39.6746057794398,40.07441695136939,39.41472950065053,40.01444625854492,2916749,0.0,0.0
2015-11-09 00:00:00-05:00,39.98778049430386,40.09439612209806,39.06821374191231,39.41471862792969,2790041,0.0,0.0
2015-11-10 00:00:00-05:00,39.2214810975551,39.36808047808062,38.881643930031395,39.228145599365234,1989056,0.0,0.0
2015-11-11 00:00:00-05:00,39.414734328854124,39.42806005893085,38.96161363454117,39.20816421508789,1498720,0.0,0.0
2015-11-12 00:00:00-05:00,38.801692687019916,38.91497287284867,37.94876395611312,38.02206039428711,2708705,0.0,0.0
2015-11-13 00:00:00-05:00,37.98206860901075,38.42186021325132,37.75550830484147,37.88877868652344,2018961,0.0,0.0
2015-11-16 00:00:00-05:00,37.90877079024245,38.468507076288724,37.815484139692934,38.448516845703125,2501176,0.0,0.0
2015-11-17 00:00:00-05:00,38.55514269464115,38.71506785815855,38.06870597649915,38.1486701965332,1537906,0.0,0.0
2015-11-18 00:00:00-05:00,38.42186829862741,38.71506385533682,38.135337245369456,38.668418884277344,2283850,0.0,0.0
2015-11-19 00:00:00-05:00,38.76837145997023,39.17484389644725,38.56846585502163,39.09488296508789,2105968,0.0,0.0
2015-11-20 00:00:00-05:00,39.248134722515886,39.60796538533255,39.04822916278991,39.114864349365234,2357323,0.0,0.0
2015-11-23 00:00:00-05:00,39.21482254919344,39.228148277173794,38.86165307739171,38.921627044677734,2953357,0.0,0.0
2015-11-24 00:00:00-05:00,38.775042996177554,39.08822885485621,38.4618571374989,38.98161315917969,1585341,0.0,0.0
2015-11-25 00:00:00-05:00,39.02823881833273,39.314769792099035,38.91495867383683,38.988258361816406,2124401,0.0,0.0
2015-11-27 00:00:00-05:00,38.98160049709813,39.201496321926165,38.70839848002239,39.001590728759766,689099,0.0,0.0
2015-11-30 00:00:00-05:00,38.981602794628664,39.39474301078591,38.95494805865881,39.09488296508789,2983391,0.0,0.0
2015-12-01 00:00:00-05:00,39.148184402639004,39.348089966560956,38.88830487595579,39.30144500732422,2590761,0.0,0.0
2015-12-02 00:00:00-05:00,39.19483519993753,39.37475056192059,38.621769876763686,38.675079345703125,2294549,0.0,0.0
2015-12-03 00:00:00-05:00,38.73504261309515,38.77502306885815,38.03537480759457,38.408531188964844,3128274,0.0,0.0
2015-12-04 00:00:00-05:00,38.568463647106924,38.954945828619294,38.31524858471431,38.93495559692383,2161266,0.0,0.0
2015-12-07 00:00:00-05:00,38.648432646405524,38.775038565771055,38.08869621236999,38.1486701965332,2314271,0.0,0.0
2015-12-08 00:00:00-05:00,37.788832352917865,37.788832352917865,36.81595582145311,36.88925552368164,3526317,0.0,0.0
2015-12-09 00:00:00-05:00,36.721783525774384,37.3715489356551,36.54092404511021,36.808868408203125,3535856,0.224981,0.0
2015-12-10 00:00:00-05:00,36.674902664010055,37.197392287468745,36.60791326767459,36.768680572509766,3144258,0.0,0.0
2015-12-11 00:00:00-05:00,36.46054489209053,36.909352105135106,36.3131767851256,36.54762649536133,3781797,0.0,0.0
2015-12-14 00:00:00-05:00,36.57441782205669,36.72178591381967,35.91125646841702,36.27967834472656,2301896,0.0,0.0
2015-12-15 00:00:00-05:00,36.48733174809395,36.688290008809766,35.79737538235001,35.83756637573242,2759878,0.0,0.0
2015-12-16 00:00:00-05:00,35.97155048063691,36.480644251213164,35.75049664991044,36.413658142089844,2473462,0.0,0.0
2015-12-17 00:00:00-05:00,36.48062571888955,36.708379032970086,35.777273577303205,35.78396987915039,2983262,0.0,0.0
2015-12-18 00:00:00-05:00,35.61652553930003,35.77059326569452,35.207909272798794,35.24810028076172,3555707,0.0,0.0
2015-12-21 00:00:00-05:00,35.50934250210833,35.72369670472272,35.09402670556191,35.5964241027832,2249563,0.0,0.0
2015-12-22 00:00:00-05:00,35.70360575253193,36.52083495963971,35.670111051341415,36.326576232910156,3459805,0.0,0.0
2015-12-23 00:00:00-05:00,36.58112345284662,37.56581954302983,36.4471512404925,37.271080017089844,3099014,0.0,0.0
2015-12-24 00:00:00-05:00,37.197391492894084,37.41174569889248,37.10361029259312,37.26437759399414,586882,0.0,0.0
2015-12-28 00:00:00-05:00,37.1906791512735,37.297859511351845,36.87584425460082,37.183982849121094,1552858,0.0,0.0
2015-12-29 00:00:00-05:00,37.445232709633764,37.760067649555545,37.19068426018516,37.66628646850586,1833345,0.0,0.0
2015-12-30 00:00:00-05:00,37.65960554436716,37.8337687838369,37.36486598090791,37.39835739135742,1608930,0.0,0.0
2015-12-31 00:00:00-05:00,37.14380583925749,37.39165806683878,37.02323281880723,37.03662872314453,1407201,0.0,0.0
2016-01-04 00:00:00-05:00,36.440432933695085,36.98971740482967,36.15908945590666,36.93613052368164,3399738,0.0,0.0
2016-01-05 00:00:00-05:00,37.050025439448106,37.31127026006207,36.4538468009842,36.540931701660156,3023092,0.0,0.0
2016-01-06 00:00:00-05:00,36.011730541149724,36.31316958748104,35.52273242256686,35.76388168334961,2949748,0.0,0.0
2016-01-07 00:00:00-05:00,35.04043353829602,35.20790042111161,34.55143537880893,34.69880676269531,2966505,0.0,0.0
2016-01-08 00:00:00-05:00,34.88636824252999,34.99354863590649,34.290192949943844,34.370574951171875,2373694,0.0,0.0
2016-01-11 00:00:00-05:00,34.564832764561,34.7858865350147,34.122725223653596,34.48444747924805,2843921,0.0,0.0
2016-01-12 00:00:00-05:00,34.8595866875587,35.24140789326528,34.43757446942097,35.04714584350586,2635876,0.0,0.0
2016-01-13 00:00:00-05:00,35.30838288561683,35.489245695241344,34.37727703102032,34.42416763305664,3749830,0.0,0.0
2016-01-14 00:00:00-05:00,34.524632871782565,35.10741204145203,33.89496312121528,34.87295913696289,2468822,0.0,0.0
2016-01-15 00:00:00-05:00,33.908372625376295,34.85287763024409,33.868181623850944,34.65861892700195,3254983,0.0,0.0
2016-01-19 00:00:00-05:00,35.080637906706755,35.20791053441826,33.513162189545284,33.88158416748047,4536249,0.0,0.0
2016-01-20 00:00:00-05:00,33.452875504930226,33.452875504930226,31.537070030494984,32.769615173339844,5394336,0.0,0.0
2016-01-21 00:00:00-05:00,32.87678749486326,33.27870411576463,32.186830958363025,32.70932388305664,4084454,0.0,0.0
2016-01-22 00:00:00-05:00,33.09783384764458,34.042338682038974,33.037547356237646,33.80118942260742,2302799,0.0,0.0
2016-01-25 00:00:00-05:00,33.526557953877436,33.78110650203599,32.662438080121234,32.70262908935547,3485714,0.0,0.0
2016-01-26 00:00:00-05:00,32.963876828257106,33.94187680344885,32.816508683565246,33.88828659057617,2987129,0.0,0.0
2016-01-27 00:00:00-05:00,33.73421169821518,34.20311443318129,33.27870486672624,33.5064582824707,3120669,0.0,0.0
2016-01-28 00:00:00-05:00,34.142812707560715,34.20309918704208,33.16481337553396,33.45955276489258,3125954,0.0,0.0
2016-01-29 00:00:00-05:00,33.7945000307854,34.5112517223465,33.653828214552426,34.477760314941406,3251631,0.0,0.0
2016-02-01 00:00:00-05:00,34.10262680053711,34.23659898370265,33.39927448582002,34.10262680053711,2152630,0.0,0.0
2016-02-02 00:00:00-05:00,33.66722450028103,33.66722450028103,32.48157015097614,32.68922805786133,4228951,0.0,0.0
2016-02-03 00:00:00-05:00,32.84328219116352,33.68730607911529,32.314089891927644,33.45955276489258,4118742,0.0,0.0
2016-02-04 00:00:00-05:00,33.34568573059878,34.77918881094465,33.285399233720085,34.36387634277344,3596310,0.0,0.0
2016-02-05 00:00:00-05:00,34.36387949206134,34.879672796104536,34.109330992238476,34.39067459106445,4063315,0.0,0.0
2016-02-08 00:00:00-05:00,33.64712566749245,33.70071256816069,32.79640191651867,33.13133239746094,4405158,0.0,0.0
2016-02-09 00:00:00-05:00,33.82129360944277,34.53134567001518,33.017460342272955,33.59354019165039,4921918,0.0,0.0
2016-02-10 00:00:00-05:00,33.43277301007632,33.87488394379077,33.11793798315762,33.19162368774414,3050161,0.0,0.0
2016-02-11 00:00:00-05:00,32.57534851237486,33.23181028647552,32.3609910257631,32.816497802734375,2758718,0.0,0.0
2016-02-12 00:00:00-05:00,33.245205818831415,34.46435133196826,32.87678067914809,34.37726974487305,8387910,0.0,0.0
2016-02-16 00:00:00-05:00,34.82608253129238,34.82608253129238,34.14952192833281,34.65861892700195,4153029,0.0,0.0
2016-02-17 00:00:00-05:00,35.06722640379279,35.86436318168947,34.90645912878315,35.134212493896484,3861844,0.0,0.0
2016-02-18 00:00:00-05:00,35.25479869209421,35.35527620861587,34.77919633041215,34.89977264404297,2765163,0.0,0.0
2016-02-19 00:00:00-05:00,34.8796784795182,34.8796784795182,34.377280996211994,34.84618377685547,1787972,0.0,0.0
2016-02-22 00:00:00-05:00,34.84617466170852,36.01173335603648,34.84617466170852,35.97154235839844,2817238,0.0,0.0
2016-02-23 00:00:00-05:00,35.938037522486475,36.755269614916266,35.723683399706665,35.78396987915039,3376020,0.0,0.0
2016-02-24 00:00:00-05:00,35.308371868698934,37.264367465459465,35.040427537126554,37.14379119873047,6307722,0.0,0.0
2016-02-25 00:00:00-05:00,37.217495000778946,37.8404655456543,36.87586482352935,37.8404655456543,3461738,0.0,0.0
2016-02-26 00:00:00-05:00,38.01462941768145,38.18209304782464,37.54572334814868,37.88065719604492,3121185,0.0,0.0
2016-02-29 00:00:00-05:00,37.90745939514772,38.00794023581775,37.197407084621304,37.21750259399414,3492288,0.0,0.0
2016-03-01 00:00:00-05:00,37.63280973179589,38.36965697968027,37.18400244234035,38.249080657958984,2913398,0.0,0.0
2016-03-02 00:00:00-05:00,38.014597152123734,38.33612823486328,37.92081601781557,38.33612823486328,2161524,0.0,0.0
2016-03-03 00:00:00-05:00,38.282567323420906,38.89213852210687,38.22227752831674,38.563907623291016,2248145,0.0,0.0
2016-03-04 00:00:00-05:00,38.44333963080709,38.78496979957489,38.14860336491868,38.47013473510742,2498855,0.0,0.0
2016-03-07 00:00:00-05:00,38.530408401472194,39.37443578956393,38.530408401472194,39.059600830078125,3218504,0.0,0.0
2016-03-08 00:00:00-05:00,38.85194791298429,38.96582461245727,38.10840121423877,38.31605911254883,2920874,0.0,0.0
2016-03-09 00:00:00-05:00,38.545102471509715,38.767399936161226,38.38343068476255,38.60572814941406,1783976,0.248254,0.0
2016-03-10 00:00:00-05:00,38.747173548539614,38.87516545927951,38.21500729085237,38.67307662963867,3023350,0.0,0.0
2016-03-11 00:00:00-05:00,39.164834082887346,39.71720900935341,39.11094239196308,39.602691650390625,2451034,0.0,0.0
2016-03-14 00:00:00-04:00,40.08770875476347,40.14159713580337,39.649847855012666,39.811519622802734,2307310,0.0,0.0
2016-03-15 00:00:00-04:00,39.528586159453674,39.528586159453674,38.99641990419285,39.50164031982422,2417906,0.0,0.0
2016-03-16 00:00:00-04:00,39.50163904726231,40.006859446617796,39.23892457209082,39.8923454284668,2113058,0.0,0.0
2016-03-17 00:00:00-04:00,39.88561941883956,41.09815269495239,39.798047902353815,41.09141540527344,4391365,0.0,0.0
2016-03-18 00:00:00-04:00,41.13183516792257,41.63032176489838,40.916275007663735,41.55622482299805,5327437,0.0,0.0
2016-03-21 00:00:00-04:00,41.30024159851972,41.73810249354032,41.19919881495198,41.73136520385742,2972047,0.0,0.0
2016-03-22 00:00:00-04:00,41.42149918896239,41.74483943164727,41.29350723758522,41.47538757324219,2691432,0.0,0.0
2016-03-23 00:00:00-04:00,41.42822132972571,41.55621324453245,40.9634180004833,41.36759567260742,2480681,0.0,0.0
2016-03-24 00:00:00-04:00,40.92301353684227,41.33392862413365,40.842175990046094,41.28003692626953,2335539,0.0,0.0
2016-03-28 00:00:00-04:00,40.768079045902255,41.313716753183016,40.66029896250948,41.28003692626953,2525796,0.0,0.0
2016-03-29 00:00:00-04:00,41.09141465122005,41.91998202246071,40.788282993922074,41.812198638916016,2852815,0.0,0.0
2016-03-30 00:00:00-04:00,42.00081624778415,42.088387762662904,41.610109763272334,41.812198638916016,2263355,0.0,0.0
2016-03-31 00:00:00-04:00,41.79872776752778,41.919982418995005,41.60337617959152,41.77178192138672,2217982,0.0,0.0
2016-04-01 00:00:00-04:00,41.28677278841042,41.906510730732734,41.003846352913875,41.818939208984375,2411461,0.0,0.0
2016-04-04 00:00:00-04:00,41.73810399612562,41.791992378523375,41.28677181782627,41.381080627441406,2093980,0.0,0.0
2016-04-05 00:00:00-04:00,40.93648219908526,40.99710787107131,40.42452435130971,40.51883316040039,3244671,0.0,0.0
2016-04-06 00:00:00-04:00,40.61987532004231,40.61987532004231,39.85867419384911,40.336952209472656,2120534,0.0,0.0
2016-04-07 00:00:00-04:00,40.16853924352738,40.60640010252126,39.98665893573521,40.14833068847656,1790421,0.0,0.0
2016-04-08 00:00:00-04:00,40.50536393002866,41.24635660850331,40.47842139158904,40.653564453125,2339019,0.0,0.0
2016-04-11 00:00:00-04:00,40.79502236868007,41.28003437008184,40.68050500206169,40.855648040771484,2332317,0.0,0.0
2016-04-12 00:00:00-04:00,40.92973935158979,41.536002564736606,40.92973935158979,41.3945426940918,1694906,0.0,0.0
2016-04-13 00:00:00-04:00,41.738099283024276,42.755277579483284,41.556218974257526,42.66096878051758,2233193,0.0,0.0
2016-04-14 00:00:00-04:00,43.065148999276865,43.065148999276865,42.55992519293147,42.8967399597168,1935305,0.0,0.0
2016-04-15 00:00:00-04:00,42.923683310107435,43.17292655428362,42.708119884485924,42.95736312866211,1181240,0.0,0.0
2016-04-18 00:00:00-04:00,42.714863939982735,43.17293339370261,42.68118411609254,43.044944763183594,1416482,0.0,0.0
2016-04-19 00:00:00-04:00,43.38174963730801,43.44911589948786,42.842846038546476,43.031463623046875,1608801,0.0,0.0
2016-04-20 00:00:00-04:00,43.0651608930605,43.17967827662853,42.72160874235641,42.8563346862793,1796737,0.0,0.0
2016-04-21 00:00:00-04:00,42.91021692920255,43.32112864894663,42.71486203494543,42.79569625854492,1423958,0.0,0.0
2016-04-22 00:00:00-04:00,42.91695733569126,43.42891522396639,42.81591454105462,43.40870666503906,1791323,0.0,0.0
2016-04-25 00:00:00-04:00,43.159453669882694,43.3143914407823,42.74854198079105,43.132511138916016,2678413,0.0,0.0
2016-04-26 00:00:00-04:00,45.17360269748597,45.4565257365018,43.82634382153561,44.048641204833984,5282580,0.0,0.0
2016-04-27 00:00:00-04:00,44.163173721144105,44.661660339062074,43.98129337913794,44.4999885559082,2878853,0.0,0.0
2016-04-28 00:00:00-04:00,44.297896336359415,44.742491222472964,43.90718983236963,44.008235931396484,2385810,0.0,0.0
2016-04-29 00:00:00-04:00,43.86677323171071,44.32484270297416,43.752255863894845,44.149696350097656,3163722,0.0,0.0
2016-05-02 00:00:00-04:00,44.371990836404166,44.830060277117035,43.98128766622913,44.553871154785156,2559696,0.0,0.0
2016-05-03 00:00:00-04:00,44.16989624973224,44.54039078798382,43.88696989568455,44.459556579589844,2056084,0.0,0.0
2016-05-04 00:00:00-04:00,44.169902184912345,44.284416224746444,43.46932680613436,43.68488693237305,2179828,0.0,0.0
2016-05-05 00:00:00-04:00,43.90718434766133,44.1429563410488,43.48953536094831,43.68488693237305,2126463,0.0,0.0
2016-05-06 00:00:00-04:00,43.55690528897245,44.169909257602065,43.50975088274438,44.14296340942383,1631616,0.0,0.0
2016-05-09 00:00:00-04:00,43.981272466074174,44.1362068851609,43.76570908692408,43.95432662963867,1675313,0.0,0.0
2016-05-10 00:00:00-04:00,44.23052493723592,44.762691241080276,44.02843609006703,44.68859100341797,1671060,0.0,0.0
2016-05-11 00:00:00-04:00,44.59428235231802,45.03213983386892,44.35177310309896,44.41913604736328,2097074,0.0,0.0
2016-05-12 00:00:00-04:00,44.64818380335512,44.78964702146274,44.02170856935758,44.405677795410156,1634968,0.0,0.0
2016-05-13 00:00:00-04:00,44.27095164849091,44.675129430512364,43.89371971440461,44.183380126953125,2097332,0.0,0.0
2016-05-16 00:00:00-04:00,44.371978263551455,44.93782761458766,44.371978263551455,44.68185043334961,2715536,0.0,0.0
2016-05-17 00:00:00-04:00,44.58754370355009,44.90414986316423,44.06884871730996,44.21031188964844,2104421,0.0,0.0
2016-05-18 00:00:00-04:00,44.089074819695796,44.53366975279023,43.60406276765379,43.9206657409668,2548353,0.0,0.0
2016-05-19 00:00:00-04:00,43.61078685933922,43.678149813092496,42.9034775010973,43.11903762817383,3334643,0.0,0.0
2016-05-20 00:00:00-04:00,43.42891632752778,43.75225990325243,43.23356471137591,43.24703598022461,2210119,0.0,0.0
2016-05-23 00:00:00-04:00,43.27397128050464,43.63773188642985,42.950631095942626,43.50300598144531,1372785,0.0,0.0
2016-05-24 00:00:00-04:00,43.806135675319595,44.338301942548085,43.7118268906628,44.15642166137695,1287840,0.0,0.0
2016-05-25 00:00:00-04:00,44.44609249987342,44.85027026196437,44.41241267586676,44.6549186706543,1617179,0.0,0.0
2016-05-26 00:00:00-04:00,44.80310873883609,45.092769091071226,44.58081133624481,44.64817428588867,1442907,0.0,0.0
2016-05-27 00:00:00-04:00,44.65490554119119,44.87046562599318,44.37197920351261,44.782894134521484,1838759,0.0,0.0
2016-05-31 00:00:00-04:00,44.823334326769974,45.10626081019592,44.661665836053324,45.00521469116211,2375369,0.0,0.0
2016-06-01 00:00:00-04:00,44.695336805054936,44.85027128616102,43.89371855230277,44.796382904052734,2096558,0.0,0.0
2016-06-02 00:00:00-04:00,44.60776056443919,44.84353256225586,44.466297365749185,44.84353256225586,1177630,0.0,0.0
2016-06-03 00:00:00-04:00,44.64144731575691,44.74249341974607,44.021709360719505,44.32484436035156,2137935,0.0,0.0
2016-06-06 00:00:00-04:00,44.41914681903978,44.51345562634666,43.94760609484055,44.39220428466797,4564865,0.0,0.0
2016-06-07 00:00:00-04:00,44.53365641617835,44.89741700244131,44.14295330024263,44.351776123046875,2725204,0.0,0.0
2016-06-08 00:00:00-04:00,44.54132340053563,44.81209124300666,44.378862029350486,44.568397521972656,1765930,0.248254,0.0
2016-06-09 00:00:00-04:00,44.27733049854912,44.514254068172775,44.108102230400675,44.46686935424805,1252006,0.0,0.0
2016-06-10 00:00:00-04:00,44.033626727814394,44.06747436830263,43.37701445605955,43.6545524597168,1320581,0.0,0.0
2016-06-13 00:00:00-04:00,43.42440124605636,43.600399665233525,43.01824951171875,43.01824951171875,1486088,0.0,0.0
2016-06-14 00:00:00-04:00,42.8490258163796,43.11302347305341,42.645946599230264,43.092716217041016,2053119,0.0,0.0
2016-06-15 00:00:00-04:00,43.234859046197,43.796705230273126,43.140089649918515,43.53947448730469,2854104,0.0,0.0
2016-06-16 00:00:00-04:00,43.377022601719986,43.74933007444436,42.93702649233244,43.69517517089844,1774437,0.0,0.0
2016-06-17 00:00:00-04:00,43.77639855823316,44.20962774525156,43.62747758543577,44.09455108642578,2414813,0.0,0.0
2016-06-20 00:00:00-04:00,44.66992820181255,45.076079884367346,44.62254350599663,44.65639114379883,1738088,0.0,0.0
2016-06-21 00:00:00-04:00,44.62932398681859,44.74440065625343,44.243479466598856,44.27055358886719,1430146,0.0,0.0
2016-06-22 00:00:00-04:00,44.372086764903436,44.69700947014895,44.128396400225405,44.243473052978516,1212820,0.0,0.0
2016-06-23 00:00:00-04:00,44.791772098856676,44.88653815575827,44.507463942616766,44.87300109863281,1373301,0.0,0.0
2016-06-24 00:00:00-04:00,42.882860300791265,43.539472523010566,42.50378606129145,42.55793762207031,5939712,0.0,0.0
2016-06-27 00:00:00-04:00,41.99609733057058,42.02994497055145,40.00595329224991,40.06010818481445,5555074,0.0,0.0
2016-06-28 00:00:00-04:00,40.58134468680028,40.825035095214844,40.16842270154796,40.825035095214844,4003634,0.0,0.0
2016-06-29 00:00:00-04:00,41.39364048636608,41.948713163889906,41.0077960253571,41.860713958740234,3131754,0.0,0.0
2016-06-30 00:00:00-04:00,41.989342536578086,43.12656565075563,41.87426252466694,43.106258392333984,3819436,0.0,0.0
2016-07-01 00:00:00-04:00,43.16717044612084,43.64101413577762,42.93702045966886,43.32963180541992,2396509,0.0,0.0
2016-07-05 00:00:00-04:00,43.12655125722342,43.17393595389693,42.49024627733572,42.70009231567383,2278823,0.0,0.0
2016-07-06 00:00:00-04:00,42.4902510528595,43.37024647989172,42.28040831944893,43.36347961425781,2971145,0.0,0.0
2016-07-07 00:00:00-04:00,43.48533449455385,43.99302596084165,43.329643288115605,43.67487335205078,1797253,0.0,0.0
2016-07-08 00:00:00-04:00,44.09456151361094,44.581945712452125,44.09456151361094,44.50071334838867,1568069,0.0,0.0
2016-07-11 00:00:00-04:00,44.67671041333135,45.01517023984105,44.588707862777284,44.59547805786133,2010969,0.0,0.0
2016-07-12 00:00:00-04:00,44.9813101854085,45.42130950275928,44.893310987640724,45.3129997253418,1900759,0.0,0.0
2016-07-13 00:00:00-04:00,45.34008259080188,45.725927065577565,45.20469868135469,45.70561981201172,2029402,0.0,0.0
2016-07-14 00:00:00-04:00,46.03730773925781,46.45022964680503,45.969615786963786,46.03730773925781,2089211,0.0,0.0
2016-07-15 00:00:00-04:00,46.25392634188637,46.44346182086549,45.962851265033294,45.989925384521484,2006844,0.0,0.0
2016-07-18 00:00:00-04:00,45.820690287972816,45.820690287972816,44.514236070862644,45.44161605834961,3558027,0.0,0.0
2016-07-19 00:00:00-04:00,45.24531623151176,45.42808151245117,45.02869998065569,45.42808151245117,1531332,0.0,0.0
2016-07-20 00:00:00-04:00,45.57701079096392,45.88162295433858,45.19793647117012,45.71239471435547,1270696,0.0,0.0
2016-07-21 00:00:00-04:00,45.63116903996631,45.81393769613888,45.27240192333517,45.36040115356445,2405919,0.0,0.0
2016-07-22 00:00:00-04:00,45.204698382077204,45.86808086538138,45.062547608057386,45.84100341796875,1486604,0.0,0.0
2016-07-25 00:00:00-04:00,45.65822256140948,45.98991204983447,45.43483950507108,45.935760498046875,1576705,0.0,0.0
2016-07-26 00:00:00-04:00,45.90869873185966,46.19300695772964,45.62439383450221,46.14562225341797,3332581,0.0,0.0
2016-07-27 00:00:00-04:00,43.593627913306634,44.93392992013054,43.593627913306634,44.419471740722656,5786321,0.0,0.0
2016-07-28 00:00:00-04:00,44.44655482008058,45.10993404941676,44.29763050683255,44.98809051513672,4019746,0.0,0.0
2016-07-29 00:00:00-04:00,44.947476322188535,45.103167502769075,44.805322202675264,44.85270690917969,3152121,0.0,0.0
2016-08-01 00:00:00-04:00,44.94070304524627,45.22500793626176,44.56839561353467,44.92716598510742,2725075,0.0,0.0
2016-08-02 00:00:00-04:00,44.87978403709168,45.0828599227163,44.636090311532016,44.88655090332031,3435185,0.0,0.0
2016-08-03 00:00:00-04:00,44.873006926073316,45.8951563913938,44.873006926073316,45.583770751953125,3337479,0.0,0.0
2016-08-04 00:00:00-04:00,45.67853972662622,46.49761333003639,45.61084777581163,45.88838577270508,2513421,0.0,0.0
2016-08-05 00:00:00-04:00,46.01023245429824,46.36222926589542,46.01023245429824,46.267459869384766,2094625,0.0,0.0
2016-08-08 00:00:00-04:00,46.267458718585196,46.402842616372446,45.780078017955894,45.874847412109375,2518190,0.0,0.0
2016-08-09 00:00:00-04:00,46.02378211482412,46.21332095974324,45.84101346537012,46.138858795166016,2154821,0.0,0.0
2016-08-10 00:00:00-04:00,46.226851578978085,46.402850008436,45.8003925658637,45.90869903564453,1601454,0.0,0.0
2016-08-11 00:00:00-04:00,46.145623074058086,46.44346503715309,46.09823836890375,46.26069641113281,1281137,0.0,0.0
2016-08-12 00:00:00-04:00,46.057617912688826,46.18623162235473,45.6920807078361,46.030540466308594,1723780,0.0,0.0
2016-08-15 00:00:00-04:00,46.287767438969894,46.382536836130114,46.13884647808392,46.23361587524414,2376014,0.0,0.0
2016-08-16 00:00:00-04:00,46.03731502946316,46.14562483309467,45.610855995330404,45.61762619018555,1788101,0.0,0.0
2016-08-17 00:00:00-04:00,45.6243828807436,45.71238207376292,45.32653766594116,45.52961349487305,3757951,0.0,0.0
2016-08-18 00:00:00-04:00,45.55669516295699,45.692079061467865,45.45515557481782,45.53638458251953,2301638,0.0,0.0
2016-08-19 00:00:00-04:00,45.46870156595839,45.80716135395197,45.421316862788046,45.65147018432617,1986993,0.0,0.0
2016-08-22 00:00:00-04:00,45.61084997020217,45.64469761149397,45.33331528846832,45.49577331542969,1545511,0.0,0.0
2016-08-23 00:00:00-04:00,45.67854337134249,46.098235496987684,45.67854337134249,45.95608139038086,1185493,0.0,0.0
2016-08-24 00:00:00-04:00,45.96961580822541,46.003463448644176,45.63792624038493,45.72592544555664,1258837,0.0,0.0
2016-08-25 00:00:00-04:00,45.65146560911007,46.11176887754201,45.536385631361945,45.88838577270508,1506325,0.0,0.0
2016-08-26 00:00:00-04:00,46.04408123031356,46.233620041714815,45.58377459034619,45.7868537902832,1097197,0.0,0.0
2016-08-29 00:00:00-04:00,45.78008207706945,46.60592259539043,45.65146836132157,46.46377182006836,2021796,0.0,0.0
2016-08-30 00:00:00-04:00,46.34869308285074,46.45699954011825,46.03054057627531,46.172691345214844,1565104,0.0,0.0
2016-08-31 00:00:00-04:00,46.03053575699529,46.11176475931342,45.8342267872068,46.023765563964844,1942265,0.0,0.0
2016-09-01 00:00:00-04:00,46.01701191935901,46.1862435063958,45.46193910404488,46.138858795166016,1905915,0.0,0.0
2016-09-02 00:00:00-04:00,46.37577998232477,46.68716570949353,46.125319358576576,46.389320373535156,1387093,0.0,0.0
2016-09-06 00:00:00-04:00,46.34191122470073,46.34191122470073,45.07607171075423,45.23853302001953,2724430,0.0,0.0
2016-09-07 00:00:00-04:00,45.19092395463017,45.70105785054033,45.0957019485037,45.63984298706055,1584697,0.248254,0.0
2016-09-08 00:00:00-04:00,45.585436388716154,45.973137288352355,45.415393953442965,45.850704193115234,2169258,0.0,0.0
2016-09-09 00:00:00-04:00,45.08211812866877,45.11612863222212,42.885147961824096,42.91915512084961,7157430,0.0,0.0
2016-09-12 00:00:00-04:00,42.59946563376046,44.49715699390852,42.44302203457983,44.42233657836914,4934808,0.0,0.0
2016-09-13 00:00:00-04:00,43.884991646584254,44.05503406764973,43.286435100256355,43.38166046142578,2372791,0.0,0.0
2016-09-14 00:00:00-04:00,43.395257480820185,43.61291590106438,43.06197210096255,43.3476448059082,2475396,0.0,0.0
2016-09-15 00:00:00-04:00,43.23203573697171,43.52451132923292,43.04838772760553,43.41568374633789,3709226,0.0,0.0
2016-09-16 00:00:00-04:00,43.14359673635414,43.17760387986641,42.8307129555992,43.061973571777344,3173776,0.0,0.0
2016-09-19 00:00:00-04:00,43.42928389904866,43.93261520887772,43.306850783715745,43.54491424560547,2165391,0.0,0.0
2016-09-20 00:00:00-04:00,43.980230429736885,44.170677865670314,43.50410682311189,43.57212448120117,2272507,0.0,0.0
2016-09-21 00:00:00-04:00,43.81017347192195,44.59918078074598,43.66733542289793,44.56517028808594,2336828,0.0,0.0
2016-09-22 00:00:00-04:00,44.99367681401581,45.29295507396563,44.667190831429366,44.9256591796875,2956966,0.0,0.0
2016-09-23 00:00:00-04:00,44.605979083800314,44.605979083800314,43.92580269294319,43.97341537475586,2898317,0.0,0.0
2016-09-26 00:00:00-04:00,43.84418191018338,44.639988604629046,43.79656922940635,44.47674560546875,3063695,0.0,0.0
2016-09-27 00:00:00-04:00,44.333902333400225,45.4221844067236,44.10264172391377,45.36096954345703,3882984,0.0,0.0
2016-09-28 00:00:00-04:00,45.37458565297591,45.9799450831612,45.37458565297591,45.90512466430664,2983262,0.0,0.0
2016-09-29 00:00:00-04:00,45.74186775952685,46.40844186956947,45.5242126819146,45.63984298706055,3073878,0.0,0.0
2016-09-30 00:00:00-04:00,45.78268986653102,46.40165146615907,45.7486827148237,46.21120071411133,2748921,0.0,0.0
2016-10-03 00:00:00-04:00,45.932318668730765,46.43564980057927,45.90511094777453,46.07515335083008,1751493,0.0,0.0
2016-10-04 00:00:00-04:00,46.13638571091224,46.265618244437135,45.503821891147844,45.56503677368164,2191687,0.0,0.0
2016-10-05 00:00:00-04:00,45.877919292876605,46.12278217817914,45.626253638821176,45.95273971557617,2056986,0.0,0.0
2016-10-06 00:00:00-04:00,45.986736476608236,46.809750906707855,45.986736476608236,46.78254318237305,1872917,0.0,0.0
2016-10-07 00:00:00-04:00,46.7145272648397,46.7145272648397,45.782685247596916,45.87791061401367,2484805,0.0,0.0
2016-10-10 00:00:00-04:00,46.10917461060509,46.2588120940347,45.52422352375248,45.721473693847656,1071030,0.0,0.0
2016-10-11 00:00:00-04:00,45.07529802193923,45.35417133460913,43.92580096984069,44.06183624267578,4774456,0.0,0.0
2016-10-12 00:00:00-04:00,44.10945676760252,45.02089392660441,44.06864684739916,44.83724594116211,2534303,0.0,0.0
2016-10-13 00:00:00-04:00,44.47674560546875,44.61958030327323,44.109449693489736,44.47674560546875,2787205,0.0,0.0
2016-10-14 00:00:00-04:00,44.69440961450288,45.156930980205175,44.61278977092119,44.74882507324219,1793515,0.0,0.0
2016-10-17 00:00:00-04:00,44.82363280446331,44.98687244541775,44.26588621611453,44.395118713378906,2280628,0.0,0.0
2016-10-18 00:00:00-04:00,44.82364313702063,44.9188651680188,44.17067104457717,44.18427658081055,1729838,0.0,0.0
2016-10-19 00:00:00-04:00,44.238680906301205,44.76241703498723,43.93940264069112,44.50395202636719,2008262,0.0,0.0
2016-10-20 00:00:00-04:00,44.38152253296183,45.15692431057086,44.3339098497291,44.762420654296875,2939693,0.0,0.0
2016-10-21 00:00:00-04:00,44.28630007433502,44.87125450194802,44.04823998706713,44.728416442871094,1653787,0.0,0.0
2016-10-24 00:00:00-04:00,45.06170559967502,45.62625176985442,44.544772119760694,44.74882507324219,2925772,0.0,0.0
2016-10-25 00:00:00-04:00,44.62639429398449,44.62639429398449,43.694552089966884,43.939414978027344,3996158,0.0,0.0
2016-10-26 00:00:00-04:00,45.007295621346984,45.47661643326851,43.44288622588704,45.11612319946289,5758350,0.0,0.0
2016-10-27 00:00:00-04:00,45.435801777368994,45.80309439719045,44.91206555867331,45.59904479980469,4728954,0.0,0.0
2016-10-28 00:00:00-04:00,45.61943491236853,46.24519911650175,45.24533961878425,45.53781509399414,3218762,0.0,0.0
2016-10-31 00:00:00-04:00,45.8167014342426,46.24521229184414,45.55143360442431,45.76908874511719,2939307,0.0,0.0
2016-11-01 00:00:00-04:00,45.905120074753,46.252011060730744,45.45620429556233,45.78948974609375,3616290,0.0,0.0
2016-11-02 00:00:00-04:00,45.8098986659312,45.95953950161884,45.46301099448488,45.76908874511719,3204196,0.0,0.0
2016-11-03 00:00:00-04:00,45.8575123384906,46.02755813823196,45.442603664086775,45.56503677368164,2968954,0.0,0.0
2016-11-04 00:00:00-04:00,45.59903908473969,47.183849733847666,45.59903908473969,46.76213836669922,4473990,0.0,0.0
2016-11-07 00:00:00-05:00,47.462726182322406,48.14290600737303,47.33349365438107,48.10209274291992,4274324,0.0,0.0
2016-11-08 00:00:00-05:00,48.000070755445726,49.21758572355929,47.884440412529194,48.884300231933594,3877699,0.0,0.0
2016-11-09 00:00:00-05:00,48.680240804953165,50.81599546393978,48.51019502519919,50.50991439819336,5738628,0.0,0.0
2016-11-10 00:00:00-05:00,50.89761232074202,51.62540139268612,50.84319687171703,51.50297164916992,4460713,0.0,0.0
2016-11-11 00:00:00-05:00,51.12887355284293,51.61859922161737,51.11527136269292,51.577789306640625,3051965,0.0,0.0
2016-11-14 00:00:00-05:00,51.75463831954586,51.999504516525384,50.890813895858166,51.06085968017578,5712977,0.0,0.0
2016-11-15 00:00:00-05:00,51.10165454727005,51.65259831141489,50.74796423618011,51.63899612426758,3832068,0.0,0.0
2016-11-16 00:00:00-05:00,51.08125895509605,51.543780226226964,50.83639612989063,51.169681549072266,2439819,0.0,0.0
2016-11-17 00:00:00-05:00,51.176487570957825,51.31252285411557,50.693561312389775,50.795589447021484,2856295,0.0,0.0
2016-11-18 00:00:00-05:00,50.645957946777344,50.82280652304082,50.421500022723514,50.645957946777344,2389419,0.0,0.0
2016-11-21 00:00:00-05:00,50.9112094934867,51.237692100434316,50.66634335761833,51.08805465698242,2204319,0.0,0.0
2016-11-22 00:00:00-05:00,51.27851534663672,51.53018096958389,51.162885014767646,51.43495559692383,2453998,0.0,0.0
2016-11-23 00:00:00-05:00,51.50296690138292,51.61179444487397,51.285308469874444,51.40774154663086,1582892,0.0,0.0
2016-11-25 00:00:00-05:00,51.441754706937964,51.77504348754883,51.27171227744515,51.77504348754883,1200961,0.0,0.0
2016-11-28 00:00:00-05:00,51.66621802204088,51.66621802204088,50.822801864224985,50.8296012878418,2422933,0.0,0.0
2016-11-29 00:00:00-05:00,50.58474109798255,51.28532257349329,50.50312125405015,51.05406188964844,2547064,0.0,0.0
2016-11-30 00:00:00-05:00,51.42134560897288,51.904271822435526,50.70035934448242,50.70035934448242,2577484,0.0,0.0
2016-12-01 00:00:00-05:00,51.02006263111579,51.08808029309372,50.35348820592094,50.7343864440918,4315185,0.0,0.0
2016-12-02 00:00:00-05:00,50.78879088769603,50.85680853491062,50.346674508537646,50.673160552978516,3233070,0.0,0.0
2016-12-05 00:00:00-05:00,50.94522592412114,51.28531412536289,50.74797577075894,50.93842315673828,2697877,0.0,0.0
2016-12-06 00:00:00-05:00,50.99964976855379,51.645815785007166,50.95883984659291,51.6322135925293,2108160,0.0,0.0
2016-12-07 00:00:00-05:00,51.76212308388767,53.355329028368,51.680070886431295,53.334815979003906,2809762,0.310318,0.0
2016-12-08 00:00:00-05:00,53.198060208911684,54.04594748781702,53.198060208911684,53.847652435302734,2955935,0.0,0.0
2016-12-09 00:00:00-05:00,53.69722125127311,54.01859797645848,53.088658459573395,53.642520904541016,2397927,0.0,0.0
2016-12-12 00:00:00-05:00,53.64252511781231,53.83398138977821,53.081823824622255,53.16387939453125,1810529,0.0,0.0
2016-12-13 00:00:00-05:00,53.41003509078743,53.59465590545181,52.78095924988949,53.22541427612305,2262840,0.0,0.0
2016-12-14 00:00:00-05:00,52.95190099866669,54.162191104683416,52.87668424158836,53.11600875854492,2818656,0.0,0.0
2016-12-15 00:00:00-05:00,53.04079719815405,53.21857922117213,52.50745112909985,52.808311462402344,2922034,0.0,0.0
2016-12-16 00:00:00-05:00,52.77412080604266,53.08181992442154,52.541635085082106,52.746768951416016,3955812,0.0,0.0
2016-12-19 00:00:00-05:00,52.74676940990842,52.965577524335615,52.22025881218373,52.623687744140625,1593462,0.0,0.0
2016-12-20 00:00:00-05:00,52.97241638269031,53.24592820712553,52.65787845703862,52.849334716796875,1550280,0.0,0.0
2016-12-21 00:00:00-05:00,52.91771642339507,52.99292982209578,52.42539311845322,52.4664192199707,1610863,0.0,0.0
2016-12-22 00:00:00-05:00,52.49377964042085,52.589509467744456,52.076673028364866,52.24761962890625,1858094,0.0,0.0
2016-12-23 00:00:00-05:00,52.13137488493383,52.678398607530966,52.05615811440339,52.55531692504883,1551183,0.0,0.0
2016-12-27 00:00:00-05:00,52.82881538388611,53.10916597926664,52.51427749563866,52.664710998535156,712946,0.0,0.0
2016-12-28 00:00:00-05:00,52.90403722107141,53.19122664753068,51.83050299840114,51.90571975708008,1453992,0.0,0.0
2016-12-29 00:00:00-05:00,51.99460974857669,52.17239175449536,51.50228983030288,51.67323303222656,1698515,0.0,0.0
2016-12-30 00:00:00-05:00,51.86469158096363,51.86469158096363,51.11936955262114,51.310829162597656,1836825,0.0,0.0
2017-01-03 00:00:00-05:00,51.83733943526391,52.10401243716023,51.386045628287434,51.91939163208008,2884009,0.0,0.0
2017-01-04 00:00:00-05:00,52.151877838554654,52.43222845076622,51.89204027574347,52.049312591552734,1439426,0.0,0.0
2017-01-05 00:00:00-05:00,51.9672568730253,52.04931243262008,50.83901898598653,51.44074630737305,2267480,0.0,0.0
2017-01-06 00:00:00-05:00,51.57750745085145,51.65272421422694,51.180917307040595,51.32450866699219,2579418,0.0,0.0
2017-01-09 00:00:00-05:00,51.283477286500165,51.515962995012366,51.10569528431217,51.2150993347168,1971654,0.0,0.0
2017-01-10 00:00:00-05:00,51.386056006364086,52.06983565874285,51.201435163997374,51.97410583496094,2068716,0.0,0.0
2017-01-11 00:00:00-05:00,52.247619197606184,52.801481740625356,51.92624241552675,52.76045227050781,2424480,0.0,0.0
2017-01-12 00:00:00-05:00,52.68523882710674,52.726264934954,51.42024475351903,52.40488815307617,2110738,0.0,0.0
2017-01-13 00:00:00-05:00,52.582652667322236,53.12967622225954,52.52111352606481,52.83565139770508,1353063,0.0,0.0
2017-01-17 00:00:00-05:00,52.500617965077026,52.8766951032327,52.17924118328778,52.37070083618164,1878718,0.0,0.0
2017-01-18 00:00:00-05:00,52.57582238168244,52.753607755633666,52.3023105599039,52.746768951416016,2052990,0.0,0.0
2017-01-19 00:00:00-05:00,52.82881614457662,53.54678628979958,52.82881614457662,53.505760192871094,3199040,0.0,0.0
2017-01-20 00:00:00-05:00,53.69039346578986,53.827149395487936,53.437394659623976,53.77244567871094,2807313,0.0,0.0
2017-01-23 00:00:00-05:00,53.66302774381086,53.72456688760332,53.31429920449981,53.62200164794922,2466115,0.0,0.0
2017-01-24 00:00:00-05:00,53.704061177929724,54.89383829395273,53.704061177929724,54.42203140258789,3736424,0.0,0.0
2017-01-25 00:00:00-05:00,55.01007795598053,55.29726401178991,54.73656614578347,54.975887298583984,3976049,0.0,0.0
2017-01-26 00:00:00-05:00,54.8664836777988,55.18786039352837,54.70237591794312,54.81861877441406,2492410,0.0,0.0
2017-01-27 00:00:00-05:00,55.0032409930717,55.15367451106155,54.62716392258494,54.70237731933594,2290166,0.0,0.0
2017-01-30 00:00:00-05:00,54.29211140638354,54.49040983561744,53.79295265559399,54.39468002319336,2951166,0.0,0.0
2017-01-31 00:00:00-05:00,54.326301082107435,54.49040884868439,53.59465661789499,54.2579231262207,3667978,0.0,0.0
2017-02-01 00:00:00-05:00,52.767279313947206,54.244242403868476,52.65103645938815,53.334815979003906,5388149,0.0,0.0
2017-02-02 00:00:00-05:00,53.334815979003906,53.77927434787604,52.99976502306532,53.334815979003906,3012264,0.0,0.0
2017-02-03 00:00:00-05:00,53.5946565638816,54.059628008340376,53.42370999321506,54.03227615356445,1885936,0.0,0.0
2017-02-06 00:00:00-05:00,53.82714196238176,54.70237777423961,53.608330487734335,54.640838623046875,3144902,0.0,0.0
2017-02-07 00:00:00-05:00,54.70921943055753,55.17419089645978,54.517763162784476,54.599815368652344,2753562,0.0,0.0
2017-02-08 00:00:00-05:00,54.4972463059466,54.83913609802295,54.305790039730304,54.757083892822266,2193491,0.0,0.0
2017-02-09 00:00:00-05:00,54.757086819851274,55.55710931229938,54.757086819851274,55.263084411621094,2017285,0.0,0.0
2017-02-10 00:00:00-05:00,55.3861546716658,56.06309875129157,55.256237571298065,55.516075134277344,3623121,0.0,0.0
2017-02-13 00:00:00-05:00,55.69385635034701,56.186176253805314,55.59812654627353,56.05625915527344,3519872,0.0,0.0
2017-02-14 00:00:00-05:00,55.9058303834441,55.93318223703018,55.4408589592122,55.84428787231445,2221849,0.0,0.0
2017-02-15 00:00:00-05:00,55.782752514672154,56.063103149056666,55.461375778242115,55.81010437011719,2467404,0.0,0.0
2017-02-16 00:00:00-05:00,55.84428728663451,55.90582979711871,55.18102081478638,55.454532623291016,2573617,0.0,0.0
2017-02-17 00:00:00-05:00,55.32461453168636,55.56393904096189,54.98272477718111,55.37931823730469,2191687,0.0,0.0
2017-02-21 00:00:00-05:00,55.3451201215112,55.8647918058709,55.29041978550893,55.7348747253418,1930793,0.0,0.0
2017-02-22 00:00:00-05:00,55.43402534341357,55.83061885192001,55.263082126428415,55.728050231933594,2311435,0.0,0.0
2017-02-23 00:00:00-05:00,56.05626381900343,56.16566787751365,55.25624138764117,55.55026626586914,1944457,0.0,0.0
2017-02-24 00:00:00-05:00,55.16051063162133,55.6049690246582,54.81862085322527,55.6049690246582,1913263,0.0,0.0
2017-02-27 00:00:00-05:00,55.59129520803736,55.687025024966744,55.317783366664365,55.41351318359375,2027597,0.0,0.0
2017-02-28 00:00:00-05:00,55.40666348373761,55.48188023399785,54.23056414199923,54.26475143432617,3999509,0.0,0.0
2017-03-01 00:00:00-05:00,54.99639572710102,55.78958259982072,54.99639572710102,55.38615036010742,3902963,0.0,0.0
2017-03-02 00:00:00-05:00,55.28359353232796,55.33829724299155,54.634001257735086,54.71605682373047,1767219,0.0,0.0
2017-03-03 00:00:00-05:00,54.79126833983632,54.886994780967065,54.141676127432795,54.67502212524414,1752653,0.0,0.0
2017-03-06 00:00:00-05:00,54.26476143572304,54.46989867646718,54.01860145397189,54.2510871887207,2157657,0.0,0.0
2017-03-07 00:00:00-05:00,54.21689753300613,54.504083605522986,54.182706873620496,54.42203140258789,2786302,0.0,0.0
2017-03-08 00:00:00-05:00,54.44263895973822,54.786255618506814,54.34642561943769,54.40827560424805,2139740,0.310318,0.0
2017-03-09 00:00:00-05:00,54.449508621125524,54.65567861522678,53.700425322992274,54.01655197143555,1642959,0.0,0.0
2017-03-10 00:00:00-05:00,54.47013718205995,54.738157202547306,53.865370419741325,54.62820053100586,1664615,0.0,0.0
2017-03-13 00:00:00-04:00,54.62820704540421,54.7931437619986,54.50450366315154,54.74503707885742,1273016,0.0,0.0
2017-03-14 00:00:00-04:00,54.44264078555446,54.566340759323644,54.0440440963247,54.29832077026367,1508517,0.0,0.0
2017-03-15 00:00:00-04:00,54.62132312582757,55.82397983392615,54.44951309368384,55.535343170166016,2079673,0.0,0.0
2017-03-16 00:00:00-04:00,55.80336274782401,55.85146942129059,55.08176940427903,55.35666275024414,1710632,0.0,0.0
2017-03-17 00:00:00-04:00,55.60405853028809,55.796485198007474,55.184845220885954,55.65903854370117,2541392,0.0,0.0
2017-03-20 00:00:00-04:00,56.22944301246174,56.31878300173101,55.49410305842102,55.8445930480957,2037264,0.0,0.0
2017-03-21 00:00:00-04:00,56.05077731488866,56.16760734121357,54.42203367394734,54.53886032104492,2158559,0.0,0.0
2017-03-22 00:00:00-04:00,54.48387690264946,54.89621692813421,54.31894021661018,54.71753692626953,1423829,0.0,0.0
2017-03-23 00:00:00-04:00,54.690058271731566,55.1573784160103,54.31895149588994,54.848121643066406,819031,0.0,0.0
2017-03-24 00:00:00-04:00,54.861845815548484,55.08863245958835,54.188359229983575,54.41514587402344,1264509,0.0,0.0
2017-03-27 00:00:00-04:00,53.85850136038025,54.29833146079573,53.095671188373444,53.98907470703125,2130330,0.0,0.0
2017-03-28 00:00:00-04:00,54.03718904127985,55.01993609228959,53.73480897244534,54.76565933227539,2130073,0.0,0.0
2017-03-29 00:00:00-04:00,54.5594704719514,54.896213793098326,54.49074713829529,54.85498046875,1928731,0.0,0.0
2017-03-30 00:00:00-04:00,54.73128878814423,55.610948998224174,54.69005545500273,55.59720230102539,1573482,0.0,0.0
2017-03-31 00:00:00-04:00,55.391023681451685,56.06451374233914,55.349790354693184,55.885833740234375,2528760,0.0,0.0
2017-04-03 00:00:00-04:00,56.057641967986804,56.28442865074991,55.30855858009571,55.81711196899414,3175580,0.0,0.0
2017-04-04 00:00:00-04:00,55.76213615548132,56.030159565621986,55.43226612802496,55.99579620361328,1657654,0.0,0.0
2017-04-05 00:00:00-04:00,56.12637014245257,57.122856962904436,56.07139349357154,56.263816833496094,3302676,0.0,0.0
2017-04-06 00:00:00-04:00,56.31878059556542,57.31526712821118,56.17446059788417,56.8135871887207,2268124,0.0,0.0
2017-04-07 00:00:00-04:00,56.68989964951634,57.10911304172986,56.60055964449167,56.779239654541016,2221463,0.0,0.0
2017-04-10 00:00:00-04:00,56.77235915506983,57.542059122581726,56.75174587259763,57.21219253540039,2271476,0.0,0.0
2017-04-11 00:00:00-04:00,57.16409482983618,57.72074816222896,56.868581414279944,57.48709487915039,2342371,0.0,0.0
2017-04-12 00:00:00-04:00,57.438993283452014,57.438993283452014,56.37377630619712,56.552459716796875,2911335,0.0,0.0
2017-04-13 00:00:00-04:00,56.373777031797815,57.267180579385936,56.22946036264668,56.25695037841797,3092698,0.0,0.0
2017-04-17 00:00:00-04:00,56.51121976086409,56.62117981622329,56.208839746308094,56.51809310913086,2575293,0.0,0.0
2017-04-18 00:00:00-04:00,56.146975562500295,56.497465568229764,55.837722259206416,56.3050422668457,2457221,0.0,0.0
2017-04-19 00:00:00-04:00,56.61430586587688,56.765495871547,56.03015912932291,56.25007247924805,2174156,0.0,0.0
2017-04-20 00:00:00-04:00,56.62804986069805,57.2190665380227,56.3119197888249,56.86857986450195,2214631,0.0,0.0
2017-04-21 00:00:00-04:00,57.02665228376114,57.308412265210144,56.717392149649235,57.061012268066406,1942265,0.0,0.0
2017-04-24 00:00:00-04:00,57.995631476316326,58.38735817977569,57.31527151386145,57.858184814453125,2089598,0.0,0.0
2017-04-25 00:00:00-04:00,58.35987684945556,59.06772350516937,58.18806343768723,58.86842346191406,3026314,0.0,0.0
2017-04-26 00:00:00-04:00,59.69997712230669,61.205023957769136,59.41821042487722,60.943870544433594,4065248,0.0,0.0
2017-04-27 00:00:00-04:00,60.96449508105535,61.679215140135554,60.82017504794393,61.335601806640625,2674031,0.0,0.0
2017-04-28 00:00:00-04:00,61.41806825620385,61.55551494082317,60.75832146664938,60.991981506347656,2262840,0.0,0.0
2017-05-01 00:00:00-04:00,61.18439130495201,61.18439130495201,60.469671445863995,61.0125846862793,1853195,0.0,0.0
2017-05-02 00:00:00-04:00,61.18440742515324,61.44555409501603,60.9576207363873,61.36996078491211,1762450,0.0,0.0
2017-05-03 00:00:00-04:00,61.11568003145586,61.3630867612278,60.89576669302197,61.232513427734375,1892639,0.0,0.0
2017-05-04 00:00:00-04:00,61.44555490743698,61.761681606307015,61.09506822701578,61.72732162475586,1822259,0.0,0.0
2017-05-05 00:00:00-04:00,61.8853997386151,61.97473976215676,61.54865293378973,61.857906341552734,1350743,0.0,0.0
2017-05-08 00:00:00-04:00,61.768555956376076,61.95410932159852,61.30123586926366,61.438682556152344,1872015,0.0,0.0
2017-05-09 00:00:00-04:00,61.53489383414111,61.76168052192376,61.25312712176936,61.41119384765625,1422927,0.0,0.0
2017-05-10 00:00:00-04:00,61.41120828166733,61.52803494773057,60.08484782417325,60.83393478393555,3942664,0.0,0.0
2017-05-11 00:00:00-04:00,60.77894518679374,60.87515854769205,60.036731693266574,60.772071838378906,2067685,0.0,0.0
2017-05-12 00:00:00-04:00,60.6552279726087,60.73770138090999,60.37346804537107,60.483421325683594,2139353,0.0,0.0
2017-05-15 00:00:00-04:00,60.55901843731516,60.96448507803029,60.48341837992543,60.84077835083008,1670415,0.0,0.0
2017-05-16 00:00:00-04:00,61.15004796765736,61.21876793043948,60.73083456763279,61.0332145690918,1707281,0.0,0.0
2017-05-17 00:00:00-04:00,61.03321319248421,61.03321319248421,60.13293979792774,60.277259826660156,2272120,0.0,0.0
2017-05-18 00:00:00-04:00,59.98860951530936,61.02632941340619,59.56939619639654,60.59337615966797,2005039,0.0,0.0
2017-05-19 00:00:00-04:00,61.06758864807884,61.672348723677295,60.66211513680809,61.3287353515625,1833087,0.0,0.0
2017-05-22 00:00:00-04:00,61.72046234531427,61.789189082536424,61.11569544327372,61.321868896484375,1505036,0.0,0.0
2017-05-23 00:00:00-04:00,61.46617682110444,61.61049685815432,60.94387670013171,61.184410095214844,1471136,0.0,0.0
2017-05-24 00:00:00-04:00,61.31499490563607,61.62424832376182,60.730848058408384,60.83393478393555,2724430,0.0,0.0
2017-05-25 00:00:00-04:00,61.19815105179989,61.48678434037396,60.87515102539831,61.3768310546875,1274177,0.0,0.0
2017-05-26 00:00:00-04:00,61.21877781596479,61.73420465387816,61.21877781596479,61.40433120727539,848162,0.0,0.0
2017-05-30 00:00:00-04:00,61.253117219189384,61.431803959829836,60.847650585883166,61.29435729980469,1141410,0.0,0.0
2017-05-31 00:00:00-04:00,61.012614561229064,61.679228082483085,60.77208112223814,61.576141357421875,1998466,0.0,0.0
2017-06-01 00:00:00-04:00,61.830421495342485,61.84416819427217,61.10882793682543,61.576141357421875,1766575,0.0,0.0
2017-06-02 00:00:00-04:00,61.576122810274434,61.83040287160416,61.37682952810106,61.493656158447266,1461726,0.0,0.0
2017-06-05 00:00:00-04:00,61.390584509117474,61.79605803713347,61.22565116504376,61.40433120727539,2434663,0.0,0.0
2017-06-06 00:00:00-04:00,61.07443151174066,61.4317982010681,60.53839161542816,61.101924896240234,1754974,0.0,0.0
2017-06-07 00:00:00-04:00,61.467824180845966,61.65421611691481,60.52205567886762,60.8396110534668,2620279,0.310318,0.0
2017-06-08 00:00:00-04:00,60.83960669230242,60.929350448495214,60.55657339207714,60.729156494140625,2182664,0.0,0.0
2017-06-09 00:00:00-04:00,60.74985631839466,61.005285527501314,60.50824271742463,60.82579803466797,2237317,0.0,0.0
2017-06-12 00:00:00-04:00,60.81890326224108,60.9707799298569,60.542767569665614,60.6394157409668,2123628,0.0,0.0
2017-06-13 00:00:00-04:00,60.839606003788305,61.90272903442383,60.72225139663249,61.90272903442383,2348945,0.0,0.0
2017-06-14 00:00:00-04:00,62.171976296703555,62.24791124263884,60.95007201648271,61.2262077331543,2227521,0.0,0.0
2017-06-15 00:00:00-04:00,60.749852964291684,62.03388977050781,60.7015288889664,62.03388977050781,1464304,0.0,0.0
2017-06-16 00:00:00-04:00,62.13055034204164,63.74594497680664,62.05461539547945,63.74594497680664,5321250,0.0,0.0
2017-06-19 00:00:00-04:00,63.953052408725256,64.31893190974796,63.759756040864524,63.91853713989258,2517933,0.0,0.0
2017-06-20 00:00:00-04:00,63.56645857549765,63.73214408323132,62.91064132300546,62.99348068237305,2116538,0.0,0.0
2017-06-21 00:00:00-04:00,63.221275233738766,63.359343058380496,62.35835302697711,62.46189880371094,2542424,0.0,0.0
2017-06-22 00:00:00-04:00,62.510213553274724,62.80706238700365,62.399763383442,62.6275749206543,1650822,0.0,0.0
2017-06-23 00:00:00-04:00,62.634485045442894,63.10391019081566,62.35834941216656,62.8760986328125,2352812,0.0,0.0
2017-06-26 00:00:00-04:00,63.069417556718506,63.40768620496666,62.73805332012829,62.77257537841797,2974110,0.0,0.0
2017-06-27 00:00:00-04:00,62.74493944240776,62.9313313468464,62.26170544619442,62.48261260986328,2046674,0.0,0.0
2017-06-28 00:00:00-04:00,62.83470177200239,63.39387765068418,62.71044272862823,63.25580978393555,1733576,0.0,0.0
2017-06-29 00:00:00-04:00,63.269622081639184,63.36627027257035,61.951069468934755,62.385986328125,1969850,0.0,0.0
2017-06-30 00:00:00-04:00,62.59998073680534,63.4352922824954,62.4826261144596,63.090126037597656,1509032,0.0,0.0
2017-07-03 00:00:00-04:00,63.311041015440644,63.50433739501437,63.10393581189766,63.12464904785156,972808,0.0,0.0
2017-07-05 00:00:00-04:00,63.090119266112026,63.69071471365029,63.0417951823332,63.62167739868164,1420091,0.0,0.0
2017-07-06 00:00:00-04:00,63.48360582332254,63.88400050179571,63.32483154953018,63.59406280517578,2186402,0.0,0.0
2017-07-07 00:00:00-04:00,63.62857785526654,64.56053742094899,63.152241457473956,64.3741455078125,2389677,0.0,0.0
2017-07-10 00:00:00-04:00,64.38103805598189,65.16112082564341,64.31890516671831,64.70549774169922,1677762,0.0,0.0
2017-07-11 00:00:00-04:00,64.56743180622779,64.67788198156954,63.870188342711316,64.13941955566406,1733963,0.0,0.0
2017-07-12 00:00:00-04:00,64.62267280453524,65.14042894742241,64.4984137742816,64.55364227294922,1592560,0.0,0.0
2017-07-13 00:00:00-04:00,64.57434447740907,64.75383878354421,63.76665065028989,64.09801483154297,1545898,0.0,0.0
2017-07-14 00:00:00-04:00,64.07039680651413,64.17394938547372,63.4559993212152,64.0842056274414,1641413,0.0,0.0
2017-07-17 00:00:00-04:00,63.98756628864455,64.38106342739101,63.200578800150055,64.24989318847656,1850617,0.0,0.0
2017-07-18 00:00:00-04:00,64.01517304848225,64.22227141076439,63.53193222149512,63.82878112792969,1559948,0.0,0.0
2017-07-19 00:00:00-04:00,64.02898000553053,64.39485946453941,63.656196135748225,64.33963775634766,1613699,0.0,0.0
2017-07-20 00:00:00-04:00,64.31892525686906,64.34653611127953,63.311030630417456,63.63549041748047,1797511,0.0,0.0
2017-07-21 00:00:00-04:00,63.32485466720477,63.635505707203826,62.95896832711758,63.28342819213867,1545511,0.0,0.0
2017-07-24 00:00:00-04:00,63.14533011990505,63.23507386164382,62.70351582042127,62.85539245605469,1889545,0.0,0.0
2017-07-25 00:00:00-04:00,63.40075865902557,63.40075865902557,62.45499038696289,62.45499038696289,2047834,0.0,0.0
2017-07-26 00:00:00-04:00,61.73014321059263,61.73014321059263,59.22420900845032,60.01810073852539,6181657,0.0,0.0
2017-07-27 00:00:00-04:00,60.03190043820604,60.88791814969279,60.00428959164039,60.59798049926758,2834769,0.0,0.0
2017-07-28 00:00:00-04:00,60.48064632103221,61.27453828746798,60.09406035030626,61.12266159057617,2073743,0.0,0.0
2017-07-31 00:00:00-04:00,61.302137254115834,61.709443170810175,60.57728275924897,60.66702651977539,1854098,0.0,0.0
2017-08-01 00:00:00-04:00,60.80509690012465,61.06743057097961,59.45203602518006,59.70745849609375,2922679,0.0,0.0
2017-08-02 00:00:00-04:00,59.4037010273824,60.239005607144776,59.4037010273824,60.16307067871094,3160370,0.0,0.0
2017-08-03 00:00:00-04:00,60.2528267253996,60.453027490859036,59.486552507982715,59.873138427734375,2562919,0.0,0.0
2017-08-04 00:00:00-04:00,60.121639291548824,61.10192270543337,59.949056239293114,60.87411117553711,1988411,0.0,0.0
2017-08-07 00:00:00-04:00,60.825790211904675,60.92933597514776,60.41158679194508,60.818885803222656,1733189,0.0,0.0
2017-08-08 00:00:00-04:00,60.770573019659395,60.832705920343116,60.280434591145195,60.404693603515625,1479128,0.0,0.0
2017-08-09 00:00:00-04:00,60.25973071968264,60.47373351683286,59.97669060116258,60.239017486572266,1134062,0.0,0.0
2017-08-10 00:00:00-04:00,59.824803398660826,60.10784346737756,58.61671498274356,58.6650390625,3157921,0.0,0.0
2017-08-11 00:00:00-04:00,58.520078656375944,59.05163685218448,58.40962165488412,58.74098587036133,2608292,0.0,0.0
2017-08-14 00:00:00-04:00,59.217331718459334,59.58321125888493,59.17591203359977,59.30707550048828,1494724,0.0,0.0
2017-08-15 00:00:00-04:00,59.313965999859846,59.859332976419715,59.29325276778899,59.50725555419922,1710116,0.0,0.0
2017-08-16 00:00:00-04:00,59.67294844308275,59.96979061658871,59.53488057915011,59.88004684448242,1819939,0.0,0.0
2017-08-17 00:00:00-04:00,59.596994348816615,59.92835851135288,58.93427281274125,58.99639892578125,1997821,0.0,0.0
2017-08-18 00:00:00-04:00,58.996390095238134,59.50724168830985,58.60289987855924,58.8031005859375,1719397,0.0,0.0
2017-08-21 00:00:00-04:00,58.74097816752223,58.91356126934851,58.513166572192276,58.76858901977539,1070515,0.0,0.0
2017-08-22 00:00:00-04:00,58.810008284234634,59.60390005171847,58.810008284234634,59.452030181884766,840686,0.0,0.0
2017-08-23 00:00:00-04:00,59.148284068050394,59.417515367179426,58.21632434875904,58.2646484375,1946261,0.0,0.0
2017-08-24 00:00:00-04:00,58.3957966643252,58.53386448346383,57.71926638724485,57.8297233581543,1999368,0.0,0.0
2017-08-25 00:00:00-04:00,58.181799548280836,58.76858613912619,58.181799548280836,58.42341995239258,1510579,0.0,0.0
2017-08-28 00:00:00-04:00,58.67886383242717,58.67886383242717,57.774521575244044,57.891876220703125,1818263,0.0,0.0
2017-08-29 00:00:00-04:00,57.57430100800598,58.209411693799,57.34648941877594,58.181800842285156,1999883,0.0,0.0
2017-08-30 00:00:00-04:00,58.016133786515404,59.24493573268724,57.843543865711524,59.044734954833984,1961085,0.0,0.0
2017-08-31 00:00:00-04:00,59.286339073996615,59.35537638109183,58.42341686378473,58.94807052612305,2804864,0.0,0.0
2017-09-01 00:00:00-04:00,59.30014611251636,59.445118342966005,58.71335957031237,58.734066009521484,1554147,0.0,0.0
2017-09-05 00:00:00-04:00,58.63743538491528,58.996410469151954,58.39581492860271,58.52698516845703,2025019,0.0,0.0
2017-09-06 00:00:00-04:00,58.913567842356436,59.196607962768944,57.947092859703,58.25774383544922,2199679,0.0,0.0
2017-09-07 00:00:00-04:00,58.38266631163111,59.07671324670007,57.813558199472254,59.035064697265625,2222365,0.349108,0.0
2017-09-08 00:00:00-04:00,58.84767618458315,61.5058529961403,58.694992131332874,60.70076370239258,3842380,0.0,0.0
2017-09-11 00:00:00-04:00,61.131069208104655,61.443385557915576,60.6383031083855,61.43645095825195,2548353,0.0,0.0
2017-09-12 00:00:00-04:00,61.776521904469625,62.782885134775036,61.75570445613377,62.47056198120117,2491895,0.0,0.0
2017-09-13 00:00:00-04:00,62.192958982493636,63.01886582305672,62.054150938061326,62.72043228149414,1926153,0.0,0.0
2017-09-14 00:00:00-04:00,62.52607260724091,62.67182201465702,61.83897410832906,62.47748947143555,2358999,0.0,0.0
2017-09-15 00:00:00-04:00,62.14437466828505,62.39423187376755,61.74183339454665,62.074974060058594,3156761,0.0,0.0
2017-09-18 00:00:00-04:00,62.27623273945085,62.866171955402564,62.18600786589948,62.817588806152344,1886709,0.0,0.0
2017-09-19 00:00:00-04:00,62.85229473944656,63.50469318763294,62.72736955534509,62.782894134521484,2468177,0.0,0.0
2017-09-20 00:00:00-04:00,61.83898663471123,62.19988610214715,61.43644544606292,61.9777946472168,2041518,0.0,0.0
2017-09-21 00:00:00-04:00,61.98472892251385,62.22764462272959,61.85286234965158,61.9361457824707,1661908,0.0,0.0
2017-09-22 00:00:00-04:00,61.838994546074545,62.08885173070711,61.34622842752529,61.71406936645508,2085215,0.0,0.0
2017-09-25 00:00:00-04:00,61.77653535268888,61.97780940764417,60.98532881043678,61.66549301147461,2216693,0.0,0.0
2017-09-26 00:00:00-04:00,61.66549202909986,61.88064210740795,61.33235135997545,61.59608459472656,1761161,0.0,0.0
2017-09-27 00:00:00-04:00,61.95699203367856,62.01251662317037,60.94369387068471,61.110267639160156,2103132,0.0,0.0
2017-09-28 00:00:00-04:00,61.01306740708734,61.28374195186836,60.631343745036055,61.20045852661133,1598360,0.0,0.0
2017-09-29 00:00:00-04:00,61.193544456588555,62.09579334248932,61.13107844702835,61.8875846862793,2274312,0.0,0.0
2017-10-02 00:00:00-04:00,62.02636570281694,62.463607103017296,61.68628374957889,62.435848236083984,2164102,0.0,0.0
2017-10-03 00:00:00-04:00,62.42895106267049,62.56081771850586,62.05416855377194,62.56081771850586,1506068,0.0,0.0
2017-10-04 00:00:00-04:00,62.387287480109336,63.24790139385871,62.387287480109336,62.782894134521484,1972814,0.0,0.0
2017-10-05 00:00:00-04:00,62.95638131539982,63.29645645095763,62.74122449657013,63.08130645751953,1846750,0.0,0.0
2017-10-06 00:00:00-04:00,63.22706996039531,64.38611726475875,63.09520336564869,63.886409759521484,2776377,0.0,0.0
2017-10-09 00:00:00-04:00,63.851707771178944,64.37918101798311,63.740665441857935,63.89335632324219,1617308,0.0,0.0
2017-10-10 00:00:00-04:00,64.10852378033293,64.10852378033293,63.08134270933362,63.421424865722656,1249428,0.0,0.0
2017-10-11 00:00:00-04:00,63.46999475951152,63.51857791455135,63.178495829272585,63.456111907958984,1566522,0.0,0.0
2017-10-12 00:00:00-04:00,63.36590027329652,63.85172509988535,63.22709220492892,63.421424865722656,1933371,0.0,0.0
2017-10-13 00:00:00-04:00,63.754531565183505,64.01826470669275,63.31034188826114,63.3797492980957,1002069,0.0,0.0
2017-10-16 00:00:00-04:00,63.587947560387725,63.587947560387725,63.08824022713983,63.3658561706543,1462113,0.0,0.0
2017-10-17 00:00:00-04:00,62.900874463127735,63.29647427057433,62.60937555739224,63.227073669433594,2197745,0.0,0.0
2017-10-18 00:00:00-04:00,63.31035995483398,63.469992265232676,62.977219308423436,63.310359954833984,1452961,0.0,0.0
2017-10-19 00:00:00-04:00,63.081317767688134,63.24095005462203,62.69959402425766,63.21318435668945,2151470,0.0,0.0
2017-10-20 00:00:00-04:00,63.636556505880996,64.90665303409898,63.539390203696435,64.89971160888672,1988540,0.0,0.0
2017-10-23 00:00:00-04:00,64.8372373696538,66.16285830575322,64.69148793489475,65.07321166992188,2686792,0.0,0.0
2017-10-24 00:00:00-04:00,65.50352736807145,66.78749993103955,65.19814560878164,66.35719299316406,3247249,0.0,0.0
2017-10-25 00:00:00-04:00,62.86615903673064,64.89275438810031,61.92226194548851,63.3797492980957,6230897,0.0,0.0
2017-10-26 00:00:00-04:00,63.88640655812847,64.1917814556395,62.88004334790484,62.92169189453125,2765292,0.0,0.0
2017-10-27 00:00:00-04:00,62.17905866854169,63.34504032602248,62.00554356173097,63.261756896972656,3145418,0.0,0.0
2017-10-30 00:00:00-04:00,63.07437465331933,63.24094836027354,61.67935313136689,61.68629455566406,2447940,0.0,0.0
2017-10-31 00:00:00-04:00,61.568326553038155,61.908401827367285,61.06861895525675,61.49197769165039,3851661,0.0,0.0
2017-11-01 00:00:00-04:00,61.94310609567873,62.03333097964555,60.61054346263942,60.749351501464844,2203417,0.0,0.0
2017-11-02 00:00:00-04:00,60.763223744448446,61.15188891546106,59.70828419863361,60.79792404174805,3253952,0.0,0.0
2017-11-03 00:00:00-04:00,60.52031785978951,60.86734136542801,59.55560302522117,59.860984802246094,3855786,0.0,0.0
2017-11-06 00:00:00-05:00,59.90955932467006,60.55501626327321,59.513952721749625,59.791568756103516,2056342,0.0,0.0
2017-11-07 00:00:00-05:00,59.97202394244718,60.020607094141,59.104475462650306,59.3820915222168,1942265,0.0,0.0
2017-11-08 00:00:00-05:00,59.4306736923956,59.625006295961406,58.72969212975809,59.46537399291992,1910556,0.0,0.0
2017-11-09 00:00:00-05:00,59.00729639228574,59.13222154444344,58.16750696998716,58.58393096923828,2020121,0.0,0.0
2017-11-10 00:00:00-05:00,58.26468237757844,59.08364765675171,58.13975720585536,58.96566390991211,1786683,0.0,0.0
2017-11-13 00:00:00-05:00,58.632514510361496,59.180805089306624,58.563113922708986,58.826847076416016,2167325,0.0,0.0
2017-11-14 00:00:00-05:00,58.68110574922232,59.18081325560796,58.611705151993284,58.785213470458984,2263226,0.0,0.0
2017-11-15 00:00:00-05:00,58.32715422132927,58.417379103069926,57.8135638078079,57.85520553588867,1988798,0.0,0.0
2017-11-16 00:00:00-05:00,58.22998342858722,59.29186447633553,58.209159153453975,59.17387390136719,2251883,0.0,0.0
2017-11-17 00:00:00-05:00,58.736627724830335,59.20857633653279,58.40348712684079,59.07670974731445,1713726,0.0,0.0
2017-11-20 00:00:00-05:00,59.243286288714486,59.6735932489711,58.76439617447093,58.80603790283203,2046932,0.0,0.0
2017-11-21 00:00:00-05:00,59.07672468499665,59.326575077619424,58.6186519810658,59.187767028808594,2279854,0.0,0.0
2017-11-22 00:00:00-05:00,59.23633548944991,59.30574290933124,58.646403134726434,58.7088623046875,1522309,0.0,0.0
2017-11-24 00:00:00-05:00,58.91014309958886,58.95872625148367,58.271627525023085,58.45901870727539,890055,0.0,0.0
2017-11-27 00:00:00-05:00,58.459021224691554,58.99342909315395,58.42432092195629,58.80603790283203,1629167,0.0,0.0
2017-11-28 00:00:00-05:00,58.97261428783738,60.430095322056495,58.625590768731634,60.13860321044922,3114224,0.0,0.0
2017-11-29 00:00:00-05:00,60.45784778114365,60.51337235108396,59.47230884722952,59.73604202270508,2354230,0.0,0.0
2017-11-30 00:00:00-05:00,59.923433083664754,61.228229760888766,59.84709106599051,60.811805725097656,3087542,0.0,0.0
2017-12-01 00:00:00-05:00,60.69381991661323,61.04083652190888,58.90319184600026,59.83320617675781,2264515,0.0,0.0
2017-12-04 00:00:00-05:00,60.381499615901554,60.56194935118906,59.06976832281988,59.07670974731445,3087413,0.0,0.0
2017-12-05 00:00:00-05:00,59.18081039388295,59.375142977356155,58.542294898521945,58.701927185058594,2585347,0.0,0.0
2017-12-06 00:00:00-05:00,58.50759405691992,60.10388278046208,58.09811144578069,59.8679084777832,3147738,0.0,0.0
2017-12-07 00:00:00-05:00,60.021403961934304,60.85164181118148,59.71442076412416,60.20977783203125,1886194,0.349108,0.0
2017-12-08 00:00:00-05:00,61.626061534341254,62.121418583154075,60.74698579483622,61.12373352050781,2808473,0.0,0.0
2017-12-11 00:00:00-05:00,61.08187834975798,61.70979356357092,61.08187834975798,61.2702522277832,3027474,0.0,0.0
2017-12-12 00:00:00-05:00,61.45862443672374,61.472580089883365,60.223734384129386,60.265594482421875,2061240,0.0,0.0
2017-12-13 00:00:00-05:00,60.314443499420335,61.033049990314126,59.79118188275424,60.78886032104492,2568075,0.0,0.0
2017-12-14 00:00:00-05:00,61.053987165180786,61.319103472880265,60.007463868576586,60.021419525146484,1537390,0.0,0.0
2017-12-15 00:00:00-05:00,60.61443307276984,60.97722517830234,60.17489859450905,60.52373504638672,3675068,0.0,0.0
2017-12-18 00:00:00-05:00,60.7260666972024,61.284210528618914,60.39815685318585,60.44699478149414,1922801,0.0,0.0
2017-12-19 00:00:00-05:00,60.69815784622046,60.89350956736222,60.202807577199984,60.516761779785156,1503103,0.0,0.0
2017-12-20 00:00:00-05:00,60.93536355145394,61.25629554916587,60.502806910860656,60.84466552734375,1402948,0.0,0.0
2017-12-21 00:00:00-05:00,61.165599732126886,63.27957253073749,60.9842036773611,63.05631637573242,4158056,0.0,0.0
2017-12-22 00:00:00-05:00,63.19584746207288,63.23770755908753,62.184206723795704,62.6307258605957,1680598,0.0,0.0
2017-12-26 00:00:00-05:00,62.67956973350198,62.67956973350198,62.10049242432536,62.240028381347656,676209,0.0,0.0
2017-12-27 00:00:00-05:00,62.407477016016095,62.421425809193636,62.086544993940656,62.170265197753906,982476,0.0,0.0
2017-12-28 00:00:00-05:00,62.40048867713643,62.40048867713643,61.744669089097336,62.25397491455078,848807,0.0,0.0
2017-12-29 00:00:00-05:00,62.49816445090774,62.909794434189855,62.226070404052734,62.226070404052734,1213594,0.0,0.0
2018-01-02 00:00:00-05:00,62.60281819156344,62.756309796990585,61.25629659895308,61.91909408569336,2448456,0.0,0.0
2018-01-03 00:00:00-05:00,61.86325924701603,62.833039645419674,61.71675237474706,62.756290435791016,1656881,0.0,0.0
2018-01-04 00:00:00-05:00,62.84001903990285,63.67723460523389,62.728394414569955,63.06328201293945,1665388,0.0,0.0
2018-01-05 00:00:00-05:00,63.25167621610029,63.391212188565895,62.33073330887725,62.5888786315918,1800089,0.0,0.0
2018-01-08 00:00:00-05:00,62.81910083205117,63.44003819419206,62.693520538799625,63.0842170715332,2547837,0.0,0.0
2018-01-09 00:00:00-05:00,63.30048857353826,63.70514067183623,63.09118126881476,63.412113189697266,2293389,0.0,0.0
2018-01-10 00:00:00-05:00,63.3981767579894,63.5586461976671,62.86096640573845,63.47492599487305,1927442,0.0,0.0
2018-01-11 00:00:00-05:00,63.488886988514125,64.73773988806684,63.32842437918731,64.17959594726562,2446264,0.0,0.0
2018-01-12 00:00:00-05:00,64.44469698005007,64.44469698005007,63.26561578326829,63.55864334106445,2248145,0.0,0.0
2018-01-16 00:00:00-05:00,64.10283939276766,64.13772853098419,62.777251114975506,62.97260284423828,1870984,0.0,0.0
2018-01-17 00:00:00-05:00,63.11910123277438,63.29352631667506,62.60979535684223,62.916778564453125,1502716,0.0,0.0
2018-01-18 00:00:00-05:00,62.72840721790495,63.572600781097755,62.47723975256633,63.02143478393555,1595266,0.0,0.0
2018-01-19 00:00:00-05:00,63.34933951102205,63.523764606770904,62.87492273635622,63.44004440307617,1473585,0.0,0.0
2018-01-22 00:00:00-05:00,63.293528822729236,63.37027119707725,62.281887996321736,62.679569244384766,1543191,0.0,0.0
2018-01-23 00:00:00-05:00,63.6842194383597,64.08190064930325,63.021428855430706,64.02608489990234,2118858,0.0,0.0
2018-01-24 00:00:00-05:00,64.31911356427777,65.12144010416071,63.970270270305214,64.17259979248047,2248918,0.0,0.0
2018-01-25 00:00:00-05:00,64.64005796928919,64.64005796928919,63.39818301427415,63.88656234741211,1380906,0.0,0.0
2018-01-26 00:00:00-05:00,64.17959414933,65.48425591746329,63.83772859375045,65.45634460449219,2087407,0.0,0.0
2018-01-29 00:00:00-05:00,65.32377054519714,66.39122019909387,65.29586610020878,65.4912109375,2670808,0.0,0.0
2018-01-30 00:00:00-05:00,65.1702728118879,65.54004269441451,64.03305872194565,64.55632019042969,3238613,0.0,0.0
2018-01-31 00:00:00-05:00,65.14238555565836,66.12611518036053,63.70516574051507,66.0214614868164,5681268,0.0,0.0
2018-02-01 00:00:00-05:00,65.82608968252012,68.142391583688,65.75632514888937,67.3958740234375,4684226,0.0,0.0
2018-02-02 00:00:00-05:00,66.95634261388022,67.30518591692243,66.3354052395058,66.44703674316406,3353076,0.0,0.0
2018-02-05 00:00:00-05:00,65.95865081289186,66.47493445796175,63.035374006926475,63.16096115112305,4884408,0.0,0.0
2018-02-06 00:00:00-05:00,61.89117972358285,64.38887080375002,61.27722026142953,64.01212310791016,3909021,0.0,0.0
2018-02-07 00:00:00-05:00,63.998192505054035,65.30982512639902,63.593533391599905,63.62144470214844,2719532,0.0,0.0
2018-02-08 00:00:00-05:00,63.57957233850514,63.68421914932246,61.074896342644834,61.116756439208984,2721724,0.0,0.0
2018-02-09 00:00:00-05:00,61.891200188992784,62.70748255910691,59.82606500465451,62.20515441894531,3031341,0.0,0.0
2018-02-12 00:00:00-05:00,62.707480714102495,63.998193596931934,62.56096691478537,63.42609405517578,1914036,0.0,0.0
2018-02-13 00:00:00-05:00,62.8260890472912,63.426093029178695,62.53306145339703,62.97260284423828,1510966,0.0,0.0
2018-02-14 00:00:00-05:00,62.574902835903636,63.300493775901785,62.323735421830165,63.06328201293945,2387486,0.0,0.0
2018-02-15 00:00:00-05:00,63.670287700300776,64.43773216125993,62.70050680532835,64.19354248046875,2036491,0.0,0.0
2018-02-16 00:00:00-05:00,63.9981638021754,65.05165749558414,63.34234435504115,63.50978469848633,2527987,0.0,0.0
2018-02-20 00:00:00-05:00,63.13304974920364,63.6283999157414,62.5818838365749,62.819095611572266,2125819,0.0,0.0
2018-02-21 00:00:00-05:00,62.93073012661519,63.663299044395046,62.302821752731695,62.79817199707031,3847923,0.0,0.0
2018-02-22 00:00:00-05:00,63.2028361631734,63.907486968484776,62.860970640681465,63.007484436035156,1669384,0.0,0.0
2018-02-23 00:00:00-05:00,63.47494002215047,63.58656469681475,62.491210268959364,62.8958625793457,2002461,0.0,0.0
2018-02-26 00:00:00-05:00,62.993522480038784,63.47492392216531,62.24002695712307,63.24468994140625,2785142,0.0,0.0
2018-02-27 00:00:00-05:00,63.30050858268412,64.02609283122011,62.84701156616211,62.84701156616211,1992923,0.0,0.0
2018-02-28 00:00:00-05:00,63.16793135275887,63.760964214603824,61.946997083445225,61.9539680480957,2341726,0.0,0.0
2018-03-01 00:00:00-05:00,62.079555377922745,62.128393297737375,59.86790705692147,59.909767150878906,3435830,0.0,0.0
2018-03-02 00:00:00-05:00,59.37256289120875,60.39815244972303,58.64000088118038,60.20280075073242,3684220,0.0,0.0
2018-03-05 00:00:00-05:00,59.87488929390733,60.44001089574519,59.330701171183264,60.153961181640625,4578786,0.0,0.0
2018-03-06 00:00:00-05:00,60.53768196896097,61.32605964658187,59.9655825858639,60.6911735534668,2540103,0.0,0.0
2018-03-07 00:00:00-05:00,59.84698954749056,61.04699738670497,59.840011720571546,60.85862350463867,2568075,0.0,0.0
2018-03-08 00:00:00-05:00,61.153172163833496,61.46876129588803,60.71837242517561,61.34953689575195,2516128,0.349108,0.0
2018-03-09 00:00:00-05:00,61.89651862015416,62.864313812861205,61.62301368195894,62.8572998046875,2601202,0.0,0.0
2018-03-12 00:00:00-04:00,62.8713427377968,63.08874255894556,61.644070332061105,61.770301818847656,1772504,0.0,0.0
2018-03-13 00:00:00-04:00,62.08589441866058,62.66096056083364,61.58096148988799,61.88252258300781,1814396,0.0,0.0
2018-03-14 00:00:00-04:00,62.32432617862379,62.54874690761307,61.57393747007368,61.93861770629883,1813365,0.0,0.0
2018-03-15 00:00:00-04:00,62.06484962581777,63.341213219578414,61.79835862924404,63.271080017089844,3031341,0.0,0.0
2018-03-16 00:00:00-04:00,63.22199836921255,63.25706152735688,62.38745520413485,62.75212860107422,2991898,0.0,0.0
2018-03-19 00:00:00-04:00,62.61185847863277,62.69601280264775,61.454719281514734,62.07887649536133,1217847,0.0,0.0
2018-03-20 00:00:00-04:00,62.26824129799857,63.130833659973874,62.1630449207342,62.38745880126953,1450641,0.0,0.0
2018-03-21 00:00:00-04:00,62.52067741208663,63.17989764389092,62.31029164489557,62.40847396850586,1752782,0.0,0.0
2018-03-22 00:00:00-04:00,61.70719295767541,61.70719295767541,60.20641546533888,60.36771011352539,1643475,0.0,0.0
2018-03-23 00:00:00-04:00,60.56408837604925,60.56408837604925,58.635517898783505,58.81084060668945,2009551,0.0,0.0
2018-03-26 00:00:00-04:00,59.64538373995315,60.507976051045006,59.14745792854933,60.43083572387695,1962631,0.0,0.0
2018-03-27 00:00:00-04:00,60.718372404196046,60.886681090487215,59.29473499504548,59.61031723022461,1656623,0.0,0.0
2018-03-28 00:00:00-04:00,59.68044881570549,60.06616425747147,58.62849886484667,58.87395477294922,1812850,0.0,0.0
2018-03-29 00:00:00-04:00,59.23862951630115,60.500965347723834,59.23862951630115,59.96798324584961,1283200,0.0,0.0
2018-04-02 00:00:00-04:00,59.71551111852097,60.08719853256021,57.45733403827857,58.31291580200195,1955026,0.0,0.0
2018-04-03 00:00:00-04:00,58.55835887150782,59.27367749840961,58.07446117950344,59.245628356933594,1467140,0.0,0.0
2018-04-04 00:00:00-04:00,57.7799226122908,59.74355234674229,57.60459649677504,59.638362884521484,1799831,0.0,0.0
2018-04-05 00:00:00-04:00,60.61316165205692,60.662252823377266,59.82770980769609,60.22043228149414,1931824,0.0,0.0
2018-04-06 00:00:00-04:00,59.51914283098114,59.918886265474654,57.674730445036246,58.34096145629883,2383361,0.0,0.0
2018-04-09 00:00:00-04:00,58.69161224473028,58.993166418961195,57.92719544825164,58.039405822753906,2063947,0.0,0.0
2018-04-10 00:00:00-04:00,58.71264431889078,59.680439782418354,58.530307642403585,59.203556060791016,1397018,0.0,0.0
2018-04-11 00:00:00-04:00,58.63552231786796,58.916041430365595,58.34798919304279,58.62149429321289,956309,0.0,0.0
2018-04-12 00:00:00-04:00,58.96512391039116,59.442007710552026,58.95109588780812,59.11941146850586,1286938,0.0,0.0
2018-04-13 00:00:00-04:00,59.56823522071568,59.820705126414026,58.698628917560576,59.00018310546875,1212949,0.0,0.0
2018-04-16 00:00:00-04:00,59.582259238277395,59.77160993063486,59.126417533255854,59.603294372558594,1316327,0.0,0.0
2018-04-17 00:00:00-04:00,59.96096475069472,60.59212917082529,59.8697964034144,60.35368728637695,1824837,0.0,0.0
2018-04-18 00:00:00-04:00,60.73940961773625,61.118111071602165,60.47993256804043,60.5640869140625,1309237,0.0,0.0
2018-04-19 00:00:00-04:00,60.55003837288506,60.61315755939642,58.62848260493989,59.25263977050781,3034693,0.0,0.0
2018-04-20 00:00:00-04:00,59.06330437105627,59.357851455208,57.95525614510365,58.60044860839844,3822916,0.0,0.0
2018-04-23 00:00:00-04:00,58.635504855239304,59.2316060675761,58.31290866161826,58.39004898071289,2511359,0.0,0.0
2018-04-24 00:00:00-04:00,58.649531745762445,59.08433830129426,55.844338061881245,56.37732696533203,4991910,0.0,0.0
2018-04-25 00:00:00-04:00,59.09134387131602,59.89082375722925,57.6045944646849,59.72251510620117,5515244,0.0,0.0
2018-04-26 00:00:00-04:00,59.83472774312887,60.059141585274894,58.39004854764003,59.6173210144043,5020011,0.0,0.0
2018-04-27 00:00:00-04:00,59.4840719476064,60.486930512145804,58.91601991770276,60.38874816894531,3008784,0.0,0.0
2018-04-30 00:00:00-04:00,60.43082308052404,60.66225091037475,58.67056187499308,58.83186340332031,3070656,0.0,0.0
2018-05-01 00:00:00-04:00,58.60044010916432,60.3186173906513,58.56537695568867,60.26251220703125,3637042,0.0,0.0
2018-05-02 00:00:00-04:00,60.262498508769625,60.662241816527484,59.67341145657698,59.76457977294922,3035853,0.0,0.0
2018-05-03 00:00:00-04:00,59.61032196014469,60.53604049849852,58.9721434277588,60.290584564208984,2988804,0.0,0.0
2018-05-04 00:00:00-04:00,59.86277014211377,61.20224593064395,59.64537033464975,60.78146743774414,1753298,0.0,0.0
2018-05-07 00:00:00-04:00,61.01291457498652,61.5459035933932,60.85161989487786,61.28642654418945,2341469,0.0,0.0
2018-05-08 00:00:00-04:00,61.18822866025007,61.980694526923415,61.02692712427433,61.770301818847656,2141287,0.0,0.0
2018-05-09 00:00:00-04:00,61.98070970544501,62.29629194807708,61.67914858915742,62.10694122314453,2247243,0.0,0.0
2018-05-10 00:00:00-04:00,62.27524169033512,62.8012166231144,62.07186986591213,62.22615051269531,1726744,0.0,0.0
2018-05-11 00:00:00-04:00,62.33134565984008,62.7731662499595,61.88953196648614,62.289268493652344,1700836,0.0,0.0
2018-05-14 00:00:00-04:00,62.42251740604728,62.9695343898427,62.39446825931468,62.527713775634766,1460824,0.0,0.0
2018-05-15 00:00:00-04:00,62.32433440838675,62.703035817606576,62.10693455733179,62.33134841918945,1808596,0.0,0.0
2018-05-16 00:00:00-04:00,62.37341418034576,62.85029786005908,61.9666636990677,62.06484603881836,1942394,0.0,0.0
2018-05-17 00:00:00-04:00,62.14200791385528,63.44642102780797,62.14200791385528,63.09577560424805,2188464,0.0,0.0
2018-05-18 00:00:00-04:00,63.04667785279008,63.25706370566685,62.906418318616836,63.05369186401367,1874335,0.0,0.0
2018-05-21 00:00:00-04:00,63.63577193153524,64.54746244937894,63.607722780412466,64.23188018798828,1826126,0.0,0.0
2018-05-22 00:00:00-04:00,64.33004947744305,64.56848445540668,63.71992021791137,63.7409553527832,1511353,0.0,0.0
2018-05-23 00:00:00-04:00,63.334204085737106,63.40433039685976,62.892383497308764,63.29914093017578,1827931,0.0,0.0
2018-05-24 00:00:00-04:00,63.28512941425364,63.90928685050212,63.06071550466149,63.1659049987793,2291971,0.0,0.0
2018-05-25 00:00:00-04:00,62.91343614652464,63.40434109752897,62.73811344236356,62.98356246948242,1351001,0.0,0.0
2018-05-29 00:00:00-04:00,62.45759032090269,63.05369161458942,61.78434180082782,62.30330276489258,1734994,0.0,0.0
2018-05-30 00:00:00-04:00,62.78017078036259,63.17990724716679,62.52770092459479,62.878353118896484,1816201,0.0,0.0
2018-05-31 00:00:00-04:00,62.997583183131674,63.0256323297069,61.25134966548675,61.39160919189453,2564852,0.0,0.0
2018-06-01 00:00:00-04:00,62.00874555156668,62.42251007367389,61.65108621310021,61.90354919433594,1282168,0.0,0.0
2018-06-04 00:00:00-04:00,62.380431016796585,62.74510435424541,61.658098351736776,61.770301818847656,1122203,0.0,0.0
2018-06-05 00:00:00-04:00,61.84044103236448,62.15602322839304,61.55290798164927,62.00173568725586,1444840,0.0,0.0
2018-06-06 00:00:00-04:00,62.06485950214615,63.334209287971994,61.81940359952435,63.21498489379883,2311435,0.0,0.0
2018-06-07 00:00:00-04:00,63.412315844073014,63.947978798997255,63.05286209503488,63.856346130371094,1429372,0.349108,0.0
2018-06-08 00:00:00-04:00,63.89160230217397,64.01141792713956,63.56738757015003,63.91979217529297,1017150,0.0,0.0
2018-06-11 00:00:00-04:00,64.52593202502139,65.83688932815733,64.21581570167602,65.56906127929688,2491508,0.0,0.0
2018-06-12 00:00:00-04:00,65.59725880056634,65.73117977197965,64.56117862645785,65.14617919921875,2478103,0.0,0.0
2018-06-13 00:00:00-04:00,65.08274114661197,65.08274114661197,64.15238516771588,64.24401092529297,2239509,0.0,0.0
2018-06-14 00:00:00-04:00,64.49069505412369,65.2166588077472,64.23695846757374,64.77967071533203,1612539,0.0,0.0
2018-06-15 00:00:00-04:00,64.42725703508677,65.31532466146793,63.71539170751406,64.9417724609375,3248925,0.0,0.0
2018-06-18 00:00:00-04:00,64.42726929321951,64.88540506120263,63.976189658917804,64.85720825195312,1065616,0.0,0.0
2018-06-19 00:00:00-04:00,64.30041726912715,64.69511722638288,63.3771102094516,64.15240478515625,1566393,0.0,0.0
2018-06-20 00:00:00-04:00,64.42727923985618,64.58939012396128,63.78589876957662,64.06782531738281,1023853,0.0,0.0
2018-06-21 00:00:00-04:00,63.85636963980952,63.9057071266031,63.1163142692752,63.341854095458984,2661141,0.0,0.0
2018-06-22 00:00:00-04:00,63.85635430333769,64.27924397512976,63.6167230608864,63.9691276550293,1782945,0.0,0.0
2018-06-25 00:00:00-04:00,63.54625177161364,63.55330097404487,62.70752144694202,63.28547286987305,1414162,0.0,0.0
2018-06-26 00:00:00-04:00,63.55330510859413,63.75065506403084,62.7075255264679,62.77800369262695,2224298,0.0,0.0
2018-06-27 00:00:00-04:00,63.362988388816,64.31449191177515,62.6299823749025,62.651123046875,2050541,0.0,0.0
2018-06-28 00:00:00-04:00,62.651148446215224,63.461689069609335,61.9815711081344,62.71458435058594,1749044,0.0,0.0
2018-06-29 00:00:00-04:00,63.10926145905563,63.898661202627004,62.84143336398329,63.2431755065918,2060853,0.0,0.0
2018-07-02 00:00:00-04:00,62.82027852123829,63.0458252399177,62.20708810898593,63.0317268371582,1682403,0.0,0.0
2018-07-03 00:00:00-04:00,63.31366221184689,64.00438007371851,63.130410675663995,63.39118957519531,1307304,0.0,0.0
2018-07-05 00:00:00-04:00,63.85637755762592,64.18764160106636,63.348911152947224,63.75770950317383,1898568,0.0,0.0
2018-07-06 00:00:00-04:00,63.58149232683216,63.715406382023495,62.975351011489174,63.341854095458984,1894186,0.0,0.0
2018-07-09 00:00:00-04:00,63.71538880342489,65.01930377673226,63.71538880342489,64.63870239257812,1793901,0.0,0.0
2018-07-10 00:00:00-04:00,64.63870345978476,65.10388139668287,64.26515127011304,64.45545196533203,991112,0.0,0.0
2018-07-11 00:00:00-04:00,63.821115510199554,63.821115510199554,62.88371041351617,62.92599868774414,1468429,0.0,0.0
2018-07-12 00:00:00-04:00,63.525094520468635,63.729493634467524,62.81323608488927,63.34889221191406,1348036,0.0,0.0
2018-07-13 00:00:00-04:00,63.21497782623522,64.26515633305812,63.172689549673606,64.17353057861328,1016892,0.0,0.0
2018-07-16 00:00:00-04:00,64.09598728469732,64.26514729853096,63.21496893934431,63.405269622802734,1328057,0.0,0.0
2018-07-17 00:00:00-04:00,63.41233853460176,64.23697046501037,63.1727003057055,64.0607681274414,1241049,0.0,0.0
2018-07-18 00:00:00-04:00,64.28630245231977,64.57527814278102,64.06781184967845,64.32154846191406,1280106,0.0,0.0
2018-07-19 00:00:00-04:00,63.940937320087656,64.91358147876068,63.83521317006279,64.70213317871094,1174924,0.0,0.0
2018-07-20 00:00:00-04:00,64.3215387150831,64.8571948033229,63.9056913158343,64.70213317871094,1880522,0.0,0.0
2018-07-23 00:00:00-04:00,64.22288696350884,64.46252522215208,63.363008913751884,63.53921127319336,1831540,0.0,0.0
2018-07-24 00:00:00-04:00,64.1735538387836,64.72330856471523,63.27843664249026,64.19469451904297,2220045,0.0,0.0
2018-07-25 00:00:00-04:00,65.25894021182152,67.84561555654034,65.23074340996958,67.74694061279297,4857983,0.0,0.0
2018-07-26 00:00:00-04:00,67.88085765670303,69.64290139049444,67.79628111010737,68.88169860839844,3562023,0.0,0.0
2018-07-27 00:00:00-04:00,69.07202189688849,69.41737739701202,68.54340791070844,68.87467193603516,1687946,0.0,0.0
2018-07-30 00:00:00-04:00,68.99448219980862,69.77683277896827,68.43062917366832,68.52225494384766,2298287,0.0,0.0
2018-07-31 00:00:00-04:00,69.07200370789744,69.7274823828579,68.79007724702481,69.43145751953125,2060209,0.0,0.0
2018-08-01 00:00:00-04:00,69.33985742501824,69.5653972909021,68.35311444682709,68.6632308959961,1384257,0.0,0.0
2018-08-02 00:00:00-04:00,68.17687661668491,68.5504287747134,67.65531204920548,68.0993423461914,1580701,0.0,0.0
2018-08-03 00:00:00-04:00,68.3108142795939,68.55045251148856,67.66238467864099,68.33195495605469,1734478,0.0,0.0
2018-08-06 00:00:00-04:00,68.60682096046544,68.78302325339207,68.1275446241016,68.4517593383789,1114727,0.0,0.0
2018-08-07 00:00:00-04:00,68.64205536733687,68.99445992923802,68.29669307432545,68.75482177734375,1314136,0.0,0.0
2018-08-08 00:00:00-04:00,68.74074771444911,69.21297493755635,68.381286929903,68.79713439941406,1261673,0.0,0.0
2018-08-09 00:00:00-04:00,68.50110408500306,68.9098953887776,67.6412262685483,68.0218276977539,2658949,0.0,0.0
2018-08-10 00:00:00-04:00,67.96543446148871,68.16278435853998,67.4791089196649,67.83856964111328,1211144,0.0,0.0
2018-08-13 00:00:00-04:00,68.00774024427616,68.2332800712449,67.42979573730054,67.6905746459961,1529914,0.0,0.0
2018-08-14 00:00:00-04:00,67.78219526869256,68.76893800167772,67.78219526869256,68.3953857421875,1643604,0.0,0.0
2018-08-15 00:00:00-04:00,68.07822657579553,69.21298186524152,67.29587597275814,69.00153350830078,2702517,0.0,0.0
2018-08-16 00:00:00-04:00,69.22707430589232,70.05171320555729,69.02268208021468,69.6640625,2119116,0.0,0.0
2018-08-17 00:00:00-04:00,69.82615267423573,70.52391957859267,69.55831770233546,70.34771728515625,1413517,0.0,0.0
2018-08-20 00:00:00-04:00,70.48163896940055,70.81290292139285,70.12922741283994,70.36181640625,1668739,0.0,0.0
2018-08-21 00:00:00-04:00,70.8340519311109,71.56001580287146,70.51688634483666,71.01730346679688,2550802,0.0,0.0
2018-08-22 00:00:00-04:00,70.79880450803039,70.96795761907914,69.81911105524178,70.14332580566406,1386448,0.0,0.0
2018-08-23 00:00:00-04:00,70.19266838934345,70.27019574898385,69.6499560777543,70.07989501953125,934654,0.0,0.0
2018-08-24 00:00:00-04:00,70.19970667164095,70.39705657242966,69.6358537730262,70.19265747070312,888379,0.0,0.0
2018-08-27 00:00:00-04:00,70.48163679626394,71.23579043405545,70.41115171457776,71.13711547851562,1431435,0.0,0.0
2018-08-28 00:00:00-04:00,71.320370265282,71.72211237584507,71.1512102202804,71.22874450683594,1388382,0.0,0.0
2018-08-29 00:00:00-04:00,71.36970266675264,72.06042040676229,70.96091138364913,71.7150650024414,1626589,0.0,0.0
2018-08-30 00:00:00-04:00,71.52477886353697,71.7714593650406,71.10188909205596,71.27809143066406,1120012,0.0,0.0
2018-08-31 00:00:00-04:00,71.03844163261,71.79259528218154,70.99615335548496,71.3908462524414,1290418,0.0,0.0
2018-09-04 00:00:00-04:00,71.306275481391,71.78555190283674,71.03139819210058,71.764404296875,1847524,0.0,0.0
2018-09-05 00:00:00-04:00,71.56705407829577,72.8427723623363,71.44018231806172,72.61722564697266,2910949,0.0,0.0
2018-09-06 00:00:00-04:00,72.70934591227198,72.99273022034022,71.61123694391524,71.7245864868164,2469853,0.411171,0.0
2018-09-07 00:00:00-04:00,71.34199881759065,71.47660528458404,70.63353822772402,71.05152893066406,2002590,0.0,0.0
2018-09-10 00:00:00-04:00,71.61829520088827,72.75891776059012,71.58995956504806,72.61722564697266,1603258,0.0,0.0
2018-09-11 00:00:00-04:00,72.39051917836089,73.10606539246314,71.84500767979647,72.28424835205078,2087278,0.0,0.0
2018-09-12 00:00:00-04:00,72.22756244559567,73.0422867030008,72.05044211523186,72.86517333984375,1961729,0.0,0.0
2018-09-13 00:00:00-04:00,73.26901137949004,73.33276829883134,72.40468743830273,73.15565490722656,2826906,0.0,0.0
2018-09-14 00:00:00-04:00,73.32570251326732,73.85704979923818,73.16984603069142,73.2548599243164,1482737,0.0,0.0
2018-09-17 00:00:00-04:00,73.40361621906874,73.4673731370058,72.90769037284878,72.9856185913086,2527600,0.0,0.0
2018-09-18 00:00:00-04:00,73.07773331432001,73.53823096113717,71.54745563602481,73.26193237304688,2290424,0.0,0.0
2018-09-19 00:00:00-04:00,73.38237261094157,73.51697908875944,72.7447615123919,72.95021057128906,2693623,0.0,0.0
2018-09-20 00:00:00-04:00,73.4107156604582,73.62325037218856,72.94312536023332,73.28318786621094,2136389,0.0,0.0
2018-09-21 00:00:00-04:00,73.86410565259516,74.06956161864332,73.43194373927037,73.70115661621094,3803839,0.0,0.0
2018-09-24 00:00:00-04:00,73.59492217161613,73.68702171720975,72.22759332511976,72.64558410644531,1753427,0.0,0.0
2018-09-25 00:00:00-04:00,72.83685853380116,73.20525666399806,72.31968262782274,72.85810852050781,2093336,0.0,0.0
2018-09-26 00:00:00-04:00,72.77310390148851,73.26902988387945,72.41887006160789,72.5322265625,1954253,0.0,0.0
2018-09-27 00:00:00-04:00,72.8439368220637,73.30444144951619,72.5534738905929,72.74475860595703,1263865,0.0,0.0
2018-09-28 00:00:00-04:00,72.709347129632,73.63034962987905,72.32677761061356,72.47555541992188,1729322,0.0,0.0
2018-10-01 00:00:00-04:00,73.14858444507058,73.72243864154228,72.96438536480204,73.18400573730469,1641542,0.0,0.0
2018-10-02 00:00:00-04:00,73.35403580513388,73.91371866215184,73.16275108516987,73.60907745361328,1579412,0.0,0.0
2018-10-03 00:00:00-04:00,74.05541183324368,74.92681459531272,73.79327756242299,73.97039794921875,2138709,0.0,0.0
2018-10-04 00:00:00-04:00,73.9208078219261,74.60092588402567,73.36820362290926,73.8428726196289,1652498,0.0,0.0
2018-10-05 00:00:00-04:00,73.75786309601972,74.16168953331362,72.58181901231,73.05648803710938,1708956,0.0,0.0
2018-10-08 00:00:00-04:00,72.9714624828365,73.2902680100785,72.34801576326407,73.26193237304688,1458375,0.0,0.0
2018-10-09 00:00:00-04:00,73.25486576376248,73.35405096996803,72.4543054284266,72.47555541992188,1978486,0.0,0.0
2018-10-10 00:00:00-04:00,72.44011527821183,72.44011527821183,69.16702522651427,69.25912475585938,3586771,0.0,0.0
2018-10-11 00:00:00-04:00,69.22370427284658,69.5991880456525,67.46672057658873,67.962646484375,2733969,0.0,0.0
2018-10-12 00:00:00-04:00,68.99700631363388,69.36540447823374,67.81387661540859,68.81989288330078,2170934,0.0,0.0
2018-10-15 00:00:00-04:00,68.84822235285543,69.49291908311879,68.41606032649969,68.79862976074219,1808725,0.0,0.0
2018-10-16 00:00:00-04:00,69.33707796904648,70.15180264275914,69.07494364779858,69.96051788330078,2205737,0.0,0.0
2018-10-17 00:00:00-04:00,69.81882977314191,70.10221410230241,68.81990593498027,69.08911895751953,1971397,0.0,0.0
2018-10-18 00:00:00-04:00,68.52941436775545,69.52834485849404,67.87762504221223,68.18226623535156,2831675,0.0,0.0
2018-10-19 00:00:00-04:00,68.18225970128634,68.45855826363194,66.134806325678,66.47486877441406,5048240,0.0,0.0
2018-10-22 00:00:00-04:00,66.46777349523896,66.72282203664567,65.0012600583658,65.8868408203125,2788752,0.0,0.0
2018-10-23 00:00:00-04:00,64.25740081802714,65.49720874450429,63.584361433115625,65.11463928222656,4035214,0.0,0.0
2018-10-24 00:00:00-04:00,65.667235871817,66.77243730384305,65.22798816627714,65.58222198486328,5241461,0.0,0.0
2018-10-25 00:00:00-04:00,67.08416226952833,68.57901892454052,66.6236645411356,67.67218780517578,4330267,0.0,0.0
2018-10-26 00:00:00-04:00,66.6236587350694,68.17518653897264,66.06397585745769,66.82202911376953,2648637,0.0,0.0
2018-10-29 00:00:00-04:00,67.9555789165783,68.11852106734743,65.277592236323,66.12066650390625,2691819,0.0,0.0
2018-10-30 00:00:00-04:00,66.22692557117854,68.06892350263578,66.0073051794129,67.9839096069336,2871248,0.0,0.0
2018-10-31 00:00:00-04:00,68.91905742617963,69.26620553316644,67.90596267466748,67.9697265625,2590503,0.0,0.0
2018-11-01 00:00:00-04:00,68.15392094049716,70.10218208834415,67.87053674075132,69.74795532226562,2315302,0.0,0.0
2018-11-02 00:00:00-04:00,70.1376262326556,70.5697882802817,69.09618871422838,69.55668640136719,1927957,0.0,0.0
2018-11-05 00:00:00-05:00,70.13053794006862,70.69730644665331,69.7833897912624,70.23680877685547,1687301,0.0,0.0
2018-11-06 00:00:00-05:00,70.25805089224579,71.68914330119664,70.09510879682344,71.61829376220703,1650049,0.0,0.0
2018-11-07 00:00:00-05:00,72.30550934984987,72.99271299954229,71.80250476022363,72.82268524169922,1669255,0.0,0.0
2018-11-08 00:00:00-05:00,72.88644557276014,73.78619084299721,72.82268168308065,73.36111450195312,1810529,0.0,0.0
2018-11-09 00:00:00-05:00,72.81559806565544,73.33985959763706,71.94419537414608,72.87227630615234,1806405,0.0,0.0
2018-11-12 00:00:00-05:00,72.9076904185254,72.9076904185254,71.56161891704222,71.66079711914062,1413775,0.0,0.0
2018-11-13 00:00:00-05:00,72.02212366120271,73.88537117775337,71.80958200096177,72.59597778320312,1969463,0.0,0.0
2018-11-14 00:00:00-05:00,72.93605879844014,73.28320004649905,71.51205160793303,72.00088500976562,2133295,0.0,0.0
2018-11-15 00:00:00-05:00,71.14363607304067,73.94205744431333,70.95235134494425,73.48155975341797,1909267,0.0,0.0
2018-11-16 00:00:00-05:00,73.43196863274184,74.51591312464728,73.34695474459423,73.92789459228516,1961471,0.0,0.0
2018-11-19 00:00:00-05:00,73.66574509799642,74.31752739549168,72.82976375847893,73.15565490722656,1434786,0.0,0.0
2018-11-20 00:00:00-05:00,72.82267769283165,72.8297633432087,70.8035669253095,70.97359466552734,2744281,0.0,0.0
2018-11-21 00:00:00-05:00,71.20741686829999,72.81562330938547,71.17199556841271,72.10716247558594,1345716,0.0,0.0
2018-11-23 00:00:00-05:00,71.34199221430988,72.72349197848288,71.2073857597754,72.2134017944336,549372,0.0,0.0
2018-11-26 00:00:00-05:00,72.65971932893416,72.85100399578185,71.23571280178066,71.54743957519531,2187691,0.0,0.0
2018-11-27 00:00:00-05:00,71.19320884486358,71.82374110028347,70.591019188505,71.2002944946289,2361190,0.0,0.0
2018-11-28 00:00:00-05:00,71.31367099225031,73.53115253306515,71.23573579014284,72.92896270751953,2406563,0.0,0.0
2018-11-29 00:00:00-05:00,72.70225713456051,73.62325957980035,72.04338899498221,73.23360443115234,1719784,0.0,0.0
2018-11-30 00:00:00-05:00,73.29028166812454,74.77805268452234,72.81561263073013,73.33987426757812,3807190,0.0,0.0
2018-12-03 00:00:00-05:00,74.83470916748047,75.861982248059,74.11208424295697,74.83470916748047,2295580,0.0,0.0
2018-12-04 00:00:00-05:00,74.88431890360172,75.63528660399247,72.41887409322683,72.57473754882812,2725204,0.0,0.0
2018-12-06 00:00:00-05:00,71.59197280600415,72.2257774391812,69.71190540225663,72.07623291015625,2865834,0.411171,0.0
2018-12-07 00:00:00-05:00,72.24003040357582,72.67444004477383,69.54812353284582,69.77600860595703,1607770,0.0,0.0
2018-12-10 00:00:00-05:00,69.96113763790461,70.17478462322354,68.28759526552503,69.59794616699219,1676602,0.0,0.0
2018-12-11 00:00:00-05:00,71.02224944795726,71.31422998110678,68.99975321984773,69.2276382446289,1816846,0.0,0.0
2018-12-12 00:00:00-05:00,70.12495202090331,71.08634268983545,69.84009397008417,69.85433197021484,1858609,0.0,0.0
2018-12-13 00:00:00-05:00,70.16055280872318,70.39556033467466,68.87156916492276,69.2774887084961,1752009,0.0,0.0
2018-12-14 00:00:00-05:00,68.80747415797175,69.71902126663039,68.04547856754338,68.3445816040039,2184082,0.0,0.0
2018-12-17 00:00:00-05:00,68.32321346831672,68.32321346831672,66.1582884517503,66.7280044555664,2572973,0.0,0.0
2018-12-18 00:00:00-05:00,67.51848769183589,68.26624525183428,66.82058763927994,67.35469818115234,2218627,0.0,0.0
2018-12-19 00:00:00-05:00,67.45439132770194,68.34457079144859,65.42477290581654,65.9375228881836,2612416,0.0,0.0
2018-12-20 00:00:00-05:00,65.36780830311598,66.20813728657085,64.19276382222586,64.8408203125,2384779,0.0,0.0
2018-12-21 00:00:00-05:00,64.44915558994828,66.19390951090261,63.17441678228144,63.35245132446289,3944469,0.0,0.0
2018-12-24 00:00:00-05:00,63.1245415442509,63.309698516144834,61.4225162999636,61.46524429321289,927693,0.0,0.0
2018-12-26 00:00:00-05:00,61.686029001460746,63.83670945551265,60.6391752807794,63.81534194946289,1491889,0.0,0.0
2018-12-27 00:00:00-05:00,62.996378180567056,64.9690170288086,62.08483101824214,64.9690170288086,1926797,0.0,0.0
2018-12-28 00:00:00-05:00,65.13991967377828,65.83070419864866,64.48474765267396,64.84794616699219,1571678,0.0,0.0
2018-12-31 00:00:00-05:00,65.04023504315805,65.31797059189012,64.21414389529788,64.9690170288086,1511610,0.0,0.0
2019-01-02 00:00:00-05:00,63.993377887394736,65.23962653822309,63.44502231800054,65.16129302978516,2562532,0.0,0.0
2019-01-03 00:00:00-05:00,64.77672780679076,65.12568131768418,63.744119278980826,64.11443328857422,3077230,0.0,0.0
2019-01-04 00:00:00-05:00,65.05446465371554,66.35769321828731,64.63430013391309,66.30072021484375,2464697,0.0,0.0
2019-01-07 00:00:00-05:00,66.33633028736735,66.55709981549549,65.48887868849837,65.60994720458984,2023472,0.0,0.0
2019-01-08 00:00:00-05:00,66.35768922525179,66.72800322018799,65.33219623530317,65.9090347290039,2021925,0.0,0.0
2019-01-09 00:00:00-05:00,66.23662159007701,67.67515659290518,66.22950609299382,67.22650909423828,2322778,0.0,0.0
2019-01-10 00:00:00-05:00,66.94165244576621,67.90304296379996,66.56420893440273,67.84607696533203,1358735,0.0,0.0
2019-01-11 00:00:00-05:00,67.34757727777732,67.67516331035827,66.97726324124604,67.62531280517578,1093330,0.0,0.0
2019-01-14 00:00:00-05:00,67.22652571606534,67.86745287361424,66.87757212814594,67.69654083251953,1035711,0.0,0.0
2019-01-15 00:00:00-05:00,67.88880460058677,67.93865510155958,66.55709307902467,67.11256408691406,1689235,0.0,0.0
2019-01-16 00:00:00-05:00,67.03424094670518,67.39743250746373,66.6924098876978,66.78498840332031,2156110,0.0,0.0
2019-01-17 00:00:00-05:00,66.30071503511577,67.05558801230222,66.09419054005842,66.70663452148438,3323815,0.0,0.0
2019-01-18 00:00:00-05:00,67.25499239533904,68.8288339048973,67.16953639553648,68.44427490234375,2950392,0.0,0.0
2019-01-22 00:00:00-05:00,67.6537896837025,67.86742966200302,65.91615184413197,66.22949981689453,2115894,0.0,0.0
2019-01-23 00:00:00-05:00,66.72801805266097,67.2977341725675,65.68828683417591,66.5571060180664,2024503,0.0,0.0
2019-01-24 00:00:00-05:00,66.71375599870935,67.26211147587102,66.62830000325191,66.87042999267578,1945359,0.0,0.0
2019-01-25 00:00:00-05:00,67.63957406890326,68.1309567376296,67.13395339773231,67.27638244628906,1418802,0.0,0.0
2019-01-28 00:00:00-05:00,66.36481768486327,67.27636475663309,66.2651166767445,67.25499725341797,1940461,0.0,0.0
2019-01-29 00:00:00-05:00,67.6466762534761,69.13505481160561,67.39030124170104,68.9000473022461,2710123,0.0,0.0
2019-01-30 00:00:00-05:00,69.51250841567676,72.24002042013989,68.13094615884876,71.60620880126953,5348448,0.0,0.0
2019-01-31 00:00:00-05:00,71.47088884400272,71.47088884400272,70.26024584850607,71.24300384521484,3042040,0.0,0.0
2019-02-01 00:00:00-05:00,71.27149754283504,72.08333657996748,71.02224502962297,71.983642578125,3104943,0.0,0.0
2019-02-04 00:00:00-05:00,72.0904737297173,72.0904737297173,71.23589951371872,71.69879913330078,1975264,0.0,0.0
2019-02-05 00:00:00-05:00,71.52074988124663,72.21153448332576,71.52074988124663,72.13319396972656,1931180,0.0,0.0
2019-02-06 00:00:00-05:00,71.99789691408391,72.3183675052669,71.71303883532833,71.81986236572266,1931953,0.0,0.0
2019-02-07 00:00:00-05:00,71.35696795499432,72.26851518491628,71.07210988335893,72.0833511352539,1733189,0.0,0.0
2019-02-08 00:00:00-05:00,71.89819360522381,72.59610077844482,71.37120547590014,72.58185577392578,1757552,0.0,0.0
2019-02-11 00:00:00-05:00,72.5889796814956,73.0803553090346,72.05486903957211,73.00202178955078,1969334,0.0,0.0
2019-02-12 00:00:00-05:00,73.20140120091324,74.33371064921357,73.20140120091324,73.88506317138672,2014449,0.0,0.0
2019-02-13 00:00:00-05:00,73.97052571625993,74.81797725247078,73.97052571625993,74.48326873779297,1410553,0.0,0.0
2019-02-14 00:00:00-05:00,74.34085819487525,74.39783121218255,73.65719599407568,73.70704650878906,1460953,0.0,0.0
2019-02-15 00:00:00-05:00,74.35509986874114,74.7111689549318,74.23403133695682,74.5829849243164,1676602,0.0,0.0
2019-02-19 00:00:00-05:00,74.26250266954993,75.42329516231943,74.18416216767285,74.7752456665039,1629167,0.0,0.0
2019-02-20 00:00:00-05:00,74.94617530725819,75.45891842491591,74.80374627438418,75.18118286132812,1334502,0.0,0.0
2019-02-21 00:00:00-05:00,74.88919623716778,75.20254428621648,74.56873268997789,75.16693878173828,1432208,0.0,0.0
2019-02-22 00:00:00-05:00,75.32360044716263,75.92892899746721,75.01025942383615,75.72240447998047,1142054,0.0,0.0
2019-02-25 00:00:00-05:00,76.12832121825335,76.65530924081591,75.94316421079114,76.14968872070312,1611895,0.0,0.0
2019-02-26 00:00:00-05:00,76.07846491577324,76.64818089635803,75.7010284288079,75.73664093017578,2056084,0.0,0.0
2019-02-27 00:00:00-05:00,75.45891415664828,76.18530428425119,75.30224713175913,76.17106628417969,1605836,0.0,0.0
2019-02-28 00:00:00-05:00,75.9858954465699,76.04999095320514,75.01738236657707,75.1740493774414,3109197,0.0,0.0
2019-03-01 00:00:00-05:00,75.82209799015233,76.12831648211909,75.17404150090952,75.52299499511719,1662294,0.0,0.0
2019-03-04 00:00:00-05:00,75.99302138051598,76.17106290622485,74.61858170215015,75.1313247680664,1883745,0.0,0.0
2019-03-05 00:00:00-05:00,76.20666379058288,76.20666379058288,75.4660287372051,75.48739624023438,1976166,0.0,0.0
2019-03-06 00:00:00-05:00,76.02151268133285,76.44879974411585,75.60134111666964,75.75089263916016,1729838,0.0,0.0
2019-03-07 00:00:00-05:00,75.42166853244218,75.42166853244218,73.93298776414748,74.69879913330078,1833474,0.411171,0.0
2019-03-08 00:00:00-05:00,73.89004371964775,74.72027153976664,73.49640079399144,74.64869689941406,2173512,0.0,0.0
2019-03-11 00:00:00-04:00,74.55565913116183,75.59344572631159,74.30516547163832,75.41451263427734,1706378,0.0,0.0
2019-03-12 00:00:00-04:00,75.67216344307037,75.91550594689343,75.42166277170652,75.85108947753906,1540742,0.0,0.0
2019-03-13 00:00:00-04:00,76.1302189521791,76.64553665145684,75.73658306765148,76.15885162353516,1666290,0.0,0.0
2019-03-14 00:00:00-04:00,76.15169628585598,76.53818105542133,75.65069490363669,75.82962799072266,1248397,0.0,0.0
2019-03-15 00:00:00-04:00,76.06581415309724,76.35925682129655,75.73658768203579,75.93698120117188,2246856,0.0,0.0
2019-03-18 00:00:00-04:00,75.5791407584506,76.62407864057116,75.5791407584506,76.6169204711914,1803053,0.0,0.0
2019-03-19 00:00:00-04:00,76.98192142901485,77.11790550269708,75.84393462606734,76.24473571777344,1497431,0.0,0.0
2019-03-20 00:00:00-04:00,76.18746959321992,76.18746959321992,74.62006326506338,75.08527374267578,1795577,0.0,0.0
2019-03-21 00:00:00-04:00,74.98506568999889,76.38070401635868,74.94928189663368,76.10157775878906,836690,0.0,0.0
2019-03-22 00:00:00-04:00,75.60774850038757,75.86540734449487,74.41251045976044,74.59859466552734,1294414,0.0,0.0
2019-03-25 00:00:00-04:00,74.7274154045968,75.57195236032871,74.42681464197554,74.93496704101562,1202250,0.0,0.0
2019-03-26 00:00:00-04:00,75.49323529698769,75.95844578899906,75.24989279997115,75.68647766113281,2005684,0.0,0.0
2019-03-27 00:00:00-04:00,75.83677298153125,76.15169012158123,75.36440430996912,75.76520538330078,1042543,0.0,0.0
2019-03-28 00:00:00-04:00,76.16600272736162,77.06063989251585,75.97991149634566,76.8817138671875,1471007,0.0,0.0
2019-03-29 00:00:00-04:00,77.26105499267578,77.6260652793574,76.78868625514177,77.26105499267578,1503747,0.0,0.0
2019-04-01 00:00:00-04:00,78.0125565481811,78.9787686090396,78.00539837906149,78.85709381103516,1841465,0.0,0.0
2019-04-02 00:00:00-04:00,79.05031358759962,79.44395646834522,78.38470258927197,78.9143295288086,1139218,0.0,0.0
2019-04-03 00:00:00-04:00,79.32944891112716,79.71593366883933,78.92149668827163,79.22925567626953,1821873,0.0,0.0
2019-04-04 00:00:00-04:00,79.97358843215761,80.56763187413128,79.63720382832575,80.40301513671875,2361190,0.0,0.0
2019-04-05 00:00:00-04:00,80.62486460140532,81.19743340918517,80.18827982969651,80.58908081054688,1448836,0.0,0.0
2019-04-08 00:00:00-04:00,80.15967488375907,80.54615963256428,80.08094911585911,80.53900146484375,1530816,0.0,0.0
2019-04-09 00:00:00-04:00,80.36005525445233,80.38152271371234,79.5584603256836,79.60140228271484,1692070,0.0,0.0
2019-04-10 00:00:00-04:00,79.76603217149461,79.76603217149461,78.73541086438352,79.43680572509766,1715530,0.0,0.0
2019-04-11 00:00:00-04:00,79.5799501298629,80.6964624417099,79.18630720161731,80.6463623046875,1716819,0.0,0.0
2019-04-12 00:00:00-04:00,81.20460937525638,81.94895321163841,81.20460937525638,81.88453674316406,2000399,0.0,0.0
2019-04-15 00:00:00-04:00,81.7485494935722,81.98473381742961,81.3191228103303,81.57677459716797,1339271,0.0,0.0
2019-04-16 00:00:00-04:00,81.82011134469116,81.88452780613497,81.25470064055614,81.42647552490234,1523211,0.0,0.0
2019-04-17 00:00:00-04:00,81.77002817399796,81.84160281694665,80.7179323038002,80.75372314453125,1755231,0.0,0.0
2019-04-18 00:00:00-04:00,80.75370743508118,81.1759759269407,80.39584836698081,80.7250747680664,2587410,0.0,0.0
2019-04-22 00:00:00-04:00,80.53184033497801,80.95410886834094,79.96642956800838,80.78234100341797,1024755,0.0,0.0
2019-04-23 00:00:00-04:00,80.69646396020194,81.41933335740585,80.54616354630647,81.16167449951172,1679696,0.0,0.0
2019-04-24 00:00:00-04:00,81.21893085183142,81.77718348557444,80.58194540974374,81.08294677734375,1605578,0.0,0.0
2019-04-25 00:00:00-04:00,80.40302336244527,80.78234997168941,79.85192183069535,80.05232238769531,1403979,0.0,0.0
2019-04-26 00:00:00-04:00,80.2097799488154,81.10441723711857,80.08811220562775,80.95411682128906,1493435,0.0,0.0
2019-04-29 00:00:00-04:00,84.66865251103341,87.20942881808885,84.48971944711897,86.21458435058594,5569511,0.0,0.0
2019-04-30 00:00:00-04:00,86.96608583258426,88.5263339976299,85.16964630605374,87.75336456298828,6161678,0.0,0.0
2019-05-01 00:00:00-04:00,88.03249756167598,88.67664115248957,86.72990812170848,87.35257720947266,2997054,0.0,0.0
2019-05-02 00:00:00-04:00,87.47423598246799,88.36171495250466,86.73705036432715,88.2257308959961,1767477,0.0,0.0
2019-05-03 00:00:00-04:00,88.748214582842,89.65001707692988,88.64801430572112,89.24205780029297,1899728,0.0,0.0
2019-05-06 00:00:00-04:00,87.6245427723405,88.41182153960229,87.23805803692576,88.347412109375,1474616,0.0,0.0
2019-05-07 00:00:00-04:00,87.18795419684099,88.06112389814268,86.49371755920806,87.31678009033203,2409141,0.0,0.0
2019-05-08 00:00:00-04:00,86.70845312472396,87.63172323180225,86.27902631374805,86.95895385742188,2440979,0.0,0.0
2019-05-09 00:00:00-04:00,85.88538316225224,87.1235634464999,85.57763115276786,86.98757934570312,1837212,0.0,0.0
2019-05-10 00:00:00-04:00,86.55813459285702,88.33309978159318,85.84958155862462,87.89651489257812,1641284,0.0,0.0
2019-05-13 00:00:00-04:00,85.73505767595576,86.45792698444453,85.21974706192304,86.18595886230469,1737572,0.0,0.0
2019-05-14 00:00:00-04:00,86.42215266724403,87.47424851229061,86.16449381270708,86.75853729248047,1322514,0.0,0.0
2019-05-15 00:00:00-04:00,86.3076246145191,87.23089442915223,85.98555636793073,86.83009338378906,1222617,0.0,0.0
2019-05-16 00:00:00-04:00,87.0806148629855,87.78916799033951,86.99473091515726,87.24523162841797,1402045,0.0,0.0
2019-05-17 00:00:00-04:00,86.3076427608101,87.43847150290908,86.25039148958876,86.47225952148438,973324,0.0,0.0
2019-05-20 00:00:00-04:00,86.0785949039904,86.90166442325928,85.67064274697708,86.84440612792969,1309495,0.0,0.0
2019-05-21 00:00:00-04:00,87.48141002239808,88.58360604686524,87.28816763374107,88.4261474609375,1756649,0.0,0.0
2019-05-22 00:00:00-04:00,87.83210437836486,88.49771543613424,87.52434539794922,87.52434539794922,1317358,0.0,0.0
2019-05-23 00:00:00-04:00,86.93031568426952,86.94463202195129,85.9784199987135,86.4293212890625,1840048,0.0,0.0
2019-05-24 00:00:00-04:00,86.78713527080868,87.18077807589675,85.98554036775529,86.02132415771484,1267345,0.0,0.0
2019-05-28 00:00:00-04:00,86.02135692983859,86.30049030569718,84.87621890677411,84.88337707519531,2623244,0.0,0.0
2019-05-29 00:00:00-04:00,84.53266908972424,85.09807983892011,84.09608423517093,84.64717864990234,1997563,0.0,0.0
2019-05-30 00:00:00-04:00,84.88337024587764,85.80664016617119,84.87621207803234,85.66349792480469,2070650,0.0,0.0
2019-05-31 00:00:00-04:00,84.88335743623796,85.35572605761156,84.5612892013945,84.69727325439453,1741310,0.0,0.0
2019-06-03 00:00:00-04:00,85.01935643441502,86.70127957194074,85.01935643441502,86.4078369140625,2022957,0.0,0.0
2019-06-04 00:00:00-04:00,87.03764920709979,88.19710330284859,86.66548084209758,88.14700317382812,1730998,0.0,0.0
2019-06-05 00:00:00-04:00,88.69809964149037,89.45675976143787,88.31162197232622,88.80545806884766,1581603,0.0,0.0
2019-06-06 00:00:00-04:00,89.12173403792215,89.85488612636185,88.3166932055862,89.81175994873047,1309237,0.411171,0.0
2019-06-07 00:00:00-04:00,90.25740771414596,90.53054253225895,89.48112236929168,90.09927368164062,1138316,0.0,0.0
2019-06-10 00:00:00-04:00,90.523353657776,91.34276518082146,90.03458794870708,90.09927368164062,1274434,0.0,0.0
2019-06-11 00:00:00-04:00,90.95462842847913,91.21339258317524,88.4029524623931,88.6473388671875,2592179,0.0,0.0
2019-06-12 00:00:00-04:00,88.70483842713743,89.44518647999068,88.17293946275987,89.11454772949219,1868663,0.0,0.0
2019-06-13 00:00:00-04:00,89.47391912112774,89.63205312822937,88.87014565473883,89.38047790527344,2639099,0.0,0.0
2019-06-14 00:00:00-04:00,89.4955013782282,90.09927495011154,88.69046759281488,89.61769104003906,1337338,0.0,0.0
2019-06-17 00:00:00-04:00,89.74707596695426,89.79739102391947,88.1801344633505,88.24482727050781,1388640,0.0,0.0
2019-06-18 00:00:00-04:00,88.86296838519979,89.41642687926851,88.38138449638657,88.59701538085938,1917774,0.0,0.0
2019-06-19 00:00:00-04:00,88.6329642627504,89.16486322979347,88.0794986718094,88.92766571044922,1306144,0.0,0.0
2019-06-20 00:00:00-04:00,89.81895316213694,90.96900347108102,89.33018036709434,90.64555358886719,1678794,0.0,0.0
2019-06-21 00:00:00-04:00,90.48741760828774,90.5880477150308,89.840517857747,89.96270751953125,2442655,0.0,0.0
2019-06-24 00:00:00-04:00,90.45146021242134,91.32118660700674,90.23582229766892,90.27176666259766,1968174,0.0,0.0
2019-06-25 00:00:00-04:00,90.20708500840301,90.58803877402751,89.6823749714352,89.7542495727539,1390573,0.0,0.0
2019-06-26 00:00:00-04:00,89.92676750080433,90.31491016689498,89.04266319055203,89.49549865722656,1418802,0.0,0.0
2019-06-27 00:00:00-04:00,89.61048650824515,90.34364555712874,89.33016286068225,89.38047790527344,1350356,0.0,0.0
2019-06-28 00:00:00-04:00,89.47392741860119,91.22056932590822,89.47392741860119,91.04805755615234,3811315,0.0,0.0
2019-07-01 00:00:00-04:00,91.73810855745859,92.00405453538265,90.71024781668993,91.78123474121094,1197868,0.0,0.0
2019-07-02 00:00:00-04:00,91.29963817542139,91.53683568767705,89.998642760871,90.39397430419922,1809112,0.0,0.0
2019-07-03 00:00:00-04:00,90.02021458649592,90.71024053988685,89.17204752418685,90.24303436279297,1833345,0.0,0.0
2019-07-05 00:00:00-04:00,89.66798680655198,89.72549072214998,88.38855826084523,89.71111297607422,1213594,0.0,0.0
2019-07-08 00:00:00-04:00,89.50987079851697,90.58804645941602,89.38049226394342,90.09927368164062,1578509,0.0,0.0
2019-07-09 00:00:00-04:00,89.3948742223513,89.67519792814717,88.8414086168742,89.15767669677734,1954640,0.0,0.0
2019-07-10 00:00:00-04:00,89.84769770536458,90.19990307128887,89.01391550867544,89.27986145019531,1806791,0.0,0.0
2019-07-11 00:00:00-04:00,89.54582046993991,89.66801013726128,88.59702328746793,89.52425384521484,1846750,0.0,0.0
2019-07-12 00:00:00-04:00,89.96269544188904,91.14868287113065,89.90519152165493,91.01211547851562,1915583,0.0,0.0
2019-07-15 00:00:00-04:00,91.34277026848716,91.8171653237198,91.16307667123078,91.40746307373047,1178146,0.0,0.0
2019-07-16 00:00:00-04:00,91.5655970475145,92.22687457439919,91.1630766039985,92.09749603271484,1597587,0.0,0.0
2019-07-17 00:00:00-04:00,91.93934838798441,92.1693570065152,89.94113128452767,89.96988677978516,1623238,0.0,0.0
2019-07-18 00:00:00-04:00,89.28704156373878,90.34365048913031,89.13609642172489,90.02738952636719,1210758,0.0,0.0
2019-07-19 00:00:00-04:00,90.36523934744936,90.68868926352785,89.44519759022599,89.632080078125,1705992,0.0,0.0
2019-07-22 00:00:00-04:00,88.74795726223918,89.86207015227275,88.74795726223918,89.5098648071289,1410939,0.0,0.0
2019-07-23 00:00:00-04:00,89.45954386536958,89.56017395735388,88.07948514040784,89.45236206054688,1940332,0.0,0.0
2019-07-24 00:00:00-04:00,88.84139817173042,89.8476920855804,88.51075944976459,89.193603515625,1619242,0.0,0.0
2019-07-25 00:00:00-04:00,89.27266135903325,89.27266135903325,87.89979150866738,87.99323272705078,1730740,0.0,0.0
2019-07-26 00:00:00-04:00,88.1585761660824,88.3957737041047,87.49729154099226,88.10826110839844,1955542,0.0,0.0
2019-07-29 00:00:00-04:00,88.05793638774806,88.23044109875927,87.37509228070024,87.8494873046875,1701351,0.0,0.0
2019-07-30 00:00:00-04:00,87.92137786559535,91.42902584782718,86.44068164871246,90.99775695800781,3324460,0.0,0.0
2019-07-31 00:00:00-04:00,90.69587169567664,90.73180900186392,88.02918785740624,88.88453674316406,2552349,0.0,0.0
2019-08-01 00:00:00-04:00,88.56827845828786,90.07053424531175,87.26009402685418,87.4972915649414,1576447,0.0,0.0
2019-08-02 00:00:00-04:00,87.17384224859902,87.60511114517917,86.1891147823259,86.8863296508789,1839403,0.0,0.0
2019-08-05 00:00:00-04:00,85.6572012379801,85.96627334030634,84.03993784864186,84.81622314453125,2271734,0.0,0.0
2019-08-06 00:00:00-04:00,85.31939356297669,86.06692353730827,84.95999925851964,85.8872299194336,1274305,0.0,0.0
2019-08-07 00:00:00-04:00,84.9456234521052,86.00222553720474,84.66529265993202,85.69315338134766,2217725,0.0,0.0
2019-08-08 00:00:00-04:00,86.44067621227032,87.16664652478113,86.32567542344208,86.93663787841797,1297765,0.0,0.0
2019-08-09 00:00:00-04:00,86.43348886410107,86.81444264828671,85.4846917720424,85.8153305053711,1193098,0.0,0.0
2019-08-12 00:00:00-04:00,85.49187106955841,85.5781234131638,84.40651376366229,84.62933349609375,1513544,0.0,0.0
2019-08-13 00:00:00-04:00,84.4352681280603,86.8719358841947,84.22681905909651,86.41191864013672,1469847,0.0,0.0
2019-08-14 00:00:00-04:00,84.97434465898674,85.4128022918917,83.28520691540369,83.58709716796875,1281137,0.0,0.0
2019-08-15 00:00:00-04:00,83.63744544749336,84.42091274473032,83.04804245407777,83.70932006835938,1379230,0.0,0.0
2019-08-16 00:00:00-04:00,84.63653923310869,85.39125799308954,84.31308934578931,84.72998046875,1633808,0.0,0.0
2019-08-19 00:00:00-04:00,85.98783677988521,86.01658520623317,85.05341749604888,85.2259292602539,1107122,0.0,0.0
2019-08-20 00:00:00-04:00,85.1540600130582,85.51345427271548,84.36340395174304,84.91686248779297,1368274,0.0,0.0
2019-08-21 00:00:00-04:00,85.75065089062429,86.0884785222706,84.90967271452313,85.2906265258789,943677,0.0,0.0
2019-08-22 00:00:00-04:00,85.42000573721346,85.83689682232463,84.33464124489619,84.80903625488281,1079280,0.0,0.0
2019-08-23 00:00:00-04:00,84.19808314350963,84.7299821371362,82.29331401892547,82.63114166259766,1595395,0.0,0.0
2019-08-26 00:00:00-04:00,83.03364973347752,83.34272892612219,81.84766215333063,82.86114501953125,1606481,0.0,0.0
2019-08-27 00:00:00-04:00,83.20616664920281,83.9249481161655,83.01928417466323,83.74525451660156,1741310,0.0,0.0
2019-08-28 00:00:00-04:00,83.24928633117044,84.72278645623267,83.19897127897575,84.45684051513672,1143472,0.0,0.0
2019-08-29 00:00:00-04:00,85.41999579587502,86.69223552573604,85.41280692251397,86.38316345214844,1742212,0.0,0.0
2019-08-30 00:00:00-04:00,87.13069555232056,87.54039772669582,86.7497418034661,87.0372543334961,1304081,0.0,0.0
2019-09-03 00:00:00-04:00,86.25377811413124,86.51973108571892,84.90965671554606,85.24029541015625,1432724,0.0,0.0
2019-09-04 00:00:00-04:00,85.67876310124687,86.04534620569211,85.44875446963206,85.8153305053711,1208953,0.0,0.0
2019-09-05 00:00:00-04:00,86.68894752125551,87.92354914839686,86.68894752125551,87.65641021728516,1249814,0.411171,0.0
2019-09-06 00:00:00-04:00,87.86577366551387,88.3639396886759,87.6275184978558,87.79357147216797,1255615,0.0,0.0
2019-09-09 00:00:00-04:00,88.15459220066175,88.47226347714685,87.30986394009568,87.56256103515625,2156368,0.0,0.0
2019-09-10 00:00:00-04:00,87.58421023102241,87.58421023102241,86.1907766092113,87.4831314086914,1827544,0.0,0.0
2019-09-11 00:00:00-04:00,87.6058611748141,89.16535480602435,87.03549292272544,89.14369201660156,1436462,0.0,0.0
2019-09-12 00:00:00-04:00,89.16534423828125,89.82234936974187,88.87654968156062,89.16534423828125,1297765,0.0,0.0
2019-09-13 00:00:00-04:00,89.52632868298306,90.1472362338379,88.92708391772507,89.75736999511719,1376265,0.0,0.0
2019-09-16 00:00:00-04:00,89.54800938948905,89.82958305724999,89.0859408731982,89.4758071899414,1220683,0.0,0.0
2019-09-17 00:00:00-04:00,89.20144254195006,90.04617053267063,88.9704083146524,89.8367919921875,988534,0.0,0.0
2019-09-18 00:00:00-04:00,89.36029361098176,89.91622001652625,88.73216500588961,89.4758071899414,1024110,0.0,0.0
2019-09-19 00:00:00-04:00,89.62019037962165,90.2772026011878,89.38915615784866,89.50467681884766,943032,0.0,0.0
2019-09-20 00:00:00-04:00,89.81514002247714,90.00285579852903,88.8982168316404,88.91265869140625,1684465,0.0,0.0
2019-09-23 00:00:00-04:00,88.47946909014223,89.44693171496947,88.0029587077984,88.86212158203125,993690,0.0,0.0
2019-09-24 00:00:00-04:00,89.06426836937105,89.61298088531835,88.17622188307976,88.62385559082031,1483252,0.0,0.0
2019-09-25 00:00:00-04:00,88.66719958429918,89.39640713895767,88.19068912288422,88.9704360961914,1398823,0.0,0.0
2019-09-26 00:00:00-04:00,88.95598034034144,89.5841089596002,88.407274852399,89.15091705322266,1449867,0.0,0.0
2019-09-27 00:00:00-04:00,89.8295945833975,90.06062887118722,88.38562140942791,89.20868682861328,1139347,0.0,0.0
2019-09-30 00:00:00-04:00,89.54078851939985,89.6563091986629,88.5372283566219,88.95597839355469,1361184,0.0,0.0
2019-10-01 00:00:00-04:00,89.33138526533749,89.73570043080514,86.50120040773639,86.71057891845703,1302535,0.0,0.0
2019-10-02 00:00:00-04:00,85.93084942429415,86.24852061745179,83.55551155424814,84.19808197021484,1566135,0.0,0.0
2019-10-03 00:00:00-04:00,83.86597084049093,85.31716468157889,83.1656400732909,84.91284942626953,1436591,0.0,0.0
2019-10-04 00:00:00-04:00,84.9633976861128,85.60596818376172,84.83344224060487,85.59874725341797,1350743,0.0,0.0
2019-10-07 00:00:00-04:00,85.17276533746228,85.17276533746228,84.0248008653006,84.0753402709961,1371754,0.0,0.0
2019-10-08 00:00:00-04:00,83.29560025711719,83.53385542578567,81.44009121303255,81.59893035888672,1983384,0.0,0.0
2019-10-09 00:00:00-04:00,82.31371135046395,82.88407967669342,81.34624863500697,82.37869262695312,1460179,0.0,0.0
2019-10-10 00:00:00-04:00,82.10432866717174,82.86241985433483,81.84441777462429,82.37146759033203,1468558,0.0,0.0
2019-10-11 00:00:00-04:00,83.25228651506141,85.0211588583883,83.20175420261502,83.30282592773438,1644893,0.0,0.0
2019-10-14 00:00:00-04:00,83.2739445628154,83.62772043137414,82.81908987466844,83.2667236328125,1621949,0.0,0.0
2019-10-15 00:00:00-04:00,83.72879918967065,84.13310736750138,83.09344965282104,83.78655242919922,2337602,0.0,0.0
2019-10-16 00:00:00-04:00,83.80098724365234,84.42911579769462,83.33169783552465,83.80098724365234,1484541,0.0,0.0
2019-10-17 00:00:00-04:00,84.19810209087302,85.07170695610218,84.16200453534327,84.37137603759766,1299699,0.0,0.0
2019-10-18 00:00:00-04:00,84.10422343207698,85.18719953231601,84.01036555072443,84.68903350830078,2128139,0.0,0.0
2019-10-21 00:00:00-04:00,85.16553497314453,86.43622670372676,84.7973173152338,85.16553497314453,2982359,0.0,0.0
2019-10-22 00:00:00-04:00,85.01392757129592,85.87309038184354,83.97426992328761,85.40380096435547,1720557,0.0,0.0
2019-10-23 00:00:00-04:00,85.04281327762685,86.06803627635608,84.5735238099864,85.72148132324219,1484541,0.0,0.0
2019-10-24 00:00:00-04:00,85.7214802517376,86.50122711144056,85.17999568825623,86.4579086303711,943677,0.0,0.0
2019-10-25 00:00:00-04:00,86.52289082022685,87.6780692616075,86.12579645594563,87.4037094116211,1570904,0.0,0.0
2019-10-28 00:00:00-04:00,87.79357417113745,88.65995791656962,87.68528152812773,88.14012908935547,2197616,0.0,0.0
2019-10-29 00:00:00-04:00,89.82958294304285,92.9196865549594,88.4939097052578,92.3204345703125,4167208,0.0,0.0
2019-10-30 00:00:00-04:00,91.91613272235531,92.30600616567092,91.15082769665477,92.26268768310547,2235255,0.0,0.0
2019-10-31 00:00:00-04:00,92.00997884445356,92.26267587727266,90.7104032331027,91.61288452148438,1970752,0.0,0.0
2019-11-01 00:00:00-04:00,92.44316697941504,93.38896670660083,92.02441698496852,93.04241180419922,1920610,0.0,0.0
2019-11-04 00:00:00-05:00,93.77162731180671,94.912370927283,93.60557432552396,94.72465515136719,2075290,0.0,0.0
2019-11-05 00:00:00-05:00,94.68854845025301,95.21559821741783,94.25535656901235,94.40697479248047,1929246,0.0,0.0
2019-11-06 00:00:00-05:00,94.13983882485118,94.94846221397594,93.48282655225402,94.90514373779297,1465980,0.0,0.0
2019-11-07 00:00:00-05:00,95.30945903860321,95.60547456493464,92.98466750783952,93.20848083496094,1840563,0.0,0.0
2019-11-08 00:00:00-05:00,93.10017913322844,94.20481808622773,92.97022369764792,94.17594146728516,1316198,0.0,0.0
2019-11-11 00:00:00-05:00,93.35287822102777,93.95934403392262,93.12906489369566,93.86548614501953,1234862,0.0,0.0
2019-11-12 00:00:00-05:00,93.8438283512295,94.11096015204832,93.28068103043788,93.53337097167969,1176341,0.0,0.0
2019-11-13 00:00:00-05:00,92.92689502406172,93.06407137438468,92.24822710122166,92.2843246459961,1748013,0.0,0.0
2019-11-14 00:00:00-05:00,92.15437381003477,92.55146812298736,91.59844035185603,92.1832504272461,1134449,0.0,0.0
2019-11-15 00:00:00-05:00,92.63811930625148,92.95579054528005,92.17604365830574,92.91969299316406,2015094,0.0,0.0
2019-11-18 00:00:00-05:00,92.73917199346624,94.11816341770769,92.52979346979977,94.08928680419922,1907333,0.0,0.0
2019-11-19 00:00:00-05:00,94.305908522815,94.58026838759164,93.57670102734929,94.0459976196289,1757938,0.0,0.0
2019-11-20 00:00:00-05:00,93.53336589420422,94.17593630756136,92.96299767458663,93.74274444580078,2437886,0.0,0.0
2019-11-21 00:00:00-05:00,93.72109258204517,93.90880836733295,92.86915061801193,93.47561645507812,1735639,0.0,0.0
2019-11-22 00:00:00-05:00,93.80773119200593,94.04598637488593,93.17238167091725,93.93046569824219,1231768,0.0,0.0
2019-11-25 00:00:00-05:00,94.00988634603928,94.84739354230199,93.80051487214335,94.47196197509766,1057496,0.0,0.0
2019-11-26 00:00:00-05:00,94.34921611412332,94.65967349624034,94.09652617079198,94.32756042480469,3028763,0.0,0.0
2019-11-27 00:00:00-05:00,94.3997604194544,95.39610678566893,94.05320547034614,95.1434097290039,1416869,0.0,0.0
2019-11-29 00:00:00-05:00,95.12173644979373,95.34555686111462,94.51527068089564,94.65966796875,647594,0.0,0.0
2019-12-02 00:00:00-05:00,94.9556904211049,94.9556904211049,93.33121548872309,93.34565734863281,1326897,0.0,0.0
2019-12-03 00:00:00-05:00,92.47205000530855,92.9702231558027,91.7211869149182,92.4792709350586,1761419,0.0,0.0
2019-12-04 00:00:00-05:00,93.41063513159048,94.40697432342597,92.81860410010195,92.83304595947266,1456828,0.0,0.0
2019-12-05 00:00:00-05:00,92.99978808858229,93.7537661415671,92.68805285280925,93.53627014160156,1311429,0.411171,0.0
2019-12-06 00:00:00-05:00,97.41490378560053,97.58890204144586,95.06598793341654,95.47196960449219,2806926,0.0,0.0
2019-12-09 00:00:00-05:00,95.18922897894728,95.89970223948998,95.00073621859137,95.19647979736328,1467140,0.0,0.0
2019-12-10 00:00:00-05:00,95.03696915335738,95.76919476106967,94.83397478613196,95.04421997070312,2633298,0.0,0.0
2019-12-11 00:00:00-05:00,95.38494101719171,96.47965025487945,94.66721717555967,96.42890167236328,1448320,0.0,0.0
2019-12-12 00:00:00-05:00,96.83490848402167,97.6613804616251,96.16068228250492,97.42938995361328,1868663,0.0,0.0
2019-12-13 00:00:00-05:00,97.11040832895486,97.6106434914258,96.46518532012601,97.0089111328125,1309624,0.0,0.0
2019-12-16 00:00:00-05:00,97.48012975448482,97.48012975448482,96.66090866813964,96.66815948486328,1425763,0.0,0.0
2019-12-17 00:00:00-05:00,97.0741596966532,97.4366506951536,96.35643564738314,96.8639144897461,1329475,0.0,0.0
2019-12-18 00:00:00-05:00,97.11039056439567,97.13939383205347,95.9576817857219,96.53041076660156,1699675,0.0,0.0
2019-12-19 00:00:00-05:00,96.50141040037477,96.99439463282249,96.2331729639738,96.82039642333984,2029530,0.0,0.0
2019-12-20 00:00:00-05:00,97.30613200488138,100.28578278606133,96.61016054030047,97.87886810302734,3754857,0.0,0.0
2019-12-23 00:00:00-05:00,98.08912265597591,98.08912265597591,97.26990142780306,97.72663879394531,1537648,0.0,0.0
2019-12-24 00:00:00-05:00,97.8498672331633,97.85711805009906,97.13214330072486,97.57437896728516,342874,0.0,0.0
2019-12-26 00:00:00-05:00,97.74112361432887,97.74112361432887,96.64641418912724,97.05964660644531,1256517,0.0,0.0
2019-12-27 00:00:00-05:00,97.30614425450648,97.68313686609478,97.11765151351943,97.400390625,895082,0.0,0.0
2019-12-30 00:00:00-05:00,97.34963278395188,97.34963278395188,96.16792785619423,96.3419189453125,1169768,0.0,0.0
2019-12-31 00:00:00-05:00,96.27669005052097,96.77691807031609,95.89245373070656,96.36368560791016,1182013,0.0,0.0
2020-01-02 00:00:00-05:00,96.66092129639368,97.400390625,96.18968231431185,97.400390625,2158173,0.0,0.0
2020-01-03 00:00:00-05:00,95.943180151893,96.95815192764618,95.79818520244447,96.53041076660156,1142054,0.0,0.0
2020-01-06 00:00:00-05:00,95.99392990240283,96.26217448341633,94.88471888217855,95.68944549560547,1766575,0.0,0.0
2020-01-07 00:00:00-05:00,95.1819671813724,95.93594526544031,95.04422303620213,95.29796600341797,1771215,0.0,0.0
2020-01-08 00:00:00-05:00,95.46468454089722,95.9431670960044,95.03695056767188,95.14569854736328,1303308,0.0,0.0
2020-01-09 00:00:00-05:00,95.18921937391072,95.58070649195166,94.43524840856622,94.62374114990234,1637932,0.0,0.0
2020-01-10 00:00:00-05:00,94.99347062783104,96.05918391772451,94.83397403632729,95.10221862792969,1914810,0.0,0.0
2020-01-13 00:00:00-05:00,95.10221373906678,95.60244881011418,94.92821552193081,95.22545623779297,1294929,0.0,0.0
2020-01-14 00:00:00-05:00,95.31969704230282,95.47194279981736,94.53673006447711,94.88471221923828,1564588,0.0,0.0
2020-01-15 00:00:00-05:00,94.6817501155925,95.24722839666026,94.42075630069162,95.19647979736328,1193098,0.0,0.0
2020-01-16 00:00:00-05:00,95.6966960484876,96.39991835155645,95.42120065123225,96.3419189453125,1251103,0.0,0.0
2020-01-17 00:00:00-05:00,96.61742931312519,97.32065172515605,96.5376774435774,97.08866119384766,1770313,0.0,0.0
2020-01-21 00:00:00-05:00,96.49415699878165,96.89289486401603,95.68218676512083,95.95042419433594,1683821,0.0,0.0
2020-01-22 00:00:00-05:00,96.48691875615356,96.58841593978947,95.43570709228516,95.43570709228516,990596,0.0,0.0
2020-01-23 00:00:00-05:00,94.97171626718728,95.92868146590838,94.59472371136437,95.90692901611328,2068200,0.0,0.0
2020-01-24 00:00:00-05:00,95.95767574540052,95.95767574540052,94.050996201461,94.68172454833984,2413781,0.0,0.0
2020-01-27 00:00:00-05:00,93.46378096090264,94.39899384519356,92.88380110444363,93.54352569580078,2030948,0.0,0.0
2020-01-28 00:00:00-05:00,93.89150704157841,95.56619623915404,93.00703569689898,94.81222534179688,2728040,0.0,0.0
2020-01-29 00:00:00-05:00,93.0795401482502,97.80637432322332,93.0795401482502,97.35688781738281,4019618,0.0,0.0
2020-01-30 00:00:00-05:00,96.82041321476571,98.08187015143154,95.78370311312415,97.97312927246094,3205743,0.0,0.0
2020-01-31 00:00:00-05:00,97.34240281078647,97.97313129212151,96.05919339410522,96.58842468261719,2856682,0.0,0.0
2020-02-03 00:00:00-05:00,96.95815053028466,98.96632734287884,96.88564949179853,98.73433685302734,2505172,0.0,0.0
2020-02-04 00:00:00-05:00,99.4738283896581,101.06152223586237,99.32883342019265,100.43079376220703,2689756,0.0,0.0
2020-02-05 00:00:00-05:00,101.38775391634591,103.06969404965284,100.94551821279599,102.77245330810547,2114991,0.0,0.0
2020-02-06 00:00:00-05:00,102.82320011748014,103.45392854772994,102.09822532004439,103.24369049072266,1762321,0.0,0.0
2020-02-07 00:00:00-05:00,102.88119447289857,104.0556557259303,102.25771689069515,102.80870056152344,2299189,0.0,0.0
2020-02-10 00:00:00-05:00,102.38097785338454,104.67914489439565,102.01848686754617,104.47615051269531,2715407,0.0,0.0
2020-02-11 00:00:00-05:00,104.4181459499641,104.95462801959474,103.7946683294991,104.65739440917969,1769539,0.0,0.0
2020-02-12 00:00:00-05:00,105.0851217885352,105.89709209401089,104.86037497863144,105.54910278320312,2397024,0.0,0.0
2020-02-13 00:00:00-05:00,105.01988570204979,105.962356581958,104.7371465769617,105.57086944580078,1705218,0.0,0.0
2020-02-14 00:00:00-05:00,105.77385530079886,106.281341259321,105.17213009811059,106.2450942993164,1212047,0.0,0.0
2020-02-18 00:00:00-05:00,105.68685530557764,106.00584850313926,104.30940671673257,105.09962463378906,1518958,0.0,0.0
2020-02-19 00:00:00-05:00,105.27362746816426,106.01310395342881,104.78789396259066,105.72311401367188,3186150,0.0,0.0
2020-02-20 00:00:00-05:00,105.25910290366082,106.46256017854111,104.71537010265446,105.85358428955078,2458510,0.0,0.0
2020-02-21 00:00:00-05:00,105.22285101391262,106.2160630862954,104.88936338444621,105.58533477783203,1969850,0.0,0.0
2020-02-24 00:00:00-05:00,102.77245791311555,103.84542210593453,101.79374722295492,103.00445556640625,2725977,0.0,0.0
2020-02-25 00:00:00-05:00,103.4321764837376,103.69316311603588,99.62605369805958,100.05379486083984,2473462,0.0,0.0
2020-02-26 00:00:00-05:00,100.78602692726324,101.70674534098328,99.46657769423308,100.5975341796875,2504527,0.0,0.0
2020-02-27 00:00:00-05:00,99.06056660062137,100.30752163259184,95.84168185185888,96.06642150878906,3623766,0.0,0.0
2020-02-28 00:00:00-05:00,92.93454682457673,95.16747062881869,90.81761471027127,93.55077362060547,4013044,0.0,0.0
2020-03-02 00:00:00-05:00,94.00996193325678,98.0469700149873,91.97276761106417,93.96324157714844,1855500,0.0,1.289
2020-03-03 00:00:00-05:00,94.46786703072083,102.3549879848926,93.74831076277748,99.11229705810547,4094300,0.0,0.0
2020-03-04 00:00:00-05:00,101.82233699892868,110.36360081906952,101.0467062457946,110.10194396972656,3380400,0.0,0.0
2020-03-05 00:00:00-05:00,106.71906669181928,108.37312281305695,104.2146258954524,105.06501770019531,3181400,0.0,0.0
2020-03-06 00:00:00-05:00,103.24277923596041,106.06494467078684,100.2523976635084,105.15848541259766,3251200,0.0,0.0
2020-03-09 00:00:00-04:00,100.52338931179382,100.58880352202422,96.62655608175221,98.3833999633789,3377600,0.0,0.0
2020-03-10 00:00:00-04:00,100.22434606283836,101.30836106018485,93.84175895677362,100.05613708496094,2582100,0.0,0.0
2020-03-11 00:00:00-04:00,97.48628927928681,102.05595853225225,96.47703533725884,99.99073028564453,3001200,0.0,0.0
2020-03-12 00:00:00-04:00,93.95202175039799,96.72249531005825,86.41069215159874,90.4677963256836,3908500,0.53,0.0
2020-03-13 00:00:00-04:00,94.31828408296248,98.28147508918826,90.50535963863342,97.14511108398438,2770400,0.0,0.0
2020-03-16 00:00:00-04:00,84.70146070713123,96.75068146694491,84.70146070713123,86.57975006103516,2747500,0.0,0.0
2020-03-17 00:00:00-04:00,87.15262836082523,88.57073165558226,82.89829698123849,87.53767395019531,3582900,0.0,0.0
2020-03-18 00:00:00-04:00,83.45238333847914,84.67327409102599,66.05003637955629,77.95838928222656,3013500,0.0,0.0
2020-03-19 00:00:00-04:00,76.12705433205818,80.4001648670273,73.01848818881467,76.75628662109375,2217500,0.0,0.0
2020-03-20 00:00:00-04:00,77.11316289371774,78.9914520745851,68.95199411001559,71.074462890625,2670600,0.0,0.0
2020-03-23 00:00:00-04:00,69.35582774648941,70.84907139645249,65.74012244503352,66.92344665527344,2112100,0.0,0.0
2020-03-24 00:00:00-04:00,70.31376070944638,74.1830319818751,68.93321696317501,72.13569641113281,2254000,0.0,0.0
2020-03-25 00:00:00-04:00,72.18265803321346,81.95915006794502,71.59099948592991,79.93999481201172,2103100,0.0,0.0
2020-03-26 00:00:00-04:00,79.39528532479994,86.79574219159008,79.09475933947608,81.59288024902344,2377400,0.0,0.0
2020-03-27 00:00:00-04:00,79.26379941528725,79.82728469778017,75.6011343314271,77.63907623291016,1610200,0.0,0.0
2020-03-30 00:00:00-04:00,76.70932257375718,80.40955417378169,76.3806234338041,79.16988372802734,1714500,0.0,0.0
2020-03-31 00:00:00-04:00,77.80812153538376,79.16988537945748,75.66687319033436,77.5639419555664,2048100,0.0,0.0
2020-04-01 00:00:00-04:00,73.6477188843807,76.88777210060526,72.31413525259435,75.9674072265625,1901100,0.0,0.0
2020-04-02 00:00:00-04:00,75.76079865504929,78.17440016543173,75.37575306698783,77.8175277709961,1403900,0.0,0.0
2020-04-03 00:00:00-04:00,76.69055460891295,79.01023584700981,73.78859395048113,75.15974426269531,1654500,0.0,0.0
2020-04-06 00:00:00-04:00,78.88814092851939,82.76680527806744,78.05230286569937,81.7431411743164,2026900,0.0,0.0
2020-04-07 00:00:00-04:00,84.61691619807166,86.91782447267417,82.31601508857293,82.80436706542969,1527100,0.0,0.0
2020-04-08 00:00:00-04:00,82.59777017046122,83.80926764445336,81.27357992267781,82.52264404296875,1740900,0.0,0.0
2020-04-09 00:00:00-04:00,84.24127372491785,88.57073121099499,83.79988175032022,86.02565002441406,1281600,0.0,0.0
2020-04-13 00:00:00-04:00,85.16164776014558,85.8190462310185,82.47569315325462,84.34458923339844,1051900,0.0,0.0
2020-04-14 00:00:00-04:00,86.05381941112293,87.03992413343563,85.3212877500243,86.52339172363281,1026900,0.0,0.0
2020-04-15 00:00:00-04:00,84.00649576010359,85.06773392260249,81.25480133180447,81.44263458251953,1121000,0.0,0.0
2020-04-16 00:00:00-04:00,81.53653500746375,81.91219428565434,79.49859291704367,80.55043029785156,1910800,0.0,0.0
2020-04-17 00:00:00-04:00,83.07672038786801,86.1007667797914,81.45200443923086,84.43848419189453,2561700,0.0,0.0
2020-04-20 00:00:00-04:00,80.83215856741089,82.40992145276887,78.88812993769328,79.84605407714844,1401000,0.0,0.0
2020-04-21 00:00:00-04:00,79.00084903090686,79.01962877090251,75.11279082725979,75.60114288330078,1932600,0.0,0.0
2020-04-22 00:00:00-04:00,76.8877766111927,77.43247507359621,75.78897190325821,76.8595962524414,1554800,0.0,0.0
2020-04-23 00:00:00-04:00,78.2119626481918,79.61128612291786,77.27281803010092,78.59701538085938,1878200,0.0,0.0
2020-04-24 00:00:00-04:00,79.07595837594383,79.4422241315286,77.68602862785377,78.91630554199219,1215200,0.0,0.0
2020-04-27 00:00:00-04:00,79.2919867505023,81.31114927433686,79.24502664979008,81.11392974853516,1547900,0.0,0.0
2020-04-28 00:00:00-04:00,82.44749083513265,84.10977333297487,81.59286595975657,82.3066177368164,1948700,0.0,0.0
2020-04-29 00:00:00-04:00,84.5136165125433,85.53728780352102,83.50873212512717,84.84231567382812,1125100,0.0,0.0
2020-04-30 00:00:00-04:00,83.32089675461862,83.93134208017011,81.8464402546484,82.10000610351562,1215500,0.0,0.0
2020-05-01 00:00:00-04:00,80.69130721417542,81.67741197012076,79.8366893021139,81.52714538574219,960100,0.0,0.0
2020-05-04 00:00:00-04:00,80.86034702288016,80.86034702288016,79.39528376877743,79.9681625366211,1158000,0.0,0.0
2020-05-05 00:00:00-04:00,74.1454651846627,78.61579560028224,73.25328065807426,77.16012573242188,3443100,0.0,0.0
2020-05-06 00:00:00-04:00,77.39489698854973,77.42307017542379,74.88737588020699,74.96250915527344,1712500,0.0,0.0
2020-05-07 00:00:00-04:00,75.85470498416976,77.38551524351514,75.67627238527588,76.09888458251953,1820600,0.0,0.0
2020-05-08 00:00:00-04:00,77.81751225145271,79.59249474693716,77.52637975524107,79.25440216064453,1238700,0.0,0.0
2020-05-11 00:00:00-04:00,78.29648046743118,78.40917322309315,75.96739892732921,76.05192565917969,1164600,0.0,0.0
2020-05-12 00:00:00-04:00,76.23975466900838,76.71872039456532,71.55342538220731,72.08873748779297,1795400,0.0,0.0
2020-05-13 00:00:00-04:00,71.70369683752011,72.2484024863781,69.7502741303018,71.98544311523438,4146700,0.0,0.0
2020-05-14 00:00:00-04:00,70.4264493501947,74.11728779963053,69.2431323499941,73.55380249023438,2589600,0.0,0.0
2020-05-15 00:00:00-04:00,72.81187851962112,73.92946286846625,71.7788209092699,72.5113525390625,1994000,0.0,0.0
2020-05-18 00:00:00-04:00,74.78409210323295,76.74690831039874,74.77470581483003,76.4369888305664,1598200,0.0,0.0
2020-05-19 00:00:00-04:00,76.62479277214551,77.97716308243679,75.45086220143533,75.51660919189453,1479100,0.0,0.0
2020-05-20 00:00:00-04:00,76.54967842519146,76.83141750639719,74.75590879823152,74.89678192138672,1443600,0.0,0.0
2020-05-21 00:00:00-04:00,74.62442220849066,76.98167694441322,74.62442220849066,76.40879821777344,1361400,0.0,0.0
2020-05-22 00:00:00-04:00,77.27282376319002,78.55945456487103,76.23976603966554,78.28710174560547,1236100,0.0,0.0
2020-05-26 00:00:00-04:00,80.6255530621579,83.76229938572764,80.6255530621579,83.51811981201172,1756600,0.0,0.0
2020-05-27 00:00:00-04:00,84.19431016828305,86.51399834845431,84.19431016828305,85.40580749511719,1823500,0.0,0.0
2020-05-28 00:00:00-04:00,86.03504871865732,86.51401453401449,84.38215199857565,84.80477142333984,1180900,0.0,0.0
2020-05-29 00:00:00-04:00,84.06283177499202,84.96440969495842,83.3209067109864,84.72023010253906,1630300,0.0,0.0
2020-06-01 00:00:00-04:00,84.47604920029411,86.3731251991227,83.86561097636732,84.92684173583984,1387000,0.0,0.0
2020-06-02 00:00:00-04:00,85.22736185406296,86.34494608195222,84.71082952223925,85.87537384033203,1362100,0.0,0.0
2020-06-03 00:00:00-04:00,86.46704679160385,89.08726119924093,86.4107004059896,88.58951568603516,1330300,0.0,0.0
2020-06-04 00:00:00-04:00,87.48451545209241,90.44065243422355,87.48451545209241,90.23287200927734,1930400,0.53,0.0
2020-06-05 00:00:00-04:00,93.50065281020264,97.89235158028463,93.01898076300924,96.34345245361328,2187800,0.0,0.0
2020-06-08 00:00:00-04:00,95.33288709792093,97.8451230334701,93.15120036861921,93.49120330810547,2250800,0.0,0.0
2020-06-09 00:00:00-04:00,92.32954947923386,92.70733139278109,90.52564426470146,92.04621124267578,1169700,0.0,0.0
2020-06-10 00:00:00-04:00,91.3567644483976,92.67899031619139,89.26008170719523,89.33563232421875,1464400,0.0,0.0
2020-06-11 00:00:00-04:00,86.33227738463785,86.7950564000419,84.72670621220693,84.78337097167969,1170300,0.0,0.0
2020-06-12 00:00:00-04:00,87.46560941631495,87.68282911548106,82.73390779516782,85.36892700195312,1311400,0.0,0.0
2020-06-15 00:00:00-04:00,82.71502971234436,86.38894394354594,82.36558020860697,85.61449432373047,1489800,0.0,0.0
2020-06-16 00:00:00-04:00,88.43840363183624,89.6284140785177,85.42560220788818,86.5872802734375,1118900,0.0,0.0
2020-06-17 00:00:00-04:00,86.8895023599624,87.48450396689317,85.28393835076437,86.74783325195312,1149800,0.0,0.0
2020-06-18 00:00:00-04:00,86.39838320443462,86.49282686610856,84.67003609400247,85.06670379638672,948300,0.0,0.0
2020-06-19 00:00:00-04:00,86.96505155623393,87.04060936709311,84.16947740474913,84.33003234863281,2392600,0.0,0.0
2020-06-22 00:00:00-04:00,84.09391967549364,85.98282171526954,83.03613193920694,85.17059326171875,1108800,0.0,0.0
2020-06-23 00:00:00-04:00,86.20949326610463,86.36060889730136,84.84948140769362,85.0855941772461,882100,0.0,0.0
2020-06-24 00:00:00-04:00,85.2367046451609,85.7844879666818,81.20390195595446,81.26056671142578,1744600,0.0,0.0
2020-06-25 00:00:00-04:00,81.05279851148948,81.15668871585525,79.49445265159339,81.0339126586914,3400700,0.0,0.0
2020-06-26 00:00:00-04:00,81.16611303260535,81.65722433245061,79.61721412578528,79.93832397460938,7495100,0.0,0.0
2020-06-29 00:00:00-04:00,80.80722628828143,84.27336697888464,80.67500372303655,84.23558807373047,1827800,0.0,0.0
2020-06-30 00:00:00-04:00,83.63114010955543,84.59447697265755,83.11168917000714,84.0372543334961,1442700,0.0,0.0
2020-07-01 00:00:00-04:00,84.52836776463207,85.48226532903824,83.31002506290685,83.92391967773438,1391700,0.0,0.0
2020-07-02 00:00:00-04:00,85.5389385778493,86.90838983446496,85.03838063171516,85.50115966796875,1526500,0.0,0.0
2020-07-06 00:00:00-04:00,86.88950874169157,87.83395992366648,86.08672667813104,87.3995132446289,1363200,0.0,0.0
2020-07-07 00:00:00-04:00,86.92728465009233,87.57895824892712,86.16228152491439,86.33228302001953,1584100,0.0,0.0
2020-07-08 00:00:00-04:00,86.88950726763409,87.54118087793032,86.05839283560844,87.01228332519531,1359700,0.0,0.0
2020-07-09 00:00:00-04:00,86.7950571980576,87.13506016920012,84.60393094268926,85.27449035644531,1578900,0.0,0.0
2020-07-10 00:00:00-04:00,85.38782114962056,86.596717316098,84.77392653850919,86.54949188232422,1209200,0.0,0.0
2020-07-13 00:00:00-04:00,87.00282688678732,88.62727651997578,85.70892644994954,86.9744873046875,1466700,0.0,0.0
2020-07-14 00:00:00-04:00,87.29561326897402,92.1312053735505,86.4456058592022,92.11231231689453,2161400,0.0,0.0
2020-07-15 00:00:00-04:00,94.36955056889919,96.06011887366056,94.19010976276894,95.32344818115234,2434000,0.0,0.0
2020-07-16 00:00:00-04:00,95.36122506521545,97.64679491028033,94.47343875945067,96.27734375,1553100,0.0,0.0
2020-07-17 00:00:00-04:00,96.3906521689393,97.04232556612045,95.74842529789376,96.75898742675781,3455800,0.0,0.0
2020-07-20 00:00:00-04:00,96.33400453999909,98.08123749494979,96.10733831158767,97.63734436035156,1377400,0.0,0.0
2020-07-21 00:00:00-04:00,98.83680492512863,99.86625312241853,98.10957357339362,99.59236145019531,2259800,0.0,0.0
2020-07-22 00:00:00-04:00,99.49792162662702,100.49904468923611,99.16736518379902,100.31015014648438,1524900,0.0,0.0
2020-07-23 00:00:00-04:00,99.87569644822803,100.67847838281692,99.15791164767806,99.56402587890625,1381900,0.0,0.0
2020-07-24 00:00:00-04:00,99.62070335268709,99.8473695949222,97.30679387720518,97.99624633789062,1006900,0.0,0.0
2020-07-27 00:00:00-04:00,97.88290147438951,99.07291175694925,96.57956168293124,98.74235534667969,1159600,0.0,0.0
2020-07-28 00:00:00-04:00,98.12844546614524,99.26178361211046,97.69399893667229,97.9489974975586,1361100,0.0,0.0
2020-07-29 00:00:00-04:00,110.50078379648392,110.50078379648392,104.25796116110713,104.3335189819336,2376700,0.0,0.0
2020-07-30 00:00:00-04:00,102.94516374431356,105.97685072936068,102.58627494178603,104.70184326171875,2037800,0.0,0.0
2020-07-31 00:00:00-04:00,104.55073320393994,105.86351964790633,103.04905942344502,105.65574645996094,1273500,0.0,0.0
2020-08-03 00:00:00-04:00,105.48574412243198,106.45852758831404,105.32518196153119,105.95796966552734,1303000,0.0,0.0
2020-08-04 00:00:00-04:00,105.32519147151442,106.09020182020411,104.0218514489029,106.04297637939453,1208000,0.0,0.0
2020-08-05 00:00:00-04:00,106.72296134994498,109.35798046387539,106.72296134994498,108.75353240966797,1283700,0.0,0.0
2020-08-06 00:00:00-04:00,108.2152068863341,109.53743984446892,106.99686412384065,109.07465362548828,1150200,0.0,0.0
2020-08-07 00:00:00-04:00,109.39575590822228,110.61409850552488,109.36742353245066,110.35909271240234,1057500,0.0,0.0
2020-08-10 00:00:00-04:00,110.28352627672551,112.43688033952151,110.23630805599737,112.24798583984375,1278700,0.0,0.0
2020-08-11 00:00:00-04:00,113.57023322383434,115.1380253490583,112.63522874749835,113.14523315429688,1411600,0.0,0.0
2020-08-12 00:00:00-04:00,113.61746112082055,115.40247298054068,112.88078326907221,113.52301025390625,1012400,0.0,0.0
2020-08-13 00:00:00-04:00,112.94689429950489,113.31523682734854,111.68133338829092,111.79467010498047,1100100,0.0,0.0
2020-08-14 00:00:00-04:00,111.22799544254127,112.80523415037389,110.76521645203664,112.27633666992188,1373900,0.0,0.0
2020-08-17 00:00:00-04:00,112.32356106265314,112.8713443883048,111.36022418442911,112.72967529296875,1708300,0.0,0.0
2020-08-18 00:00:00-04:00,112.59745557626259,113.04134872361243,111.41689176122141,111.47355651855469,810300,0.0,0.0
2020-08-19 00:00:00-04:00,111.45467101784735,112.55967702285317,110.65188906221722,110.87855529785156,759300,0.0,0.0
2020-08-20 00:00:00-04:00,110.08520735164947,110.91632885151206,109.44298037702355,109.57520294189453,794700,0.0,0.0
2020-08-21 00:00:00-04:00,109.79243319412842,111.14299846701955,109.32020767501388,111.03910827636719,986300,0.0,0.0
2020-08-24 00:00:00-04:00,111.85133083553191,112.39911413810171,111.17132497104376,112.3141098022461,737600,0.0,0.0
2020-08-25 00:00:00-04:00,112.94689626926461,112.94689626926461,111.02966181343135,111.87966918945312,577800,0.0,0.0
2020-08-26 00:00:00-04:00,112.59746232704094,113.69302186617676,111.88912399554782,113.4096908569336,781600,0.0,0.0
2020-08-27 00:00:00-04:00,114.11801464862931,114.31634849150683,112.30467048038707,112.3141098022461,805300,0.0,0.0
2020-08-28 00:00:00-04:00,112.47466251463707,113.64578690500326,111.81354971813121,113.6174545288086,711800,0.0,0.0
2020-08-31 00:00:00-04:00,113.2396836048836,113.45690331368716,111.70967029272866,111.81356048583984,929600,0.0,0.0
2020-09-01 00:00:00-04:00,111.09577140935208,113.63634697084971,110.53854876362303,113.52301025390625,788800,0.0,0.0
2020-09-02 00:00:00-04:00,113.52300442699739,116.10135876180107,113.10745089737982,115.59135437011719,786300,0.0,0.0
2020-09-03 00:00:00-04:00,115.70519474160291,116.16049887016185,111.11416681757369,112.05323791503906,908100,0.53,0.0
2020-09-04 00:00:00-04:00,113.11562389202265,113.63733406679918,110.10869457867406,111.71175384521484,813400,0.0,0.0
2020-09-08 00:00:00-04:00,110.79164928905332,111.87300553278301,109.42572256563565,110.21302795410156,1173300,0.0,0.0
2020-09-09 00:00:00-04:00,111.08569559190308,113.153553580366,110.94341035789009,111.0477523803711,1117400,0.0,0.0
2020-09-10 00:00:00-04:00,111.84456022774931,112.06272467692179,109.34984620536714,109.66287231445312,816300,0.0,0.0
2020-09-11 00:00:00-04:00,110.04229459715901,111.93941195895229,109.90949696078776,110.97187805175781,727200,0.0,0.0
2020-09-14 00:00:00-04:00,112.07221742202637,113.51402353343109,111.53153922563348,112.86900329589844,894800,0.0,0.0
2020-09-15 00:00:00-04:00,113.73218628894577,115.08862548020298,113.144077306656,114.98428344726562,1180500,0.0,0.0
2020-09-16 00:00:00-04:00,115.72417022285072,117.4126036796689,114.69972501188381,115.73365783691406,1008600,0.0,0.0
2020-09-17 00:00:00-04:00,114.30132151594911,118.64572202910279,113.25790841007716,118.44652557373047,1518900,0.0,0.0
2020-09-18 00:00:00-04:00,118.47499489048708,119.51840811713976,116.41662404311049,116.6347885131836,1827300,0.0,0.0
2020-09-21 00:00:00-04:00,114.67126144982672,114.67126144982672,111.32285037379042,113.9029312133789,1114900,0.0,0.0
2020-09-22 00:00:00-04:00,113.98829186725966,115.53444710698825,113.77012742922675,115.26884460449219,853200,0.0,0.0
2020-09-23 00:00:00-04:00,115.0886385717131,116.09410856319768,112.54650075056695,112.6792984008789,859700,0.0,0.0
2020-09-24 00:00:00-04:00,112.28088966153264,114.38668377905645,111.36078661594524,112.87847900390625,1049000,0.0,0.0
2020-09-25 00:00:00-04:00,111.88249859440722,113.46659716345931,111.10468073025041,112.79312133789062,989500,0.0,0.0
2020-09-28 00:00:00-04:00,114.74713873797208,116.5304263587714,114.00726416377798,115.25936126708984,1354600,0.0,0.0
2020-09-29 00:00:00-04:00,115.4965059988867,116.08460774424812,114.6428017461849,114.98428344726562,571500,0.0,0.0
2020-09-30 00:00:00-04:00,115.49651570828276,117.09957507858437,114.16853200765519,115.01274871826172,883900,0.0,0.0
2020-10-01 00:00:00-04:00,116.72963569990202,117.14700385942895,115.03171469456062,115.6767349243164,1003600,0.0,0.0
2020-10-02 00:00:00-04:00,114.52897390392444,118.49394950720401,113.90292893336895,117.48847961425781,1183300,0.0,0.0
2020-10-05 00:00:00-04:00,119.00618353811515,121.64318302260511,118.56984736823156,120.40056610107422,817500,0.0,0.0
2020-10-06 00:00:00-04:00,121.05505491477257,122.31663239207451,119.71758377331193,120.07803344726562,1154800,0.0,0.0
2020-10-07 00:00:00-04:00,121.40603565716724,123.29366559418499,120.8179338479567,121.35861206054688,766600,0.0,0.0
2020-10-08 00:00:00-04:00,122.21230206459147,123.16086078500685,121.38706060946447,123.1229248046875,1052900,0.0,0.0
2020-10-09 00:00:00-04:00,123.31261858887395,124.75443172043883,122.25971795889164,122.4778823852539,807900,0.0,0.0
2020-10-12 00:00:00-04:00,123.76794419417213,125.3425552252998,123.17036201159866,125.17182159423828,598800,0.0,0.0
2020-10-13 00:00:00-04:00,124.0335454063263,125.45638362845366,121.98466936659565,122.60122680664062,881100,0.0,0.0
2020-10-14 00:00:00-04:00,123.55926869722066,123.93870091572259,122.04158324479046,123.50235748291016,913400,0.0,0.0
2020-10-15 00:00:00-04:00,122.10795765738361,124.75444454135837,122.10795765738361,123.91970825195312,754900,0.0,0.0
2020-10-16 00:00:00-04:00,124.25171935362853,125.21923888455302,123.91971799228536,124.46040344238281,686500,0.0,0.0
2020-10-19 00:00:00-04:00,124.46987804640816,125.4089564022462,120.88432719518303,120.94123840332031,1310300,0.0,0.0
2020-10-20 00:00:00-04:00,121.97517353735995,123.97663319939535,121.41552731486908,122.10797119140625,869200,0.0,0.0
2020-10-21 00:00:00-04:00,121.81391226286047,123.65411854347653,121.81391226286047,122.24076080322266,1048300,0.0,0.0
2020-10-22 00:00:00-04:00,122.82887453975758,124.07148415398294,122.14591109968818,123.74897766113281,694000,0.0,0.0
2020-10-23 00:00:00-04:00,124.59319628339553,124.83033596838573,122.30716624636412,122.57276153564453,1075700,0.0,0.0
2020-10-26 00:00:00-04:00,120.20136085328437,121.13094433612729,118.7310919584511,119.66068267822266,1191500,0.0,0.0
2020-10-27 00:00:00-04:00,120.0685552886673,120.15392209318212,116.74860002376514,117.31773376464844,1829200,0.0,0.0
2020-10-28 00:00:00-04:00,116.9572977754143,123.76794271152299,116.9572977754143,121.26374816894531,1832500,0.0,0.0
2020-10-29 00:00:00-04:00,121.27324315059269,126.98356403736315,120.56182403875474,125.25719451904297,1740500,0.0,0.0
2020-10-30 00:00:00-04:00,125.53225293163237,128.9091195352884,123.62565518487789,125.9211654663086,1596200,0.0,0.0
2020-11-02 00:00:00-05:00,128.17874799411686,130.48373879972388,127.15430281145004,130.47425842285156,1112900,0.0,0.0
2020-11-03 00:00:00-05:00,131.6789519305829,135.0463244077556,130.74935379809793,133.99342346191406,1228700,0.0,0.0
2020-11-04 00:00:00-05:00,133.23456389806728,133.23456389806728,128.15976896725135,130.2181396484375,1442800,0.0,0.0
2020-11-05 00:00:00-05:00,132.7982448931928,136.09922578499993,132.73183882329337,133.86062622070312,965000,0.0,0.0
2020-11-06 00:00:00-05:00,134.0692807969081,137.67380668749385,133.40529261350312,136.89599609375,1173000,0.0,0.0
2020-11-09 00:00:00-05:00,142.501953812238,145.81242852258345,138.1101373553546,138.17652893066406,1448100,0.0,0.0
2020-11-10 00:00:00-05:00,137.41768025046446,140.2918116610157,135.89999516925457,136.1940460205078,2066600,0.0,0.0
2020-11-11 00:00:00-05:00,134.48663511499376,136.0327902412306,132.50415114471872,135.60594177246094,2039100,0.0,0.0
2020-11-12 00:00:00-05:00,134.10724182881452,136.6873228083127,133.23456950837513,136.0138397216797,1449100,0.0,0.0
2020-11-13 00:00:00-05:00,139.04920649551465,141.48700912903521,138.29985154416892,140.377197265625,1037200,0.0,0.0
2020-11-16 00:00:00-05:00,144.60777749598316,145.07257649070755,139.58041326260224,144.59829711914062,1861300,0.0,0.0
2020-11-17 00:00:00-05:00,143.19441706735006,144.64571061247048,139.3053208971419,141.1360321044922,1444300,0.0,0.0
2020-11-18 00:00:00-05:00,140.90840365876738,141.24039053330432,136.73473652031893,137.00982666015625,2014700,0.0,0.0
2020-11-19 00:00:00-05:00,136.63986562803308,139.84598376941742,135.35930576219872,139.23890686035156,1106200,0.0,0.0
2020-11-20 00:00:00-05:00,138.05323074769308,139.0017894746148,136.38377259889953,136.78216552734375,1115000,0.0,0.0
2020-11-23 00:00:00-05:00,137.70226201934037,139.94086108603068,137.48409757533415,138.41368103027344,704600,0.0,0.0
2020-11-24 00:00:00-05:00,138.98282169215872,140.4530905392997,137.76866774101367,139.50453186035156,1751600,0.0,0.0
2020-11-25 00:00:00-05:00,139.1914955154628,139.45709076811292,136.36478043905615,137.51254272460938,1308900,0.0,0.0
2020-11-27 00:00:00-05:00,138.75515590872914,139.10611797189048,135.9474304557262,136.1181640625,905900,0.0,0.0
2020-11-30 00:00:00-05:00,135.84309252942055,138.7931105510148,134.44871013656643,138.71722412109375,2777800,0.0,0.0
2020-12-01 00:00:00-05:00,139.51401748891854,140.63330982476472,137.73072247372514,138.2050018310547,1919100,0.0,0.0
2020-12-02 00:00:00-05:00,136.70627869133543,138.1575723813601,136.00435449874107,136.9149627685547,1348600,0.0,0.0
2020-12-03 00:00:00-05:00,137.34338304393873,137.37194351803208,134.75379352667787,134.9251708984375,1733800,0.53,0.0
2020-12-04 00:00:00-05:00,134.78237607072333,136.41038129395,134.4586664675506,135.0489501953125,1305500,0.0,0.0
2020-12-07 00:00:00-05:00,135.02990804097482,135.85819090886804,133.4399785742186,134.35394287109375,1076400,0.0,0.0
2020-12-08 00:00:00-05:00,134.80141192635253,135.29648440285848,133.1067558427137,133.24957275390625,1065000,0.0,0.0
2020-12-09 00:00:00-05:00,134.56336660817232,135.4392549207111,133.12576968115712,134.2872772216797,1267900,0.0,0.0
2020-12-10 00:00:00-05:00,133.10676800204897,134.50628960181766,131.88813912332824,132.54505920410156,995300,0.0,0.0
2020-12-11 00:00:00-05:00,131.66913058336024,133.28762020903037,130.80275756547408,133.23049926757812,1096200,0.0,0.0
2020-12-14 00:00:00-05:00,134.09688780917716,134.90612545209467,130.50763812470947,131.10743713378906,1803500,0.0,0.0
2020-12-15 00:00:00-05:00,132.80207098475637,133.89692771325826,131.77385050885698,133.64939880371094,1497100,0.0,0.0
2020-12-16 00:00:00-05:00,134.4776922120607,135.07749116939135,131.75481588069673,131.9261932373047,1109600,0.0,0.0
2020-12-17 00:00:00-05:00,132.52598011581568,134.88707114800408,132.10707382214386,134.21112060546875,1644300,0.0,0.0
2020-12-18 00:00:00-05:00,135.1155814678707,136.15331745217236,133.03057965625558,134.29681396484375,2150400,0.0,0.0
2020-12-21 00:00:00-05:00,132.64974770776203,136.52460174893602,132.5259759810756,135.33453369140625,1243000,0.0,0.0
2020-12-22 00:00:00-05:00,135.52495400035443,137.26720082433567,134.296795649708,136.14378356933594,1073100,0.0,0.0
2020-12-23 00:00:00-05:00,136.10572186106032,137.23865454775003,135.27742454231506,135.6677703857422,857900,0.0,0.0
2020-12-24 00:00:00-05:00,136.10572050348995,137.40051523113408,136.10572050348995,136.77215576171875,292000,0.0,0.0
2020-12-28 00:00:00-05:00,137.85749338906612,138.69529146378642,137.20057346503407,137.2862548828125,615500,0.0,0.0
2020-12-29 00:00:00-05:00,138.5239004541759,139.55212083998586,134.7156832595594,136.04855346679688,666500,0.0,0.0
2020-12-30 00:00:00-05:00,136.0485747256153,138.59057288416423,136.0485747256153,137.88604736328125,658600,0.0,0.0
2020-12-31 00:00:00-05:00,137.8098952393126,138.37160393372562,136.90544632798324,138.2002410888672,738800,0.0,0.0
2021-01-04 00:00:00-05:00,137.18152405734676,139.2189200266363,135.84865362031553,137.07679748535156,1262000,0.0,0.0
2021-01-05 00:00:00-05:00,137.14343123244626,139.2284325712798,137.0101442053024,138.8571319580078,1134400,0.0,0.0
2021-01-06 00:00:00-05:00,140.38041339963218,144.9597925769924,140.38041339963218,142.65582275390625,3425100,0.0,0.0
2021-01-07 00:00:00-05:00,146.34029242477516,147.02575824746796,143.19850990897672,146.3498077392578,1734100,0.0,0.0
2021-01-08 00:00:00-05:00,146.34983753671662,146.90203096029057,142.75107223066627,145.26449584960938,1062000,0.0,0.0
2021-01-11 00:00:00-05:00,142.96052669311686,146.1403856700277,142.89387589597644,144.9503173828125,860500,0.0,0.0
2021-01-12 00:00:00-05:00,144.9598165193552,145.46440425463786,142.95098089366786,144.65516662597656,1024100,0.0,0.0
2021-01-13 00:00:00-05:00,144.03631099246914,144.54091321474394,142.39879070753935,143.71261596679688,1067000,0.0,0.0
2021-01-14 00:00:00-05:00,143.75071510813424,145.2454331285918,143.05570485908692,143.522216796875,731500,0.0,0.0
2021-01-15 00:00:00-05:00,143.52219694115922,143.52219694115922,139.99959866130976,142.34164428710938,1252400,0.0,0.0
2021-01-19 00:00:00-05:00,142.9605159527762,147.86359111686423,142.9605159527762,146.130859375,1701300,0.0,0.0
2021-01-20 00:00:00-05:00,146.15941633100704,148.32056966661565,145.35016416509941,147.7969512939453,1136200,0.0,0.0
2021-01-21 00:00:00-05:00,148.2253616577628,148.77755498952536,146.3593285184548,147.03529357910156,952900,0.0,0.0
2021-01-22 00:00:00-05:00,146.14036566923338,147.02576938068864,143.7602294205488,145.35015869140625,1091300,0.0,0.0
2021-01-25 00:00:00-05:00,145.1978299764977,145.67385723768152,140.294754997184,143.68406677246094,1021800,0.0,0.0
2021-01-26 00:00:00-05:00,144.37903551125132,144.37903551125132,140.43753110669053,140.79931640625,1468600,0.0,0.0
2021-01-27 00:00:00-05:00,138.00030584240844,138.60010486511126,131.36448438376814,132.17373657226562,1721600,0.0,0.0
2021-01-28 00:00:00-05:00,134.74428624971864,137.2672251264773,132.8687375272979,135.95339965820312,2342700,0.0,0.0
2021-01-29 00:00:00-05:00,134.97275729910413,138.32397835094787,134.27774712266384,136.4770050048828,1837200,0.0,0.0
2021-02-01 00:00:00-05:00,137.91459702646878,138.44774515089136,135.5915820324588,135.90576171875,1593300,0.0,0.0
2021-02-02 00:00:00-05:00,137.61946958452455,139.6283049957257,137.06727627658515,138.0383758544922,1148600,0.0,0.0
2021-02-03 00:00:00-05:00,137.57190315808347,139.8282681321101,137.18155724736948,139.3617706298828,1249300,0.0,0.0
2021-02-04 00:00:00-05:00,140.24715408070023,142.41783730250037,139.49503737471144,141.70379638671875,1698400,0.0,0.0
2021-02-05 00:00:00-05:00,140.61844766190924,144.99790420135892,140.02817851676215,142.18934631347656,2031600,0.0,0.0
2021-02-08 00:00:00-05:00,143.97918914411807,143.97918914411807,138.87617675575058,141.83706665039062,1519800,0.0,0.0
2021-02-09 00:00:00-05:00,140.61842530427054,141.4371926305199,138.2858950403545,138.72384643554688,1004600,0.0,0.0
2021-02-10 00:00:00-05:00,139.93298218733517,142.06558973860706,137.83846495560766,141.21826171875,935900,0.0,0.0
2021-02-11 00:00:00-05:00,141.40864026041632,143.7316553436121,141.40864026041632,143.63644409179688,1140700,0.0,0.0
2021-02-12 00:00:00-05:00,142.84624510782837,144.1791300711462,141.70378265869755,143.69357299804688,659300,0.0,0.0
2021-02-16 00:00:00-05:00,143.66503953883014,145.08360618393772,142.0179890772549,144.02682495117188,1104600,0.0,0.0
2021-02-17 00:00:00-05:00,143.3127666086401,144.62660650296746,142.49399913535188,144.0458526611328,772400,0.0,0.0
2021-02-18 00:00:00-05:00,143.70312958408184,144.09347547273336,140.48518025445873,142.33216857910156,1000000,0.0,0.0
2021-02-19 00:00:00-05:00,143.27467803353812,146.77823140281674,142.90337738269392,146.57830810546875,917200,0.0,0.0
2021-02-22 00:00:00-05:00,146.18800621269241,148.16828178779704,145.15027004695847,145.5596466064453,1322200,0.0,0.0
2021-02-23 00:00:00-05:00,146.00706852403476,146.15940071994456,142.55110628122026,145.854736328125,1068400,0.0,0.0
2021-02-24 00:00:00-05:00,145.14069062343947,149.006029169716,144.6741932640458,147.9016571044922,1075600,0.0,0.0
2021-02-25 00:00:00-05:00,146.61637724034665,148.43480462641335,144.56946609624669,145.16925048828125,905900,0.0,0.0
2021-02-26 00:00:00-05:00,146.15944219688348,147.91121936536967,145.08361573287095,145.8928680419922,1296300,0.0,0.0
2021-03-01 00:00:00-05:00,147.9588009751394,153.2807824185474,147.9588009751394,150.87208557128906,1308400,0.0,0.0
2021-03-02 00:00:00-05:00,151.29099098080437,151.29099098080437,148.36817655946075,150.5769500732422,1180700,0.0,0.0
2021-03-03 00:00:00-05:00,150.82448159123194,151.83365710007382,149.4820811756443,149.94859313964844,950600,0.0,0.0
2021-03-04 00:00:00-05:00,149.70970770790092,150.92335305185958,144.58750608699043,146.59432983398438,1416800,0.59,0.0
2021-03-05 00:00:00-05:00,148.26667423444255,153.9335939201063,147.32060549225946,153.30287170410156,1080900,0.0,0.0
2021-03-08 00:00:00-05:00,153.79977507749925,158.50149373219472,152.3472069671785,156.4659881591797,1256200,0.0,0.0
2021-03-09 00:00:00-05:00,157.33564143685464,157.9376957536253,153.32198001597112,153.36019897460938,837300,0.0,0.0
2021-03-10 00:00:00-05:00,153.0925963792088,158.1192416185323,152.7485674829122,156.17929077148438,1070400,0.0,0.0
2021-03-11 00:00:00-05:00,156.9056024790306,157.5840946853618,155.13767314139878,155.7110595703125,968600,0.0,0.0
2021-03-12 00:00:00-05:00,156.19843632516307,156.79093955576016,154.9465576218131,156.41822814941406,1111200,0.0,0.0
2021-03-15 00:00:00-04:00,156.5520392593648,160.66125564126463,156.2366781477718,160.5370330810547,1023400,0.0,0.0
2021-03-16 00:00:00-04:00,159.92539393602087,161.62642169582034,158.87419045218027,159.7533721923828,1131200,0.0,0.0
2021-03-17 00:00:00-04:00,160.30767083733477,160.73770340160667,157.020286163376,158.5970916748047,1198600,0.0,0.0
2021-03-18 00:00:00-04:00,158.60664095956406,161.33975589969685,157.7370101645619,160.1069793701172,1012400,0.0,0.0
2021-03-19 00:00:00-04:00,159.6578459252352,159.9349734847432,156.78137705394937,156.81961059570312,3343600,0.0,0.0
2021-03-22 00:00:00-04:00,155.23324645095863,157.45031056475057,154.40184923101452,157.01072692871094,923800,0.0,0.0
2021-03-23 00:00:00-04:00,155.28103161690618,156.35133742848475,152.49058104970263,153.21685791015625,1014000,0.0,0.0
2021-03-24 00:00:00-04:00,154.22025636189028,155.88305058604064,153.54174964409228,154.05780029296875,1079500,0.0,0.0
2021-03-25 00:00:00-04:00,153.26465959581643,157.35477392433734,152.64348844676985,156.6571502685547,909100,0.0,0.0
2021-03-26 00:00:00-04:00,158.0809964576892,160.70899032221976,157.24003375485714,160.63253784179688,807400,0.0,0.0
2021-03-29 00:00:00-04:00,161.5021931417524,161.9513424194024,158.7404106588734,159.18955993652344,723800,0.0,0.0
2021-03-30 00:00:00-04:00,157.9185763764328,160.32677902193697,157.9185763764328,159.54315185546875,676200,0.0,0.0
2021-03-31 00:00:00-04:00,160.2025497875057,161.16773527936678,157.68922665630691,158.21482849121094,1102500,0.0,0.0
2021-04-01 00:00:00-04:00,159.428489934403,159.428489934403,156.80049531408525,158.10015869140625,958900,0.0,0.0
2021-04-05 00:00:00-04:00,159.39982429421573,160.6994876896822,158.6639817073425,160.02098083496094,850900,0.0,0.0
2021-04-06 00:00:00-04:00,161.2824013084028,161.81755417141412,160.03052273632514,160.20252990722656,622200,0.0,0.0
2021-04-07 00:00:00-04:00,159.7916201827838,161.01483093909835,158.54929265726426,159.1131134033203,593200,0.0,0.0
2021-04-08 00:00:00-04:00,158.09057176664322,159.7820485232865,157.41207959441235,159.18955993652344,656300,0.0,0.0
2021-04-09 00:00:00-04:00,160.58475411551095,162.0946578032,159.13220072482403,162.02777099609375,821800,0.0,0.0
2021-04-12 00:00:00-04:00,161.11993667672343,163.375234038121,160.95746602595764,163.04075622558594,803000,0.0,0.0
2021-04-13 00:00:00-04:00,163.0790260806455,163.6619637249625,161.11998696718763,163.2128143310547,800500,0.0,0.0
2021-04-14 00:00:00-04:00,162.3335901562079,164.4264315583583,161.67420017122112,161.84622192382812,916200,0.0,0.0
2021-04-15 00:00:00-04:00,162.62030874162582,163.17457845927123,161.18685710069516,162.94522094726562,642500,0.0,0.0
2021-04-16 00:00:00-04:00,164.2066497109523,164.8087040088385,163.1363439207748,164.3308868408203,858700,0.0,0.0
2021-04-19 00:00:00-04:00,165.0571849864193,165.13363749298668,163.24148534637376,164.63670349121094,887300,0.0,0.0
2021-04-20 00:00:00-04:00,162.87829677420189,164.06327385997184,159.07487670858075,160.7376708984375,976200,0.0,0.0
2021-04-21 00:00:00-04:00,161.51175328168358,163.28923372335493,160.58478681263963,162.93565368652344,770100,0.0,0.0
2021-04-22 00:00:00-04:00,164.35958364365032,166.61488165706635,163.91998535567018,164.32135009765625,893000,0.0,0.0
2021-04-23 00:00:00-04:00,164.2161772219324,167.66601726286854,164.13972473621,167.5513458251953,1057000,0.0,0.0
2021-04-26 00:00:00-04:00,168.28720545429184,169.33839443139797,164.8277993851601,165.1622772216797,770300,0.0,0.0
2021-04-27 00:00:00-04:00,165.41075706670037,166.79642404935453,163.929520810005,166.08926391601562,992900,0.0,0.0
2021-04-28 00:00:00-04:00,166.73910690097532,167.50361743303912,165.4585601443181,166.6244354248047,560300,0.0,0.0
2021-04-29 00:00:00-04:00,167.03530960491904,168.1916335012417,166.26124817019232,167.79981994628906,600300,0.0,0.0
2021-04-30 00:00:00-04:00,167.0066528633468,167.70427643402826,165.35340952959922,166.117919921875,1288100,0.0,0.0
2021-05-03 00:00:00-04:00,167.5418040943152,167.94316873041905,165.78342598808985,166.99708557128906,675600,0.0,0.0
2021-05-04 00:00:00-04:00,166.41419032625456,167.4462773303649,165.14319469846566,166.9684600830078,971000,0.0,0.0
2021-05-05 00:00:00-04:00,167.4175818060931,172.10974989967107,167.4175818060931,170.7909698486328,1680300,0.0,0.0
2021-05-06 00:00:00-04:00,172.16708781862303,173.8585501174714,170.87697561472027,173.8489990234375,988100,0.0,0.0
2021-05-07 00:00:00-04:00,173.1322772843317,175.76027180519011,172.0237379140775,175.53091430664062,1049600,0.0,0.0
2021-05-10 00:00:00-04:00,176.34320209268438,179.64013762125748,175.84626815720372,178.3787078857422,1174400,0.0,0.0
2021-05-11 00:00:00-04:00,175.36844294714305,176.4769822208965,172.99847399573594,174.6421661376953,1228400,0.0,0.0
2021-05-12 00:00:00-04:00,174.33638420133525,174.60397526029163,170.16983203404408,170.69541931152344,1245900,0.0,0.0
2021-05-13 00:00:00-04:00,170.2462451018311,174.98619765667888,170.2462451018311,174.0305633544922,910700,0.0,0.0
2021-05-14 00:00:00-04:00,176.03741296606532,177.12683555996557,174.85242110284165,176.02784729003906,829800,0.0,0.0
2021-05-17 00:00:00-04:00,175.83670817178267,176.76367459336447,173.88722064935806,175.39710998535156,745800,0.0,0.0
2021-05-18 00:00:00-04:00,175.71247987135345,175.71247987135345,171.14454893320885,171.28790283203125,1135500,0.0,0.0
2021-05-19 00:00:00-04:00,169.51997959663998,170.68585468967265,166.32816431392845,170.4564971923828,1321400,0.0,0.0
2021-05-20 00:00:00-04:00,171.048995895552,173.1227206651032,170.07424478510364,172.4442138671875,810200,0.0,0.0
2021-05-21 00:00:00-04:00,173.409389199689,175.23463944846986,173.10357925491311,174.0114288330078,688300,0.0,0.0
2021-05-24 00:00:00-04:00,175.2919921358093,175.5022328477387,173.63874888456644,174.02101135253906,773800,0.0,0.0
2021-05-25 00:00:00-04:00,174.02102315103645,175.79850364761003,173.77254888455232,174.49884033203125,817300,0.0,0.0
2021-05-26 00:00:00-04:00,174.87153958779982,175.50224719332,173.7056644833733,175.4066925048828,921000,0.0,0.0
2021-05-27 00:00:00-04:00,177.29882890647386,177.7670949586883,175.61691780316468,177.55685424804688,1116700,0.0,0.0
2021-05-28 00:00:00-04:00,178.56981667720282,178.70360488903407,177.00257708925633,178.13021850585938,1039500,0.0,0.0
2021-06-01 00:00:00-04:00,180.0893116471547,181.5036465695715,177.94869978226973,179.2196807861328,978800,0.0,0.0
2021-06-02 00:00:00-04:00,178.42648160771327,179.33433125110537,176.59165097072864,176.8974609375,779000,0.0,0.0
2021-06-03 00:00:00-04:00,176.2072416299545,176.4469141526752,173.61878131026083,175.78541564941406,961800,0.59,0.0
2021-06-04 00:00:00-04:00,175.70869504415165,176.37019345840451,173.22569155369496,174.13644409179688,1280800,0.0,0.0
2021-06-07 00:00:00-04:00,174.48156022306142,175.3156157474203,173.5324519643984,174.54867553710938,1172500,0.0,0.0
2021-06-08 00:00:00-04:00,175.30605416265615,176.50441666386965,173.95429775045972,176.30308532714844,930800,0.0,0.0
2021-06-09 00:00:00-04:00,175.6799312973604,176.1784541615365,173.9063490590776,174.75958251953125,952600,0.0,0.0
2021-06-10 00:00:00-04:00,175.96754485517002,177.30970494604787,174.88422052067355,176.1017608642578,1040300,0.0,0.0
2021-06-11 00:00:00-04:00,176.88788230540342,177.61649604978166,175.9291923288621,177.57814025878906,973400,0.0,0.0
2021-06-14 00:00:00-04:00,177.0508409286618,177.53018587113073,173.96387295733302,175.0663604736328,1046400,0.0,0.0
2021-06-15 00:00:00-04:00,175.49779873919007,177.34807814803713,175.31564528859147,176.64822387695312,946700,0.0,0.0
2021-06-16 00:00:00-04:00,175.90043314133607,176.3318407059276,173.7146211608541,174.81712341308594,958700,0.0,0.0
2021-06-17 00:00:00-04:00,174.92259294367912,175.78540813722128,169.582682344007,172.564208984375,1217200,0.0,0.0
2021-06-18 00:00:00-04:00,169.83192053088268,171.0878166661442,164.97137004138392,166.24642944335938,3125300,0.0,0.0
2021-06-21 00:00:00-04:00,167.8761822838704,172.49705981092498,167.59816866046657,172.14234924316406,1225900,0.0,0.0
2021-06-22 00:00:00-04:00,172.87097942977857,173.72421290322114,171.53838635115764,172.67922973632812,877100,0.0,0.0
2021-06-23 00:00:00-04:00,173.3215680009137,173.43662075445695,171.90271082044052,172.30535888671875,846300,0.0,0.0
2021-06-24 00:00:00-04:00,173.22572008994172,173.26406125821617,171.7014063102638,172.41082763671875,927800,0.0,0.0
2021-06-25 00:00:00-04:00,172.60255014985384,175.09515013100784,170.55095402817759,172.564208984375,4609000,0.0,0.0
2021-06-28 00:00:00-04:00,173.87760946609956,175.61283611383922,172.755943864441,175.19102478027344,1088100,0.0,0.0
2021-06-29 00:00:00-04:00,176.79198378748802,179.1695303183122,175.08551716918134,175.27725219726562,1014900,0.0,0.0
2021-06-30 00:00:00-04:00,174.83628724420956,177.03169549376497,174.31860109071926,176.53317260742188,1096400,0.0,0.0
2021-07-01 00:00:00-04:00,177.59731934130215,178.68064370313797,176.83996069128966,178.50807189941406,988600,0.0,0.0
2021-07-02 00:00:00-04:00,178.28756274168825,179.96527007486011,178.10540931924947,179.5626220703125,735800,0.0,0.0
2021-07-06 00:00:00-04:00,180.6268002770006,180.6268002770006,175.44986510251385,177.33848571777344,1545600,0.0,0.0
2021-07-07 00:00:00-04:00,177.00295336876752,181.91144187555747,177.00295336876752,181.81556701660156,1040200,0.0,0.0
2021-07-08 00:00:00-04:00,178.7956910628271,180.87604667795657,178.03833237366297,179.505126953125,1179100,0.0,0.0
2021-07-09 00:00:00-04:00,181.31705747801925,183.09062532905872,181.12530776140997,182.45790100097656,1138900,0.0,0.0
2021-07-12 00:00:00-04:00,182.41952783127758,185.26683823602164,181.47041948688016,184.80667114257812,937700,0.0,0.0
2021-07-13 00:00:00-04:00,184.27939595686036,184.79708212873308,182.86053882983077,183.2919464111328,898300,0.0,0.0
2021-07-14 00:00:00-04:00,184.12598941519522,185.2476549010302,182.649613329043,183.05226135253906,931600,0.0,0.0
2021-07-15 00:00:00-04:00,182.06482875128927,184.53825080642613,182.06482875128927,184.25064086914062,905000,0.0,0.0
2021-07-16 00:00:00-04:00,185.39147650984316,185.6694901727691,183.83838876560839,184.31773376464844,1090700,0.0,0.0
2021-07-19 00:00:00-04:00,181.46085636967405,182.6592189643747,180.30084956993565,181.81556701660156,1104800,0.0,0.0
2021-07-20 00:00:00-04:00,182.0839957708705,189.27417120889476,181.83474162192744,188.36341857910156,1335000,0.0,0.0
2021-07-21 00:00:00-04:00,189.34127088118106,190.73136842525201,188.98656027000075,190.4629364013672,730500,0.0,0.0
2021-07-22 00:00:00-04:00,191.4312209372092,191.69007134501837,189.37962482847712,190.4437713623047,768100,0.0,0.0
2021-07-23 00:00:00-04:00,191.73803025807692,193.85674192894703,191.42166075273698,193.1281280517578,765500,0.0,0.0
2021-07-26 00:00:00-04:00,192.6008244941083,193.14728484227925,190.47253142056218,191.4983367919922,797800,0.0,0.0
2021-07-27 00:00:00-04:00,190.40545255787816,193.6266520686917,190.06990515173996,192.47622680664062,936200,0.0,0.0
2021-07-28 00:00:00-04:00,192.41868426699688,193.52117196105618,190.012362905614,190.04112243652344,1214000,0.0,0.0
2021-07-29 00:00:00-04:00,191.84346351085958,194.58531759641014,190.79849488341821,194.2401885986328,1225500,0.0,0.0
2021-07-30 00:00:00-04:00,193.2910694676482,195.34266544375583,192.08312535670763,195.19886779785156,1043200,0.0,0.0
2021-08-02 00:00:00-04:00,195.5727748370225,197.37511685485973,192.7542236826429,192.85968017578125,1045200,0.0,0.0
2021-08-03 00:00:00-04:00,194.0963877543698,198.50635306631625,192.91718849808464,198.02700805664062,1192100,0.0,0.0
2021-08-04 00:00:00-04:00,191.73800716922338,194.27852991283598,189.59053622268644,192.00643920898438,1346300,0.0,0.0
2021-08-05 00:00:00-04:00,192.9843012930781,193.80877528405782,187.05958944430537,187.35678100585938,1443400,0.0,0.0
2021-08-06 00:00:00-04:00,188.2387957999738,189.74393156073458,186.66654471454547,188.8619384765625,825600,0.0,0.0
2021-08-09 00:00:00-04:00,185.01758735325666,186.9828901397377,184.2410361696116,185.88998413085938,1808600,0.0,0.0
2021-08-10 00:00:00-04:00,185.66948596777837,185.88998056637752,183.1769008062904,184.27938842773438,1592900,0.0,0.0
2021-08-11 00:00:00-04:00,185.51610882542695,185.96669432531422,183.96303560446628,185.3435516357422,1056000,0.0,0.0
2021-08-12 00:00:00-04:00,185.79416659193646,186.12969939011404,183.0523119919095,183.88636779785156,884900,0.0,0.0
2021-08-13 00:00:00-04:00,184.06848146070627,184.45195161236995,182.21821676767843,183.2823486328125,741900,0.0,0.0
2021-08-16 00:00:00-04:00,182.85090115828837,187.19376477489348,181.98808619108095,187.13624572753906,832400,0.0,0.0
2021-08-17 00:00:00-04:00,185.6119713960358,185.9379224850517,183.19606850122997,185.6311492919922,839800,0.0,0.0
2021-08-18 00:00:00-04:00,184.76830875570394,186.62816958705739,184.32731957352695,184.3560791015625,1022100,0.0,0.0
2021-08-19 00:00:00-04:00,182.43871450955368,187.2034050995448,181.91143207061575,185.93792724609375,808500,0.0,0.0
2021-08-20 00:00:00-04:00,186.187197259659,186.66654227490832,184.70122478669632,185.4202423095703,815800,0.0,0.0
2021-08-23 00:00:00-04:00,186.98289372990286,187.30885945199773,184.93129768688178,186.44602966308594,647800,0.0,0.0
2021-08-24 00:00:00-04:00,186.61859219971726,188.74688509345626,186.5227173517857,188.46885681152344,641100,0.0,0.0
2021-08-25 00:00:00-04:00,189.2741508129052,193.36776101712957,189.01531505751174,191.21070861816406,1383500,0.0,0.0
2021-08-26 00:00:00-04:00,190.7793237899786,191.83388871758444,189.7631146570764,191.00941467285156,645300,0.0,0.0
2021-08-27 00:00:00-04:00,192.36113544433292,192.8884178502749,190.52045246868377,190.56838989257812,920700,0.0,0.0
2021-08-30 00:00:00-04:00,191.31616957666975,192.63916642677378,190.3287200700828,191.77633666992188,640100,0.0,0.0
2021-08-31 00:00:00-04:00,191.83388244628821,192.05437705905226,189.9644251695156,190.2999725341797,1181300,0.0,0.0
2021-09-01 00:00:00-04:00,190.63552746784293,190.63552746784293,188.5743350273314,189.70559692382812,930300,0.0,0.0
2021-09-02 00:00:00-04:00,191.06136493913553,193.34026491049258,190.49404985429516,193.32102966308594,865500,0.59,0.0
2021-09-03 00:00:00-04:00,193.0229564160128,193.58066123365407,191.6767678199904,192.2537078857422,561500,0.0,0.0
2021-09-07 00:00:00-04:00,190.53253322008135,191.18639967667647,185.72474772704678,185.97476196289062,1041100,0.0,0.0
2021-09-08 00:00:00-04:00,185.24393238319595,186.58049589789334,183.78237644760048,186.00357055664062,799400,0.0,0.0
2021-09-09 00:00:00-04:00,186.54204832696126,187.38822313818585,182.61889420973088,182.85928344726562,1054700,0.0,0.0
2021-09-10 00:00:00-04:00,184.3785310684572,184.62853057435694,182.60926993702765,182.76312255859375,1041000,0.0,0.0
2021-09-13 00:00:00-04:00,184.59011760196307,184.83050687688646,180.59966150711324,181.5131378173828,902100,0.0,0.0
2021-09-14 00:00:00-04:00,181.05155563510513,182.56120712240616,176.2053149564613,176.67648315429688,1369500,0.0,0.0
2021-09-15 00:00:00-04:00,175.8591636930682,181.04195547027336,175.6187744368487,179.78231811523438,1421600,0.0,0.0
2021-09-16 00:00:00-04:00,179.18613901443416,179.6476822306623,178.11881023977304,178.48419189453125,883500,0.0,0.0
2021-09-17 00:00:00-04:00,176.49377215165046,177.849570903684,175.23413495861556,176.73416137695312,4398100,0.0,0.0
2021-09-20 00:00:00-04:00,174.19567958392454,176.08994815581968,173.22449756828715,176.03225708007812,1380900,0.0,0.0
2021-09-21 00:00:00-04:00,176.6861043337703,177.2341988837454,173.95528588879574,174.53221130371094,939100,0.0,0.0
2021-09-22 00:00:00-04:00,174.33027258419872,176.6380033240327,174.33027258419872,175.359130859375,1085800,0.0,0.0
2021-09-23 00:00:00-04:00,176.7822636375446,180.07078687861534,176.64764624190528,178.93614196777344,1492500,0.0,0.0
2021-09-24 00:00:00-04:00,178.48420490189608,179.54192346637114,175.95531997951633,176.19570922851562,957500,0.0,0.0
2021-09-27 00:00:00-04:00,175.19566796909785,175.75337274361434,171.40713135502682,172.4840850830078,1350700,0.0,0.0
2021-09-28 00:00:00-04:00,172.02252045441614,172.33983598638562,169.27246718287427,169.58978271484375,1196500,0.0,0.0
2021-09-29 00:00:00-04:00,170.3205875599003,170.86866739286083,169.3397953608932,169.62826538085938,795400,0.0,0.0
2021-09-30 00:00:00-04:00,170.8590573852496,171.0225203066528,165.993581548937,166.01280212402344,1532500,0.0,0.0
2021-10-01 00:00:00-04:00,166.87822101373712,169.1667167066455,165.50318686818628,168.02247619628906,1217000,0.0,0.0
2021-10-04 00:00:00-04:00,167.38783398620245,168.95517649453788,165.61857273676287,168.2340087890625,1354000,0.0,0.0
2021-10-05 00:00:00-04:00,168.45517952974564,171.9456362664681,167.33976984635828,170.61868286132812,1193800,0.0,0.0
2021-10-06 00:00:00-04:00,168.27246205658216,170.24365668939814,167.18589803505748,170.10903930664062,902000,0.0,0.0
2021-10-07 00:00:00-04:00,171.64754970230135,172.11871795523106,169.82059711243735,170.3975372314453,1273000,0.0,0.0
2021-10-08 00:00:00-04:00,168.8590140763063,169.6090273124262,165.1666389643013,165.4070281982422,1177600,0.0,0.0
2021-10-11 00:00:00-04:00,164.7435483636978,165.3685544909211,163.27236745434348,163.4646759033203,1159800,0.0,0.0
2021-10-12 00:00:00-04:00,164.10893005217025,164.12816530022354,162.137735284273,163.10891723632812,1263500,0.0,0.0
2021-10-13 00:00:00-04:00,164.16662724614105,165.2051105968163,162.82045327611527,164.0704803466797,1060300,0.0,0.0
2021-10-14 00:00:00-04:00,165.43589160568436,168.37825379945244,165.10896573353148,168.3397979736328,1025900,0.0,0.0
2021-10-15 00:00:00-04:00,169.60901819317382,170.17633323344515,167.21473626986457,167.31089782714844,922100,0.0,0.0
2021-10-18 00:00:00-04:00,166.0993598402646,169.5032651312643,165.7531987367566,168.9071044921875,850500,0.0,0.0
2021-10-19 00:00:00-04:00,170.68596475352842,170.84942767038208,168.2243813690592,168.820556640625,937100,0.0,0.0
2021-10-20 00:00:00-04:00,169.4744114871342,170.99367322027794,168.01284082311577,169.7244110107422,947500,0.0,0.0
2021-10-21 00:00:00-04:00,169.58018383387397,174.28219671986983,168.9263174800872,174.18603515625,1349800,0.0,0.0
2021-10-22 00:00:00-04:00,175.00338311166425,176.1380133880857,174.16683317321127,174.1956787109375,1322800,0.0,0.0
2021-10-25 00:00:00-04:00,172.87833353854612,174.97453551253213,170.24367664261544,173.1475830078125,857500,0.0,0.0
2021-10-26 00:00:00-04:00,173.69567485224087,174.15721815440423,172.31103027355368,173.13796997070312,886800,0.0,0.0
2021-10-27 00:00:00-04:00,173.13794435615662,175.10913906412998,170.36865560847912,171.02252197265625,806100,0.0,0.0
2021-10-28 00:00:00-04:00,171.77252736671008,174.8398962848611,171.00327889732452,174.76296997070312,697000,0.0,0.0
2021-10-29 00:00:00-04:00,173.89757566225956,175.52259453999852,173.23409903681278,173.9744873046875,994100,0.0,0.0
2021-11-01 00:00:00-04:00,174.4649027152247,176.099546664742,172.7244869098577,174.359130859375,1078400,0.0,0.0
2021-11-02 00:00:00-04:00,174.92643678794064,177.02263854696704,174.09949723254033,175.9649200439453,1047900,0.0,0.0
2021-11-03 00:00:00-04:00,177.09955627687097,177.09955627687097,168.70516800926057,171.47445678710938,1807600,0.0,0.0
2021-11-04 00:00:00-04:00,172.32061413937967,175.33990214200452,172.00329860975495,173.9456329345703,1452600,0.0,0.0
2021-11-05 00:00:00-04:00,175.2437643776638,178.69575050854985,174.97452958970698,177.5899658203125,1503200,0.0,0.0
2021-11-08 00:00:00-05:00,179.04190609075576,180.37846970120964,177.4841884839204,180.09962463378906,1382800,0.0,0.0
2021-11-09 00:00:00-05:00,179.69577902151687,182.7727585241739,179.51308084176299,182.25350952148438,1459300,0.0,0.0
2021-11-10 00:00:00-05:00,181.18618464704443,183.38815846857636,180.78233245393375,182.16697692871094,1230100,0.0,0.0
2021-11-11 00:00:00-05:00,183.00353956032507,183.38815650043725,180.4457943592114,181.41696166992188,837000,0.0,0.0
2021-11-12 00:00:00-05:00,182.8977867405986,185.53244386624553,181.39774530473716,185.49398803710938,1069500,0.0,0.0
2021-11-15 00:00:00-05:00,184.8400857265693,186.04203189674814,182.86889107303708,183.7919921875,949200,0.0,0.0
2021-11-16 00:00:00-05:00,184.25354041253422,187.50360764006436,183.6573797910374,186.186279296875,942600,0.0,0.0
2021-11-17 00:00:00-05:00,186.7632285859536,187.13823526236558,184.67665147133357,186.56130981445312,1124000,0.0,0.0
2021-11-18 00:00:00-05:00,187.50361075024628,187.84016156149656,185.76319496724392,186.14781188964844,1038800,0.0,0.0
2021-11-19 00:00:00-05:00,185.9939530408102,188.7343962060633,184.76316132358212,188.45555114746094,1513600,0.0,0.0
2021-11-22 00:00:00-05:00,189.72480077439232,191.13829067448313,188.5613250732422,188.5613250732422,1337700,0.0,0.0
2021-11-23 00:00:00-05:00,188.07091735205933,190.5998167856298,186.90744167740587,188.05169677734375,1510600,0.0,0.0
2021-11-24 00:00:00-05:00,187.03243750828267,188.48439789644786,185.33049226670641,187.96514892578125,1834500,0.0,0.0
2021-11-26 00:00:00-05:00,185.4843324157655,188.6574733301906,184.84009101079533,186.78244018554688,1270200,0.0,0.0
2021-11-29 00:00:00-05:00,188.9459180187063,188.9459180187063,184.64775779381833,185.51315307617188,1320500,0.0,0.0
2021-11-30 00:00:00-05:00,184.50354739608696,185.49394985469633,178.84958798406905,179.47459411621094,2558400,0.0,0.0
2021-12-01 00:00:00-05:00,181.8977300957447,185.7439579723934,178.0995830019931,178.31112670898438,1691900,0.0,0.0
2021-12-02 00:00:00-05:00,179.80630460184608,184.99599788722043,179.1407249366561,183.81915283203125,1482900,0.59,0.0
2021-12-03 00:00:00-05:00,184.88023309800482,186.76125096006743,182.7773406457569,186.46221923828125,1270700,0.0,0.0
2021-12-06 00:00:00-05:00,188.10208614317577,189.06671222596128,186.33681864539517,186.6937255859375,1256900,0.0,0.0
2021-12-07 00:00:00-05:00,187.95738325548038,192.5393567863882,187.95738325548038,191.70977783203125,1277800,0.0,0.0
2021-12-08 00:00:00-05:00,191.64225999643537,194.4396844372125,191.2949940216846,194.3432159423828,1303700,0.0,0.0
2021-12-09 00:00:00-05:00,194.48789284134736,195.4525188583667,193.06989141880698,194.51683044433594,1101000,0.0,0.0
2021-12-10 00:00:00-05:00,194.62295538648848,195.61651908558167,193.0988443919994,195.5200653076172,1027400,0.0,0.0
2021-12-13 00:00:00-05:00,195.81909379665808,196.7740789125453,194.18887337010483,195.0859832763672,1227800,0.0,0.0
2021-12-14 00:00:00-05:00,192.8866587859288,195.4622089383618,190.45579667390254,192.73231506347656,1576000,0.0,0.0
2021-12-15 00:00:00-05:00,193.5715372812591,194.6808662397733,191.49759684429642,194.64227294921875,1265600,0.0,0.0
2021-12-16 00:00:00-05:00,196.30141504584807,197.0055879907785,193.61975561488146,195.00881958007812,938900,0.0,0.0
2021-12-17 00:00:00-05:00,194.45896246735882,194.5168376754875,186.74195404432496,187.46542358398438,2230900,0.0,0.0
2021-12-20 00:00:00-05:00,185.90274615901046,187.42685718780274,182.4300862555564,185.02493286132812,959600,0.0,0.0
2021-12-21 00:00:00-05:00,186.82877651668286,188.47829362876746,185.2467902969238,187.55224609375,846000,0.0,0.0
2021-12-22 00:00:00-05:00,187.9959679480659,189.87698577827086,187.66799862772763,189.24998474121094,611200,0.0,0.0
2021-12-23 00:00:00-05:00,189.8769748003407,191.7097729979031,189.82874055742667,190.32070922851562,746300,0.0,0.0
2021-12-27 00:00:00-05:00,191.51685748320122,193.1760155359649,190.7065750999518,192.98309326171875,487800,0.0,0.0
2021-12-28 00:00:00-05:00,193.73549680681256,194.8737632258945,193.11813670936962,194.3432159423828,490900,0.0,0.0
2021-12-29 00:00:00-05:00,194.01526147420202,196.1470770144172,194.01526147420202,195.346435546875,508100,0.0,0.0
2021-12-30 00:00:00-05:00,195.84801701494754,196.07953255546613,193.40751439486846,193.71620178222656,657600,0.0,0.0
2021-12-31 00:00:00-05:00,193.3496253663522,195.6743774094809,193.18564072317622,194.8833770751953,521900,0.0,0.0
2022-01-03 00:00:00-05:00,193.29176281071526,194.5168272344158,187.34966311136688,187.95738220214844,1227000,0.0,0.0
2022-01-04 00:00:00-05:00,188.1406598647746,189.41397332639121,186.94453297310199,188.10208129882812,1723400,0.0,0.0
2022-01-05 00:00:00-05:00,188.5168701623185,189.6937151725044,185.54583475063146,185.85450744628906,1355500,0.0,0.0
2022-01-06 00:00:00-05:00,186.17283741499227,189.85771618440086,185.893102322191,188.1310272216797,1360000,0.0,0.0
2022-01-07 00:00:00-05:00,187.87055541306344,188.41075833978127,182.46865861710762,182.57476806640625,1112000,0.0,0.0
2022-01-10 00:00:00-05:00,180.30788932284582,183.58762653914738,177.70340207865243,183.4139862060547,1906700,0.0,0.0
2022-01-11 00:00:00-05:00,184.25322141460006,187.75481877936514,183.46223568644527,186.63584899902344,1444000,0.0,0.0
2022-01-12 00:00:00-05:00,188.10210258510796,189.01849450005048,185.23716169128951,188.3336181640625,1364500,0.0,0.0
2022-01-13 00:00:00-05:00,188.04420820000445,190.11814836023794,180.95420070697475,181.34970092773438,1507900,0.0,0.0
2022-01-14 00:00:00-05:00,178.77416479542413,179.47833775827766,173.15039261711968,173.63270568847656,2406700,0.0,0.0
2022-01-18 00:00:00-05:00,171.38512976648494,174.6745085370024,169.75490918500742,172.1182403564453,2341800,0.0,0.0
2022-01-19 00:00:00-05:00,172.87061813844502,174.47188598417873,169.4365374885606,169.48477172851562,1922400,0.0,0.0
2022-01-20 00:00:00-05:00,170.98960713756895,174.25004787403125,167.54589981685976,167.60377502441406,2500200,0.0,0.0
2022-01-21 00:00:00-05:00,168.67450227609638,171.25005191954227,166.8706563733779,168.79025268554688,3535600,0.0,0.0
2022-01-24 00:00:00-05:00,164.92211090314947,170.39153863996242,162.88674942346566,170.0153350830078,1981000,0.0,0.0
2022-01-25 00:00:00-05:00,167.3240278404397,168.65520167493924,163.060368084809,166.82241821289062,1415400,0.0,0.0
2022-01-26 00:00:00-05:00,167.63269542487254,170.77737070447836,164.74845855253358,166.43655395507812,1515600,0.0,0.0
2022-01-27 00:00:00-05:00,167.76775772850314,169.60055602082033,162.32726749648108,163.2147216796875,1590000,0.0,0.0
2022-01-28 00:00:00-05:00,163.14719441724253,166.11824416021813,160.46553540800934,166.07965087890625,1797000,0.0,0.0
2022-01-31 00:00:00-05:00,165.27902484490193,167.9317464979779,160.8610357436778,166.97677612304688,1834300,0.0,0.0
2022-02-01 00:00:00-05:00,167.7388373929751,167.7388373929751,159.42376485076298,161.2661895751953,2740700,0.0,0.0
2022-02-02 00:00:00-05:00,162.16328842725153,163.9864311019177,158.35301841310033,159.1150665283203,2756000,0.0,0.0
2022-02-03 00:00:00-05:00,159.63597994572675,160.77423168827625,155.61349084079424,155.86428833007812,1864900,0.0,0.0
2022-02-04 00:00:00-05:00,155.09258667129532,155.95110333085773,151.11833175993135,153.124755859375,2151600,0.0,0.0
2022-02-07 00:00:00-05:00,152.95109493434114,153.96395516973192,150.67457700449194,151.41734313964844,1891500,0.0,0.0
2022-02-08 00:00:00-05:00,153.03792566771156,154.94789595327393,151.58134554803888,153.4334259033203,1757500,0.0,0.0
2022-02-09 00:00:00-05:00,155.81605312036095,158.75816567605588,155.38197431814967,156.44305419921875,2167700,0.0,0.0
2022-02-10 00:00:00-05:00,152.89325389760626,156.29838323275627,149.92220341205083,150.6360321044922,1855600,0.0,0.0
2022-02-11 00:00:00-05:00,151.4752413658448,152.2373042579888,145.75501542911707,146.7967987060547,1643300,0.0,0.0
2022-02-14 00:00:00-05:00,146.33377737617494,147.66496611290523,144.3177123466532,146.09262084960938,1538800,0.0,0.0
2022-02-15 00:00:00-05:00,148.57174110459013,149.6424768449642,147.250193115732,148.5524444580078,1395000,0.0,0.0
2022-02-16 00:00:00-05:00,147.68425616453382,148.928617309699,146.8064429144497,147.2308807373047,1117400,0.0,0.0
2022-02-17 00:00:00-05:00,146.83538131818142,148.48488365259,145.41737982002627,146.0733184814453,1667600,0.0,0.0
2022-02-18 00:00:00-05:00,145.28233970810666,148.44631218646035,145.28233970810666,146.94149780273438,2044500,0.0,0.0
2022-02-22 00:00:00-05:00,146.22768406960185,148.20517074969902,144.4527753705702,145.4077606201172,1533600,0.0,0.0
2022-02-23 00:00:00-05:00,146.43025701385722,146.43025701385722,143.24698767722452,143.7003631591797,1474900,0.0,0.0
2022-02-24 00:00:00-05:00,140.83541120788004,146.18908902979308,140.1023006675652,145.88040161132812,1841800,0.0,0.0
2022-02-25 00:00:00-05:00,146.13118278569917,149.36267071698217,145.13761928692915,149.25656127929688,1771300,0.0,0.0
2022-02-28 00:00:00-05:00,147.2694550344802,149.4977388208507,146.6810325642201,148.48487854003906,1865700,0.0,0.0
2022-03-01 00:00:00-05:00,148.92861066673854,149.09259532388603,144.5684969342006,146.6810302734375,1223900,0.0,0.0
2022-03-02 00:00:00-05:00,147.8964796169089,150.33698245423153,147.66496405578172,149.72926330566406,1576700,0.0,0.0
2022-03-03 00:00:00-05:00,151.33748412264399,151.79281022207445,148.95421025413052,150.27178955078125,1631200,0.67,0.0
2022-03-04 00:00:00-05:00,148.43106059928078,149.73894235700638,145.63120644002916,146.59031677246094,1200000,0.0,0.0
2022-03-07 00:00:00-05:00,146.5612490542413,147.05533573150075,139.95398726342364,140.03147888183594,2013500,0.0,0.0
2022-03-08 00:00:00-05:00,140.04117955476963,144.33299129214652,138.0841835322942,138.32638549804688,2018500,0.0,0.0
2022-03-09 00:00:00-05:00,141.87222682520243,147.53006123721076,141.41688594374898,146.26092529296875,2189900,0.0,0.0
2022-03-10 00:00:00-05:00,144.00359036695497,144.8658287150446,142.48256981260982,144.20704650878906,1092400,0.0,0.0
2022-03-11 00:00:00-05:00,146.30932834493439,147.76253974944115,144.08106790145783,144.18763732910156,1208000,0.0,0.0
2022-03-14 00:00:00-04:00,145.0402367195967,147.2975461100156,143.6838967945137,146.46437072753906,2352000,0.0,0.0
2022-03-15 00:00:00-04:00,147.22972307668047,148.22759393163273,145.59243552355477,147.53973388671875,1443800,0.0,0.0
2022-03-16 00:00:00-04:00,149.01232806718744,153.3041543864419,148.09196359698865,151.61842346191406,1588000,0.0,0.0
2022-03-17 00:00:00-04:00,150.16521325474454,153.16852343297313,149.79706154980659,152.5194091796875,1189000,0.0,0.0
2022-03-18 00:00:00-04:00,151.5409193273922,154.17607781340485,150.30084648489617,153.76918029785156,2002700,0.0,0.0
2022-03-21 00:00:00-04:00,153.0716581344142,153.74982075186014,150.22336035830483,151.45375061035156,1062800,0.0,0.0
2022-03-22 00:00:00-04:00,152.0350077665896,153.20727176153218,151.2987191274377,152.32565307617188,878700,0.0,0.0
2022-03-23 00:00:00-04:00,150.56246367507524,150.69809621173164,147.7916720409474,148.12106323242188,1180400,0.0,0.0
2022-03-24 00:00:00-04:00,148.88635919506677,149.96173632583097,147.96599484309414,149.9036102294922,925400,0.0,0.0
2022-03-25 00:00:00-04:00,150.01018875817147,152.08343675594978,149.23513960007526,150.72711181640625,1237900,0.0,0.0
2022-03-28 00:00:00-04:00,149.99082402980417,152.41284342222835,149.79705065214367,151.88967895507812,1364300,0.0,0.0
2022-03-29 00:00:00-04:00,154.59269162152688,155.79400401807862,152.39349343662562,153.31385803222656,1348200,0.0,0.0
2022-03-30 00:00:00-04:00,152.06408750082247,154.1567012337081,151.70561854196671,153.6432342529297,2165500,0.0,0.0
2022-03-31 00:00:00-04:00,152.9166222711306,153.57541927369425,147.91757038806227,147.93695068359375,1822200,0.0,0.0
2022-04-01 00:00:00-04:00,149.90364571669247,151.0371492121336,147.91758651890146,150.01991271972656,1336300,0.0,0.0
2022-04-04 00:00:00-04:00,148.56668864142318,149.57424229372475,147.3169182455302,149.14796447753906,786600,0.0,0.0
2022-04-05 00:00:00-04:00,147.95634059567962,150.1361583253769,146.74533074584778,149.9230194091797,2070100,0.0,0.0
2022-04-06 00:00:00-04:00,148.63450316275325,149.88427360623237,146.07685095108872,147.24911499023438,1378100,0.0,0.0
2022-04-07 00:00:00-04:00,145.37930474930604,148.95420810917992,145.32117864310234,147.61724853515625,1411600,0.0,0.0
2022-04-08 00:00:00-04:00,147.0941204642963,147.72383975137714,144.36207480759933,145.12744140625,1014200,0.0,0.0
2022-04-11 00:00:00-04:00,144.18766957237423,145.20492073957305,142.66663419976413,143.2479248046875,1775900,0.0,0.0
2022-04-12 00:00:00-04:00,142.9572949211518,146.74533745242792,141.38783081454906,142.32757568359375,1422100,0.0,0.0
2022-04-13 00:00:00-04:00,142.41476406332558,145.0693030826533,142.41476406332558,144.3426971435547,1064000,0.0,0.0
2022-04-14 00:00:00-04:00,144.52674966698498,145.5827614708588,142.9185398520255,143.4320068359375,3455200,0.0,0.0
2022-04-18 00:00:00-04:00,143.43201632002916,144.2554941869636,140.72903392962453,141.40721130371094,724700,0.0,0.0
2022-04-19 00:00:00-04:00,141.98848160119599,145.1855505859377,141.80440573735046,145.05960083007812,951700,0.0,0.0
2022-04-20 00:00:00-04:00,146.51282202780362,150.97902726521812,146.17374811526338,149.71957397460938,1569900,0.0,0.0
2022-04-21 00:00:00-04:00,152.92631767373484,153.63354323099517,147.81101365461322,148.04351806640625,1754500,0.0,0.0
2022-04-22 00:00:00-04:00,147.34597048788984,147.3653507825222,143.93577777426836,144.24578857421875,1196300,0.0,0.0
2022-04-25 00:00:00-04:00,142.8022645464476,144.90459049222946,139.89584113139506,144.7786407470703,924000,0.0,0.0
2022-04-26 00:00:00-04:00,142.9475928356384,143.6160725781643,139.69239805934586,140.19618225097656,1063500,0.0,0.0
2022-04-27 00:00:00-04:00,139.34366024981452,142.47290603676254,139.18864741766643,140.15745544433594,1140500,0.0,0.0
2022-04-28 00:00:00-04:00,139.02393975925952,142.25007198196872,136.1175159315398,141.12625122070312,1568800,0.0,0.0
2022-04-29 00:00:00-04:00,140.07992915703088,141.35876266658585,134.9936877385318,135.5265350341797,1880400,0.0,0.0
2022-05-02 00:00:00-04:00,135.55558731217647,138.30699795100708,133.42421308185465,136.1465606689453,1548800,0.0,0.0
2022-05-03 00:00:00-04:00,136.11748939432124,137.45444882492865,134.4026955310856,135.148681640625,2827200,0.0,0.0
2022-05-04 00:00:00-04:00,134.04426563498646,137.1638283486962,129.63618660188914,136.8053741455078,2391000,0.0,0.0
2022-05-05 00:00:00-04:00,135.8559190694364,137.19287861722864,131.29284242795882,132.4263458251953,1656900,0.0,0.0
2022-05-06 00:00:00-04:00,131.49629614108474,131.76756117873697,127.3788624404203,130.0334014892578,1496900,0.0,0.0
2022-05-09 00:00:00-04:00,128.4348547426536,132.2228819349412,126.91381942930563,130.33370971679688,1446500,0.0,0.0
2022-05-10 00:00:00-04:00,132.0484889243406,132.33913418311045,127.62103075834848,129.15174865722656,1417700,0.0,0.0
2022-05-11 00:00:00-04:00,129.10334980524004,131.0409658209546,126.95259484516991,127.07854461669922,1374700,0.0,0.0
2022-05-12 00:00:00-04:00,126.32286927117468,131.18628936795525,125.95471751598922,130.23684692382812,1780800,0.0,0.0
2022-05-13 00:00:00-04:00,131.14751262971131,134.00550758527376,131.14751262971131,133.6761016845703,1355400,0.0,0.0
2022-05-16 00:00:00-04:00,132.7266802866277,133.4823492545379,129.85900244168081,131.186279296875,911900,0.0,0.0
2022-05-17 00:00:00-04:00,133.00762617820416,133.6470429212958,130.26591291066288,132.5426025390625,1408500,0.0,0.0
2022-05-18 00:00:00-04:00,129.66523910744218,131.2540833902675,125.6931357917961,126.05158996582031,1509900,0.0,0.0
2022-05-19 00:00:00-04:00,125.38312009196497,128.57050644900258,124.66619690442958,126.77820587158203,992100,0.0,0.0
2022-05-20 00:00:00-04:00,128.09578235277704,128.67707300877984,124.13336157010306,126.64257049560547,1407200,0.0,0.0
2022-05-23 00:00:00-04:00,128.54142429961365,128.54142429961365,124.54994050623685,127.40792083740234,1194500,0.0,0.0
2022-05-24 00:00:00-04:00,127.0107242948153,128.07640413769855,124.17210940058341,127.62106323242188,1024100,0.0,0.0
2022-05-25 00:00:00-04:00,127.00102554752053,130.52748575342474,126.52631913198675,129.72337341308594,1500300,0.0,0.0
2022-05-26 00:00:00-04:00,131.37035329289614,133.06576706807746,131.30252964612814,132.5426025390625,1025500,0.0,0.0
2022-05-27 00:00:00-04:00,133.90862713790304,136.18533158232708,133.44360349198234,136.1175079345703,989400,0.0,0.0
2022-05-31 00:00:00-04:00,134.3155420119425,134.72243960249548,132.2616737597693,133.75363159179688,2507900,0.0,0.0
2022-06-01 00:00:00-04:00,134.1120699697435,134.518982295026,130.98282460433882,132.08726501464844,1280200,0.0,0.0
2022-06-02 00:00:00-04:00,133.30425276389263,135.86480520588228,132.5253759712431,135.6700897216797,950400,0.67,0.0
2022-06-03 00:00:00-04:00,134.40441825446948,135.35853453654136,133.8689395252008,134.78411865234375,689300,0.0,0.0
2022-06-06 00:00:00-04:00,135.19300837363275,136.04002880173277,134.2096856369208,134.58938598632812,1123400,0.0,0.0
2022-06-07 00:00:00-04:00,133.49895705013455,136.2444941713633,132.79796948113307,136.05950927734375,873900,0.0,0.0
2022-06-08 00:00:00-04:00,134.9788113296468,136.03029260511835,133.8299797553837,134.22914123535156,746900,0.0,0.0
2022-06-09 00:00:00-04:00,133.44055284121623,134.34600136847692,130.53925206469114,130.7436981201172,1305400,0.0,0.0
2022-06-10 00:00:00-04:00,128.36815228432235,128.52391576380998,125.66156684532861,126.7714614868164,923400,0.0,0.0
2022-06-13 00:00:00-04:00,124.28879489019221,126.109407712521,123.36387776104065,124.2401123046875,1342500,0.0,0.0
2022-06-14 00:00:00-04:00,124.18169130112707,125.96336685602544,122.20529284442824,123.33466339111328,1186400,0.0,0.0
2022-06-15 00:00:00-04:00,124.41535061182569,126.44041678301365,122.81865996620023,124.4445571899414,1084600,0.0,0.0
2022-06-16 00:00:00-04:00,121.76718503259565,122.03978967999899,117.89228452586653,118.7101058959961,1224200,0.0,0.0
2022-06-17 00:00:00-04:00,118.1551520304921,120.08286046020966,117.45416444589695,117.77545166015625,2309900,0.0,0.0
2022-06-21 00:00:00-04:00,119.3331977342475,121.47509764036631,118.78798846969053,120.87147521972656,1604600,0.0,0.0
2022-06-22 00:00:00-04:00,119.13848720434838,122.39028177845178,118.85614455837039,121.66008758544922,1591300,0.0,0.0
2022-06-23 00:00:00-04:00,121.29984802097394,124.2498386115513,120.73517019303964,124.15247344970703,1457200,0.0,0.0
2022-06-24 00:00:00-04:00,125.22343446958455,128.17341789351877,124.40562051867668,128.0176544189453,1883800,0.0,0.0
2022-06-27 00:00:00-04:00,128.4557630214428,128.69916108238814,126.31386305629161,128.00790405273438,962200,0.0,0.0
2022-06-28 00:00:00-04:00,128.2123684029709,129.18596067289295,125.35973532706292,125.50578308105469,984900,0.0,0.0
2022-06-29 00:00:00-04:00,125.2915895631176,126.98563057759661,123.22757131027487,126.64488220214844,1113600,0.0,0.0
2022-06-30 00:00:00-04:00,125.34998835352643,128.11498647297225,124.56138109499352,126.4404067993164,1496600,0.0,0.0
2022-07-01 00:00:00-04:00,126.82987523639439,128.63101210850505,126.1873007420709,127.90081787109375,1197600,0.0,0.0
2022-07-05 00:00:00-04:00,125.74919823451019,128.3584187416223,124.86322558309959,128.24159240722656,1197800,0.0,0.0
2022-07-06 00:00:00-04:00,129.11780885157927,129.11780885157927,126.68382804918431,127.94950103759766,1722100,0.0,0.0
2022-07-07 00:00:00-04:00,127.93001867919051,128.52391055971884,125.96337298471369,127.31666564941406,1579500,0.0,0.0
2022-07-08 00:00:00-04:00,127.98844668511074,128.93281752210575,126.47937569150082,127.61847686767578,1410400,0.0,0.0
2022-07-11 00:00:00-04:00,126.91748934607419,127.80346188020967,126.5767261080716,127.19009399414062,1214100,0.0,0.0
2022-07-12 00:00:00-04:00,127.05378344471299,128.71863266090216,126.09966723824945,126.53778076171875,1275500,0.0,0.0
2022-07-13 00:00:00-04:00,123.99671423300336,125.87574021560206,122.90628819780733,124.2401123046875,1549300,0.0,0.0
2022-07-14 00:00:00-04:00,122.05927089982085,124.62954658282837,121.95217515120554,123.97724151611328,1971800,0.0,0.0
2022-07-15 00:00:00-04:00,126.20677706236953,127.61848295371276,124.58087224446508,126.13861846923828,4404300,0.0,0.0
2022-07-18 00:00:00-04:00,126.10940854602967,126.46963294063448,122.468175449386,123.13021850585938,1105400,0.0,0.0
2022-07-19 00:00:00-04:00,124.71716604055557,129.39039668883962,124.20115593808993,129.13726806640625,1165500,0.0,0.0
2022-07-20 00:00:00-04:00,129.25411914574443,130.63661854398103,128.29027219635003,129.63381958007812,1172000,0.0,0.0
2022-07-21 00:00:00-04:00,130.02325660366398,134.81332900944602,129.7798585249809,134.69650268554688,1501300,0.0,0.0
2022-07-22 00:00:00-04:00,134.8230696106138,136.23477560078922,134.31681226550978,135.5435333251953,1566000,0.0,0.0
2022-07-25 00:00:00-04:00,135.26117376576258,135.6700956129357,134.3557400397759,135.5240478515625,1212400,0.0,0.0
2022-07-26 00:00:00-04:00,135.82585262253724,135.90374178705753,133.34320421170906,135.31959533691406,922400,0.0,0.0
2022-07-27 00:00:00-04:00,135.8453177274415,138.99001635644294,135.6019196787855,138.12351989746094,1023700,0.0,0.0
2022-07-28 00:00:00-04:00,139.1068521273579,141.90105686370495,137.36411384729288,141.54083251953125,1081100,0.0,0.0
2022-07-29 00:00:00-04:00,141.53110777572581,143.41987921303993,140.6061980626871,143.10833740234375,1051400,0.0,0.0
2022-08-01 00:00:00-04:00,141.37536670500842,142.74812077396186,140.71331611161077,142.20291137695312,1204000,0.0,0.0
2022-08-02 00:00:00-04:00,141.03457246705673,143.07912211319535,140.91774615213635,141.37533569335938,1186600,0.0,0.0
2022-08-03 00:00:00-04:00,143.9942975679236,147.8692056811048,142.53390909418872,146.92481994628906,1592000,0.0,0.0
2022-08-04 00:00:00-04:00,147.65498990175445,152.80528586893988,147.34343328112243,150.78021240234375,2451500,0.0,0.0
2022-08-05 00:00:00-04:00,148.94015028889413,150.27398188122015,147.65501614001235,150.2642364501953,1650100,0.0,0.0
2022-08-08 00:00:00-04:00,151.5396338352199,152.91240252806338,150.9360113699296,151.87066650390625,1791500,0.0,0.0
2022-08-09 00:00:00-04:00,150.56603927877066,151.5785835633167,149.87479708328476,150.46868896484375,1314900,0.0,0.0
2022-08-10 00:00:00-04:00,153.78863525390625,154.52856000092453,153.03896507684712,153.78863525390625,1010500,0.0,0.0
2022-08-11 00:00:00-04:00,154.1099051175045,157.2643492410134,153.9930788056169,154.45066833496094,1346000,0.0,0.0
2022-08-12 00:00:00-04:00,155.1516833785951,159.3575947651821,154.20729757478628,159.2407684326172,1174300,0.0,0.0
2022-08-15 00:00:00-04:00,159.05579060303708,161.33400818064786,158.40348545736,161.0029754638672,1069400,0.0,0.0
2022-08-16 00:00:00-04:00,159.25048994751342,162.881984845813,159.25048994751342,162.84303283691406,1706500,0.0,0.0
2022-08-17 00:00:00-04:00,160.42854716815054,163.03778240620937,159.97095757254888,162.02523803710938,1445300,0.0,0.0
2022-08-18 00:00:00-04:00,162.0739140313204,162.9014734422478,161.733150778388,162.5509796142578,1044900,0.0,0.0
2022-08-19 00:00:00-04:00,161.29502754975928,161.76234767381837,158.715014009201,159.3867950439453,1472400,0.0,0.0
2022-08-22 00:00:00-04:00,156.91387645593238,157.52724438713162,154.85959601381444,155.41455078125,1177400,0.0,0.0
2022-08-23 00:00:00-04:00,154.5967179061913,155.7163579873328,153.1655508636272,153.6912841796875,1266900,0.0,0.0
2022-08-24 00:00:00-04:00,153.29210967028425,154.39227375908376,152.79558292917014,153.88600158691406,996800,0.0,0.0
2022-08-25 00:00:00-04:00,154.9958987619628,157.0404486341957,154.23649791932547,156.9722900390625,1034200,0.0,0.0
2022-08-26 00:00:00-04:00,157.34225243907866,157.8290485898269,151.28650713530342,151.46176147460938,1085300,0.0,0.0
2022-08-29 00:00:00-04:00,150.1279235978831,153.07790695873,149.78717522021157,151.73435974121094,1328100,0.0,0.0
2022-08-30 00:00:00-04:00,152.86371576549396,152.9026677752583,149.71901691769676,150.7510223388672,1383100,0.0,0.0
2022-08-31 00:00:00-04:00,151.8317012741567,153.12658068844613,149.96240602478915,150.00135803222656,1753700,0.0,0.0
2022-09-01 00:00:00-04:00,150.21648167772034,153.54116224803022,149.140861577313,153.34559631347656,1241900,0.67,0.0
2022-09-02 00:00:00-04:00,155.56528859790248,155.8586449521753,151.18454911512714,151.9863739013672,1317200,0.0,0.0
2022-09-06 00:00:00-04:00,152.0646286257474,153.94208871729123,149.97204149989608,153.05226135253906,1900500,0.0,0.0
2022-09-07 00:00:00-04:00,153.60961146365796,157.65788769084563,153.21847957455512,157.56988525390625,1192000,0.0,0.0
2022-09-08 00:00:00-04:00,156.10311432122873,160.46430788543643,155.05682833807174,159.6722412109375,1920900,0.0,0.0
2022-09-09 00:00:00-04:00,160.00470568402105,161.10965986004368,159.4179929960248,160.2002716064453,1248600,0.0,0.0
2022-09-12 00:00:00-04:00,161.3443414418291,162.63510333531073,160.23937238944467,161.71592712402344,1151900,0.0,0.0
2022-09-13 00:00:00-04:00,157.83390090481188,160.12205369418544,156.26934357218195,157.11029052734375,1238500,0.0,0.0
2022-09-14 00:00:00-04:00,157.2276272879584,158.03924009964103,155.07637214363282,156.62136840820312,1551500,0.0,0.0
2022-09-15 00:00:00-04:00,156.50402611210646,158.7824057463181,155.05682032908828,155.69241333007812,1281700,0.0,0.0
2022-09-16 00:00:00-04:00,153.7171711065904,153.89319089676889,150.32404908535702,152.24063110351562,2282500,0.0,0.0
2022-09-19 00:00:00-04:00,151.59525399597982,155.7217595881431,151.59525399597982,155.59463500976562,1008900,0.0,0.0
2022-09-20 00:00:00-04:00,154.17676903708377,154.67546445284938,149.8644704136184,151.3116912841797,1267500,0.0,0.0
2022-09-21 00:00:00-04:00,152.83711000477496,153.86384979232133,148.358580062308,148.5639190673828,1484100,0.0,0.0
2022-09-22 00:00:00-04:00,148.05545902045088,148.45637889975515,144.32008537162093,144.37875366210938,1272900,0.0,0.0
2022-09-23 00:00:00-04:00,143.38135338150465,145.4054838728559,142.10037938830487,144.310302734375,1398700,0.0,0.0
2022-09-26 00:00:00-04:00,143.92894444496895,144.85789380102912,141.53322823595354,142.84353637695312,1518200,0.0,0.0
2022-09-27 00:00:00-04:00,144.623199262212,144.89699453552197,140.14468446847496,141.6505584716797,1262900,0.0,0.0
2022-09-28 00:00:00-04:00,142.55018966985628,146.80381979959702,141.6799085416988,146.1291046142578,1148300,0.0,0.0
2022-09-29 00:00:00-04:00,144.59386802942169,144.70143152615222,141.88524938391214,142.7261962890625,1400700,0.0,0.0
2022-09-30 00:00:00-04:00,142.55996817110525,144.8090139009347,141.33766233105945,141.6016845703125,1174900,0.0,0.0
2022-10-03 00:00:00-04:00,143.49869369551,149.56132717413968,143.49869369551,147.64476013183594,1241000,0.0,0.0
2022-10-04 00:00:00-04:00,149.65912896514828,151.70282073406176,149.24843599632777,151.23345947265625,1146600,0.0,0.0
2022-10-05 00:00:00-04:00,148.88658751709696,151.820120806639,148.88658751709696,150.30447387695312,820700,0.0,0.0
2022-10-06 00:00:00-04:00,150.1480422041739,150.76407415973287,147.59586718621642,148.2119140625,1060400,0.0,0.0
2022-10-07 00:00:00-04:00,146.40289862876148,147.20472346347094,142.1688296068158,143.11734008789062,1231300,0.0,0.0
2022-10-10 00:00:00-04:00,144.37874401351814,145.4446059288198,143.27378980146995,144.5547637939453,750700,0.0,0.0
2022-10-11 00:00:00-04:00,143.66493634362124,146.6375924798407,142.31550593173705,144.04629516601562,1085000,0.0,0.0
2022-10-12 00:00:00-04:00,144.83833817082262,145.08279932216183,141.70923841782567,141.77769470214844,1159700,0.0,0.0
2022-10-13 00:00:00-04:00,138.85394968117382,144.72101797756144,135.98887182505314,143.7920684814453,1917900,0.0,0.0
2022-10-14 00:00:00-04:00,143.6942709940748,146.07044129635037,137.8467640566023,138.85394287109375,1067000,0.0,0.0
2022-10-17 00:00:00-04:00,142.01235719901592,144.2516295328137,141.67012056526335,144.15383911132812,1722200,0.0,0.0
2022-10-18 00:00:00-04:00,147.4785265901638,148.29991245568053,144.4667634958783,146.6082305908203,1034600,0.0,0.0
2022-10-19 00:00:00-04:00,145.26860448439555,146.2268881009803,140.98563997566194,141.92437744140625,1014900,0.0,0.0
2022-10-20 00:00:00-04:00,141.68967952070557,141.68967952070557,136.39955146435244,137.15248107910156,1378400,0.0,0.0
2022-10-21 00:00:00-04:00,137.7000731562623,142.5599467178756,136.50710164224463,141.6505584716797,1780100,0.0,0.0
2022-10-24 00:00:00-04:00,143.97786055013574,145.7966523085536,142.45241026829646,144.0169677734375,1239900,0.0,0.0
2022-10-25 00:00:00-04:00,143.71381156862307,151.22365038666993,143.71381156862307,150.5489501953125,1700400,0.0,0.0
2022-10-26 00:00:00-04:00,151.1454625093761,153.5998473360259,148.9550850089231,150.92054748535156,1341400,0.0,0.0
2022-10-27 00:00:00-04:00,152.41663254890975,155.09593211595984,152.1917324694186,152.876220703125,1332500,0.0,0.0
2022-10-28 00:00:00-04:00,153.0326809143972,158.28370167657243,151.79081408636245,157.3743133544922,1125500,0.0,0.0
2022-10-31 00:00:00-04:00,156.07377694292504,157.5112096961893,155.76085950949837,156.0933380126953,1334800,0.0,0.0
2022-11-01 00:00:00-04:00,156.54314274918636,158.6259565792449,154.5874534952647,156.24978637695312,2032600,0.0,0.0
2022-11-02 00:00:00-04:00,158.42058758066977,165.21661902849667,155.78041032303463,157.24717712402344,2298900,0.0,0.0
2022-11-03 00:00:00-04:00,155.8097646035893,162.7329065895496,155.49686207104568,161.12924194335938,2062700,0.0,0.0
2022-11-04 00:00:00-04:00,163.88675380102268,165.03083014278104,160.112273212342,163.04580688476562,1205500,0.0,0.0
2022-11-07 00:00:00-05:00,163.77921557479993,165.07975082740683,161.02168633527413,163.86721801757812,1602100,0.0,0.0
2022-11-08 00:00:00-05:00,164.41480266653318,167.33856360928885,163.49562628690376,166.15536499023438,1681200,0.0,0.0
2022-11-09 00:00:00-05:00,164.89395629559527,166.81052354919873,161.78440239534433,162.0777587890625,1241800,0.0,0.0
2022-11-10 00:00:00-05:00,167.55369083584816,173.48920024745937,167.55369083584816,172.85360717773438,1744700,0.0,0.0
2022-11-11 00:00:00-05:00,173.6945408967902,177.59613129757668,171.37703905104368,172.1788787841797,1627500,0.0,0.0
2022-11-14 00:00:00-05:00,171.02501874445753,172.53090782080463,169.85160817997303,170.0960693359375,1387100,0.0,0.0
2022-11-15 00:00:00-05:00,172.66781000283473,174.1248039020815,171.10325259531166,172.96116638183594,1152400,0.0,0.0
2022-11-16 00:00:00-05:00,173.46961661960742,173.46961661960742,171.6703862346187,172.12997436523438,1055700,0.0,0.0
2022-11-17 00:00:00-05:00,169.14755197157768,170.67298713538352,167.01585794029114,170.61431884765625,1219100,0.0,0.0
2022-11-18 00:00:00-05:00,172.60912242605488,173.93899159764942,170.70232855667538,172.3353271484375,1102400,0.0,0.0
2022-11-21 00:00:00-05:00,172.24732435409808,173.56742056329193,171.86596554799928,172.31578063964844,972200,0.0,0.0
2022-11-22 00:00:00-05:00,173.66519592852487,175.454638302946,173.06871016347665,174.7994842529297,1301300,0.0,0.0
2022-11-23 00:00:00-05:00,175.1906567081708,177.28324372962823,174.83863202602254,175.37644958496094,1562500,0.0,0.0
2022-11-25 00:00:00-05:00,176.0413644999621,176.0413644999621,174.32036335239408,174.98529052734375,431800,0.0,0.0
2022-11-28 00:00:00-05:00,173.59676843170053,174.26171058660967,169.98851910067023,170.52633666992188,928100,0.0,0.0
2022-11-29 00:00:00-05:00,170.24275598583858,172.06154759376832,169.812501961488,171.113037109375,985800,0.0,0.0
2022-11-30 00:00:00-05:00,170.80989664576205,174.6821680327184,169.16712479238527,174.467041015625,2959800,0.0,0.0
2022-12-01 00:00:00-05:00,175.72340604556297,176.66568192523445,172.96530770817463,174.88909912109375,929400,0.67,0.0
2022-12-02 00:00:00-05:00,172.2978539046845,176.6165970037505,172.2978539046845,175.70376586914062,1027200,0.0,0.0
2022-12-05 00:00:00-05:00,172.50397800483762,174.2216563064505,171.04149223061367,172.75917053222656,1012300,0.0,0.0
2022-12-06 00:00:00-05:00,173.30883841432183,173.57384085189992,168.32266194061242,169.92254638671875,846800,0.0,0.0
2022-12-07 00:00:00-05:00,169.85385697715958,173.72108956525793,169.6673637847944,172.150634765625,1647600,0.0,0.0
2022-12-08 00:00:00-05:00,172.15064145605862,174.88910508304582,171.73840042495127,173.88795471191406,1170900,0.0,0.0
2022-12-09 00:00:00-05:00,173.73090933975305,174.86948838526553,171.5421003817354,172.02304077148438,914400,0.0,0.0
2022-12-12 00:00:00-05:00,169.28455447689825,172.1604314481374,168.9704575503238,171.9739532470703,1317800,0.0,0.0
2022-12-13 00:00:00-05:00,177.4312763802338,177.47053101118735,171.08077271458828,173.01438903808594,2002400,0.0,0.0
2022-12-14 00:00:00-05:00,172.7493381216926,175.38965710634412,171.55186992064645,173.27935791015625,1087400,0.0,0.0
2022-12-15 00:00:00-05:00,170.69795538202104,170.70776529430913,166.37921263777608,167.70428466796875,1619600,0.0,0.0
2022-12-16 00:00:00-05:00,166.9387193943656,167.8319157981828,165.52531299205435,167.2135467529297,1570800,0.0,0.0
2022-12-19 00:00:00-05:00,166.90925708817636,168.64657018936717,164.27874767728622,165.69215393066406,1104900,0.0,0.0
2022-12-20 00:00:00-05:00,165.427127031012,166.59515060336088,164.82839288791573,165.6332550048828,746100,0.0,0.0
2022-12-21 00:00:00-05:00,166.2417997331513,168.39135371422964,165.89827307792993,167.8024444580078,877900,0.0,0.0
2022-12-22 00:00:00-05:00,165.8197441685781,166.92887828642685,163.06164620748714,166.173095703125,1037300,0.0,0.0
2022-12-23 00:00:00-05:00,165.7608664029068,167.16444775080998,164.8087806727625,166.81109619140625,659400,0.0,0.0
2022-12-27 00:00:00-05:00,166.76201315822317,168.03800570566878,166.0651349438184,166.9779510498047,551800,0.0,0.0
2022-12-28 00:00:00-05:00,167.95948857693574,168.62693708194809,164.27874932882992,164.28857421875,538700,0.0,0.0
2022-12-29 00:00:00-05:00,165.701976923842,167.95948496590543,163.6603918008829,167.2822265625,924500,0.0,0.0
2022-12-30 00:00:00-05:00,165.8982741850699,166.4871834452219,163.57203692772484,164.98544311523438,665700,0.0,0.0
2023-01-03 00:00:00-05:00,167.733729103387,168.53859121863394,165.7903031090335,168.36190795898438,1149600,0.0,0.0
2023-01-04 00:00:00-05:00,170.36425319938903,171.99358241940254,169.2845636768199,171.090576171875,1124600,0.0,0.0
2023-01-05 00:00:00-05:00,168.84288424722058,169.67717620305643,166.90926792462577,168.774169921875,1113600,0.0,0.0
2023-01-06 00:00:00-05:00,170.84520330241978,176.15528711538073,170.18757963821642,175.2032012939453,1199200,0.0,0.0
2023-01-09 00:00:00-05:00,176.155296774214,178.56004373235766,173.78980444993556,174.7909698486328,1368800,0.0,0.0
2023-01-10 00:00:00-05:00,173.92720057918686,175.72340318083303,173.54440428552238,175.625244140625,706000,0.0,0.0
2023-01-11 00:00:00-05:00,176.65585171713948,178.45205429399854,176.64604180404075,177.11717224121094,1026700,0.0,0.0
2023-01-12 00:00:00-05:00,178.2851830681202,178.29499298051235,175.81172224144203,177.03863525390625,1170000,0.0,0.0
2023-01-13 00:00:00-05:00,176.22395793675915,180.19915897344003,175.20317293083627,179.92433166503906,778800,0.0,0.0
2023-01-17 00:00:00-05:00,180.26788564422276,180.54271297145985,175.63506073227464,176.4202880859375,1761500,0.0,0.0
2023-01-18 00:00:00-05:00,176.4987962596846,177.1564198026635,170.09921412852336,170.5801544189453,1774600,0.0,0.0
2023-01-19 00:00:00-05:00,169.30420431351786,169.32382414044667,163.70946838357432,163.9646759033203,2078900,0.0,0.0
2023-01-20 00:00:00-05:00,164.897134135782,166.801305819141,163.2874246159162,166.74241638183594,2082500,0.0,0.0
2023-01-23 00:00:00-05:00,166.86999200639843,168.72508402000386,165.33880684938654,167.79263305664062,1467800,0.0,0.0
2023-01-24 00:00:00-05:00,169.91273781864186,172.06229191336118,166.5755402593936,171.53225708007812,1547100,0.0,0.0
2023-01-25 00:00:00-05:00,169.3630752842912,171.19853235883258,167.9889237237598,171.0120391845703,752300,0.0,0.0
2023-01-26 00:00:00-05:00,172.33713494258083,172.5530728607062,169.49068737500434,172.28805541992188,720600,0.0,0.0
2023-01-27 00:00:00-05:00,172.27822464793013,174.46703330541249,171.62060105942973,173.7603302001953,665900,0.0,0.0
2023-01-30 00:00:00-05:00,172.70028168579256,174.07443331791526,171.61078227457344,171.91505432128906,710700,0.0,0.0
2023-01-31 00:00:00-05:00,173.5149442426405,175.9589603490646,173.0732585546511,175.8117218017578,1646500,0.0,0.0
2023-02-01 00:00:00-05:00,175.32095163132553,177.3429018172155,171.49298914123918,175.4976348876953,2313200,0.0,0.0
2023-02-02 00:00:00-05:00,181.58312633488725,184.52771757275028,177.1367947638713,182.2211151123047,2426200,0.0,0.0
2023-02-03 00:00:00-05:00,182.80024142707,184.75347749102949,181.2985009954265,182.859130859375,1594600,0.0,0.0
2023-02-06 00:00:00-05:00,180.99420888136163,183.13395304910895,179.698596476156,181.60276794433594,1528200,0.0,0.0
2023-02-07 00:00:00-05:00,178.6385474816402,179.69860219799799,174.6240914101786,177.11717224121094,1905500,0.0,0.0
2023-02-08 00:00:00-05:00,175.075576280228,180.1010222166139,174.89890799351352,179.4041290283203,1807200,0.0,0.0
2023-02-09 00:00:00-05:00,181.34755946487005,183.19284149245462,178.10852098082958,178.2066650390625,1516200,0.0,0.0
2023-02-10 00:00:00-05:00,178.28519634086507,179.95379516664497,177.52941367537127,179.7574920654297,1144200,0.0,0.0
2023-02-13 00:00:00-05:00,181.12184092291886,183.71308111503745,180.6507104271614,183.19287109375,1189200,0.0,0.0
2023-02-14 00:00:00-05:00,182.0248320078493,184.27254528660595,181.38684316039348,182.25057983398438,1103700,0.0,0.0
2023-02-15 00:00:00-05:00,181.23961398480918,183.85048889872414,181.23961398480918,183.72288513183594,757500,0.0,0.0
2023-02-16 00:00:00-05:00,180.65069403102032,182.770803534957,179.72805295188306,180.640869140625,957200,0.0,0.0
2023-02-17 00:00:00-05:00,179.8065537806076,181.6910903242083,179.0016916752654,180.77825927734375,908200,0.0,0.0
2023-02-21 00:00:00-05:00,179.16855778634653,180.0715789600838,175.75283608952103,176.58714294433594,1141200,0.0,0.0
2023-02-22 00:00:00-05:00,177.07791787979204,178.2263067466757,175.78229045440543,176.93067932128906,843300,0.0,0.0
2023-02-23 00:00:00-05:00,178.63854634274486,179.14894638298904,175.79211395774047,178.3342742919922,871000,0.0,0.0
2023-02-24 00:00:00-05:00,176.76382101729175,181.73036286294237,175.3111600965917,178.34408569335938,1001200,0.0,0.0
2023-02-27 00:00:00-05:00,180.3758454451734,182.4468751841602,179.91452495992766,180.88623046875,1281200,0.0,0.0
2023-02-28 00:00:00-05:00,181.70091926121768,182.8983876554948,180.55253038676506,181.55369567871094,1905800,0.0,0.0
2023-03-01 00:00:00-05:00,180.70956662272178,183.39896537114433,180.70956662272178,182.23094177246094,1386100,0.0,0.0
2023-03-02 00:00:00-05:00,181.60023636074462,184.69474234713195,180.72313159179862,184.408935546875,1403200,0.75,0.0
2023-03-03 00:00:00-05:00,185.5225547438829,191.70171655467712,184.714428031013,191.2976531982422,2332700,0.0,0.0
2023-03-06 00:00:00-05:00,190.94287604978658,193.37709095005775,189.17881686958526,189.27735900878906,2129600,0.0,0.0
2023-03-07 00:00:00-05:00,189.6321296421871,191.32721070222703,186.91212319216882,188.10458374023438,1327100,0.0,0.0
2023-03-08 00:00:00-05:00,188.9817071363819,189.6222987265818,187.2964906489682,188.68606567382812,1158700,0.0,0.0
2023-03-09 00:00:00-05:00,189.80953534988103,190.77533248276941,186.1237166460024,186.3405303955078,1548000,0.0,0.0
2023-03-10 00:00:00-05:00,186.45880871810496,187.0599714504415,181.7579137468083,183.48255920410156,2141000,0.0,0.0
2023-03-13 00:00:00-04:00,181.26515884767701,184.28083726613136,180.24023330144658,182.38865661621094,1529300,0.0,0.0
2023-03-14 00:00:00-04:00,185.29590561764468,186.88257998399428,183.6205388113803,186.36026000976562,1245900,0.0,0.0
2023-03-15 00:00:00-04:00,182.51674239822293,182.87152717006666,173.83438774688776,175.99266052246094,2210400,0.0,0.0
2023-03-16 00:00:00-04:00,173.80482708868462,178.98861271231877,172.31670998017245,178.54513549804688,1915700,0.0,0.0
2023-03-17 00:00:00-04:00,176.69235004937372,176.95844236467855,172.5926336419569,174.95785522460938,2266400,0.0,0.0
2023-03-20 00:00:00-04:00,176.22919802110712,179.31383921707766,176.12079113960567,178.7718048095703,1492400,0.0,0.0
2023-03-21 00:00:00-04:00,181.6002364244292,181.81705019100553,178.91964352649848,180.38804626464844,1419000,0.0,0.0
2023-03-22 00:00:00-04:00,180.36833431349294,184.29066620723697,178.59441045475762,179.01817321777344,1867100,0.0,0.0
2023-03-23 00:00:00-04:00,179.14628536789743,183.22630251533593,178.30859454928463,180.25991821289062,1671100,0.0,0.0
2023-03-24 00:00:00-04:00,177.94396629698147,179.45179779287676,176.23903549504547,179.43209838867188,1695700,0.0,0.0
2023-03-27 00:00:00-04:00,181.14688668833585,181.33413630033235,177.9439739547702,178.387451171875,1666700,0.0,0.0
2023-03-28 00:00:00-04:00,178.78165250790255,181.41296652146826,178.072082994389,180.04310607910156,1172900,0.0,0.0
2023-03-29 00:00:00-04:00,181.63965026403937,182.66459080374702,180.71326690466628,182.418212890625,1300600,0.0,0.0
2023-03-30 00:00:00-04:00,183.23615221709503,183.72890798387607,180.0135403295001,180.25991821289062,1173400,0.0,0.0
2023-03-31 00:00:00-04:00,181.1271577516202,181.8761561396707,179.69816903853638,181.3144073486328,2119800,0.0,0.0
2023-04-03 00:00:00-04:00,180.5260124099998,181.9944301461332,180.37819168120387,181.03848266601562,1121900,0.0,0.0
2023-04-04 00:00:00-04:00,180.55557328155675,180.87092915024266,169.81348862633223,171.26219177246094,2017500,0.0,0.0
2023-04-05 00:00:00-04:00,170.20771921061237,171.12423780289956,165.81233075064307,168.01988220214844,3700900,0.0,0.0
2023-04-06 00:00:00-04:00,167.62565932671566,170.05002440542944,165.9897065115185,168.2071075439453,2860100,0.0,0.0
2023-04-10 00:00:00-04:00,167.51725706283074,169.1236457781561,166.73870951772346,168.61117553710938,1221800,0.0,0.0
2023-04-11 00:00:00-04:00,169.2418950270094,170.8384339707865,168.35494064313218,168.5618896484375,2123400,0.0,0.0
2023-04-12 00:00:00-04:00,170.20772416776188,173.45990059175543,169.15321948118725,172.36598205566406,3617100,0.0,0.0
2023-04-13 00:00:00-04:00,172.06046193722554,173.7358286039407,168.57175758507074,173.22337341308594,1681500,0.0,0.0
2023-04-14 00:00:00-04:00,173.42047082021048,176.00250630135733,171.3410408222578,172.44480895996094,771100,0.0,0.0
2023-04-17 00:00:00-04:00,172.72075510669188,174.051201762553,171.97177171509122,173.92308044433594,3098300,0.0,0.0
2023-04-18 00:00:00-04:00,175.39150877123456,176.2981776806649,171.9914966014422,173.5387420654297,1270100,0.0,0.0
2023-04-19 00:00:00-04:00,172.45467819713485,174.6425151255048,172.45467819713485,173.8836669921875,1221900,0.0,0.0
2023-04-20 00:00:00-04:00,173.05583312145743,174.40597912451307,172.56307734951443,173.8935089111328,2382300,0.0,0.0
2023-04-21 00:00:00-04:00,173.90338526777674,175.1746886277214,172.95728750585153,174.36656188964844,4199600,0.0,0.0
2023-04-24 00:00:00-04:00,175.94338053037558,176.33757914584737,173.85410080049127,175.15496826171875,1061900,0.0,0.0
2023-04-25 00:00:00-04:00,176.13062953170524,178.99847181822108,175.60830960102598,176.24888610839844,1166500,0.0,0.0
2023-04-26 00:00:00-04:00,174.3369922413475,178.25933915137617,174.13004323095848,175.1155548095703,2290400,0.0,0.0
2023-04-27 00:00:00-04:00,176.8993238670164,182.9503642044688,176.26859707423583,182.81239318847656,1686500,0.0,0.0
2023-04-28 00:00:00-04:00,183.2065970964233,184.57645759402718,181.80717245437364,183.11790466308594,1295900,0.0,0.0
2023-05-01 00:00:00-04:00,183.53181134799135,185.99559021764918,183.24601961570468,184.9805145263672,1198600,0.0,0.0
2023-05-02 00:00:00-04:00,184.7045661814082,186.46864021289323,183.28542719496798,185.8280487060547,1915300,0.0,0.0
2023-05-03 00:00:00-04:00,184.33993541353001,186.83327839114463,174.27785603636372,175.16482543945312,3335200,0.0,0.0
2023-05-04 00:00:00-04:00,174.60308949955984,177.6483167542531,172.7799020503669,173.45004272460938,1633800,0.0,0.0
2023-05-05 00:00:00-04:00,174.66220405323,176.11090720370382,172.9375588776862,174.248291015625,1705900,0.0,0.0
2023-05-08 00:00:00-04:00,174.65237013023489,175.21410393283625,170.8778588290878,174.18917846679688,1687500,0.0,0.0
2023-05-09 00:00:00-04:00,173.76542293579726,175.70686706936135,173.31208095605552,175.23382568359375,1219600,0.0,0.0
2023-05-10 00:00:00-04:00,176.87962938036566,177.6384775727901,173.4697674414201,176.09121704101562,824200,0.0,0.0
2023-05-11 00:00:00-04:00,175.1056886591426,175.7561299048382,173.12481581566587,174.27786254882812,998800,0.0,0.0
2023-05-12 00:00:00-04:00,174.97758339607043,176.85991411603172,172.42511202226447,175.15496826171875,863900,0.0,0.0
2023-05-15 00:00:00-04:00,174.26802588163662,176.11092784457338,173.331792827011,175.5688934326172,949300,0.0,0.0
2023-05-16 00:00:00-04:00,174.52424715410885,174.65236847529243,170.2372806794208,170.36538696289062,1160400,0.0,0.0
2023-05-17 00:00:00-04:00,171.12423471292112,173.7555488971626,170.07959481629868,172.45468139648438,1301300,0.0,0.0
2023-05-18 00:00:00-04:00,171.47901805418687,172.986849596129,169.91205822239814,172.63206481933594,1403100,0.0,0.0
2023-05-19 00:00:00-04:00,174.1004890953258,174.6228090590002,169.6755364393997,170.7694549560547,1597800,0.0,0.0
2023-05-22 00:00:00-04:00,171.08481820400922,171.5381451147267,167.8621910910429,168.7491455078125,1421800,0.0,0.0
2023-05-23 00:00:00-04:00,167.69465705918398,167.69465705918398,164.89580773100926,165.58566284179688,1628900,0.0,0.0
2023-05-24 00:00:00-04:00,165.2308840019443,165.56595434812124,162.93464009247145,163.80189514160156,1094100,0.0,0.0
2023-05-25 00:00:00-04:00,164.7578329348948,165.9207445191944,163.19087299661248,165.0830535888672,1190500,0.0,0.0
2023-05-26 00:00:00-04:00,165.19145829262834,166.40364845171672,164.08769005448065,164.3833465576172,2089600,0.0,0.0
2023-05-30 00:00:00-04:00,165.06333830295364,165.42797277185187,163.1612931528962,164.16651916503906,1508000,0.0,0.0
2023-05-31 00:00:00-04:00,163.68363052083055,163.98913673410055,160.80593823384416,160.8650665283203,2930200,0.0,0.0
2023-06-01 00:00:00-04:00,160.86505508071662,164.74609113404793,160.42942596431047,164.26097106933594,1639400,0.75,0.0
2023-06-02 00:00:00-04:00,167.2410306271322,171.5675905084733,167.16182396822458,171.29037475585938,1063000,0.0,0.0
2023-06-05 00:00:00-04:00,171.93394120566182,172.0329382093229,169.92411923510437,170.6963653564453,735700,0.0,0.0
2023-06-06 00:00:00-04:00,169.98351632561253,173.79524078424183,169.9241151034348,173.00320434570312,1014600,0.0,0.0
2023-06-07 00:00:00-04:00,173.09230565435226,176.21099066624458,171.5379031788215,174.40908813476562,1262100,0.0,0.0
2023-06-08 00:00:00-04:00,173.27050929106537,175.56745725543252,172.93389229505087,175.12193298339844,997500,0.0,0.0
2023-06-09 00:00:00-04:00,175.60704679494154,176.19119404036053,173.27050313464383,174.47837829589844,1018100,0.0,0.0
2023-06-12 00:00:00-04:00,174.62690207761977,175.02292029430726,173.6170359858021,174.02296447753906,1318500,0.0,0.0
2023-06-13 00:00:00-04:00,174.55758751165408,179.26037551098352,174.55758751165408,179.24057006835938,1355500,0.0,0.0
2023-06-14 00:00:00-04:00,180.44843725811313,181.50780933826957,178.9138554330277,179.5771942138672,1281200,0.0,0.0
2023-06-15 00:00:00-04:00,179.7851115429344,183.8740669011783,179.6564139300384,183.4087371826172,1121800,0.0,0.0
2023-06-16 00:00:00-04:00,185.0027202758711,185.99278085422702,184.30968089244706,185.2007293701172,2100900,0.0,0.0
2023-06-20 00:00:00-04:00,183.73545354357447,184.9928347737747,183.49783355378918,183.86416625976562,992500,0.0,0.0
2023-06-21 00:00:00-04:00,183.2602263418147,185.73537788556087,182.408773606481,184.11167907714844,1157000,0.0,0.0
2023-06-22 00:00:00-04:00,184.37899179022244,185.17104333667692,182.39887047764964,183.02261352539062,1371200,0.0,0.0
2023-06-23 00:00:00-04:00,182.19096321732854,184.91362997754572,181.14150135598507,184.3096923828125,1990700,0.0,0.0
2023-06-26 00:00:00-04:00,184.05225886870926,186.51751519285702,183.74534250089735,184.64630126953125,1040400,0.0,0.0
2023-06-27 00:00:00-04:00,186.1215206483399,187.49770444823366,185.3888702751751,186.46803283691406,1222000,0.0,0.0
2023-06-28 00:00:00-04:00,185.72546885785,185.72546885785,184.13147064868977,184.88392639160156,976900,0.0,0.0
2023-06-29 00:00:00-04:00,185.69578342493006,188.11153396243006,184.9631481717432,188.1016387939453,1029600,0.0,0.0
2023-06-30 00:00:00-04:00,189.21049047636924,190.80448871915598,188.49764560337601,189.35899353027344,996700,0.0,0.0
2023-07-03 00:00:00-04:00,188.20060798120087,190.65596904395437,187.27985891301222,189.29957580566406,447100,0.0,0.0
2023-07-05 00:00:00-04:00,187.61649896633102,189.3887009373995,187.27988196065075,187.88381958007812,890600,0.0,0.0
2023-07-06 00:00:00-04:00,187.2006608677861,188.9629675348125,186.10169299276396,187.92340087890625,1071000,0.0,0.0
2023-07-07 00:00:00-04:00,187.21057345879694,189.62632397518212,186.2898242625551,187.30958557128906,769300,0.0,0.0
2023-07-10 00:00:00-04:00,188.1313467165006,191.6856611600802,187.7452236308071,191.67576599121094,794200,0.0,0.0
2023-07-11 00:00:00-04:00,192.44798824349454,193.24002465417888,190.85399004023412,191.9925537109375,932400,0.0,0.0
2023-07-12 00:00:00-04:00,193.74496178810267,195.42806179151594,191.99255029106973,192.54698181152344,1014400,0.0,0.0
2023-07-13 00:00:00-04:00,191.85394751209319,193.78456271755044,191.12129720794152,193.49745178222656,788700,0.0,0.0
2023-07-14 00:00:00-04:00,193.59645946826282,194.60632559576126,192.23018599742895,194.3588104248047,936300,0.0,0.0
2023-07-17 00:00:00-04:00,193.65586857148628,197.84382087776962,193.65586857148628,196.87356567382812,927400,0.0,0.0
2023-07-18 00:00:00-04:00,195.82408837911947,197.8042096696423,195.82408837911947,197.22007751464844,906900,0.0,0.0
2023-07-19 00:00:00-04:00,195.59637657299209,197.02206630409157,193.23013226035866,193.90338134765625,1211200,0.0,0.0
2023-07-20 00:00:00-04:00,194.97265157274862,194.97265157274862,191.66585237272056,193.67567443847656,1453600,0.0,0.0
2023-07-21 00:00:00-04:00,193.66576564537536,194.07169414029923,190.51736490162352,191.96286010742188,1349100,0.0,0.0
2023-07-24 00:00:00-04:00,192.27968378804647,194.9924402765634,192.08165957409142,192.53709411621094,943700,0.0,0.0
2023-07-25 00:00:00-04:00,192.14107497351247,193.39844110471378,191.38861922122513,192.4974822998047,937400,0.0,0.0
2023-07-26 00:00:00-04:00,191.69554010351325,192.7945080401036,190.64607822133496,192.34898376464844,1068600,0.0,0.0
2023-07-27 00:00:00-04:00,193.26974697446278,195.92310227658552,192.64600392796865,195.16075134277344,1414800,0.0,0.0
2023-07-28 00:00:00-04:00,197.62600774815877,197.7547204674586,196.01220404786696,196.58644104003906,1026600,0.0,0.0
2023-07-31 00:00:00-04:00,197.92301706589993,198.08143038672506,196.09139892328298,197.4576873779297,1069000,0.0,0.0
2023-08-01 00:00:00-04:00,196.96267123709302,199.8338411245623,195.9132093486681,197.05177307128906,1163800,0.0,0.0
2023-08-02 00:00:00-04:00,199.68532074884976,206.58604419834407,198.012115951916,203.02182006835938,2209600,0.0,0.0
2023-08-03 00:00:00-04:00,203.24954145704254,206.26922942034392,200.9724140783781,203.20994567871094,1563900,0.0,0.0
2023-08-04 00:00:00-04:00,205.48708091067112,205.48708091067112,201.35853001430843,202.1604766845703,1089800,0.0,0.0
2023-08-07 00:00:00-04:00,203.44757019888584,207.09098617155365,203.2495459814405,206.27914428710938,906600,0.0,0.0
2023-08-08 00:00:00-04:00,204.9425502193015,204.9524453870268,202.33868593054396,203.49705505371094,995800,0.0,0.0
2023-08-09 00:00:00-04:00,203.09113651985575,203.91288863397847,199.70513106724667,200.041748046875,757100,0.0,0.0
2023-08-10 00:00:00-04:00,200.0021388745634,202.80401222054144,198.81406916109552,200.12095642089844,882900,0.0,0.0
2023-08-11 00:00:00-04:00,199.65562564216864,202.20998382119683,199.65562564216864,201.14071655273438,729400,0.0,0.0
2023-08-14 00:00:00-04:00,200.40807904196467,202.91293132891224,199.7150395942745,202.81393432617188,733600,0.0,0.0
2023-08-15 00:00:00-04:00,201.41794495303782,202.40800562220758,200.44768972724697,201.02191162109375,830600,0.0,0.0
2023-08-16 00:00:00-04:00,200.3090762467159,203.2198418428416,199.9922495900041,201.11102294921875,955300,0.0,0.0
2023-08-17 00:00:00-04:00,200.98231615796317,201.4377507136343,195.2498715215788,195.6656951904297,910800,0.0,0.0
2023-08-18 00:00:00-04:00,194.3687189470757,196.71515791229947,194.10139833485815,194.99244689941406,775000,0.0,0.0
2023-08-21 00:00:00-04:00,194.95284407369832,197.08146840494337,193.37865128321698,196.4478302001953,726100,0.0,0.0
2023-08-22 00:00:00-04:00,196.77454970401908,197.25968485003094,194.35879935592138,195.2696533203125,638100,0.0,0.0
2023-08-23 00:00:00-04:00,195.65577461362216,200.17044861730193,195.11125335909261,199.46751403808594,606100,0.0,0.0
2023-08-24 00:00:00-04:00,199.34872796717747,201.3981457602587,197.28939989853575,197.3686065673828,891000,0.0,0.0
2023-08-25 00:00:00-04:00,198.69526857333767,201.4476358929166,197.54679462652922,200.5664825439453,1082500,0.0,0.0
2023-08-28 00:00:00-04:00,200.942724528157,202.6951210744064,200.57639179957545,201.5862579345703,452100,0.0,0.0
2023-08-29 00:00:00-04:00,201.08133225012645,203.74458281714385,199.59624121462218,203.72479248046875,798300,0.0,0.0
2023-08-30 00:00:00-04:00,203.9524902066031,204.86334417525316,202.98223501716902,203.8831787109375,709400,0.0,0.0
2023-08-31 00:00:00-04:00,204.64831837802953,205.68175369228464,203.94281432608713,203.96267700195312,941500,0.75,0.0
2023-09-01 00:00:00-04:00,205.2047853649871,205.59231983389455,203.35654055273272,203.93287658691406,858400,0.0,0.0
2023-09-05 00:00:00-04:00,203.39628628374524,203.86331692373562,197.71243757617322,199.2725067138672,960900,0.0,0.0
2023-09-06 00:00:00-04:00,200.1966368987826,203.11805744614725,199.78922461023765,202.9093780517578,994200,0.0,0.0
2023-09-07 00:00:00-04:00,203.52546712712416,205.65194090827444,200.69347414406081,205.20477294921875,1008400,0.0,0.0
2023-09-08 00:00:00-04:00,205.36377914302662,205.72150443692803,203.33667925248434,204.63839721679688,844600,0.0,0.0
2023-09-11 00:00:00-04:00,205.6320673622782,209.4577248832359,204.69800607363644,209.0701904296875,1556300,0.0,0.0
2023-09-12 00:00:00-04:00,208.37462440414384,210.2427470414117,206.10903596259917,207.14247131347656,1270300,0.0,0.0
2023-09-13 00:00:00-04:00,206.53632307826774,208.33488083412564,204.97623873654007,206.00967407226562,1248300,0.0,0.0
2023-09-14 00:00:00-04:00,206.18853088864452,207.1325235397614,198.90485711054217,200.77297973632812,1837800,0.0,0.0
2023-09-15 00:00:00-04:00,200.1072200201626,203.32673249892406,199.62031151557335,201.210205078125,1611400,0.0,0.0
2023-09-18 00:00:00-04:00,201.12075653150103,204.2309787101662,200.35563411242705,202.44235229492188,754100,0.0,0.0
2023-09-19 00:00:00-04:00,202.01508025008576,202.4920422469521,199.37188868491032,201.82627868652344,973300,0.0,0.0
2023-09-20 00:00:00-04:00,203.18762166855123,203.83352257368804,199.5905059913132,199.96810913085938,647600,0.0,0.0
2023-09-21 00:00:00-04:00,199.21290676417976,199.72962446596745,196.67902043624613,196.76846313476562,795300,0.0,0.0
2023-09-22 00:00:00-04:00,197.0566162864534,200.47487683542226,197.0566162864534,199.18309020996094,753600,0.0,0.0
2023-09-25 00:00:00-04:00,198.070162175195,200.37549102897339,198.070162175195,199.89852905273438,598300,0.0,0.0
2023-09-26 00:00:00-04:00,198.55708613786942,199.5408193429408,195.39717678825616,196.05300903320312,949800,0.0,0.0
2023-09-27 00:00:00-04:00,198.13971528025047,199.13339492591342,196.2219208420481,198.79554748535156,1466100,0.0,0.0
2023-09-28 00:00:00-04:00,199.36194754932913,206.71517069218842,199.36194754932913,202.89944458007812,1550800,0.0,0.0
2023-09-29 00:00:00-04:00,204.32041166914084,204.73775531672862,201.43874665193283,201.62754821777344,1326800,0.0,0.0
2023-10-02 00:00:00-04:00,201.36917647762007,202.28337510516042,196.51008356014106,196.8479461669922,1493400,0.0,0.0
2023-10-03 00:00:00-04:00,197.06655457368257,198.9147841584602,193.6085384904485,195.01956176757812,1109100,0.0,0.0
2023-10-04 00:00:00-04:00,195.715145036494,199.918405592439,194.98974799548455,199.1234588623047,1005000,0.0,0.0
2023-10-05 00:00:00-04:00,200.70340758074954,200.90214047443723,198.16952148977504,199.55075073242188,1127400,0.0,0.0
2023-10-06 00:00:00-04:00,197.46402419602506,204.53901855723393,197.32490964945126,203.00875854492188,1050100,0.0,0.0
2023-10-09 00:00:00-04:00,202.01508100308286,203.85337930481603,199.1234695092521,203.01869201660156,1205700,0.0,0.0
2023-10-10 00:00:00-04:00,203.54534474248888,207.877788811896,203.26711564134476,207.23190307617188,1117500,0.0,0.0
2023-10-11 00:00:00-04:00,206.98348422007294,210.06388218786557,206.98348422007294,209.9645233154297,851100,0.0,0.0
2023-10-12 00:00:00-04:00,210.37193436044097,210.37193436044097,203.64471859708345,205.55258178710938,1271300,0.0,0.0
2023-10-13 00:00:00-04:00,206.6853631620081,207.90758486217217,201.5281634532881,203.3962860107422,1044400,0.0,0.0
2023-10-16 00:00:00-04:00,206.46675949210456,208.94102731533812,205.36377445793397,206.7847442626953,1164700,0.0,0.0
2023-10-17 00:00:00-04:00,206.14879725102972,209.51737082782327,204.489338809021,207.86785888671875,1108200,0.0,0.0
2023-10-18 00:00:00-04:00,205.59231293547688,205.59231293547688,194.57240928727458,194.7413330078125,1784000,0.0,0.0
2023-10-19 00:00:00-04:00,193.75761204106723,195.92382653015397,188.54079356545944,190.11080932617188,1963500,0.0,0.0
2023-10-20 00:00:00-04:00,189.08729693755907,190.14061011970153,185.38087602950597,186.08639526367188,2042000,0.0,0.0
2023-10-23 00:00:00-04:00,186.44411975201737,189.19660149767083,185.10264614396078,186.71240234375,1298200,0.0,0.0
2023-10-24 00:00:00-04:00,188.62028002387783,188.62028002387783,184.67537056728327,185.38087463378906,1090500,0.0,0.0
2023-10-25 00:00:00-04:00,184.30769250724688,187.34834973224858,182.85692874638815,183.25439453125,1652200,0.0,0.0
2023-10-26 00:00:00-04:00,186.14601771555374,189.64377446170093,185.68891838778018,186.24537658691406,1626100,0.0,0.0
2023-10-27 00:00:00-04:00,186.06652266833578,187.05027102366603,183.07555224837446,183.522705078125,1548300,0.0,0.0
2023-10-30 00:00:00-04:00,186.15593748748853,188.06380054984083,184.5759905211832,186.89126586914062,920300,0.0,0.0
2023-10-31 00:00:00-04:00,185.8677874315744,189.82262831794486,185.0629093156455,189.107177734375,1830100,0.0,0.0
2023-11-01 00:00:00-04:00,199.30233371366836,213.42251298090213,198.73592903798303,212.15060424804688,3682400,0.0,0.0
2023-11-02 00:00:00-04:00,214.1379706061207,215.34032968791792,209.9744503293809,211.76307678222656,1972000,0.0,0.0
2023-11-03 00:00:00-04:00,216.1253372682344,218.11269669139057,214.15785568476753,216.62217712402344,1913700,0.0,0.0
2023-11-06 00:00:00-05:00,216.35387164939394,217.35749782623967,213.99885566879692,215.7477264404297,1130900,0.0,0.0
2023-11-07 00:00:00-05:00,214.6546913986019,218.77845605713958,212.99524813176882,218.2816162109375,1091600,0.0,0.0
2023-11-08 00:00:00-05:00,218.67909461055973,221.1235381341775,218.30149147994047,220.43789672851562,1177100,0.0,0.0
2023-11-09 00:00:00-05:00,220.5769948253716,222.21657527365346,219.2255899539154,219.59326171875,1051900,0.0,0.0
2023-11-10 00:00:00-05:00,220.57700704846926,224.7305959186036,220.45777034102227,224.0548858642578,1172800,0.0,0.0
2023-11-13 00:00:00-05:00,223.1009653098472,224.85976742112283,221.8290565363643,223.02146911621094,836700,0.0,0.0
2023-11-14 00:00:00-05:00,226.7676381776445,228.4866997159202,225.05850797736124,227.60232543945312,1114000,0.0,0.0
2023-11-15 00:00:00-05:00,227.19490599350848,228.32770014525462,223.99525642829883,224.28343200683594,1837100,0.0,0.0
2023-11-16 00:00:00-05:00,225.55535279393303,227.95010926507894,224.889589237342,225.10818481445312,1254100,0.0,0.0
2023-11-17 00:00:00-05:00,226.55897226427032,227.44334659336934,224.99888785276866,227.175048828125,1006000,0.0,0.0
2023-11-20 00:00:00-05:00,227.05581634186413,227.50296918402813,224.0946550175243,225.51560974121094,1021500,0.0,0.0
2023-11-21 00:00:00-05:00,224.97902831522674,227.2943038748071,224.4722419557652,224.60142517089844,1106700,0.0,0.0
2023-11-22 00:00:00-05:00,225.7342090480413,227.36384310203394,224.16419334833458,226.0223846435547,701300,0.0,0.0
2023-11-24 00:00:00-05:00,225.088317673913,227.13529531884768,224.2436839098117,227.11541748046875,232700,0.0,0.0
2023-11-27 00:00:00-05:00,226.2807353769635,226.95643027377494,223.97539126757468,224.55172729492188,945200,0.0,0.0
2023-11-28 00:00:00-05:00,224.4026897704378,224.4026897704378,220.15967318140048,221.3024139404297,1244600,0.0,0.0
2023-11-29 00:00:00-05:00,223.77664914966815,224.44241268081709,220.52731252128183,221.222900390625,1110100,0.0,0.0
2023-11-30 00:00:00-05:00,220.67452808495082,225.230986016761,220.56485324386483,224.74244689941406,1697700,0.75,0.0
2023-12-01 00:00:00-05:00,225.33070295316216,227.63385947394985,224.31371941453892,226.85617065429688,902900,0.0,0.0
2023-12-04 00:00:00-05:00,225.51015320927738,228.35171892624368,225.51015320927738,227.8033447265625,912700,0.0,0.0
2023-12-05 00:00:00-05:00,227.50423767952833,229.57807958563487,227.1851932705274,228.9001007080078,1497300,0.0,0.0
2023-12-06 00:00:00-05:00,230.10650473054352,233.00789036649218,228.9100615940121,229.78746032714844,1384300,0.0,0.0
2023-12-07 00:00:00-05:00,230.74460564660717,230.75458576800395,228.3916094641247,230.66485595703125,944700,0.0,0.0
2023-12-08 00:00:00-05:00,232.74866771529247,235.0219142571187,231.9211239423364,233.3070068359375,1388400,0.0,0.0
2023-12-11 00:00:00-05:00,234.333954503306,237.67403952191756,234.32398959532682,236.6869659423828,1087900,0.0,0.0
2023-12-12 00:00:00-05:00,235.6500463842754,239.08982603261106,235.15152715368765,238.6112518310547,1146200,0.0,0.0
2023-12-13 00:00:00-05:00,239.0399788761442,239.04994378418567,234.67294540517483,237.3450164794922,1124000,0.0,0.0
2023-12-14 00:00:00-05:00,238.54145918162047,240.4956613196838,234.8225098667265,238.19248962402344,1842300,0.0,0.0
2023-12-15 00:00:00-05:00,234.14451530224204,240.68508536140195,233.7556708997493,239.20947265625,3060600,0.0,0.0
2023-12-18 00:00:00-05:00,239.26929156965556,239.8077008716197,237.56436427850238,239.38894653320312,785500,0.0,0.0
2023-12-19 00:00:00-05:00,239.6182611630816,241.28331360904923,238.95024720310175,241.0739288330078,932800,0.0,0.0
2023-12-20 00:00:00-05:00,240.34609752621063,242.45981427038666,237.69397147432173,237.84353637695312,917400,0.0,0.0
2023-12-21 00:00:00-05:00,239.38893871744554,242.9084832404283,238.5414499467196,242.6791534423828,824600,0.0,0.0
2023-12-22 00:00:00-05:00,243.277396608797,244.05508543004856,240.7947652402783,241.68212890625,722800,0.0,0.0
2023-12-26 00:00:00-05:00,241.65220493341977,243.8157765503337,240.85458634207043,243.01815795898438,403300,0.0,0.0
2023-12-27 00:00:00-05:00,242.39003037365998,244.16475768679246,242.1108608107133,243.2275390625,595400,0.0,0.0
2023-12-28 00:00:00-05:00,241.5724488964994,244.5436345486266,241.30325945816037,243.08795166015625,652500,0.0,0.0
2023-12-29 00:00:00-05:00,242.56947927312257,244.1148919226862,242.15072494722264,243.17767333984375,755500,0.0,0.0
2024-01-02 00:00:00-05:00,240.7349372975276,243.09792883393882,239.1197398326793,239.91737365722656,963500,0.0,0.0
2024-01-03 00:00:00-05:00,238.37195505468998,238.57135970247458,233.067703184743,235.26119995117188,1306500,0.0,0.0
2024-01-04 00:00:00-05:00,235.7996082841174,240.37601140673956,235.63011356256848,238.98016357421875,1256500,0.0,0.0
2024-01-05 00:00:00-05:00,239.69803026597708,241.19358802115394,237.4347486033347,239.8475799560547,963600,0.0,0.0
2024-01-08 00:00:00-05:00,240.18656635618208,242.47975792781753,238.32210924667675,242.40997314453125,770800,0.0,0.0
2024-01-09 00:00:00-05:00,241.1935843096181,243.9254600303317,239.79772129810607,243.7659454345703,767000,0.0,0.0
2024-01-10 00:00:00-05:00,244.27442622535744,245.5605991633356,243.35715265455133,245.15182495117188,860600,0.0,0.0
2024-01-11 00:00:00-05:00,246.38814828227243,246.73711784133954,241.77187039068255,245.26150512695312,1060500,0.0,0.0
2024-01-12 00:00:00-05:00,247.02625310016774,247.02625310016774,243.51668853655886,245.4210205078125,553000,0.0,0.0
2024-01-16 00:00:00-05:00,244.87265736027783,245.98933559220197,243.11785989456854,244.7928924560547,896500,0.0,0.0
2024-01-17 00:00:00-05:00,242.09091820463678,245.7301178946835,242.09091820463678,243.70611572265625,804700,0.0,0.0
2024-01-18 00:00:00-05:00,244.6034571784822,247.09605342998884,243.38706899065892,246.5975341796875,611800,0.0,0.0
2024-01-19 00:00:00-05:00,248.26258045544776,249.14994409029876,244.57354113798638,248.1828155517578,788000,0.0,0.0
2024-01-22 00:00:00-05:00,249.87777885705628,252.539869771616,249.36929470942124,251.8818359375,654400,0.0,0.0
2024-01-23 00:00:00-05:00,251.20384068642088,252.80907323941383,248.47196500213707,252.40028381347656,1521300,0.0,0.0
2024-01-24 00:00:00-05:00,253.74629102610902,254.2448102619167,250.306511341756,250.3862762451172,1109200,0.0,0.0
2024-01-25 00:00:00-05:00,252.25073552303297,252.78912960842624,249.92763403823628,251.3733367919922,1127100,0.0,0.0
2024-01-26 00:00:00-05:00,250.41618238713284,252.42022420781265,249.31943399953724,250.76513671875,885900,0.0,0.0
2024-01-29 00:00:00-05:00,251.1639730747488,254.21490846136538,250.02734978927205,254.00552368164062,914400,0.0,0.0
2024-01-30 00:00:00-05:00,253.29762454826485,258.3127115860791,251.28360259335284,256.9866638183594,2054000,0.0,0.0
2024-01-31 00:00:00-05:00,256.56790522786923,256.96674497182266,250.04728009599714,251.30355834960938,2112000,0.0,0.0
2024-02-01 00:00:00-05:00,267.70484533356296,271.26428018857104,262.34077317323846,269.9382019042969,2456800,0.0,0.0
2024-02-02 00:00:00-05:00,271.19445413195194,277.984283435418,269.68891635944243,275.9602966308594,1874800,0.0,0.0
2024-02-05 00:00:00-05:00,272.98913318194803,274.61431082942767,268.97106918438345,270.99505615234375,1195400,0.0,0.0
2024-02-06 00:00:00-05:00,271.2243751014621,272.1416638863092,267.8045404351901,269.4297180175781,1144000,0.0,0.0
2024-02-07 00:00:00-05:00,272.08186035662527,275.51164492318594,270.88540194402873,272.6202392578125,1395300,0.0,0.0
2024-02-08 00:00:00-05:00,273.6471668441951,273.6471668441951,268.8115242342545,269.14056396484375,1678000,0.0,0.0
2024-02-09 00:00:00-05:00,269.1006661566163,274.674107328743,269.1006661566163,274.624267578125,959500,0.0,0.0
2024-02-12 00:00:00-05:00,274.35508141977647,274.3849913559427,270.7258468865466,271.2143859863281,874300,0.0,0.0
2024-02-13 00:00:00-05:00,266.1394891625216,269.4795743441966,264.5841114802422,268.572265625,1089100,0.0,0.0
2024-02-14 00:00:00-05:00,271.5234857537003,272.869493836134,269.8883584091266,272.0020751953125,741900,0.0,0.0
2024-02-15 00:00:00-05:00,273.1187398578313,273.4377994696766,270.97511324004495,272.151611328125,717900,0.0,0.0
2024-02-16 00:00:00-05:00,271.76279247065173,275.1527173004687,270.94521359444394,271.3639831542969,855500,0.0,0.0
2024-02-20 00:00:00-05:00,271.42380897994076,276.2394916742053,269.6989213755763,275.3421630859375,1347800,0.0,0.0
2024-02-21 00:00:00-05:00,275.04302680029053,276.5784746143467,273.95625848341194,275.7509460449219,1003700,0.0,0.0
2024-02-22 00:00:00-05:00,279.78894317576277,282.41115933823517,279.66930342232996,281.44403076171875,1584800,0.0,0.0
2024-02-23 00:00:00-05:00,282.5307795000907,284.3453967738594,280.4369926786037,280.9853820800781,716900,0.0,0.0
2024-02-26 00:00:00-05:00,282.07215339794,285.74124761556976,281.6334540428757,283.9864501953125,1070100,0.0,0.0
2024-02-27 00:00:00-05:00,283.7970369840035,284.63454562475175,281.1349309535692,282.6803283691406,714400,0.0,0.0
2024-02-28 00:00:00-05:00,284.07622638954905,286.1002133529791,282.16189905744545,282.8000183105469,996500,0.0,0.0
2024-02-29 00:00:00-05:00,283.6400146484375,283.95001220703125,281.6600036621094,281.9700012207031,1595900,0.84,0.0
2024-03-01 00:00:00-05:00,281.8800048828125,286.70001220703125,281.510009765625,285.9800109863281,1089300,0.0,0.0
2024-03-04 00:00:00-05:00,286.0,289.7900085449219,285.0299987792969,288.1300048828125,929700,0.0,0.0
2024-03-05 00:00:00-05:00,287.1499938964844,289.2300109863281,282.7300109863281,284.05999755859375,953100,0.0,0.0
2024-03-06 00:00:00-05:00,285.3999938964844,287.739990234375,284.260009765625,286.3399963378906,949800,0.0,0.0
2024-03-07 00:00:00-05:00,288.0400085449219,289.510009765625,286.75,287.45001220703125,506500,0.0,0.0
2024-03-08 00:00:00-05:00,288.010009765625,288.80999755859375,283.3399963378906,284.8500061035156,596100,0.0,0.0
2024-03-11 00:00:00-04:00,283.010009765625,283.989990234375,279.0,282.9200134277344,598200,0.0,0.0
2024-03-12 00:00:00-04:00,282.9200134277344,288.2900085449219,281.4599914550781,287.7099914550781,789700,0.0,0.0
2024-03-13 00:00:00-04:00,288.5,288.82000732421875,285.6199951171875,285.92999267578125,1193100,0.0,0.0
2024-03-14 00:00:00-04:00,290.1000061035156,294.4599914550781,288.8299865722656,291.94000244140625,1347500,0.0,0.0
2024-03-15 00:00:00-04:00,289.0,293.2200012207031,288.5199890136719,291.4100036621094,1607000,0.0,0.0
2024-03-18 00:00:00-04:00,293.82000732421875,294.8399963378906,291.25,291.7699890136719,637500,0.0,0.0
2024-03-19 00:00:00-04:00,291.7699890136719,295.5799865722656,290.9800109863281,295.0299987792969,650600,0.0,0.0
2024-03-20 00:00:00-04:00,296.510009765625,298.7699890136719,294.7799987792969,298.6199951171875,823200,0.0,0.0
2024-03-21 00:00:00-04:00,299.3699951171875,305.0,298.0,303.8900146484375,1126400,0.0,0.0
2024-03-22 00:00:00-04:00,303.54998779296875,304.29998779296875,299.739990234375,300.2900085449219,1064000,0.0,0.0
2024-03-25 00:00:00-04:00,299.6000061035156,300.75,298.4200134277344,299.6300048828125,592500,0.0,0.0
2024-03-26 00:00:00-04:00,299.0,301.6499938964844,299.0,299.2799987792969,469200,0.0,0.0
2024-03-27 00:00:00-04:00,300.7200012207031,301.8800048828125,296.8900146484375,299.7099914550781,607000,0.0,0.0
2024-03-28 00:00:00-04:00,297.8800048828125,300.7699890136719,296.0,300.20001220703125,754000,0.0,0.0
2024-04-01 00:00:00-04:00,299.5,299.9100036621094,296.1099853515625,296.7300109863281,884800,0.0,0.0
2024-04-02 00:00:00-04:00,297.9100036621094,298.95001220703125,293.0799865722656,297.510009765625,1134400,0.0,0.0
2024-04-03 00:00:00-04:00,297.80999755859375,303.1400146484375,297.5799865722656,301.3399963378906,734000,0.0,0.0
2024-04-04 00:00:00-04:00,304.9700012207031,306.1300048828125,296.7699890136719,297.510009765625,764400,0.0,0.0
2024-04-05 00:00:00-04:00,299.9599914550781,305.5899963378906,298.92999267578125,304.6700134277344,811400,0.0,0.0
2024-04-08 00:00:00-04:00,306.0,306.9800109863281,302.7900085449219,303.8399963378906,673400,0.0,0.0
2024-04-09 00:00:00-04:00,305.69000244140625,305.989990234375,295.5899963378906,301.2200012207031,911300,0.0,0.0
2024-04-10 00:00:00-04:00,296.239990234375,300.2799987792969,294.17999267578125,298.5400085449219,648800,0.0,0.0
2024-04-11 00:00:00-04:00,297.44000244140625,299.42999267578125,295.95001220703125,297.239990234375,834700,0.0,0.0
2024-04-12 00:00:00-04:00,295.05999755859375,297.6300048828125,294.1700134277344,296.9599914550781,996300,0.0,0.0
2024-04-15 00:00:00-04:00,301.82000732421875,304.1499938964844,293.8299865722656,293.8800048828125,844800,0.0,0.0
2024-04-16 00:00:00-04:00,292.989990234375,296.8399963378906,290.2799987792969,295.6300048828125,752200,0.0,0.0
2024-04-17 00:00:00-04:00,297.0199890136719,298.69000244140625,290.30999755859375,293.0899963378906,883500,0.0,0.0
2024-04-18 00:00:00-04:00,295.5400085449219,295.5400085449219,289.3399963378906,289.55999755859375,649900,0.0,0.0
2024-04-19 00:00:00-04:00,291.4200134277344,293.25,286.32000732421875,288.2699890136719,800800,0.0,0.0
2024-04-22 00:00:00-04:00,291.1199951171875,294.4200134277344,288.95001220703125,291.1499938964844,1009400,0.0,0.0
2024-04-23 00:00:00-04:00,293.45001220703125,296.1700134277344,292.2799987792969,295.0899963378906,1031900,0.0,0.0
2024-04-24 00:00:00-04:00,296.5400085449219,303.3999938964844,293.3900146484375,296.489990234375,908000,0.0,0.0
2024-04-25 00:00:00-04:00,295.010009765625,301.4200134277344,291.3699951171875,299.3699951171875,1401700,0.0,0.0
2024-04-26 00:00:00-04:00,299.1499938964844,305.42999267578125,299.1499938964844,304.5299987792969,961800,0.0,0.0
2024-04-29 00:00:00-04:00,304.5299987792969,307.95001220703125,300.1400146484375,300.8599853515625,1878100,0.0,0.0
2024-04-30 00:00:00-04:00,314.9800109863281,327.0899963378906,314.9800109863281,317.3399963378906,2419600,0.0,0.0
2024-05-01 00:00:00-04:00,316.4200134277344,319.1700134277344,311.8800048828125,314.9800109863281,1378700,0.0,0.0
2024-05-02 00:00:00-04:00,317.75,318.0,313.2300109863281,316.7900085449219,1153200,0.0,0.0
2024-05-03 00:00:00-04:00,320.29998779296875,321.0,315.79998779296875,319.2900085449219,1074500,0.0,0.0
2024-05-06 00:00:00-04:00,321.9800109863281,326.5299987792969,321.9800109863281,325.739990234375,707000,0.0,0.0
2024-05-07 00:00:00-04:00,325.7200012207031,327.4700012207031,324.4800109863281,325.8900146484375,796100,0.0,0.0
2024-05-08 00:00:00-04:00,326.8900146484375,329.1400146484375,325.1000061035156,327.6000061035156,647400,0.0,0.0
2024-05-09 00:00:00-04:00,327.6099853515625,333.4200134277344,327.2699890136719,332.9200134277344,807600,0.0,0.0
2024-05-10 00:00:00-04:00,334.2699890136719,335.2799987792969,331.1400146484375,331.9800109863281,744900,0.0,0.0
2024-05-13 00:00:00-04:00,332.69000244140625,333.82000732421875,326.5199890136719,326.6400146484375,785600,0.0,0.0
2024-05-14 00:00:00-04:00,327.760009765625,331.010009765625,325.3299865722656,330.05999755859375,861400,0.0,0.0
2024-05-15 00:00:00-04:00,331.2300109863281,334.1600036621094,330.2699890136719,332.2900085449219,912500,0.0,0.0
2024-05-16 00:00:00-04:00,331.6300048828125,332.95001220703125,323.2900085449219,324.7200012207031,1220400,0.0,0.0
2024-05-17 00:00:00-04:00,326.5899963378906,328.9700012207031,323.5799865722656,328.6400146484375,908400,0.0,0.0
2024-05-20 00:00:00-04:00,329.260009765625,334.25,327.6199951171875,330.9100036621094,835600,0.0,0.0
2024-05-21 00:00:00-04:00,329.8699951171875,336.1700134277344,329.05999755859375,335.5799865722656,822100,0.0,0.0
2024-05-22 00:00:00-04:00,332.8299865722656,336.3699951171875,331.0199890136719,333.5299987792969,728300,0.0,0.0
